seccion_censal;provincia;participacion;ganador_siglas;ganador_pct;PP__votos;PP__pct;PSOE-A__votos;PSOE-A__pct;VOX__votos;VOX__pct;PorA__votos;PorA__pct;ADELANTE ANDALUCÍA__votos;ADELANTE ANDALUCÍA__pct;extra1_siglas;extra1_votos;extra1_pct;extra2_siglas;extra2_votos;extra2_pct;extra3_siglas;extra3_votos;extra3_pct;extra4_siglas;extra4_votos;extra4_pct;extra5_siglas;extra5_votos;extra5_pct
0400101001;Almería;66.5;PP;36.1;233;36.1;223;34.5;90;13.9;11;1.7;0;0.0;IPAL;26;4.0;MUNDO+JUSTO;23;3.6;;0;0.0;;0;0.0;;0;0.0
0400201001;Almería;64.4;Empate;33.1;206;33.1;206;33.1;96;15.4;0;0.0;0;0.0;ESCAÑOS EN BLANCO;49;7.9;PCPA;30;4.8;;0;0.0;;0;0.0;;0;0.0
0400301001;Almería;65.2;PP;55.6;219;55.6;26;6.6;35;8.9;27;6.8;0;0.0;MUNDO+JUSTO;23;5.8;;0;0.0;;0;0.0;;0;0.0;;0;0.0
0400301002;Almería;61.7;PP;37.0;296;37.0;133;16.6;198;24.8;42;5.2;0;0.0;PCPA;51;6.4;;0;0.0;;0;0.0;;0;0.0;;0;0.0
0400301003;Almería;56.8;PP;37.3;351;37.3;168;17.9;280;29.8;0;0.0;0;0.0;FE de las JONS;29;3.1;IPAL;28;3.0;;0;0.0;;0;0.0;;0;0.0
0400301004;Almería;16.6;PP;42.3;124;42.3;35;12.0;57;19.4;34;11.6;0;0.0;NA;15;5.1;;0;0.0;;0;0.0;;0;0.0;;0;0.0
0400301005;Almería;0.0;;0.0;0;0.0;0;0.0;0;0.0;0;0.0;0;0.0;;0;0.0;;0;0.0;;0;0.0;;0;0.0;;0;0.0
0400301006;Almería;0.0;;0.0;0;0.0;0;0.0;0;0.0;0;0.0;0;0.0;;0;0.0;;0;0.0;;0;0.0;;0;0.0;;0;0.0
0400301007;Almería;0.0;;0.0;0;0.0;0;0.0;0;0.0;0;0.0;0;0.0;;0;0.0;;0;0.0;;0;0.0;;0;0.0;;0;0.0
0400302001;Almería;0.0;;0.0;0;0.0;0;0.0;0;0.0;0;0.0;0;0.0;;0;0.0;;0;0.0;;0;0.0;;0;0.0;;0;0.0
0400302002;Almería;0.0;;0.0;0;0.0;0;0.0;0;0.0;0;0.0;0;0.0;;0;0.0;;0;0.0;;0;0.0;;0;0.0;;0;0.0
0400302003;Almería;0.0;;0.0;0;0.0;0;0.0;0;0.0;0;0.0;0;0.0;;0;0.0;;0;0.0;;0;0.0;;0;0.0;;0;0.0
0400303001;Almería;0.0;;0.0;0;0.0;0;0.0;0;0.0;0;0.0;0;0.0;;0;0.0;;0;0.0;;0;0.0;;0;0.0;;0;0.0
0400303002;Almería;0.0;;0.0;0;0.0;0;0.0;0;0.0;0;0.0;0;0.0;;0;0.0;;0;0.0;;0;0.0;;0;0.0;;0;0.0
0400303003;Almería;0.0;;0.0;0;0.0;0;0.0;0;0.0;0;0.0;0;0.0;;0;0.0;;0;0.0;;0;0.0;;0;0.0;;0;0.0
0400304001;Almería;0.0;;0.0;0;0.0;0;0.0;0;0.0;0;0.0;0;0.0;;0;0.0;;0;0.0;;0;0.0;;0;0.0;;0;0.0
0400305001;Almería;0.0;;0.0;0;0.0;0;0.0;0;0.0;0;0.0;0;0.0;;0;0.0;;0;0.0;;0;0.0;;0;0.0;;0;0.0
0400305002;Almería;0.0;;0.0;0;0.0;0;0.0;0;0.0;0;0.0;0;0.0;;0;0.0;;0;0.0;;0;0.0;;0;0.0;;0;0.0
0400401001;Almería;0.0;;0.0;0;0.0;0;0.0;0;0.0;0;0.0;0;0.0;;0;0.0;;0;0.0;;0;0.0;;0;0.0;;0;0.0
0400501001;Almería;0.0;;0.0;0;0.0;0;0.0;0;0.0;0;0.0;0;0.0;;0;0.0;;0;0.0;;0;0.0;;0;0.0;;0;0.0
0400601001;Almería;0.0;;0.0;0;0.0;0;0.0;0;0.0;0;0.0;0;0.0;;0;0.0;;0;0.0;;0;0.0;;0;0.0;;0;0.0
0400601002;Almería;0.0;;0.0;0;0.0;0;0.0;0;0.0;0;0.0;0;0.0;;0;0.0;;0;0.0;;0;0.0;;0;0.0;;0;0.0
0400602001;Almería;0.0;;0.0;0;0.0;0;0.0;0;0.0;0;0.0;0;0.0;;0;0.0;;0;0.0;;0;0.0;;0;0.0;;0;0.0
0400602002;Almería;47.1;PP;37.3;157;37.3;136;32.3;60;14.2;4;1.0;0;0.0;ESCAÑOS EN BLANCO;34;8.1;IPAL;9;2.1;;0;0.0;;0;0.0;;0;0.0
0400602003;Almería;52.4;PP;52.3;396;52.3;123;16.2;86;11.4;27;3.6;0;0.0;IPAL;67;8.8;;0;0.0;;0;0.0;;0;0.0;;0;0.0
0400603001;Almería;56.3;PP;44.4;152;44.4;49;14.3;71;20.8;0;0.0;0;0.0;IPAL;25;7.3;FE de las JONS;17;5.0;;0;0.0;;0;0.0;;0;0.0
0400604001;Almería;53.0;PP;49.6;304;49.6;123;20.1;76;12.4;16;2.6;0;0.0;PACMA;20;3.3;IPAL;18;2.9;;0;0.0;;0;0.0;;0;0.0
0400701001;Almería;58.9;PP;35.5;146;35.5;75;18.2;106;25.8;3;0.7;0;0.0;NA;40;9.7;IPAL;30;7.3;;0;0.0;;0;0.0;;0;0.0
0400801001;Almería;69.6;PP;48.9;152;48.9;72;23.2;26;8.4;8;2.6;6;1.9;MUNDO+JUSTO;14;4.5;NA;11;3.5;;0;0.0;;0;0.0;;0;0.0
0400901001;Almería;70.8;PP;50.8;32;50.8;5;7.9;7;11.1;9;14.3;0;0.0;IPAL;6;9.5;;0;0.0;;0;0.0;;0;0.0;;0;0.0
0401001001;Almería;67.3;PP;36.0;149;36.0;132;31.9;53;12.8;0;0.0;0;0.0;NA;46;11.1;PCPA;22;5.3;;0;0.0;;0;0.0;;0;0.0
0401101001;Almería;61.4;PP;33.6;396;33.6;300;25.4;212;18.0;5;0.4;0;0.0;MUNDO+JUSTO;85;7.2;FE de las JONS;57;4.8;;0;0.0;;0;0.0;;0;0.0
0401101002;Almería;62.4;PSOE-A;41.7;161;28.0;240;41.7;83;14.4;0;0.0;0;0.0;MUNDO+JUSTO;40;6.9;ALM;17;3.0;;0;0.0;;0;0.0;;0;0.0
0401201001;Almería;77.0;PP;47.0;63;47.0;32;23.9;11;8.2;0;0.0;0;0.0;MUNDO+JUSTO;9;6.7;PACMA;8;6.0;;0;0.0;;0;0.0;;0;0.0
0401301001;Almería;49.4;PP;46.0;319;46.0;103;14.8;60;8.6;70;10.1;28;4.0;IPAL;60;8.6;;0;0.0;;0;0.0;;0;0.0;;0;0.0
0401301003;Almería;54.2;PP;38.6;205;38.6;125;23.5;55;10.4;44;8.3;0;0.0;IPAL;31;5.8;;0;0.0;;0;0.0;;0;0.0;;0;0.0
0401302001;Almería;57.5;PP;40.6;241;40.6;126;21.2;97;16.3;0;0.0;0;0.0;SALF;41;6.9;IPAL;37;6.2;;0;0.0;;0;0.0;;0;0.0
0401302002;Almería;54.6;PP;38.9;241;38.9;123;19.9;95;15.4;38;6.1;23;3.7;PACMA;30;4.8;;0;0.0;;0;0.0;;0;0.0;;0;0.0
0401302004;Almería;74.2;PP;54.3;409;54.3;85;11.3;131;17.4;1;0.1;48;6.4;MUNDO+JUSTO;31;4.1;;0;0.0;;0;0.0;;0;0.0;;0;0.0
0401302005;Almería;70.9;PP;57.0;358;57.0;34;5.4;90;14.3;8;1.3;0;0.0;ESCAÑOS EN BLANCO;40;6.4;PCPA;21;3.3;;0;0.0;;0;0.0;;0;0.0
0401302006;Almería;72.9;PP;58.0;416;58.0;33;4.6;111;15.5;61;8.5;0;0.0;ESCAÑOS EN BLANCO;25;3.5;;0;0.0;;0;0.0;;0;0.0;;0;0.0
0401303001;Almería;64.9;PP;47.2;366;47.2;51;6.6;109;14.1;76;9.8;0;0.0;PCPA;52;6.7;;0;0.0;;0;0.0;;0;0.0;;0;0.0
0401303002;Almería;30.1;PSOE-A;44.2;48;20.6;103;44.2;20;8.6;15;6.4;0;0.0;FE de las JONS;24;10.3;IPAL;17;7.3;;0;0.0;;0;0.0;;0;0.0
0401303003;Almería;53.2;PP;45.7;226;45.7;72;14.6;68;13.7;28;5.7;0;0.0;SALF;48;9.7;;0;0.0;;0;0.0;;0;0.0;;0;0.0
0401303006;Almería;27.8;PSOE-A;40.3;15;10.8;56;40.3;18;13.0;0;0.0;0;0.0;IPAL;18;13.0;ESCAÑOS EN BLANCO;13;9.4;;0;0.0;;0;0.0;;0;0.0
0401303007;Almería;31.3;PP;28.8;65;28.8;61;27.0;39;17.3;3;1.3;0;0.0;IPAL;38;16.8;ESCAÑOS EN BLANCO;16;7.1;;0;0.0;;0;0.0;;0;0.0
0401303008;Almería;35.2;PSOE-A;38.4;71;31.0;88;38.4;28;12.2;16;7.0;0;0.0;ESCAÑOS EN BLANCO;16;7.0;;0;0.0;;0;0.0;;0;0.0;;0;0.0
0401303009;Almería;54.2;PP;39.8;183;39.8;58;12.6;111;24.1;0;0.0;0;0.0;IPAL;81;17.6;FE de las JONS;13;2.8;;0;0.0;;0;0.0;;0;0.0
0401303010;Almería;53.1;PP;43.4;228;43.4;120;22.9;38;7.2;67;12.8;0;0.0;FE de las JONS;43;8.2;;0;0.0;;0;0.0;;0;0.0;;0;0.0
0401303011;Almería;56.2;PP;50.2;280;50.2;40;7.2;114;20.4;2;0.4;0;0.0;MUNDO+JUSTO;69;12.4;PACMA;48;8.6;;0;0.0;;0;0.0;;0;0.0
0401304001;Almería;56.5;PP;39.6;163;39.6;97;23.5;46;11.2;34;8.2;0;0.0;ESCAÑOS EN BLANCO;17;4.1;;0;0.0;;0;0.0;;0;0.0;;0;0.0
0401304002;Almería;69.6;PP;55.3;417;55.3;73;9.7;160;21.2;0;0.0;0;0.0;PCPA;34;4.5;FE de las JONS;20;2.6;;0;0.0;;0;0.0;;0;0.0
0401304003;Almería;63.2;PP;49.0;358;49.0;93;12.7;67;9.2;56;7.7;0;0.0;IPAL;66;9.0;;0;0.0;;0;0.0;;0;0.0;;0;0.0
0401304004;Almería;57.3;PP;44.1;165;44.1;60;16.0;65;17.4;0;0.0;31;8.3;IPAL;26;7.0;;0;0.0;;0;0.0;;0;0.0;;0;0.0
0401304005;Almería;59.1;PP;37.0;113;37.0;79;25.9;53;17.4;4;1.3;0;0.0;PACMA;16;5.2;ALM;16;5.2;;0;0.0;;0;0.0;;0;0.0
0401304006;Almería;62.5;PP;54.9;223;54.9;71;17.5;30;7.4;0;0.0;0;0.0;ESCAÑOS EN BLANCO;24;5.9;SALF;21;5.2;;0;0.0;;0;0.0;;0;0.0
0401304007;Almería;68.9;PP;48.5;216;48.5;56;12.6;28;6.3;32;7.2;0;0.0;SALF;69;15.5;;0;0.0;;0;0.0;;0;0.0;;0;0.0
0401305002;Almería;56.2;PP;38.4;316;38.4;181;22.0;165;20.1;16;2.0;0;0.0;PACMA;40;4.9;ALM;33;4.0;;0;0.0;;0;0.0;;0;0.0
0401305003;Almería;44.8;PP;27.5;160;27.5;142;24.4;118;20.3;40;6.9;0;0.0;IPAL;46;7.9;;0;0.0;;0;0.0;;0;0.0;;0;0.0
0401305004;Almería;41.4;PP;32.5;141;32.5;109;25.1;78;18.0;53;12.2;0;0.0;FE de las JONS;19;4.4;;0;0.0;;0;0.0;;0;0.0;;0;0.0
0401305005;Almería;58.2;PP;38.0;225;38.0;125;21.1;85;14.4;37;6.2;0;0.0;ESCAÑOS EN BLANCO;47;7.9;;0;0.0;;0;0.0;;0;0.0;;0;0.0
0401305006;Almería;58.7;PP;43.6;226;43.6;94;18.1;140;27.0;7;1.4;0;0.0;NA;27;5.2;PACMA;15;2.9;;0;0.0;;0;0.0;;0;0.0
0401305007;Almería;55.6;PP;40.0;183;40.0;99;21.6;74;16.2;54;11.8;0;0.0;PACMA;18;3.9;;0;0.0;;0;0.0;;0;0.0;;0;0.0
0401305008;Almería;56.5;PP;41.8;183;41.8;67;15.3;35;8.0;57;13.0;0;0.0;PACMA;31;7.1;;0;0.0;;0;0.0;;0;0.0;;0;0.0
0401305009;Almería;58.5;PP;44.7;181;44.7;65;16.0;57;14.1;14;3.5;0;0.0;PACMA;24;5.9;ESCAÑOS EN BLANCO;23;5.7;;0;0.0;;0;0.0;;0;0.0
0401305010;Almería;60.7;PP;59.0;245;59.0;42;10.1;49;11.8;11;2.6;0;0.0;PCPA;32;7.7;MUNDO+JUSTO;19;4.6;;0;0.0;;0;0.0;;0;0.0
0401305011;Almería;58.2;PP;39.6;267;39.6;111;16.4;169;25.0;0;0.0;0;0.0;PCPA;44;6.5;FE de las JONS;24;3.6;;0;0.0;;0;0.0;;0;0.0
0401306001;Almería;40.9;PP;33.1;84;33.1;69;27.2;57;22.4;6;2.4;0;0.0;PACMA;13;5.1;PCPA;12;4.7;;0;0.0;;0;0.0;;0;0.0
0401306002;Almería;44.9;PSOE-A;31.5;106;30.6;109;31.5;50;14.4;0;0.0;0;0.0;PCPA;26;7.5;PACMA;23;6.6;;0;0.0;;0;0.0;;0;0.0
0401306003;Almería;51.9;PP;40.1;129;40.1;86;26.7;39;12.1;19;5.9;0;0.0;IZAR;23;7.1;;0;0.0;;0;0.0;;0;0.0;;0;0.0
0401306004;Almería;65.8;PP;43.8;335;43.8;108;14.1;163;21.3;4;0.5;0;0.0;PACMA;45;5.9;IPAL;37;4.8;;0;0.0;;0;0.0;;0;0.0
0401306005;Almería;54.1;PP;43.7;285;43.7;78;12.0;124;19.0;21;3.2;0;0.0;ESCAÑOS EN BLANCO;39;6.0;MUNDO+JUSTO;34;5.2;;0;0.0;;0;0.0;;0;0.0
0401306006;Almería;46.3;PP;43.6;258;43.6;95;16.0;74;12.5;54;9.1;0;0.0;ESCAÑOS EN BLANCO;28;4.7;;0;0.0;;0;0.0;;0;0.0;;0;0.0
0401306007;Almería;51.8;PP;35.5;280;35.5;175;22.2;155;19.7;17;2.2;0;0.0;MUNDO+JUSTO;53;6.7;FE de las JONS;30;3.8;;0;0.0;;0;0.0;;0;0.0
0401306008;Almería;54.3;PP;35.4;367;35.4;203;19.6;188;18.1;34;3.3;0;0.0;MUNDO+JUSTO;52;5.0;PACMA;48;4.6;;0;0.0;;0;0.0;;0;0.0
0401306009;Almería;54.1;PP;44.4;206;44.4;78;16.8;84;18.1;19;4.1;0;0.0;FE de las JONS;33;7.1;;0;0.0;;0;0.0;;0;0.0;;0;0.0
0401306010;Almería;55.2;PP;44.1;162;44.1;57;15.5;59;16.1;1;0.3;0;0.0;IPAL;38;10.4;PCPA;19;5.2;;0;0.0;;0;0.0;;0;0.0
0401306011;Almería;56.3;PP;47.1;266;47.1;91;16.1;100;17.7;30;5.3;0;0.0;NA;22;3.9;;0;0.0;;0;0.0;;0;0.0;;0;0.0
0401306012;Almería;57.7;PP;35.1;196;35.1;152;27.2;31;5.6;60;10.8;0;0.0;PACMA;51;9.1;;0;0.0;;0;0.0;;0;0.0;;0;0.0
0401306013;Almería;60.8;PP;34.2;284;34.2;227;27.4;106;12.8;89;10.7;0;0.0;NA;37;4.5;;0;0.0;;0;0.0;;0;0.0;;0;0.0
0401306014;Almería;57.1;PP;35.8;145;35.8;100;24.7;44;10.9;36;8.9;0;0.0;IZAR;46;11.4;;0;0.0;;0;0.0;;0;0.0;;0;0.0
0401306015;Almería;51.2;PSOE-A;35.0;80;28.3;99;35.0;64;22.6;3;1.1;0;0.0;FE de las JONS;19;6.7;IPAL;16;5.6;;0;0.0;;0;0.0;;0;0.0
0401306016;Almería;50.2;PSOE-A;34.8;156;20.9;260;34.8;101;13.5;76;10.2;0;0.0;IPAL;60;8.0;;0;0.0;;0;0.0;;0;0.0;;0;0.0
0401306017;Almería;49.1;PSOE-A;32.5;162;29.1;181;32.5;65;11.7;54;9.7;4;0.7;IPAL;42;7.5;;0;0.0;;0;0.0;;0;0.0;;0;0.0
0401306018;Almería;43.9;PP;30.0;182;30.0;142;23.4;131;21.6;5;0.8;0;0.0;NA;48;7.9;IZAR;28;4.6;;0;0.0;;0;0.0;;0;0.0
0401306019;Almería;47.8;PSOE-A;35.5;144;25.0;205;35.5;129;22.4;16;2.8;0;0.0;MUNDO+JUSTO;22;3.8;NA;21;3.6;;0;0.0;;0;0.0;;0;0.0
0401306020;Almería;54.1;PP;49.0;283;49.0;57;9.9;35;6.1;69;11.9;0;0.0;MUNDO+JUSTO;95;16.4;;0;0.0;;0;0.0;;0;0.0;;0;0.0
0401306021;Almería;55.2;PP;47.4;342;47.4;79;11.0;44;6.1;100;13.9;0;0.0;IPAL;47;6.5;PCPA;47;6.5;;0;0.0;;0;0.0;;0;0.0
0401306022;Almería;60.1;PP;34.2;366;34.2;231;21.6;206;19.2;66;6.2;0;0.0;PACMA;48;4.5;;0;0.0;;0;0.0;;0;0.0;;0;0.0
0401306024;Almería;21.9;PP;32.2;58;32.2;57;31.7;17;9.4;11;6.1;0;0.0;IPAL;12;6.7;;0;0.0;;0;0.0;;0;0.0;;0;0.0
0401306025;Almería;58.2;PP;32.8;157;32.8;110;23.0;72;15.0;15;3.1;0;0.0;MUNDO+JUSTO;46;9.6;FE de las JONS;31;6.5;;0;0.0;;0;0.0;;0;0.0
0401306026;Almería;51.2;PP;32.8;205;32.8;174;27.8;86;13.7;45;7.2;0;0.0;IPAL;46;7.4;;0;0.0;;0;0.0;;0;0.0;;0;0.0
0401306027;Almería;51.1;PP;35.2;103;35.2;55;18.8;73;24.9;2;0.7;0;0.0;MUNDO+JUSTO;19;6.5;SALF;19;6.5;;0;0.0;;0;0.0;;0;0.0
0401306028;Almería;57.9;PP;46.2;187;46.2;66;16.3;81;20.0;0;0.0;0;0.0;IPAL;39;9.6;ESCAÑOS EN BLANCO;21;5.2;;0;0.0;;0;0.0;;0;0.0
0401306029;Almería;57.5;PP;41.7;326;41.7;190;24.3;102;13.0;59;7.5;0;0.0;MUNDO+JUSTO;48;6.1;;0;0.0;;0;0.0;;0;0.0;;0;0.0
0401306030;Almería;54.8;PP;39.3;291;39.3;170;23.0;104;14.0;62;8.4;51;6.9;;0;0.0;;0;0.0;;0;0.0;;0;0.0;;0;0.0
0401306031;Almería;15.2;PP;36.4;47;36.4;38;29.5;1;0.8;2;1.6;0;0.0;ESCAÑOS EN BLANCO;13;10.1;PCPA;10;7.8;IPAL;6;4.6;;0;0.0;;0;0.0
0401306032;Almería;46.7;PP;32.9;165;32.9;120;23.9;76;15.1;19;3.8;0;0.0;PCPA;48;9.6;ESCAÑOS EN BLANCO;27;5.4;;0;0.0;;0;0.0;;0;0.0
0401306033;Almería;52.9;PSOE-A;31.0;147;29.2;156;31.0;94;18.6;29;5.8;0;0.0;PACMA;25;5.0;;0;0.0;;0;0.0;;0;0.0;;0;0.0
0401306034;Almería;67.3;PP;48.9;457;48.9;128;13.7;135;14.4;38;4.1;0;0.0;MUNDO+JUSTO;45;4.8;;0;0.0;;0;0.0;;0;0.0;;0;0.0
0401306035;Almería;42.6;PP;41.4;274;41.4;101;15.3;116;17.6;40;6.0;0;0.0;MUNDO+JUSTO;26;3.9;;0;0.0;;0;0.0;;0;0.0;;0;0.0
0401306036;Almería;54.2;PP;41.9;241;41.9;106;18.4;64;11.1;54;9.4;7;1.2;IPAL;22;3.8;;0;0.0;;0;0.0;;0;0.0;;0;0.0
0401306037;Almería;51.2;PP;36.7;137;36.7;72;19.3;101;27.1;7;1.9;0;0.0;MUNDO+JUSTO;32;8.6;NA;12;3.2;;0;0.0;;0;0.0;;0;0.0
0401306038;Almería;60.7;PP;51.6;395;51.6;101;13.2;95;12.4;7;0.9;0;0.0;ANDALUCISTAS - PA;60;7.8;MUNDO+JUSTO;33;4.3;;0;0.0;;0;0.0;;0;0.0
0401306039;Almería;62.8;PP;35.9;378;35.9;225;21.4;147;14.0;36;3.4;0;0.0;MUNDO+JUSTO;142;13.5;ESCAÑOS EN BLANCO;60;5.7;;0;0.0;;0;0.0;;0;0.0
0401306040;Almería;52.8;PP;34.2;368;34.2;230;21.4;292;27.1;15;1.4;0;0.0;MUNDO+JUSTO;57;5.3;IPAL;55;5.1;;0;0.0;;0;0.0;;0;0.0
0401306041;Almería;65.8;PP;38.9;283;38.9;156;21.5;113;15.5;16;2.2;0;0.0;PCPA;43;5.9;MUNDO+JUSTO;39;5.4;;0;0.0;;0;0.0;;0;0.0
0401306042;Almería;50.9;PP;26.9;181;26.9;125;18.6;175;26.0;51;7.6;0;0.0;PCPA;38;5.6;;0;0.0;;0;0.0;;0;0.0;;0;0.0
0401306043;Almería;34.7;PSOE-A;26.6;63;25.8;65;26.6;47;19.3;18;7.4;16;6.6;NA;17;7.0;;0;0.0;;0;0.0;;0;0.0;;0;0.0
0401307001;Almería;67.7;PP;47.2;362;47.2;46;6.0;142;18.5;72;9.4;0;0.0;FE de las JONS;38;5.0;;0;0.0;;0;0.0;;0;0.0;;0;0.0
0401307002;Almería;58.5;PP;50.2;199;50.2;61;15.4;6;1.5;0;0.0;0;0.0;IPAL;41;10.4;MUNDO+JUSTO;39;9.8;FE de las JONS;34;8.6;;0;0.0;;0;0.0
0401307003;Almería;60.9;PP;42.4;241;42.4;123;21.6;60;10.5;30;5.3;0;0.0;IPAL;50;8.8;;0;0.0;;0;0.0;;0;0.0;;0;0.0
0401307004;Almería;63.2;PP;36.8;174;36.8;129;27.3;10;2.1;59;12.5;0;0.0;FE de las JONS;35;7.4;NA;27;5.7;;0;0.0;;0;0.0;;0;0.0
0401307005;Almería;65.8;PP;54.7;237;54.7;62;14.3;58;13.4;4;0.9;0;0.0;ESCAÑOS EN BLANCO;29;6.7;PCPA;28;6.5;;0;0.0;;0;0.0;;0;0.0
0401307006;Almería;57.0;PP;46.2;222;46.2;64;13.3;115;23.9;1;0.2;0;0.0;MUNDO+JUSTO;26;5.4;SALF;19;4.0;;0;0.0;;0;0.0;;0;0.0
0401307007;Almería;65.9;PP;50.1;374;50.1;111;14.9;99;13.2;42;5.6;0;0.0;ESCAÑOS EN BLANCO;50;6.7;;0;0.0;;0;0.0;;0;0.0;;0;0.0
0401307008;Almería;63.5;PP;49.8;296;49.8;126;21.2;82;13.8;4;0.7;9;1.5;MUNDO+JUSTO;22;3.7;ESCAÑOS EN BLANCO;21;3.5;;0;0.0;;0;0.0;;0;0.0
0401307010;Almería;60.0;PP;43.0;312;43.0;134;18.5;122;16.8;16;2.2;0;0.0;IPAL;33;4.6;MUNDO+JUSTO;32;4.4;;0;0.0;;0;0.0;;0;0.0
0401307011;Almería;56.8;PP;38.7;222;38.7;146;25.4;76;13.2;25;4.4;0;0.0;NA;29;5.0;MUNDO+JUSTO;27;4.7;;0;0.0;;0;0.0;;0;0.0
0401307012;Almería;65.3;PP;47.0;530;47.0;215;19.1;232;20.6;0;0.0;0;0.0;PACMA;38;3.4;PCPA;38;3.4;;0;0.0;;0;0.0;;0;0.0
0401307013;Almería;56.4;PP;38.0;223;38.0;110;18.7;72;12.3;56;9.5;0;0.0;IPAL;49;8.4;;0;0.0;;0;0.0;;0;0.0;;0;0.0
0401307014;Almería;60.4;PP;42.5;361;42.5;124;14.6;113;13.3;88;10.4;0;0.0;IPAL;59;6.9;;0;0.0;;0;0.0;;0;0.0;;0;0.0
0401307015;Almería;49.1;PP;42.4;289;42.4;123;18.0;83;12.2;42;6.2;0;0.0;PACMA;44;6.4;;0;0.0;;0;0.0;;0;0.0;;0;0.0
0401307016;Almería;58.2;PP;41.4;332;41.4;132;16.5;126;15.7;21;2.6;0;0.0;MUNDO+JUSTO;63;7.9;PACMA;51;6.4;;0;0.0;;0;0.0;;0;0.0
0401307017;Almería;54.4;PSOE-A;33.2;192;31.5;202;33.2;39;6.4;58;9.5;0;0.0;MUNDO+JUSTO;32;5.2;;0;0.0;;0;0.0;;0;0.0;;0;0.0
0401307018;Almería;58.1;PP;48.2;390;48.2;132;16.3;119;14.7;10;1.2;0;0.0;ESCAÑOS EN BLANCO;58;7.2;MUNDO+JUSTO;29;3.6;;0;0.0;;0;0.0;;0;0.0
0401307019;Almería;51.2;PP;34.8;175;34.8;124;24.6;37;7.4;68;13.5;0;0.0;IPAL;40;8.0;;0;0.0;;0;0.0;;0;0.0;;0;0.0
0401307020;Almería;68.3;PP;45.6;432;45.6;214;22.6;61;6.4;33;3.5;0;0.0;PCPA;61;6.4;NA;44;4.6;;0;0.0;;0;0.0;;0;0.0
0401307021;Almería;54.5;PP;37.0;410;37.0;217;19.6;317;28.6;1;0.1;0;0.0;ESCAÑOS EN BLANCO;45;4.1;MUNDO+JUSTO;27;2.4;;0;0.0;;0;0.0;;0;0.0
0401307022;Almería;57.7;PP;44.0;483;44.0;227;20.7;163;14.9;43;3.9;0;0.0;IPAL;65;5.9;;0;0.0;;0;0.0;;0;0.0;;0;0.0
0401307023;Almería;54.0;PP;42.2;373;42.2;109;12.3;198;22.4;33;3.7;26;2.9;MUNDO+JUSTO;39;4.4;ESCAÑOS EN BLANCO;37;4.2;;0;0.0;;0;0.0;;0;0.0
0401307024;Almería;42.3;PP;49.4;165;49.4;44;13.2;68;20.4;0;0.0;0;0.0;NA;18;5.4;ALM;16;4.8;;0;0.0;;0;0.0;;0;0.0
0401307025;Almería;60.6;PP;46.2;452;46.2;183;18.7;178;18.2;7;0.7;0;0.0;IPAL;63;6.4;PACMA;32;3.3;;0;0.0;;0;0.0;;0;0.0
0401307026;Almería;67.1;PP;43.1;166;43.1;63;16.4;55;14.3;20;5.2;0;0.0;PACMA;29;7.5;MUNDO+JUSTO;29;7.5;;0;0.0;;0;0.0;;0;0.0
0401307027;Almería;66.6;PP;59.1;228;59.1;21;5.4;30;7.8;34;8.8;0;0.0;IPAL;24;6.2;ESCAÑOS EN BLANCO;23;6.0;;0;0.0;;0;0.0;;0;0.0
0401307028;Almería;71.5;PP;52.4;406;52.4;105;13.6;144;18.6;0;0.0;0;0.0;IPAL;35;4.5;PACMA;27;3.5;;0;0.0;;0;0.0;;0;0.0
0401307029;Almería;69.3;PP;55.3;307;55.3;61;11.0;88;15.9;2;0.4;0;0.0;MUNDO+JUSTO;22;4.0;PCPA;18;3.2;;0;0.0;;0;0.0;;0;0.0
0401307030;Almería;51.1;PSOE-A;32.6;200;27.1;241;32.6;115;15.6;48;6.5;0;0.0;IPAL;38;5.1;;0;0.0;;0;0.0;;0;0.0;;0;0.0
0401307031;Almería;60.9;PP;31.4;127;31.4;97;24.0;99;24.4;0;0.0;46;11.4;IPAL;31;7.6;;0;0.0;;0;0.0;;0;0.0;;0;0.0
0401307032;Almería;63.9;PP;40.9;283;40.9;151;21.8;94;13.6;5;0.7;10;1.4;IPAL;33;4.8;ESCAÑOS EN BLANCO;33;4.8;;0;0.0;;0;0.0;;0;0.0
0401307033;Almería;73.4;PP;49.3;367;49.3;107;14.4;77;10.3;39;5.2;0;0.0;ESCAÑOS EN BLANCO;44;5.9;;0;0.0;;0;0.0;;0;0.0;;0;0.0
0401307034;Almería;58.1;PP;40.4;254;40.4;135;21.5;63;10.0;76;12.1;0;0.0;MUNDO+JUSTO;39;6.2;;0;0.0;;0;0.0;;0;0.0;;0;0.0
0401307035;Almería;53.2;PP;32.4;235;32.4;208;28.7;117;16.1;26;3.6;0;0.0;IPAL;46;6.3;PACMA;37;5.1;;0;0.0;;0;0.0;;0;0.0
0401307036;Almería;51.9;PP;43.0;214;43.0;77;15.5;47;9.4;51;10.2;0;0.0;ANDALUCISTAS - PA;40;8.0;;0;0.0;;0;0.0;;0;0.0;;0;0.0
0401307037;Almería;63.8;PP;39.5;321;39.5;151;18.6;159;19.6;1;0.1;0;0.0;PCPA;62;7.6;IPAL;52;6.4;;0;0.0;;0;0.0;;0;0.0
0401307038;Almería;61.5;PP;38.9;294;38.9;112;14.8;164;21.7;25;3.3;0;0.0;MUNDO+JUSTO;74;9.8;PCPA;36;4.8;;0;0.0;;0;0.0;;0;0.0
0401307039;Almería;58.2;PP;29.5;213;29.5;191;26.4;98;13.6;75;10.4;6;0.8;NA;49;6.8;;0;0.0;;0;0.0;;0;0.0;;0;0.0
0401307040;Almería;39.8;VOX;34.1;111;25.1;57;12.9;151;34.1;16;3.6;0;0.0;ESCAÑOS EN BLANCO;29;6.6;ANDALUCISTAS - PA;16;3.6;;0;0.0;;0;0.0;;0;0.0
0401307041;Almería;47.9;PP;32.5;313;32.5;176;18.3;218;22.6;85;8.8;0;0.0;MUNDO+JUSTO;43;4.5;;0;0.0;;0;0.0;;0;0.0;;0;0.0
0401307042;Almería;53.7;PSOE-A;33.0;119;22.4;175;33.0;90;17.0;34;6.4;4;0.8;FE de las JONS;27;5.1;;0;0.0;;0;0.0;;0;0.0;;0;0.0
0401307043;Almería;54.6;PP;46.6;199;46.6;44;10.3;81;19.0;12;2.8;0;0.0;IPAL;25;5.8;ESCAÑOS EN BLANCO;19;4.4;;0;0.0;;0;0.0;;0;0.0
0401307044;Almería;70.6;PP;45.7;408;45.7;124;13.9;142;15.9;29;3.2;0;0.0;MUNDO+JUSTO;58;6.5;FE de las JONS;43;4.8;;0;0.0;;0;0.0;;0;0.0
0401307045;Almería;58.5;PP;46.0;492;46.0;162;15.2;165;15.4;35;3.3;0;0.0;FE de las JONS;68;6.4;NA;46;4.3;;0;0.0;;0;0.0;;0;0.0
0401307047;Almería;72.0;PP;51.2;413;51.2;98;12.1;77;9.5;68;8.4;0;0.0;FE de las JONS;46;5.7;;0;0.0;;0;0.0;;0;0.0;;0;0.0
0401307048;Almería;56.2;PP;33.9;230;33.9;147;21.7;176;26.0;9;1.3;0;0.0;MUNDO+JUSTO;35;5.2;FE de las JONS;20;3.0;;0;0.0;;0;0.0;;0;0.0
0401307049;Almería;57.7;PP;38.8;310;38.8;174;21.8;124;15.5;43;5.4;0;0.0;NA;46;5.8;;0;0.0;;0;0.0;;0;0.0;;0;0.0
0401307050;Almería;56.3;PP;48.4;253;48.4;62;11.8;88;16.8;34;6.5;0;0.0;NA;31;5.9;;0;0.0;;0;0.0;;0;0.0;;0;0.0
0401307051;Almería;54.2;PP;41.4;170;41.4;91;22.1;79;19.2;13;3.2;0;0.0;ANDALUCISTAS - PA;30;7.3;;0;0.0;;0;0.0;;0;0.0;;0;0.0
0401307052;Almería;56.2;PP;45.2;195;45.2;55;12.8;30;7.0;55;12.8;0;0.0;MUNDO+JUSTO;85;19.7;;0;0.0;;0;0.0;;0;0.0;;0;0.0
0401308001;Almería;53.1;PP;46.8;194;46.8;53;12.8;93;22.4;12;2.9;0;0.0;ALM;40;9.6;;0;0.0;;0;0.0;;0;0.0;;0;0.0
0401308002;Almería;54.3;PSOE-A;34.2;130;20.3;219;34.2;137;21.4;32;5.0;0;0.0;IPAL;36;5.6;;0;0.0;;0;0.0;;0;0.0;;0;0.0
0401308003;Almería;62.2;PP;46.1;311;46.1;119;17.6;85;12.6;28;4.2;0;0.0;PCPA;28;4.2;;0;0.0;;0;0.0;;0;0.0;;0;0.0
0401308004;Almería;54.5;PP;31.0;294;31.0;168;17.7;256;27.0;101;10.6;0;0.0;ESCAÑOS EN BLANCO;35;3.7;;0;0.0;;0;0.0;;0;0.0;;0;0.0
0401308005;Almería;54.1;VOX;37.6;201;27.3;156;21.2;277;37.6;0;0.0;0;0.0;FE de las JONS;26;3.5;MUNDO+JUSTO;19;2.6;;0;0.0;;0;0.0;;0;0.0
0401308006;Almería;59.8;PP;27.7;186;27.7;166;24.7;150;22.3;16;2.4;0;0.0;ALM;39;5.8;MUNDO+JUSTO;35;5.2;;0;0.0;;0;0.0;;0;0.0
0401308007;Almería;57.7;PP;41.3;413;41.3;104;10.4;179;17.9;92;9.2;0;0.0;PCPA;46;4.6;;0;0.0;;0;0.0;;0;0.0;;0;0.0
0401308008;Almería;55.9;PP;45.3;523;45.3;140;12.1;231;20.0;43;3.7;67;5.8;;0;0.0;;0;0.0;;0;0.0;;0;0.0;;0;0.0
0401308009;Almería;59.9;PP;34.5;145;34.5;92;21.9;78;18.6;5;1.2;0;0.0;FE de las JONS;55;13.1;NA;23;5.5;;0;0.0;;0;0.0;;0;0.0
0401308010;Almería;57.1;PP;34.1;196;34.1;135;23.5;110;19.1;12;2.1;0;0.0;MUNDO+JUSTO;37;6.4;IPAL;29;5.0;;0;0.0;;0;0.0;;0;0.0
0401401001;Almería;70.4;PSOE-A;48.7;22;18.8;57;48.7;4;3.4;9;7.7;0;0.0;SALF;12;10.3;MUNDO+JUSTO;6;5.1;;0;0.0;;0;0.0;;0;0.0
0401501001;Almería;67.2;PSOE-A;50.0;13;16.7;39;50.0;0;0.0;9;11.5;0;0.0;ESCAÑOS EN BLANCO;8;10.3;MUNDO+JUSTO;4;5.1;;0;0.0;;0;0.0;;0;0.0
0401601001;Almería;62.4;PP;35.4;315;35.4;138;15.5;179;20.1;18;2.0;0;0.0;NA;86;9.7;MUNDO+JUSTO;75;8.4;;0;0.0;;0;0.0;;0;0.0
0401602001;Almería;58.0;PP;37.9;172;37.9;57;12.6;92;20.3;27;6.0;0;0.0;NA;32;7.0;;0;0.0;;0;0.0;;0;0.0;;0;0.0
0401701001;Almería;57.0;PP;44.8;306;44.8;155;22.7;72;10.5;26;3.8;0;0.0;SALF;32;4.7;;0;0.0;;0;0.0;;0;0.0;;0;0.0
0401801001;Almería;74.2;PP;44.1;93;44.1;60;28.4;3;1.4;7;3.3;0;0.0;ANDALUCISTAS - PA;19;9.0;IPAL;17;8.1;ESCAÑOS EN BLANCO;7;3.3;;0;0.0;;0;0.0
0401901001;Almería;77.3;PSOE-A;47.7;55;36.0;73;47.7;12;7.8;0;0.0;0;0.0;PCPA;8;5.2;PACMA;3;2.0;;0;0.0;;0;0.0;;0;0.0
0402001001;Almería;59.7;PP;51.8;73;51.8;33;23.4;17;12.1;0;0.0;0;0.0;NA;7;5.0;FE de las JONS;6;4.3;;0;0.0;;0;0.0;;0;0.0
0402101001;Almería;67.7;PP;55.1;59;55.1;19;17.8;0;0.0;9;8.4;0;0.0;NA;9;8.4;ESCAÑOS EN BLANCO;6;5.6;;0;0.0;;0;0.0;;0;0.0
0402201001;Almería;53.9;PP;36.8;71;36.8;40;20.7;24;12.4;17;8.8;0;0.0;MUNDO+JUSTO;15;7.8;;0;0.0;;0;0.0;;0;0.0;;0;0.0
0402301001;Almería;61.7;PP;43.9;36;43.9;25;30.5;2;2.4;5;6.1;0;0.0;IPAL;10;12.2;;0;0.0;;0;0.0;;0;0.0;;0;0.0
0402401001;Almería;59.8;PP;36.0;280;36.0;87;11.2;215;27.7;67;8.6;0;0.0;IZAR;36;4.6;;0;0.0;;0;0.0;;0;0.0;;0;0.0
0402401002;Almería;61.8;PP;34.3;278;34.3;199;24.5;212;26.1;11;1.4;0;0.0;PACMA;37;4.6;SALF;35;4.3;;0;0.0;;0;0.0;;0;0.0
0402401003;Almería;61.5;PP;27.4;145;27.4;116;21.9;136;25.7;12;2.3;0;0.0;NA;38;7.2;PCPA;30;5.7;;0;0.0;;0;0.0;;0;0.0
0402601001;Almería;80.0;PP;38.3;18;38.3;15;31.9;11;23.4;0;0.0;0;0.0;MUNDO+JUSTO;2;4.3;IPAL;1;2.1;;0;0.0;;0;0.0;;0;0.0
0402701001;Almería;54.6;PP;54.0;61;54.0;11;9.7;10;8.8;0;0.0;0;0.0;MUNDO+JUSTO;16;14.2;ESCAÑOS EN BLANCO;7;6.2;;0;0.0;;0;0.0;;0;0.0
0402801001;Almería;80.7;PSOE-A;43.0;54;34.6;67;43.0;17;10.9;0;0.0;0;0.0;NA;13;8.3;MUNDO+JUSTO;2;1.3;;0;0.0;;0;0.0;;0;0.0
0402901001;Almería;60.5;PP;61.9;242;61.9;97;24.8;40;10.2;0;0.0;0;0.0;PACMA;5;1.3;PCPA;4;1.0;;0;0.0;;0;0.0;;0;0.0
0402901002;Almería;56.4;PP;37.7;170;37.7;120;26.6;43;9.5;32;7.1;36;8.0;;0;0.0;;0;0.0;;0;0.0;;0;0.0;;0;0.0
0402901003;Almería;53.1;PP;42.8;260;42.8;115;19.0;120;19.8;1;0.2;0;0.0;IPAL;35;5.8;MUNDO+JUSTO;21;3.5;;0;0.0;;0;0.0;;0;0.0
0402901004;Almería;49.4;PP;28.7;128;28.7;114;25.6;99;22.2;35;7.8;0;0.0;ESCAÑOS EN BLANCO;28;6.3;;0;0.0;;0;0.0;;0;0.0;;0;0.0
0402901005;Almería;62.5;PP;45.6;243;45.6;123;23.1;63;11.8;23;4.3;0;0.0;FE de las JONS;40;7.5;;0;0.0;;0;0.0;;0;0.0;;0;0.0
0402901006;Almería;54.3;PP;43.6;177;43.6;62;15.3;41;10.1;23;5.7;0;0.0;PCPA;47;11.6;;0;0.0;;0;0.0;;0;0.0;;0;0.0
0402901007;Almería;58.6;PP;43.2;272;43.2;146;23.2;80;12.7;43;6.8;0;0.0;NA;22;3.5;;0;0.0;;0;0.0;;0;0.0;;0;0.0
0402902001;Almería;54.3;PP;31.5;139;31.5;132;29.9;97;22.0;4;0.9;0;0.0;PACMA;18;4.1;SALF;13;3.0;;0;0.0;;0;0.0;;0;0.0
0402902002;Almería;53.0;PP;35.0;212;35.0;132;21.8;152;25.1;18;3.0;0;0.0;MUNDO+JUSTO;38;6.3;ESCAÑOS EN BLANCO;28;4.6;;0;0.0;;0;0.0;;0;0.0
0402902004;Almería;52.5;PP;57.1;201;57.1;32;9.1;57;16.2;13;3.7;13;3.7;FE de las JONS;17;4.8;;0;0.0;;0;0.0;;0;0.0;;0;0.0
0403001001;Almería;55.3;PSOE-A;39.8;159;30.6;207;39.8;48;9.2;11;2.1;0;0.0;PACMA;37;7.1;IPAL;21;4.0;;0;0.0;;0;0.0;;0;0.0
0403101001;Almería;67.7;Empate;35.4;240;35.4;240;35.4;116;17.1;0;0.0;0;0.0;MUNDO+JUSTO;43;6.3;PCPA;19;2.8;;0;0.0;;0;0.0;;0;0.0
0403101002;Almería;65.8;PSOE-A;46.6;113;28.3;186;46.6;36;9.0;0;0.0;0;0.0;FE de las JONS;18;4.5;IPAL;14;3.5;;0;0.0;;0;0.0;;0;0.0
0403102001;Almería;62.9;PP;49.2;174;49.2;86;24.3;28;7.9;19;5.4;0;0.0;NA;18;5.1;;0;0.0;;0;0.0;;0;0.0;;0;0.0
0403201001;Almería;49.6;PSOE-A;33.6;193;31.9;203;33.6;85;14.0;38;6.3;0;0.0;MUNDO+JUSTO;18;3.0;;0;0.0;;0;0.0;;0;0.0;;0;0.0
0403201002;Almería;53.5;PP;39.3;340;39.3;177;20.4;148;17.1;53;6.1;0;0.0;MUNDO+JUSTO;48;5.5;;0;0.0;;0;0.0;;0;0.0;;0;0.0
0403201003;Almería;55.5;PP;35.8;189;35.8;163;30.9;25;4.7;56;10.6;0;0.0;MUNDO+JUSTO;25;4.7;;0;0.0;;0;0.0;;0;0.0;;0;0.0
0403201004;Almería;54.4;PP;32.2;210;32.2;127;19.4;163;25.0;61;9.3;0;0.0;ANDALUCISTAS - PA;32;4.9;;0;0.0;;0;0.0;;0;0.0;;0;0.0
0403202001;Almería;52.1;PP;35.0;168;35.0;103;21.5;124;25.8;39;8.1;0;0.0;PCPA;16;3.3;;0;0.0;;0;0.0;;0;0.0;;0;0.0
0403301001;Almería;60.4;PSOE-A;44.3;15;24.6;27;44.3;9;14.8;0;0.0;0;0.0;FE de las JONS;6;9.8;MUNDO+JUSTO;2;3.3;;0;0.0;;0;0.0;;0;0.0
0403401001;Almería;64.0;PP;49.4;44;49.4;20;22.5;12;13.5;0;0.0;0;0.0;IPAL;7;7.9;SALF;3;3.4;;0;0.0;;0;0.0;;0;0.0
0403501001;Almería;60.8;PP;48.6;422;48.6;176;20.2;32;3.7;112;12.9;0;0.0;PCPA;52;6.0;;0;0.0;;0;0.0;;0;0.0;;0;0.0
0403501002;Almería;63.4;PP;40.5;241;40.5;183;30.8;61;10.2;31;5.2;0;0.0;PACMA;39;6.6;;0;0.0;;0;0.0;;0;0.0;;0;0.0
0403501003;Almería;56.5;PP;36.4;322;36.4;214;24.2;125;14.1;46;5.2;10;1.1;IPAL;52;5.9;MUNDO+JUSTO;46;5.2;;0;0.0;;0;0.0;;0;0.0
0403502001;Almería;54.9;PSOE-A;32.7;218;31.1;229;32.7;126;18.0;15;2.1;0;0.0;ANDALUCISTAS - PA;31;4.4;SALF;27;3.8;;0;0.0;;0;0.0;;0;0.0
0403503001;Almería;58.8;PP;36.9;378;36.9;288;28.1;205;20.0;0;0.0;23;2.2;MUNDO+JUSTO;38;3.7;;0;0.0;;0;0.0;;0;0.0;;0;0.0
0403504001;Almería;58.1;PP;31.7;190;31.7;186;31.0;117;19.5;6;1.0;0;0.0;ESCAÑOS EN BLANCO;49;8.2;IPAL;18;3.0;;0;0.0;;0;0.0;;0;0.0
0403504002;Almería;65.1;PP;37.1;228;37.1;200;32.5;27;4.4;29;4.7;0;0.0;NA;39;6.3;IPAL;38;6.2;PACMA;34;5.5;;0;0.0;;0;0.0
0403601001;Almería;65.9;PP;48.7;73;48.7;34;22.7;10;6.7;14;9.3;0;0.0;MUNDO+JUSTO;11;7.3;;0;0.0;;0;0.0;;0;0.0;;0;0.0
0403701001;Almería;66.4;PP;34.8;130;34.8;117;31.4;12;3.2;35;9.4;26;7.0;PCPA;21;5.6;;0;0.0;;0;0.0;;0;0.0;;0;0.0
0403701002;Almería;65.2;PSOE-A;33.5;114;30.6;125;33.5;55;14.8;0;0.0;0;0.0;PACMA;34;9.1;ESCAÑOS EN BLANCO;14;3.8;;0;0.0;;0;0.0;;0;0.0
0403801001;Almería;54.3;PP;34.9;297;34.9;225;26.4;141;16.6;25;2.9;0;0.0;PACMA;54;6.3;ALM;43;5.0;;0;0.0;;0;0.0;;0;0.0
0403801002;Almería;57.0;PP;31.2;271;31.2;268;30.8;94;10.8;86;9.9;0;0.0;IPAL;47;5.4;;0;0.0;;0;0.0;;0;0.0;;0;0.0
0404101001;Almería;63.2;PP;44.1;130;44.1;37;12.5;49;16.6;17;5.8;0;0.0;IPAL;22;7.5;;0;0.0;;0;0.0;;0;0.0;;0;0.0
0404301001;Almería;72.0;PP;35.3;153;35.3;100;23.1;47;10.8;38;8.8;0;0.0;IPAL;26;6.0;;0;0.0;;0;0.0;;0;0.0;;0;0.0
0404401001;Almería;57.8;PP;46.9;430;46.9;217;23.7;120;13.1;26;2.8;0;0.0;FE de las JONS;40;4.4;PACMA;28;3.1;;0;0.0;;0;0.0;;0;0.0
0404501001;Almería;68.8;PSOE-A;35.9;151;23.0;236;35.9;104;15.8;83;12.6;0;0.0;PACMA;30;4.6;;0;0.0;;0;0.0;;0;0.0;;0;0.0
0404503001;Almería;66.9;PSOE-A;35.5;136;30.2;160;35.5;93;20.6;0;0.0;0;0.0;MUNDO+JUSTO;31;6.9;PACMA;16;3.6;;0;0.0;;0;0.0;;0;0.0
0404601001;Almería;65.4;PP;40.2;265;40.2;172;26.1;80;12.1;23;3.5;5;0.8;SALF;60;9.1;ESCAÑOS EN BLANCO;24;3.6;;0;0.0;;0;0.0;;0;0.0
0404701001;Almería;67.5;PP;36.8;227;36.8;170;27.6;63;10.2;20;3.2;0;0.0;IPAL;50;8.1;PACMA;26;4.2;;0;0.0;;0;0.0;;0;0.0
0404701002;Almería;67.8;PP;44.8;401;44.8;200;22.3;135;15.1;30;3.4;11;1.2;ESCAÑOS EN BLANCO;55;6.1;PACMA;34;3.8;;0;0.0;;0;0.0;;0;0.0
0404801001;Almería;56.8;PP;38.4;343;38.4;142;15.9;130;14.5;6;0.7;0;0.0;MUNDO+JUSTO;133;14.9;ESCAÑOS EN BLANCO;64;7.2;;0;0.0;;0;0.0;;0;0.0
0404901001;Almería;53.8;PP;42.7;256;42.7;117;19.5;105;17.5;4;0.7;0;0.0;IPAL;37;6.2;PACMA;34;5.7;;0;0.0;;0;0.0;;0;0.0
0404901002;Almería;53.9;PP;43.6;422;43.6;187;19.3;150;15.5;27;2.8;0;0.0;ESCAÑOS EN BLANCO;44;4.5;IZAR;32;3.3;;0;0.0;;0;0.0;;0;0.0
0404902001;Almería;55.7;PP;34.2;306;34.2;286;31.9;115;12.8;43;4.8;0;0.0;PACMA;41;4.6;;0;0.0;;0;0.0;;0;0.0;;0;0.0
0404902002;Almería;51.2;PP;48.6;428;48.6;144;16.4;140;15.9;51;5.8;0;0.0;MUNDO+JUSTO;42;4.8;;0;0.0;;0;0.0;;0;0.0;;0;0.0
0405001001;Almería;48.7;PP;38.2;135;38.2;63;17.8;72;20.4;0;0.0;0;0.0;IPAL;42;11.9;NA;22;6.2;;0;0.0;;0;0.0;;0;0.0
0405101001;Almería;75.3;PP;37.8;125;37.8;117;35.4;17;5.1;15;4.5;26;7.8;;0;0.0;;0;0.0;;0;0.0;;0;0.0;;0;0.0
0405201001;Almería;53.5;PP;47.6;233;47.6;91;18.6;82;16.7;4;0.8;0;0.0;MUNDO+JUSTO;23;4.7;NA;22;4.5;;0;0.0;;0;0.0;;0;0.0
0405201002;Almería;52.1;VOX;31.9;95;27.1;26;7.4;112;31.9;72;20.5;0;0.0;FE de las JONS;20;5.7;;0;0.0;;0;0.0;;0;0.0;;0;0.0
0405201003;Almería;55.8;PP;36.5;334;36.5;129;14.1;208;22.7;73;8.0;26;2.8;NA;42;4.6;;0;0.0;;0;0.0;;0;0.0;;0;0.0
0405201004;Almería;54.6;PP;41.1;432;41.1;101;9.6;208;19.8;98;9.3;0;0.0;PACMA;66;6.3;;0;0.0;;0;0.0;;0;0.0;;0;0.0
0405201005;Almería;50.0;PP;36.2;297;36.2;115;14.0;179;21.8;39;4.8;0;0.0;MUNDO+JUSTO;91;11.1;;0;0.0;;0;0.0;;0;0.0;;0;0.0
0405201006;Almería;58.3;PP;39.5;429;39.5;209;19.2;203;18.7;63;5.8;0;0.0;MUNDO+JUSTO;75;6.9;;0;0.0;;0;0.0;;0;0.0;;0;0.0
0405201007;Almería;42.9;PP;28.9;167;28.9;94;16.3;145;25.1;35;6.1;0;0.0;PCPA;38;6.6;;0;0.0;;0;0.0;;0;0.0;;0;0.0
0405201008;Almería;54.4;PP;36.0;196;36.0;83;15.3;147;27.0;10;1.8;0;0.0;IPAL;31;5.7;PARTIDO AUTÓNOMOS;20;3.7;;0;0.0;;0;0.0;;0;0.0
0405201009;Almería;59.5;PP;42.8;254;42.8;39;6.6;114;19.2;78;13.2;0;0.0;MUNDO+JUSTO;42;7.1;;0;0.0;;0;0.0;;0;0.0;;0;0.0
0405201010;Almería;54.1;VOX;38.1;90;24.1;40;10.7;142;38.1;32;8.6;0;0.0;ANDALUCISTAS - PA;20;5.4;;0;0.0;;0;0.0;;0;0.0;;0;0.0
0405201011;Almería;54.3;PP;37.5;287;37.5;85;11.1;171;22.4;90;11.8;0;0.0;MUNDO+JUSTO;29;3.8;;0;0.0;;0;0.0;;0;0.0;;0;0.0
0405301001;Almería;61.6;PP;53.9;419;53.9;150;19.3;77;9.9;11;1.4;0;0.0;ESCAÑOS EN BLANCO;37;4.8;FE de las JONS;24;3.1;;0;0.0;;0;0.0;;0;0.0
0405302001;Almería;60.1;PP;57.8;500;57.8;81;9.4;88;10.2;64;7.4;0;0.0;ESCAÑOS EN BLANCO;39;4.5;;0;0.0;;0;0.0;;0;0.0;;0;0.0
0405302002;Almería;63.5;PP;53.7;566;53.7;130;12.3;231;21.9;9;0.8;0;0.0;PCPA;35;3.3;NA;30;2.8;;0;0.0;;0;0.0;;0;0.0
0405302003;Almería;59.2;PP;42.5;449;42.5;230;21.8;149;14.1;65;6.2;0;0.0;FE de las JONS;46;4.4;;0;0.0;;0;0.0;;0;0.0;;0;0.0
0405303002;Almería;56.6;PP;49.8;341;49.8;151;22.1;26;3.8;55;8.0;0;0.0;IZAR;45;6.6;;0;0.0;;0;0.0;;0;0.0;;0;0.0
0405303003;Almería;62.9;PP;48.3;533;48.3;220;19.9;142;12.9;38;3.4;0;0.0;ESCAÑOS EN BLANCO;40;3.6;MUNDO+JUSTO;40;3.6;;0;0.0;;0;0.0;;0;0.0
0405303004;Almería;58.7;PP;57.2;425;57.2;91;12.2;90;12.1;40;5.4;0;0.0;ESCAÑOS EN BLANCO;50;6.7;;0;0.0;;0;0.0;;0;0.0;;0;0.0
0405304001;Almería;61.2;PP;47.3;167;47.3;91;25.8;51;14.4;1;0.3;0;0.0;MUNDO+JUSTO;12;3.4;ESCAÑOS EN BLANCO;11;3.1;;0;0.0;;0;0.0;;0;0.0
0405304002;Almería;58.8;PP;45.5;268;45.5;96;16.3;110;18.7;25;4.2;0;0.0;FE de las JONS;23;3.9;;0;0.0;;0;0.0;;0;0.0;;0;0.0
0405305002;Almería;59.3;PP;54.1;339;54.1;71;11.3;76;12.1;46;7.3;0;0.0;ESCAÑOS EN BLANCO;24;3.8;;0;0.0;;0;0.0;;0;0.0;;0;0.0
0405401001;Almería;68.1;PP;58.1;154;58.1;38;14.3;15;5.7;24;9.1;0;0.0;IZAR;15;5.7;;0;0.0;;0;0.0;;0;0.0;;0;0.0
0405501001;Almería;70.8;PSOE-A;36.2;95;34.4;100;36.2;35;12.7;9;3.3;0;0.0;IPAL;17;6.2;FE de las JONS;12;4.4;;0;0.0;;0;0.0;;0;0.0
0405601001;Almería;58.9;PP;52.3;46;52.3;12;13.6;9;10.2;1;1.1;0;0.0;IPAL;7;8.0;PACMA;5;5.7;;0;0.0;;0;0.0;;0;0.0
0405701001;Almería;64.1;PP;38.4;132;38.4;110;32.0;63;18.3;0;0.0;0;0.0;PACMA;16;4.6;IPAL;12;3.5;;0;0.0;;0;0.0;;0;0.0
0405702001;Almería;62.4;PP;53.8;260;53.8;112;23.2;38;7.9;35;7.2;0;0.0;MUNDO+JUSTO;20;4.1;;0;0.0;;0;0.0;;0;0.0;;0;0.0
0405801001;Almería;61.0;PP;44.7;84;44.7;42;22.3;0;0.0;45;23.9;0;0.0;IPAL;11;5.8;FE de las JONS;6;3.2;;0;0.0;;0;0.0;;0;0.0
0405901001;Almería;59.8;PSOE-A;37.8;180;34.6;197;37.8;37;7.1;18;3.4;0;0.0;SALF;35;6.7;PACMA;20;3.8;;0;0.0;;0;0.0;;0;0.0
0406001001;Almería;63.6;PP;63.3;197;63.3;11;3.5;58;18.6;2;0.6;26;8.4;PCPA;7;2.2;;0;0.0;;0;0.0;;0;0.0;;0;0.0
0406101001;Almería;73.1;PSOE-A;37.8;134;29.4;172;37.8;41;9.0;6;1.3;0;0.0;FE de las JONS;34;7.5;MUNDO+JUSTO;19;4.2;;0;0.0;;0;0.0;;0;0.0
0406201001;Almería;62.5;PP;49.0;309;49.0;198;31.4;13;2.1;42;6.7;0;0.0;ANDALUCISTAS - PA;23;3.6;ESCAÑOS EN BLANCO;18;2.8;;0;0.0;;0;0.0;;0;0.0
0406201002;Almería;63.6;PP;54.4;399;54.4;147;20.0;62;8.5;2;0.3;9;1.2;IPAL;31;4.2;PCPA;23;3.1;;0;0.0;;0;0.0;;0;0.0
0406201003;Almería;65.8;PP;51.9;450;51.9;160;18.4;12;1.4;80;9.2;0;0.0;SALF;46;5.3;MUNDO+JUSTO;35;4.0;;0;0.0;;0;0.0;;0;0.0
0406201004;Almería;59.3;PSOE-A;41.6;136;27.1;209;41.6;29;5.8;29;5.8;9;1.8;ESCAÑOS EN BLANCO;25;5.0;;0;0.0;;0;0.0;;0;0.0;;0;0.0
0406301001;Almería;63.5;PP;39.4;244;39.4;180;29.1;46;7.4;54;8.7;0;0.0;PCPA;25;4.0;;0;0.0;;0;0.0;;0;0.0;;0;0.0
0406401001;Almería;64.8;PP;57.0;368;57.0;121;18.8;96;14.9;1;0.2;0;0.0;IPAL;36;5.6;PARTIDO AUTÓNOMOS;14;2.2;;0;0.0;;0;0.0;;0;0.0
0406401002;Almería;56.7;PP;50.0;294;50.0;93;15.8;71;12.1;59;10.0;0;0.0;MUNDO+JUSTO;21;3.6;;0;0.0;;0;0.0;;0;0.0;;0;0.0
0406401003;Almería;61.7;PP;52.2;408;52.2;87;11.1;116;14.8;5;0.6;0;0.0;PARTIDO AUTÓNOMOS;44;5.6;ESCAÑOS EN BLANCO;36;4.6;;0;0.0;;0;0.0;;0;0.0
0406501001;Almería;71.4;PSOE-A;44.0;63;26.9;103;44.0;17;7.3;19;8.1;0;0.0;FE de las JONS;13;5.6;;0;0.0;;0;0.0;;0;0.0;;0;0.0
0406601001;Almería;60.5;PP;28.8;101;28.8;94;26.8;27;7.7;43;12.2;0;0.0;ALM;40;11.4;;0;0.0;;0;0.0;;0;0.0;;0;0.0
0406601002;Almería;59.2;PP;31.7;247;31.7;126;16.2;224;28.8;102;13.1;0;0.0;IZAR;32;4.1;;0;0.0;;0;0.0;;0;0.0;;0;0.0
0406601003;Almería;53.0;VOX;31.8;111;25.6;76;17.5;138;31.8;1;0.2;0;0.0;MUNDO+JUSTO;33;7.6;PARTIDO AUTÓNOMOS;26;6.0;;0;0.0;;0;0.0;;0;0.0
0406601004;Almería;54.7;PP;48.3;390;48.3;154;19.1;161;19.9;0;0.0;0;0.0;ANDALUCISTAS - PA;37;4.6;IPAL;21;2.6;;0;0.0;;0;0.0;;0;0.0
0406601005;Almería;51.4;PP;45.7;257;45.7;93;16.6;111;19.8;13;2.3;7;1.2;NA;19;3.4;PCPA;16;2.8;;0;0.0;;0;0.0;;0;0.0
0406601006;Almería;59.5;PP;40.7;208;40.7;92;18.0;132;25.8;12;2.4;0;0.0;PACMA;22;4.3;IPAL;16;3.1;;0;0.0;;0;0.0;;0;0.0
0406601008;Almería;46.2;VOX;37.7;99;23.4;96;22.6;160;37.7;0;0.0;0;0.0;FE de las JONS;23;5.4;PACMA;21;5.0;;0;0.0;;0;0.0;;0;0.0
0406601009;Almería;48.9;PP;40.2;371;40.2;179;19.4;268;29.0;0;0.0;13;1.4;MUNDO+JUSTO;28;3.0;PCPA;15;1.6;;0;0.0;;0;0.0;;0;0.0
0406601010;Almería;44.9;PP;33.8;177;33.8;119;22.7;149;28.4;0;0.0;0;0.0;ANDALUCISTAS - PA;29;5.5;ESCAÑOS EN BLANCO;15;2.9;;0;0.0;;0;0.0;;0;0.0
0406602001;Almería;53.7;PP;33.9;282;33.9;109;13.1;191;23.0;65;7.8;0;0.0;MUNDO+JUSTO;49;5.9;;0;0.0;;0;0.0;;0;0.0;;0;0.0
0406603001;Almería;48.9;PP;35.0;194;35.0;100;18.0;181;32.7;8;1.4;0;0.0;IPAL;23;4.2;ESCAÑOS EN BLANCO;19;3.4;;0;0.0;;0;0.0;;0;0.0
0406603002;Almería;55.4;PP;36.1;180;36.1;91;18.3;127;25.5;35;7.0;0;0.0;ESCAÑOS EN BLANCO;21;4.2;;0;0.0;;0;0.0;;0;0.0;;0;0.0
0406701001;Almería;53.6;PSOE-A;46.0;74;28.1;121;46.0;0;0.0;28;10.6;0;0.0;SALF;15;5.7;FE de las JONS;8;3.0;;0;0.0;;0;0.0;;0;0.0
0406801001;Almería;69.1;PP;40.6;39;40.6;27;28.1;19;19.8;6;6.2;0;0.0;MUNDO+JUSTO;3;3.1;;0;0.0;;0;0.0;;0;0.0;;0;0.0
0406901001;Almería;62.7;PP;49.3;267;49.3;87;16.0;82;15.1;13;2.4;17;3.1;MUNDO+JUSTO;37;6.8;SALF;23;4.2;;0;0.0;;0;0.0;;0;0.0
0406901002;Almería;59.7;PP;49.4;300;49.4;144;23.7;84;13.8;19;3.1;0;0.0;FE de las JONS;38;6.3;;0;0.0;;0;0.0;;0;0.0;;0;0.0
0406901003;Almería;63.5;PP;32.0;298;32.0;251;26.9;184;19.7;0;0.0;0;0.0;ESCAÑOS EN BLANCO;56;6.0;FE de las JONS;54;5.8;;0;0.0;;0;0.0;;0;0.0
0406901004;Almería;62.7;PP;42.0;168;42.0;110;27.5;34;8.5;16;4.0;0;0.0;MUNDO+JUSTO;30;7.5;NA;26;6.5;;0;0.0;;0;0.0;;0;0.0
0406901005;Almería;64.8;PP;33.9;153;33.9;142;31.5;22;4.9;70;15.5;0;0.0;NA;31;6.9;PACMA;22;4.9;;0;0.0;;0;0.0;;0;0.0
0407001001;Almería;63.0;PP;41.5;366;41.5;204;23.2;153;17.4;55;6.2;23;2.6;PACMA;24;2.7;;0;0.0;;0;0.0;;0;0.0;;0;0.0
0407101001;Almería;71.9;PSOE-A;50.8;70;26.9;132;50.8;8;3.1;14;5.4;0;0.0;IPAL;24;9.2;PCPA;10;3.8;;0;0.0;;0;0.0;;0;0.0
0407201001;Almería;71.3;PP;43.3;90;43.3;52;25.0;26;12.5;16;7.7;0;0.0;ESCAÑOS EN BLANCO;17;8.2;;0;0.0;;0;0.0;;0;0.0;;0;0.0
0407301001;Almería;66.4;PP;36.8;85;36.8;50;21.6;34;14.7;12;5.2;0;0.0;PCPA;40;17.3;;0;0.0;;0;0.0;;0;0.0;;0;0.0
0407401001;Almería;55.3;PP;32.0;281;32.0;230;26.2;208;23.7;17;1.9;0;0.0;NA;40;4.6;ESCAÑOS EN BLANCO;28;3.2;;0;0.0;;0;0.0;;0;0.0
0407402001;Almería;46.5;PP;31.2;231;31.2;195;26.3;134;18.1;53;7.2;0;0.0;IPAL;46;6.2;;0;0.0;;0;0.0;;0;0.0;;0;0.0
0407501001;Almería;50.0;PP;47.3;301;47.3;141;22.2;13;2.0;24;3.8;0;0.0;MUNDO+JUSTO;59;9.3;FE de las JONS;40;6.3;NA;31;4.9;;0;0.0;;0;0.0
0407501002;Almería;55.2;PP;42.1;329;42.1;281;36.0;37;4.7;34;4.4;0;0.0;ESCAÑOS EN BLANCO;31;4.0;;0;0.0;;0;0.0;;0;0.0;;0;0.0
0407501003;Almería;52.1;PP;37.9;188;37.9;144;29.0;32;6.4;14;2.8;0;0.0;MUNDO+JUSTO;40;8.1;PARTIDO AUTÓNOMOS;36;7.3;;0;0.0;;0;0.0;;0;0.0
0407502001;Almería;55.2;PP;39.7;416;39.7;331;31.6;120;11.5;42;4.0;7;0.7;IPAL;44;4.2;;0;0.0;;0;0.0;;0;0.0;;0;0.0
0407502002;Almería;51.4;PP;50.3;328;50.3;105;16.1;83;12.7;12;1.8;40;6.1;ESCAÑOS EN BLANCO;44;6.8;;0;0.0;;0;0.0;;0;0.0;;0;0.0
0407601001;Almería;61.6;PSOE-A;37.4;248;35.8;259;37.4;57;8.2;28;4.0;34;4.9;;0;0.0;;0;0.0;;0;0.0;;0;0.0;;0;0.0
0407701001;Almería;86.7;PP;67.5;137;67.5;27;13.3;18;8.9;0;0.0;0;0.0;MUNDO+JUSTO;10;4.9;NA;9;4.4;;0;0.0;;0;0.0;;0;0.0
0407801001;Almería;53.8;PP;28.5;183;28.5;141;21.9;92;14.3;93;14.5;0;0.0;ESCAÑOS EN BLANCO;45;7.0;;0;0.0;;0;0.0;;0;0.0;;0;0.0
0407901001;Almería;52.9;PP;33.9;204;33.9;127;21.1;120;20.0;53;8.8;0;0.0;IPAL;28;4.7;;0;0.0;;0;0.0;;0;0.0;;0;0.0
0407901002;Almería;55.0;PP;43.2;205;43.2;124;26.1;75;15.8;0;0.0;0;0.0;FE de las JONS;19;4.0;NA;15;3.2;;0;0.0;;0;0.0;;0;0.0
0407901003;Almería;38.8;PP;40.8;124;40.8;73;24.0;33;10.9;26;8.6;0;0.0;MUNDO+JUSTO;25;8.2;;0;0.0;;0;0.0;;0;0.0;;0;0.0
0407901004;Almería;52.2;PP;41.8;250;41.8;40;6.7;171;28.6;17;2.8;0;0.0;IPAL;45;7.5;FE de las JONS;27;4.5;;0;0.0;;0;0.0;;0;0.0
0407901006;Almería;38.9;PP;35.1;91;35.1;79;30.5;58;22.4;0;0.0;0;0.0;IZAR;29;11.2;ESCAÑOS EN BLANCO;2;0.8;;0;0.0;;0;0.0;;0;0.0
0407901007;Almería;45.9;PP;36.9;195;36.9;120;22.7;79;14.9;39;7.4;0;0.0;FE de las JONS;33;6.2;;0;0.0;;0;0.0;;0;0.0;;0;0.0
0407901008;Almería;54.2;PP;46.5;253;46.5;87;16.0;126;23.2;2;0.4;0;0.0;ESCAÑOS EN BLANCO;39;7.2;MUNDO+JUSTO;33;6.1;;0;0.0;;0;0.0;;0;0.0
0407901009;Almería;56.1;PP;44.0;198;44.0;73;16.2;95;21.1;26;5.8;0;0.0;MUNDO+JUSTO;20;4.4;;0;0.0;;0;0.0;;0;0.0;;0;0.0
0407901010;Almería;56.2;PP;40.9;242;40.9;58;9.8;154;26.0;0;0.0;0;0.0;ESCAÑOS EN BLANCO;39;6.6;MUNDO+JUSTO;35;5.9;;0;0.0;;0;0.0;;0;0.0
0407901011;Almería;64.3;PP;40.8;305;40.8;144;19.3;126;16.9;9;1.2;0;0.0;MUNDO+JUSTO;37;5.0;ALM;35;4.7;;0;0.0;;0;0.0;;0;0.0
0407901012;Almería;42.1;PP;39.7;213;39.7;106;19.7;135;25.1;4;0.7;0;0.0;ESCAÑOS EN BLANCO;26;4.8;NA;16;3.0;;0;0.0;;0;0.0;;0;0.0
0407901013;Almería;54.7;PP;42.0;214;42.0;72;14.2;88;17.3;28;5.5;0;0.0;IPAL;24;4.7;;0;0.0;;0;0.0;;0;0.0;;0;0.0
0407901014;Almería;52.7;PP;46.6;244;46.6;92;17.6;55;10.5;51;9.7;0;0.0;PACMA;25;4.8;;0;0.0;;0;0.0;;0;0.0;;0;0.0
0407901015;Almería;45.4;PP;36.0;188;36.0;97;18.6;130;24.9;0;0.0;0;0.0;PACMA;46;8.8;ESCAÑOS EN BLANCO;21;4.0;;0;0.0;;0;0.0;;0;0.0
0407901016;Almería;59.2;PP;36.7;231;36.7;90;14.3;148;23.5;29;4.6;14;2.2;FE de las JONS;38;6.0;IPAL;29;4.6;;0;0.0;;0;0.0;;0;0.0
0407901017;Almería;59.8;PP;49.3;246;49.3;53;10.6;84;16.8;22;4.4;0;0.0;ESCAÑOS EN BLANCO;29;5.8;MUNDO+JUSTO;23;4.6;;0;0.0;;0;0.0;;0;0.0
0407901018;Almería;49.0;PP;45.0;248;45.0;113;20.5;103;18.7;3;0.5;0;0.0;PACMA;23;4.2;ALM;23;4.2;;0;0.0;;0;0.0;;0;0.0
0407901019;Almería;60.0;PP;47.1;369;47.1;148;18.9;53;6.8;82;10.5;0;0.0;IZAR;43;5.5;;0;0.0;;0;0.0;;0;0.0;;0;0.0
0407901020;Almería;54.7;PP;41.1;301;41.1;116;15.8;143;19.5;18;2.5;17;2.3;FE de las JONS;46;6.3;IZAR;28;3.8;;0;0.0;;0;0.0;;0;0.0
0407902001;Almería;54.4;PP;52.2;370;52.2;47;6.6;109;15.4;75;10.6;0;0.0;FE de las JONS;40;5.6;;0;0.0;;0;0.0;;0;0.0;;0;0.0
0407902002;Almería;55.0;PP;36.2;268;36.2;136;18.4;227;30.6;4;0.5;0;0.0;PCPA;35;4.7;MUNDO+JUSTO;22;3.0;;0;0.0;;0;0.0;;0;0.0
0407902003;Almería;53.2;PP;36.4;215;36.4;112;19.0;122;20.7;11;1.9;0;0.0;PACMA;47;8.0;IPAL;26;4.4;;0;0.0;;0;0.0;;0;0.0
0407902004;Almería;58.6;PP;43.2;277;43.2;97;15.1;121;18.9;39;6.1;0;0.0;NA;30;4.7;;0;0.0;;0;0.0;;0;0.0;;0;0.0
0407902005;Almería;57.1;PP;38.5;160;38.5;79;19.0;99;23.8;0;0.0;0;0.0;PACMA;29;7.0;PCPA;26;6.2;;0;0.0;;0;0.0;;0;0.0
0407902006;Almería;41.4;PP;34.7;242;34.7;81;11.6;164;23.5;66;9.5;0;0.0;FE de las JONS;36;5.2;;0;0.0;;0;0.0;;0;0.0;;0;0.0
0407902007;Almería;54.6;PP;33.2;176;33.2;77;14.5;155;29.2;28;5.3;0;0.0;MUNDO+JUSTO;28;5.3;;0;0.0;;0;0.0;;0;0.0;;0;0.0
0407902008;Almería;52.5;PP;36.5;240;36.5;35;5.3;164;24.9;73;11.1;0;0.0;IPAL;48;7.3;;0;0.0;;0;0.0;;0;0.0;;0;0.0
0407902009;Almería;54.3;PP;51.0;316;51.0;33;5.3;114;18.4;16;2.6;25;4.0;MUNDO+JUSTO;42;6.8;;0;0.0;;0;0.0;;0;0.0;;0;0.0
0407902010;Almería;53.7;PP;41.0;188;41.0;78;17.0;104;22.7;13;2.8;0;0.0;IZAR;21;4.6;IPAL;16;3.5;;0;0.0;;0;0.0;;0;0.0
0407902011;Almería;65.7;PP;49.6;420;49.6;86;10.2;160;18.9;17;2.0;0;0.0;MUNDO+JUSTO;51;6.0;PACMA;38;4.5;;0;0.0;;0;0.0;;0;0.0
0407902012;Almería;58.9;PP;44.7;421;44.7;126;13.4;157;16.7;76;8.1;0;0.0;IPAL;42;4.5;;0;0.0;;0;0.0;;0;0.0;;0;0.0
0407902013;Almería;54.3;PP;38.2;315;38.2;70;8.5;186;22.6;56;6.8;0;0.0;FE de las JONS;57;6.9;;0;0.0;;0;0.0;;0;0.0;;0;0.0
0407902014;Almería;57.6;PP;42.1;335;42.1;80;10.1;167;21.0;45;5.7;0;0.0;PARTIDO AUTÓNOMOS;45;5.7;;0;0.0;;0;0.0;;0;0.0;;0;0.0
0407902015;Almería;53.4;PP;37.1;212;37.1;143;25.0;117;20.5;1;0.2;0;0.0;MUNDO+JUSTO;32;5.6;ESCAÑOS EN BLANCO;21;3.7;;0;0.0;;0;0.0;;0;0.0
0407902016;Almería;51.2;PP;47.4;331;47.4;81;11.6;125;17.9;57;8.2;0;0.0;NA;23;3.3;;0;0.0;;0;0.0;;0;0.0;;0;0.0
0407902017;Almería;63.6;PP;44.6;402;44.6;224;24.8;139;15.4;34;3.8;0;0.0;PACMA;25;2.8;;0;0.0;;0;0.0;;0;0.0;;0;0.0
0407902018;Almería;59.1;PP;40.8;317;40.8;62;8.0;247;31.8;34;4.4;3;0.4;MUNDO+JUSTO;58;7.5;;0;0.0;;0;0.0;;0;0.0;;0;0.0
0407902019;Almería;49.0;PP;38.4;318;38.4;160;19.4;213;25.8;7;0.8;0;0.0;MUNDO+JUSTO;74;9.0;FE de las JONS;24;2.9;;0;0.0;;0;0.0;;0;0.0
0407902020;Almería;57.9;PP;42.2;425;42.2;164;16.3;166;16.5;44;4.4;0;0.0;ESCAÑOS EN BLANCO;53;5.3;PACMA;49;4.9;;0;0.0;;0;0.0;;0;0.0
0407902021;Almería;43.6;PP;45.3;359;45.3;93;11.7;151;19.0;57;7.2;0;0.0;ANDALUCISTAS - PA;44;5.6;;0;0.0;;0;0.0;;0;0.0;;0;0.0
0407902022;Almería;56.6;PP;36.3;259;36.3;173;24.2;62;8.7;70;9.8;0;0.0;IPAL;43;6.0;;0;0.0;;0;0.0;;0;0.0;;0;0.0
0407902023;Almería;56.7;PP;35.5;360;35.5;156;15.4;226;22.3;0;0.0;0;0.0;IPAL;99;9.8;ESCAÑOS EN BLANCO;44;4.3;;0;0.0;;0;0.0;;0;0.0
0407902024;Almería;55.3;PP;46.0;376;46.0;113;13.8;144;17.6;26;3.2;0;0.0;PACMA;61;7.5;PCPA;55;6.7;;0;0.0;;0;0.0;;0;0.0
0407902025;Almería;53.1;PP;40.4;214;40.4;85;16.0;114;21.5;4;0.8;26;4.9;IPAL;26;4.9;;0;0.0;;0;0.0;;0;0.0;;0;0.0
0407902026;Almería;49.9;PP;37.9;272;37.9;88;12.3;188;26.2;27;3.8;0;0.0;MUNDO+JUSTO;38;5.3;PACMA;31;4.3;;0;0.0;;0;0.0;;0;0.0
0407902027;Almería;51.8;PP;37.9;378;37.9;126;12.6;235;23.6;22;2.2;21;2.1;NA;80;8.0;FE de las JONS;35;3.5;;0;0.0;;0;0.0;;0;0.0
0407902028;Almería;57.3;PP;31.0;245;31.0;138;17.5;193;24.4;32;4.0;0;0.0;NA;65;8.2;FE de las JONS;39;4.9;;0;0.0;;0;0.0;;0;0.0
0407902029;Almería;53.6;PP;43.5;271;43.5;112;18.0;129;20.7;9;1.4;0;0.0;FE de las JONS;21;3.4;ALM;20;3.2;;0;0.0;;0;0.0;;0;0.0
0407902030;Almería;61.5;PP;49.2;332;49.2;43;6.4;166;24.6;63;9.3;0;0.0;MUNDO+JUSTO;29;4.3;;0;0.0;;0;0.0;;0;0.0;;0;0.0
0407902031;Almería;44.2;PP;42.0;248;42.0;29;4.9;163;27.6;59;10.0;0;0.0;MUNDO+JUSTO;30;5.1;;0;0.0;;0;0.0;;0;0.0;;0;0.0
0408001001;Almería;61.3;PP;37.6;47;37.6;24;19.2;13;10.4;10;8.0;0;0.0;MUNDO+JUSTO;15;12.0;IPAL;10;8.0;;0;0.0;;0;0.0;;0;0.0
0408101001;Almería;63.5;PSOE-A;44.4;68;26.5;114;44.4;32;12.4;10;3.9;0;0.0;IZAR;13;5.1;;0;0.0;;0;0.0;;0;0.0;;0;0.0
0408201001;Almería;62.4;PP;35.9;56;35.9;54;34.6;1;0.6;18;11.5;0;0.0;PCPA;12;7.7;PACMA;11;7.0;;0;0.0;;0;0.0;;0;0.0
0408301001;Almería;72.1;PSOE-A;39.1;246;32.9;292;39.1;13;1.7;25;3.4;0;0.0;PACMA;42;5.6;PARTIDO AUTÓNOMOS;33;4.4;ALM;29;3.9;;0;0.0;;0;0.0
0408302001;Almería;68.4;PP;42.1;175;42.1;135;32.4;26;6.2;10;2.4;0;0.0;MUNDO+JUSTO;27;6.5;ESCAÑOS EN BLANCO;18;4.3;;0;0.0;;0;0.0;;0;0.0
0408401001;Almería;55.9;PSOE-A;37.6;59;34.7;64;37.6;8;4.7;4;2.4;0;0.0;SALF;22;12.9;PACMA;10;5.9;;0;0.0;;0;0.0;;0;0.0
0408501001;Almería;73.7;PP;41.0;118;41.0;93;32.3;21;7.3;19;6.6;0;0.0;ALM;17;5.9;;0;0.0;;0;0.0;;0;0.0;;0;0.0
0408601001;Almería;54.9;PP;51.0;465;51.0;132;14.5;126;13.8;41;4.5;0;0.0;MUNDO+JUSTO;24;2.6;;0;0.0;;0;0.0;;0;0.0;;0;0.0
0408701001;Almería;68.1;PP;27.4;31;27.4;27;23.9;27;23.9;0;0.0;0;0.0;IPAL;7;6.2;PACMA;6;5.3;;0;0.0;;0;0.0;;0;0.0
0408801001;Almería;57.3;PP;38.8;311;38.8;259;32.3;111;13.9;4;0.5;0;0.0;ESCAÑOS EN BLANCO;39;4.9;NA;36;4.5;;0;0.0;;0;0.0;;0;0.0
0408802001;Almería;50.2;PSOE-A;39.6;136;22.1;244;39.6;139;22.6;14;2.3;0;0.0;NA;51;8.3;;0;0.0;;0;0.0;;0;0.0;;0;0.0
0408901001;Almería;61.0;PP;50.3;196;50.3;70;18.0;81;20.8;0;0.0;0;0.0;PCPA;29;7.4;PACMA;12;3.1;;0;0.0;;0;0.0;;0;0.0
0409001001;Almería;62.5;PSOE-A;45.8;51;28.8;81;45.8;5;2.8;17;9.6;0;0.0;ESCAÑOS EN BLANCO;18;10.2;;0;0.0;;0;0.0;;0;0.0;;0;0.0
0409101001;Almería;69.8;PSOE-A;40.7;66;31.6;85;40.7;0;0.0;17;8.1;0;0.0;FE de las JONS;15;7.2;MUNDO+JUSTO;9;4.3;;0;0.0;;0;0.0;;0;0.0
0409201001;Almería;63.1;PP;42.0;379;42.0;223;24.7;91;10.1;11;1.2;0;0.0;FE de las JONS;39;4.3;IPAL;38;4.2;;0;0.0;;0;0.0;;0;0.0
0409201002;Almería;66.6;PP;50.1;421;50.1;166;19.7;120;14.3;25;3.0;0;0.0;IPAL;55;6.5;;0;0.0;;0;0.0;;0;0.0;;0;0.0
0409301001;Almería;54.8;PP;28.5;151;28.5;125;23.6;116;21.9;20;3.8;0;0.0;IPAL;35;6.6;ANDALUCISTAS - PA;20;3.8;;0;0.0;;0;0.0;;0;0.0
0409301002;Almería;41.0;PP;37.0;162;37.0;100;22.8;74;16.9;27;6.2;0;0.0;ESCAÑOS EN BLANCO;26;5.9;;0;0.0;;0;0.0;;0;0.0;;0;0.0
0409401001;Almería;65.0;VOX;39.2;53;37.1;13;9.1;56;39.2;9;6.3;0;0.0;MUNDO+JUSTO;6;4.2;;0;0.0;;0;0.0;;0;0.0;;0;0.0
0409501001;Almería;63.4;PP;45.7;175;45.7;49;12.8;33;8.6;38;9.9;0;0.0;PACMA;52;13.6;;0;0.0;;0;0.0;;0;0.0;;0;0.0
0409601001;Almería;76.5;PP;41.2;80;41.2;72;37.1;10;5.2;1;0.5;0;0.0;SALF;13;6.7;ESCAÑOS EN BLANCO;10;5.2;;0;0.0;;0;0.0;;0;0.0
0409701001;Almería;69.3;PSOE-A;40.0;46;27.9;66;40.0;7;4.2;14;8.5;0;0.0;PACMA;12;7.3;MUNDO+JUSTO;7;4.2;;0;0.0;;0;0.0;;0;0.0
0409801001;Almería;64.8;PP;41.6;177;41.6;114;26.8;43;10.1;12;2.8;0;0.0;ESCAÑOS EN BLANCO;25;5.9;PACMA;22;5.2;;0;0.0;;0;0.0;;0;0.0
0409802001;Almería;64.1;PP;57.8;296;57.8;96;18.8;75;14.6;9;1.8;0;0.0;ESCAÑOS EN BLANCO;12;2.3;IZAR;12;2.3;;0;0.0;;0;0.0;;0;0.0
0409901001;Almería;60.0;PP;38.0;298;38.0;135;17.2;203;25.9;20;2.6;0;0.0;ESCAÑOS EN BLANCO;44;5.6;MUNDO+JUSTO;29;3.7;;0;0.0;;0;0.0;;0;0.0
0409901002;Almería;66.5;PP;37.8;225;37.8;120;20.2;116;19.5;23;3.9;0;0.0;FE de las JONS;21;3.5;;0;0.0;;0;0.0;;0;0.0;;0;0.0
0409901003;Almería;66.4;PP;35.1;194;35.1;103;18.6;121;21.9;23;4.2;18;3.2;MUNDO+JUSTO;38;6.9;IPAL;25;4.5;;0;0.0;;0;0.0;;0;0.0
0409901004;Almería;69.1;PP;37.8;417;37.8;242;21.9;106;9.6;76;6.9;38;3.4;MUNDO+JUSTO;70;6.3;;0;0.0;;0;0.0;;0;0.0;;0;0.0
0410001001;Almería;45.0;PP;50.6;222;50.6;86;19.6;86;19.6;0;0.0;0;0.0;IPAL;15;3.4;NA;13;3.0;;0;0.0;;0;0.0;;0;0.0
0410001002;Almería;56.8;PP;48.9;276;48.9;103;18.3;83;14.7;19;3.4;0;0.0;NA;30;5.3;IPAL;27;4.8;;0;0.0;;0;0.0;;0;0.0
0410002001;Almería;32.0;PP;48.7;232;48.7;61;12.8;93;19.5;0;0.0;0;0.0;MUNDO+JUSTO;40;8.4;PCPA;22;4.6;;0;0.0;;0;0.0;;0;0.0
0410002002;Almería;45.4;PP;44.2;148;44.2;52;15.5;79;23.6;1;0.3;0;0.0;IPAL;30;9.0;FE de las JONS;12;3.6;;0;0.0;;0;0.0;;0;0.0
0410003001;Almería;64.0;PP;39.5;329;39.5;122;14.6;181;21.7;13;1.6;0;0.0;MUNDO+JUSTO;69;8.3;PACMA;37;4.4;;0;0.0;;0;0.0;;0;0.0
0410003002;Almería;47.9;PP;36.0;148;36.0;40;9.7;98;23.8;41;10.0;0;0.0;NA;44;10.7;;0;0.0;;0;0.0;;0;0.0;;0;0.0
0410003003;Almería;44.6;PP;42.1;204;42.1;62;12.8;132;27.2;20;4.1;0;0.0;FE de las JONS;22;4.5;MUNDO+JUSTO;21;4.3;;0;0.0;;0;0.0;;0;0.0
0410003004;Almería;42.5;PP;37.2;252;37.2;108;15.9;168;24.8;30;4.4;0;0.0;IPAL;30;4.4;;0;0.0;;0;0.0;;0;0.0;;0;0.0
0410004001;Almería;45.9;PP;32.8;243;32.8;146;19.7;176;23.8;46;6.2;0;0.0;IPAL;39;5.3;;0;0.0;;0;0.0;;0;0.0;;0;0.0
0410004002;Almería;46.8;PP;43.7;180;43.7;69;16.8;72;17.5;7;1.7;0;0.0;FE de las JONS;28;6.8;MUNDO+JUSTO;27;6.6;;0;0.0;;0;0.0;;0;0.0
0410101001;Almería;57.0;PP;34.2;311;34.2;239;26.3;213;23.4;12;1.3;0;0.0;FE de las JONS;33;3.6;MUNDO+JUSTO;26;2.9;;0;0.0;;0;0.0;;0;0.0
0410101002;Almería;48.2;PP;31.9;267;31.9;202;24.1;176;21.0;32;3.8;0;0.0;NA;31;3.7;;0;0.0;;0;0.0;;0;0.0;;0;0.0
0410102001;Almería;51.5;PP;47.3;314;47.3;141;21.2;95;14.3;35;5.3;0;0.0;MUNDO+JUSTO;30;4.5;;0;0.0;;0;0.0;;0;0.0;;0;0.0
0410201001;Almería;52.7;PP;39.9;253;39.9;126;19.9;136;21.4;1;0.2;0;0.0;PACMA;29;4.6;PCPA;28;4.4;;0;0.0;;0;0.0;;0;0.0
0410201002;Almería;59.6;PP;41.3;287;41.3;145;20.9;142;20.4;2;0.3;0;0.0;ESCAÑOS EN BLANCO;42;6.0;MUNDO+JUSTO;27;3.9;;0;0.0;;0;0.0;;0;0.0
0410201003;Almería;60.5;PP;43.6;434;43.6;76;7.6;244;24.5;49;4.9;0;0.0;FE de las JONS;54;5.4;;0;0.0;;0;0.0;;0;0.0;;0;0.0
0410201004;Almería;37.8;PP;40.5;90;40.5;44;19.8;59;26.6;0;0.0;0;0.0;PARTIDO AUTÓNOMOS;13;5.9;FE de las JONS;8;3.6;;0;0.0;;0;0.0;;0;0.0
0410201005;Almería;54.8;VOX;30.8;126;29.2;109;25.2;133;30.8;3;0.7;0;0.0;IPAL;45;10.4;NA;15;3.5;;0;0.0;;0;0.0;;0;0.0
0410201006;Almería;48.0;PP;36.3;226;36.3;152;24.4;139;22.3;0;0.0;0;0.0;PCPA;25;4.0;PARTIDO AUTÓNOMOS;21;3.4;;0;0.0;;0;0.0;;0;0.0
0410201007;Almería;52.3;PP;34.8;317;34.8;176;19.3;240;26.3;34;3.7;0;0.0;ESCAÑOS EN BLANCO;29;3.2;;0;0.0;;0;0.0;;0;0.0;;0;0.0
0410201008;Almería;66.2;PP;52.0;448;52.0;89;10.3;159;18.5;34;4.0;0;0.0;IPAL;44;5.1;;0;0.0;;0;0.0;;0;0.0;;0;0.0
0410201009;Almería;42.4;PP;30.9;155;30.9;152;30.3;102;20.4;2;0.4;24;4.8;PCPA;30;6.0;;0;0.0;;0;0.0;;0;0.0;;0;0.0
0410201010;Almería;43.6;VOX;35.0;102;23.9;87;20.4;149;35.0;18;4.2;0;0.0;MUNDO+JUSTO;13;3.0;;0;0.0;;0;0.0;;0;0.0;;0;0.0
0410201011;Almería;52.3;VOX;33.5;229;32.2;124;17.4;238;33.5;29;4.1;0;0.0;NA;34;4.8;;0;0.0;;0;0.0;;0;0.0;;0;0.0
0410201012;Almería;53.8;PP;33.8;217;33.8;115;17.9;172;26.8;33;5.1;0;0.0;FE de las JONS;29;4.5;;0;0.0;;0;0.0;;0;0.0;;0;0.0
0410201013;Almería;43.7;PSOE-A;27.2;91;25.8;96;27.2;74;21.0;21;6.0;0;0.0;PARTIDO AUTÓNOMOS;23;6.5;;0;0.0;;0;0.0;;0;0.0;;0;0.0
0410301001;Almería;59.8;PP;52.8;454;52.8;114;13.3;157;18.3;9;1.0;0;0.0;FE de las JONS;39;4.5;ESCAÑOS EN BLANCO;26;3.0;;0;0.0;;0;0.0;;0;0.0
0490101001;Almería;62.6;PSOE-A;37.3;78;28.3;103;37.3;28;10.1;21;7.6;0;0.0;MUNDO+JUSTO;35;12.7;;0;0.0;;0;0.0;;0;0.0;;0;0.0
0490201001;Almería;38.9;PP;46.6;182;46.6;59;15.1;67;17.1;18;4.6;0;0.0;NA;19;4.9;;0;0.0;;0;0.0;;0;0.0;;0;0.0
0490201002;Almería;55.9;PP;44.5;269;44.5;48;8.0;161;26.7;29;4.8;15;2.5;PACMA;25;4.1;;0;0.0;;0;0.0;;0;0.0;;0;0.0
0490201003;Almería;57.5;PP;33.3;168;33.3;62;12.3;139;27.5;38;7.5;0;0.0;IPAL;35;6.9;;0;0.0;;0;0.0;;0;0.0;;0;0.0
0490201004;Almería;56.9;VOX;28.7;137;28.5;96;20.0;138;28.7;0;0.0;0;0.0;NA;67;13.9;IPAL;27;5.6;;0;0.0;;0;0.0;;0;0.0
0490201005;Almería;63.7;PP;45.6;253;45.6;58;10.4;130;23.4;40;7.2;0;0.0;FE de las JONS;29;5.2;;0;0.0;;0;0.0;;0;0.0;;0;0.0
0490201006;Almería;48.3;PP;44.9;241;44.9;85;15.8;138;25.7;0;0.0;0;0.0;IPAL;32;6.0;PACMA;15;2.8;;0;0.0;;0;0.0;;0;0.0
0490201007;Almería;50.6;PP;48.2;275;48.2;64;11.2;118;20.7;30;5.2;0;0.0;IPAL;35;6.1;;0;0.0;;0;0.0;;0;0.0;;0;0.0
0490201008;Almería;46.1;PP;48.3;166;48.3;7;2.0;86;25.0;24;7.0;31;9.0;FE de las JONS;19;5.5;;0;0.0;;0;0.0;;0;0.0;;0;0.0
0490201009;Almería;54.1;PP;43.9;134;43.9;45;14.8;99;32.5;17;5.6;0;0.0;MUNDO+JUSTO;8;2.6;;0;0.0;;0;0.0;;0;0.0;;0;0.0
0490201010;Almería;54.1;PP;31.4;154;31.4;140;28.6;109;22.2;1;0.2;0;0.0;FE de las JONS;28;5.7;MUNDO+JUSTO;20;4.1;;0;0.0;;0;0.0;;0;0.0
0490201011;Almería;35.9;PP;37.8;93;37.8;45;18.3;66;26.8;0;0.0;0;0.0;MUNDO+JUSTO;14;5.7;NA;11;4.5;;0;0.0;;0;0.0;;0;0.0
0490201012;Almería;48.2;PP;40.5;213;40.5;110;20.9;151;28.7;0;0.0;0;0.0;PACMA;29;5.5;PCPA;10;1.9;;0;0.0;;0;0.0;;0;0.0
0490201013;Almería;50.4;PP;41.3;203;41.3;31;6.3;155;31.6;3;0.6;8;1.6;ESCAÑOS EN BLANCO;25;5.1;IPAL;21;4.3;;0;0.0;;0;0.0;;0;0.0
0490201014;Almería;54.7;PP;44.9;280;44.9;21;3.4;199;31.9;37;5.9;0;0.0;ESCAÑOS EN BLANCO;32;5.1;;0;0.0;;0;0.0;;0;0.0;;0;0.0
0490201015;Almería;56.1;PP;45.6;241;45.6;71;13.4;102;19.3;23;4.4;0;0.0;MUNDO+JUSTO;28;5.3;FE de las JONS;26;4.9;;0;0.0;;0;0.0;;0;0.0
0490201016;Almería;51.5;PP;59.4;215;59.4;43;11.9;50;13.8;7;1.9;0;0.0;IPAL;23;6.4;PCPA;19;5.2;;0;0.0;;0;0.0;;0;0.0
0490201017;Almería;54.1;PP;49.8;148;49.8;50;16.8;66;22.2;0;0.0;0;0.0;PACMA;19;6.4;MUNDO+JUSTO;12;4.0;;0;0.0;;0;0.0;;0;0.0
0490201018;Almería;38.6;PP;43.4;233;43.4;36;6.7;148;27.6;34;6.3;0;0.0;ESCAÑOS EN BLANCO;22;4.1;;0;0.0;;0;0.0;;0;0.0;;0;0.0
0490201019;Almería;54.4;PP;39.4;181;39.4;60;13.1;121;26.4;14;3.0;0;0.0;PACMA;35;7.6;FE de las JONS;27;5.9;;0;0.0;;0;0.0;;0;0.0
0490201020;Almería;60.3;PP;39.5;312;39.5;95;12.0;171;21.7;79;10.0;0;0.0;PCPA;68;8.6;;0;0.0;;0;0.0;;0;0.0;;0;0.0
0490201021;Almería;56.3;PP;48.2;369;48.2;61;8.0;151;19.7;33;4.3;36;4.7;IPAL;39;5.1;;0;0.0;;0;0.0;;0;0.0;;0;0.0
0490201022;Almería;55.5;PP;40.1;264;40.1;86;13.1;98;14.9;57;8.7;0;0.0;ESCAÑOS EN BLANCO;49;7.4;;0;0.0;;0;0.0;;0;0.0;;0;0.0
0490201023;Almería;54.6;PP;35.1;140;35.1;88;22.1;99;24.8;0;0.0;15;3.8;PACMA;28;7.0;IPAL;18;4.5;;0;0.0;;0;0.0;;0;0.0
0490201024;Almería;55.4;PP;35.3;185;35.3;43;8.2;141;26.9;28;5.3;0;0.0;FE de las JONS;25;4.8;;0;0.0;;0;0.0;;0;0.0;;0;0.0
0490201025;Almería;60.7;VOX;40.4;206;31.3;41;6.2;266;40.4;48;7.3;0;0.0;ALM;27;4.1;;0;0.0;;0;0.0;;0;0.0;;0;0.0
0490201026;Almería;54.5;PP;55.9;194;55.9;49;14.1;31;8.9;11;3.2;0;0.0;PACMA;31;8.9;IPAL;22;6.3;;0;0.0;;0;0.0;;0;0.0
0490201027;Almería;45.4;PP;39.9;121;39.9;52;17.2;64;21.1;0;0.0;0;0.0;FE de las JONS;32;10.6;IPAL;17;5.6;;0;0.0;;0;0.0;;0;0.0
0490201028;Almería;48.7;PP;31.7;152;31.7;127;26.5;95;19.8;9;1.9;0;0.0;MUNDO+JUSTO;31;6.5;IPAL;24;5.0;;0;0.0;;0;0.0;;0;0.0
0490201029;Almería;57.8;PP;41.5;182;41.5;68;15.5;115;26.2;10;2.3;9;2.0;ESCAÑOS EN BLANCO;23;5.2;PCPA;19;4.3;;0;0.0;;0;0.0;;0;0.0
0490201030;Almería;46.3;PP;40.8;108;40.8;31;11.7;60;22.6;11;4.2;0;0.0;IPAL;25;9.4;NA;16;6.0;;0;0.0;;0;0.0;;0;0.0
0490201032;Almería;60.3;PP;48.9;594;48.9;46;3.8;254;20.9;28;2.3;0;0.0;MUNDO+JUSTO;161;13.2;IPAL;49;4.0;;0;0.0;;0;0.0;;0;0.0
0490201033;Almería;57.7;PP;38.0;178;38.0;64;13.7;146;31.2;8;1.7;0;0.0;NA;38;8.1;MUNDO+JUSTO;25;5.3;;0;0.0;;0;0.0;;0;0.0
0490201034;Almería;60.4;PP;42.9;207;42.9;110;22.8;90;18.6;1;0.2;3;0.6;ESCAÑOS EN BLANCO;25;5.2;ANDALUCISTAS - PA;21;4.4;;0;0.0;;0;0.0;;0;0.0
0490201035;Almería;62.8;PP;44.4;353;44.4;122;15.4;207;26.0;25;3.1;0;0.0;PACMA;36;4.5;;0;0.0;;0;0.0;;0;0.0;;0;0.0
0490201036;Almería;57.1;PP;41.4;247;41.4;87;14.6;98;16.4;17;2.8;0;0.0;MUNDO+JUSTO;76;12.7;NA;22;3.7;;0;0.0;;0;0.0;;0;0.0
0490201037;Almería;57.6;PP;41.9;239;41.9;0;0.0;170;29.8;55;9.6;15;2.6;IPAL;45;7.9;PCPA;15;2.6;;0;0.0;;0;0.0;;0;0.0
0490201038;Almería;55.4;PP;42.6;253;42.6;101;17.0;147;24.8;21;3.5;0;0.0;IPAL;31;5.2;;0;0.0;;0;0.0;;0;0.0;;0;0.0
0490201039;Almería;62.2;PP;52.4;456;52.4;96;11.0;155;17.8;32;3.7;0;0.0;IPAL;38;4.4;MUNDO+JUSTO;33;3.8;;0;0.0;;0;0.0;;0;0.0
0490201040;Almería;56.1;PP;43.2;347;43.2;146;18.2;166;20.7;39;4.9;0;0.0;NA;33;4.1;;0;0.0;;0;0.0;;0;0.0;;0;0.0
0490201041;Almería;61.3;PP;48.5;179;48.5;44;11.9;103;27.9;0;0.0;0;0.0;ESCAÑOS EN BLANCO;19;5.2;IPAL;17;4.6;;0;0.0;;0;0.0;;0;0.0
0490201042;Almería;58.4;PP;47.2;149;47.2;43;13.6;95;30.1;0;0.0;0;0.0;MUNDO+JUSTO;18;5.7;PCPA;4;1.3;;0;0.0;;0;0.0;;0;0.0
0490201043;Almería;49.8;PP;39.1;127;39.1;47;14.5;103;31.7;9;2.8;0;0.0;MUNDO+JUSTO;12;3.7;FE de las JONS;11;3.4;;0;0.0;;0;0.0;;0;0.0
0490201044;Almería;60.7;PP;52.3;201;52.3;63;16.4;75;19.5;0;0.0;0;0.0;ESCAÑOS EN BLANCO;23;6.0;NA;9;2.3;;0;0.0;;0;0.0;;0;0.0
0490201045;Almería;55.3;PP;40.3;198;40.3;28;5.7;166;33.8;40;8.2;0;0.0;ESCAÑOS EN BLANCO;14;2.8;;0;0.0;;0;0.0;;0;0.0;;0;0.0
0490201046;Almería;65.3;PP;45.7;479;45.7;106;10.1;280;26.7;46;4.4;0;0.0;ESCAÑOS EN BLANCO;47;4.5;;0;0.0;;0;0.0;;0;0.0;;0;0.0
0490201047;Almería;54.1;PP;39.7;273;39.7;71;10.3;213;31.0;40;5.8;0;0.0;ESCAÑOS EN BLANCO;38;5.5;;0;0.0;;0;0.0;;0;0.0;;0;0.0
0490201048;Almería;60.8;PP;54.5;244;54.5;25;5.6;67;15.0;0;0.0;0;0.0;IPAL;27;6.0;ESCAÑOS EN BLANCO;23;5.1;;0;0.0;;0;0.0;;0;0.0
0490201049;Almería;57.5;VOX;37.1;126;32.2;53;13.6;145;37.1;10;2.6;0;0.0;NA;21;5.4;ESCAÑOS EN BLANCO;20;5.1;;0;0.0;;0;0.0;;0;0.0
0490201050;Almería;53.1;PP;45.4;196;45.4;46;10.6;93;21.5;22;5.1;0;0.0;MUNDO+JUSTO;36;8.3;;0;0.0;;0;0.0;;0;0.0;;0;0.0
0490201051;Almería;54.8;PP;41.5;264;41.5;120;18.9;147;23.1;0;0.0;0;0.0;ALM;32;5.0;PACMA;21;3.3;;0;0.0;;0;0.0;;0;0.0
0490301001;Almería;56.1;PP;54.3;253;54.3;52;11.2;98;21.0;2;0.4;0;0.0;IPAL;29;6.2;PCPA;15;3.2;;0;0.0;;0;0.0;;0;0.0
0490301002;Almería;57.5;PP;53.2;439;53.2;24;2.9;199;24.1;81;9.8;0;0.0;PCPA;38;4.6;MUNDO+JUSTO;34;4.1;;0;0.0;;0;0.0;;0;0.0
0490301003;Almería;47.1;PP;34.2;103;34.2;73;24.2;93;30.9;0;0.0;0;0.0;MUNDO+JUSTO;24;8.0;PACMA;4;1.3;;0;0.0;;0;0.0;;0;0.0
0490301004;Almería;56.6;PP;35.2;143;35.2;68;16.8;115;28.3;0;0.0;0;0.0;FE de las JONS;33;8.1;PCPA;19;4.7;;0;0.0;;0;0.0;;0;0.0
0490301005;Almería;45.8;VOX;34.2;72;30.4;54;22.8;81;34.2;12;5.1;0;0.0;ESCAÑOS EN BLANCO;7;3.0;;0;0.0;;0;0.0;;0;0.0;;0;0.0
0490401001;Almería;57.1;PP;45.0;298;45.0;81;12.2;160;24.1;0;0.0;10;1.5;MUNDO+JUSTO;42;6.3;ANDALUCISTAS - PA;24;3.6;;0;0.0;;0;0.0;;0;0.0
0490401002;Almería;62.5;PP;53.9;279;53.9;88;17.0;75;14.5;17;3.3;0;0.0;PACMA;23;4.4;;0;0.0;;0;0.0;;0;0.0;;0;0.0
1100101001;Cádiz;47.7;PSOE-A;41.3;86;23.8;149;41.3;27;7.5;39;10.8;0;0.0;PARTIDO AUTÓNOMOS;39;10.8;;0;0.0;;0;0.0;;0;0.0;;0;0.0
1100101002;Cádiz;51.6;PSOE-A;35.7;195;30.1;231;35.7;141;21.8;3;0.5;0;0.0;PARTIDO AUTÓNOMOS;21;3.2;PACMA;19;2.9;;0;0.0;;0;0.0;;0;0.0
1100102001;Cádiz;55.0;PP;34.1;323;34.1;283;29.9;48;5.1;3;0.3;0;0.0;ESCAÑOS EN BLANCO;211;22.3;MUNDO+JUSTO;60;6.3;;0;0.0;;0;0.0;;0;0.0
1100102002;Cádiz;59.1;PP;47.4;166;47.4;105;30.0;11;3.1;33;9.4;0;0.0;NA;15;4.3;;0;0.0;;0;0.0;;0;0.0;;0;0.0
1100201001;Cádiz;66.0;PSOE-A;34.4;175;23.5;256;34.4;3;0.4;212;28.5;0;0.0;PCPA;31;4.2;PACMA;26;3.5;;0;0.0;;0;0.0;;0;0.0
1100201002;Cádiz;54.9;PSOE-A;40.9;50;6.7;304;40.9;24;3.2;222;29.8;0;0.0;PCPA;51;6.8;100x100;39;5.2;;0;0.0;;0;0.0;;0;0.0
1100201003;Cádiz;62.5;PSOE-A;37.2;34;5.5;230;37.2;53;8.6;205;33.2;0;0.0;SALF;37;6.0;;0;0.0;;0;0.0;;0;0.0;;0;0.0
1100201004;Cádiz;64.2;PSOE-A;47.0;6;1.7;167;47.0;0;0.0;81;22.8;0;0.0;PARTIDO AUTÓNOMOS;72;20.3;MUNDO+JUSTO;14;3.9;NA;7;2.0;;0;0.0;;0;0.0
1100301001;Cádiz;57.4;PP;47.6;324;47.6;149;21.9;73;10.7;34;5.0;0;0.0;ANDALUSÍ;22;3.2;;0;0.0;;0;0.0;;0;0.0;;0;0.0
1100401001;Cádiz;66.2;PP;52.6;277;52.6;153;29.0;42;8.0;37;7.0;0;0.0;NA;10;1.9;;0;0.0;;0;0.0;;0;0.0;;0;0.0
1100401002;Cádiz;70.2;PP;54.7;433;54.7;63;8.0;83;10.5;37;4.7;0;0.0;FE de las JONS;92;11.6;;0;0.0;;0;0.0;;0;0.0;;0;0.0
1100401003;Cádiz;55.3;PP;42.1;267;42.1;53;8.4;108;17.0;56;8.8;0;0.0;FE de las JONS;45;7.1;;0;0.0;;0;0.0;;0;0.0;;0;0.0
1100401004;Cádiz;62.3;PP;47.3;302;47.3;39;6.1;133;20.8;17;2.7;41;6.4;PCPA;27;4.2;;0;0.0;;0;0.0;;0;0.0;;0;0.0
1100401005;Cádiz;47.0;PP;37.2;108;37.2;42;14.5;56;19.3;0;0.0;0;0.0;SALF;32;11.0;NA;14;4.8;;0;0.0;;0;0.0;;0;0.0
1100401006;Cádiz;50.3;PP;42.2;249;42.2;53;9.0;79;13.4;39;6.6;0;0.0;PACMA;69;11.7;ANDALUCISTAS-PA;51;8.6;;0;0.0;;0;0.0;;0;0.0
1100401007;Cádiz;43.7;PP;33.4;167;33.4;27;5.4;98;19.6;62;12.4;32;6.4;PCPA;63;12.6;;0;0.0;;0;0.0;;0;0.0;;0;0.0
1100401008;Cádiz;48.3;VOX;29.0;96;28.7;72;21.6;97;29.0;0;0.0;0;0.0;PARTIDO AUTÓNOMOS;24;7.2;MUNDO+JUSTO;22;6.6;;0;0.0;;0;0.0;;0;0.0
1100401009;Cádiz;47.8;VOX;57.6;87;24.4;42;11.8;205;57.6;7;2.0;0;0.0;PACMA;7;2.0;;0;0.0;;0;0.0;;0;0.0;;0;0.0
1100401011;Cádiz;46.6;PP;38.4;186;38.4;40;8.2;65;13.4;52;10.7;0;0.0;MUNDO+JUSTO;51;10.5;NA;48;9.9;;0;0.0;;0;0.0;;0;0.0
1100401012;Cádiz;52.9;PP;36.6;232;36.6;62;9.8;167;26.4;127;20.1;0;0.0;PCPA;20;3.2;;0;0.0;;0;0.0;;0;0.0;;0;0.0
1100401014;Cádiz;57.4;PP;37.4;200;37.4;83;15.5;121;22.7;4;0.8;0;0.0;ESCAÑOS EN BLANCO;50;9.4;PARTIDO AUTÓNOMOS;29;5.4;;0;0.0;;0;0.0;;0;0.0
1100401015;Cádiz;64.5;PP;45.1;198;45.1;85;19.4;61;13.9;0;0.0;0;0.0;MUNDO+JUSTO;40;9.1;FE de las JONS;31;7.1;;0;0.0;;0;0.0;;0;0.0
1100401016;Cádiz;50.5;PP;37.9;212;37.9;90;16.1;139;24.8;19;3.4;0;0.0;ESCAÑOS EN BLANCO;32;5.7;MUNDO+JUSTO;24;4.3;;0;0.0;;0;0.0;;0;0.0
1100401017;Cádiz;46.1;PP;37.9;197;37.9;99;19.0;111;21.4;5;1.0;0;0.0;SALF;30;5.8;PACMA;26;5.0;;0;0.0;;0;0.0;;0;0.0
1100401018;Cádiz;54.1;PP;34.5;182;34.5;118;22.4;96;18.2;14;2.7;25;4.7;MUNDO+JUSTO;27;5.1;;0;0.0;;0;0.0;;0;0.0;;0;0.0
1100401019;Cádiz;47.0;PP;39.7;263;39.7;148;22.3;56;8.4;75;11.3;0;0.0;MUNDO+JUSTO;44;6.6;;0;0.0;;0;0.0;;0;0.0;;0;0.0
1100401020;Cádiz;61.1;PP;37.8;200;37.8;85;16.1;150;28.4;44;8.3;0;0.0;PCPA;38;7.2;;0;0.0;;0;0.0;;0;0.0;;0;0.0
1100401021;Cádiz;44.2;PP;43.0;277;43.0;75;11.6;44;6.8;43;6.7;0;0.0;FE de las JONS;105;16.3;;0;0.0;;0;0.0;;0;0.0;;0;0.0
1100401022;Cádiz;45.3;PP;30.5;144;30.5;79;16.7;88;18.6;14;3.0;0;0.0;SALF;53;11.2;PACMA;30;6.4;;0;0.0;;0;0.0;;0;0.0
1100401023;Cádiz;36.0;PP;35.9;167;35.9;93;20.0;41;8.8;35;7.5;0;0.0;PARTIDO AUTÓNOMOS;40;8.6;SALF;38;8.2;;0;0.0;;0;0.0;;0;0.0
1100401024;Cádiz;54.1;PP;30.1;150;30.1;93;18.7;112;22.5;11;2.2;40;8.0;PARTIDO AUTÓNOMOS;48;9.6;;0;0.0;;0;0.0;;0;0.0;;0;0.0
1100401025;Cádiz;43.6;PSOE-A;38.5;137;36.2;146;38.5;72;19.0;0;0.0;0;0.0;NA;11;2.9;PACMA;9;2.4;;0;0.0;;0;0.0;;0;0.0
1100401026;Cádiz;48.7;PP;44.4;319;44.4;149;20.7;90;12.5;38;5.3;0;0.0;ANDALUSÍ;46;6.4;;0;0.0;;0;0.0;;0;0.0;;0;0.0
1100401027;Cádiz;44.0;PP;32.6;132;32.6;48;11.8;81;20.0;27;6.7;0;0.0;FE de las JONS;38;9.4;;0;0.0;;0;0.0;;0;0.0;;0;0.0
1100401028;Cádiz;48.5;PP;41.6;230;41.6;60;10.8;90;16.3;3;0.5;0;0.0;MUNDO+JUSTO;74;13.4;FE de las JONS;31;5.6;;0;0.0;;0;0.0;;0;0.0
1100402001;Cádiz;56.0;PP;51.6;406;51.6;77;9.8;126;16.0;5;0.6;76;9.7;NA;44;5.6;;0;0.0;;0;0.0;;0;0.0;;0;0.0
1100402002;Cádiz;48.0;PP;42.4;228;42.4;54;10.0;69;12.8;13;2.4;0;0.0;PCPA;73;13.6;ESCAÑOS EN BLANCO;71;13.2;;0;0.0;;0;0.0;;0;0.0
1100402003;Cádiz;39.2;PP;34.7;127;34.7;82;22.4;51;13.9;3;0.8;0;0.0;FE de las JONS;73;20.0;MUNDO+JUSTO;16;4.4;;0;0.0;;0;0.0;;0;0.0
1100402004;Cádiz;37.4;PP;38.0;260;38.0;125;18.3;103;15.1;35;5.1;0;0.0;PCPA;64;9.4;;0;0.0;;0;0.0;;0;0.0;;0;0.0
1100402005;Cádiz;36.4;PP;33.3;103;33.3;51;16.5;61;19.7;12;3.9;0;0.0;100x100;36;11.6;MUNDO+JUSTO;22;7.1;;0;0.0;;0;0.0;;0;0.0
1100402006;Cádiz;39.0;VOX;28.3;69;22.7;68;22.4;86;28.3;0;0.0;0;0.0;SALF;20;6.6;PACMA;19;6.2;;0;0.0;;0;0.0;;0;0.0
1100402007;Cádiz;30.3;PP;24.5;70;24.5;69;24.1;57;19.9;17;5.9;0;0.0;ESCAÑOS EN BLANCO;38;13.3;;0;0.0;;0;0.0;;0;0.0;;0;0.0
1100402008;Cádiz;37.0;Empate;27.6;123;27.6;123;27.6;110;24.7;19;4.3;0;0.0;MUNDO+JUSTO;23;5.2;;0;0.0;;0;0.0;;0;0.0;;0;0.0
1100402009;Cádiz;29.1;VOX;32.7;36;15.9;30;13.3;74;32.7;14;6.2;49;21.7;PARTIDO AUTÓNOMOS;16;7.1;;0;0.0;;0;0.0;;0;0.0;;0;0.0
1100402010;Cádiz;51.8;PP;23.5;144;23.5;118;19.2;122;19.9;97;15.8;0;0.0;PACMA;56;9.1;;0;0.0;;0;0.0;;0;0.0;;0;0.0
1100402011;Cádiz;72.4;PP;47.5;332;47.5;58;8.3;80;11.4;31;4.4;79;11.3;MUNDO+JUSTO;35;5.0;;0;0.0;;0;0.0;;0;0.0;;0;0.0
1100402012;Cádiz;53.5;PP;35.4;249;35.4;69;9.8;134;19.0;109;15.5;0;0.0;PACMA;92;13.1;;0;0.0;;0;0.0;;0;0.0;;0;0.0
1100402014;Cádiz;55.0;PP;43.5;158;43.5;79;21.8;23;6.3;23;6.3;0;0.0;MUNDO+JUSTO;42;11.6;;0;0.0;;0;0.0;;0;0.0;;0;0.0
1100402015;Cádiz;58.6;VOX;33.4;226;31.4;133;18.5;240;33.4;25;3.5;0;0.0;PCPA;23;3.2;;0;0.0;;0;0.0;;0;0.0;;0;0.0
1100402016;Cádiz;54.4;PP;35.2;327;35.2;15;1.6;179;19.3;154;16.6;0;0.0;NA;86;9.3;SALF;72;7.8;;0;0.0;;0;0.0;;0;0.0
1100402017;Cádiz;45.3;PP;29.7;197;29.7;68;10.2;120;18.1;64;9.6;0;0.0;PCPA;100;15.1;;0;0.0;;0;0.0;;0;0.0;;0;0.0
1100402018;Cádiz;24.8;VOX;44.8;39;20.3;41;21.4;86;44.8;3;1.6;0;0.0;MUNDO+JUSTO;8;4.2;PACMA;5;2.6;;0;0.0;;0;0.0;;0;0.0
1100402019;Cádiz;44.3;PP;39.8;336;39.8;194;23.0;119;14.1;59;7.0;0;0.0;MUNDO+JUSTO;63;7.5;;0;0.0;;0;0.0;;0;0.0;;0;0.0
1100402020;Cádiz;51.8;PP;38.4;306;38.4;91;11.4;153;19.2;41;5.2;0;0.0;FE de las JONS;110;13.8;PARTIDO AUTÓNOMOS;66;8.3;;0;0.0;;0;0.0;;0;0.0
1100403001;Cádiz;57.1;PP;30.8;140;30.8;111;24.4;52;11.4;29;6.4;0;0.0;ESCAÑOS EN BLANCO;75;16.5;;0;0.0;;0;0.0;;0;0.0;;0;0.0
1100403002;Cádiz;47.1;PP;34.0;114;34.0;49;14.6;18;5.4;42;12.5;0;0.0;MUNDO+JUSTO;81;24.2;;0;0.0;;0;0.0;;0;0.0;;0;0.0
1100403003;Cádiz;51.7;PP;40.7;209;40.7;67;13.0;48;9.3;0;0.0;0;0.0;MUNDO+JUSTO;107;20.8;PACMA;37;7.2;;0;0.0;;0;0.0;;0;0.0
1100403004;Cádiz;37.6;PP;24.4;72;24.4;69;23.4;51;17.3;41;13.9;53;18.0;;0;0.0;;0;0.0;;0;0.0;;0;0.0;;0;0.0
1100403006;Cádiz;29.4;PSOE-A;28.4;71;20.8;97;28.4;84;24.6;9;2.6;0;0.0;PCPA;49;14.3;NA;15;4.4;;0;0.0;;0;0.0;;0;0.0
1100403007;Cádiz;26.7;PP;29.3;75;29.3;49;19.1;57;22.3;21;8.2;0;0.0;ANDALUSÍ;29;11.3;;0;0.0;;0;0.0;;0;0.0;;0;0.0
1100403008;Cádiz;26.2;Empate;26.9;40;25.0;43;26.9;43;26.9;4;2.5;0;0.0;ANDALUSÍ;13;8.1;NA;4;2.5;;0;0.0;;0;0.0;;0;0.0
1100403009;Cádiz;36.4;PSOE-A;26.1;38;16.2;61;26.1;35;15.0;29;12.4;0;0.0;FE de las JONS;44;18.8;;0;0.0;;0;0.0;;0;0.0;;0;0.0
1100403010;Cádiz;30.8;PSOE-A;32.8;43;21.1;67;32.8;40;19.6;24;11.8;0;0.0;NA;9;4.4;;0;0.0;;0;0.0;;0;0.0;;0;0.0
1100403011;Cádiz;44.4;PSOE-A;30.0;78;19.0;123;30.0;75;18.3;18;4.4;0;0.0;ANDALUCISTAS-PA;51;12.4;MUNDO+JUSTO;22;5.4;;0;0.0;;0;0.0;;0;0.0
1100403012;Cádiz;41.6;PSOE-A;29.7;87;20.8;124;29.7;88;21.0;23;5.5;0;0.0;PACMA;35;8.4;MUNDO+JUSTO;32;7.7;;0;0.0;;0;0.0;;0;0.0
1100403013;Cádiz;40.5;PP;27.8;172;27.8;108;17.5;133;21.5;27;4.4;0;0.0;SALF;59;9.6;ANDALUSÍ;29;4.7;;0;0.0;;0;0.0;;0;0.0
1100403014;Cádiz;38.9;PP;35.1;241;35.1;88;12.8;162;23.6;3;0.4;0;0.0;ESCAÑOS EN BLANCO;75;10.9;FE de las JONS;65;9.5;;0;0.0;;0;0.0;;0;0.0
1100403015;Cádiz;51.8;PP;51.0;160;51.0;11;3.5;48;15.3;7;2.2;0;0.0;PCPA;40;12.7;MUNDO+JUSTO;22;7.0;ESCAÑOS EN BLANCO;18;5.7;;0;0.0;;0;0.0
1100403016;Cádiz;39.0;PSOE-A;29.3;49;19.9;72;29.3;52;21.1;8;3.2;0;0.0;100x100;60;24.4;;0;0.0;;0;0.0;;0;0.0;;0;0.0
1100403017;Cádiz;50.3;PSOE-A;42.8;166;25.1;283;42.8;81;12.2;18;2.7;0;0.0;MUNDO+JUSTO;32;4.8;ESCAÑOS EN BLANCO;28;4.2;;0;0.0;;0;0.0;;0;0.0
1100403018;Cádiz;36.6;PP;32.2;94;32.2;48;16.4;59;20.2;19;6.5;0;0.0;100x100;45;15.4;;0;0.0;;0;0.0;;0;0.0;;0;0.0
1100404001;Cádiz;50.8;PP;32.2;147;32.2;97;21.2;106;23.2;15;3.3;0;0.0;MUNDO+JUSTO;56;12.2;PACMA;20;4.4;;0;0.0;;0;0.0;;0;0.0
1100404002;Cádiz;52.7;PP;39.2;304;39.2;101;13.0;116;15.0;84;10.8;0;0.0;FE de las JONS;103;13.3;;0;0.0;;0;0.0;;0;0.0;;0;0.0
1100404003;Cádiz;53.5;PP;32.8;133;32.8;69;17.0;19;4.7;61;15.0;0;0.0;NA;89;21.9;PARTIDO AUTÓNOMOS;20;4.9;;0;0.0;;0;0.0;;0;0.0
1100404004;Cádiz;47.5;PP;29.2;138;29.2;118;25.0;62;13.1;46;9.8;0;0.0;SALF;25;5.3;;0;0.0;;0;0.0;;0;0.0;;0;0.0
1100404005;Cádiz;45.5;PP;59.6;204;59.6;17;5.0;72;21.0;0;0.0;0;0.0;FE de las JONS;23;6.7;PACMA;17;5.0;;0;0.0;;0;0.0;;0;0.0
1100404006;Cádiz;30.6;PP;42.2;216;42.2;64;12.5;59;11.5;75;14.6;37;7.2;;0;0.0;;0;0.0;;0;0.0;;0;0.0;;0;0.0
1100404008;Cádiz;49.2;PP;32.2;187;32.2;36;6.2;112;19.3;68;11.7;0;0.0;MUNDO+JUSTO;39;6.7;ANDALUSÍ;38;6.5;;0;0.0;;0;0.0;;0;0.0
1100404009;Cádiz;49.5;PP;32.4;158;32.4;77;15.8;68;14.0;96;19.7;0;0.0;MUNDO+JUSTO;26;5.3;;0;0.0;;0;0.0;;0;0.0;;0;0.0
1100404010;Cádiz;40.5;PP;37.8;231;37.8;88;14.4;89;14.6;1;0.2;0;0.0;SALF;67;11.0;NA;47;7.7;;0;0.0;;0;0.0;;0;0.0
1100404011;Cádiz;42.9;PP;41.1;163;41.1;32;8.1;62;15.6;44;11.1;0;0.0;100x100;45;11.3;;0;0.0;;0;0.0;;0;0.0;;0;0.0
1100404012;Cádiz;39.9;PP;43.2;206;43.2;68;14.3;75;15.7;40;8.4;0;0.0;PACMA;46;9.6;;0;0.0;;0;0.0;;0;0.0;;0;0.0
1100404014;Cádiz;45.4;PP;24.3;157;24.3;94;14.6;137;21.2;44;6.8;0;0.0;FE de las JONS;86;13.3;PCPA;61;9.5;;0;0.0;;0;0.0;;0;0.0
1100404015;Cádiz;25.3;PP;29.4;101;29.4;72;20.9;88;25.6;2;0.6;0;0.0;PARTIDO AUTÓNOMOS;33;9.6;ANDALUCISTAS-PA;23;6.7;;0;0.0;;0;0.0;;0;0.0
1100404016;Cádiz;47.8;PP;32.8;269;32.8;88;10.7;187;22.8;59;7.2;0;0.0;MUNDO+JUSTO;70;8.5;;0;0.0;;0;0.0;;0;0.0;;0;0.0
1100404017;Cádiz;60.5;PP;42.2;341;42.2;101;12.5;141;17.4;0;0.0;0;0.0;ESCAÑOS EN BLANCO;83;10.3;PARTIDO AUTÓNOMOS;73;9.0;;0;0.0;;0;0.0;;0;0.0
1100404018;Cádiz;35.7;PP;32.5;162;32.5;99;19.8;52;10.4;51;10.2;0;0.0;PCPA;57;11.4;;0;0.0;;0;0.0;;0;0.0;;0;0.0
1100404019;Cádiz;45.7;PP;53.4;259;53.4;87;17.9;63;13.0;44;9.1;0;0.0;PCPA;15;3.1;;0;0.0;;0;0.0;;0;0.0;;0;0.0
1100404020;Cádiz;46.0;PP;39.0;258;39.0;126;19.0;155;23.4;23;3.5;0;0.0;PACMA;24;3.6;;0;0.0;;0;0.0;;0;0.0;;0;0.0
1100404021;Cádiz;46.9;VOX;30.8;108;27.7;34;8.7;120;30.8;45;11.5;0;0.0;100x100;34;8.7;;0;0.0;;0;0.0;;0;0.0;;0;0.0
1100404022;Cádiz;54.9;PP;34.4;216;34.4;103;16.4;123;19.6;22;3.5;0;0.0;MUNDO+JUSTO;76;12.1;;0;0.0;;0;0.0;;0;0.0;;0;0.0
1100404023;Cádiz;56.1;PP;38.0;233;38.0;76;12.4;129;21.0;24;3.9;0;0.0;ANDALUCISTAS-PA;47;7.7;SALF;34;5.6;;0;0.0;;0;0.0;;0;0.0
1100404024;Cádiz;0.0;;0.0;0;0.0;0;0.0;0;0.0;0;0.0;0;0.0;;0;0.0;;0;0.0;;0;0.0;;0;0.0;;0;0.0
1100404025;Cádiz;0.0;;0.0;0;0.0;0;0.0;0;0.0;0;0.0;0;0.0;;0;0.0;;0;0.0;;0;0.0;;0;0.0;;0;0.0
1100501001;Cádiz;0.0;;0.0;0;0.0;0;0.0;0;0.0;0;0.0;0;0.0;;0;0.0;;0;0.0;;0;0.0;;0;0.0;;0;0.0
1100501003;Cádiz;0.0;;0.0;0;0.0;0;0.0;0;0.0;0;0.0;0;0.0;;0;0.0;;0;0.0;;0;0.0;;0;0.0;;0;0.0
1100501004;Cádiz;0.0;;0.0;0;0.0;0;0.0;0;0.0;0;0.0;0;0.0;;0;0.0;;0;0.0;;0;0.0;;0;0.0;;0;0.0
1100502001;Cádiz;0.0;;0.0;0;0.0;0;0.0;0;0.0;0;0.0;0;0.0;;0;0.0;;0;0.0;;0;0.0;;0;0.0;;0;0.0
1100601001;Cádiz;0.0;;0.0;0;0.0;0;0.0;0;0.0;0;0.0;0;0.0;;0;0.0;;0;0.0;;0;0.0;;0;0.0;;0;0.0
1100601003;Cádiz;0.0;;0.0;0;0.0;0;0.0;0;0.0;0;0.0;0;0.0;;0;0.0;;0;0.0;;0;0.0;;0;0.0;;0;0.0
1100601004;Cádiz;44.0;PP;42.1;189;42.1;75;16.7;43;9.6;29;6.5;0;0.0;PARTIDO AUTÓNOMOS;40;8.9;;0;0.0;;0;0.0;;0;0.0;;0;0.0
1100601005;Cádiz;46.0;PSOE-A;45.9;55;19.0;133;45.9;3;1.0;33;11.4;0;0.0;ANDALUSÍ;34;11.7;MUNDO+JUSTO;19;6.6;;0;0.0;;0;0.0;;0;0.0
1100601006;Cádiz;46.7;PP;39.0;284;39.0;178;24.4;64;8.8;0;0.0;0;0.0;ESCAÑOS EN BLANCO;65;8.9;100x100;62;8.5;;0;0.0;;0;0.0;;0;0.0
1100602001;Cádiz;47.0;PP;55.1;253;55.1;50;10.9;19;4.1;27;5.9;0;0.0;ESCAÑOS EN BLANCO;76;16.6;;0;0.0;;0;0.0;;0;0.0;;0;0.0
1100602002;Cádiz;57.1;PP;40.4;347;40.4;146;17.0;14;1.6;45;5.2;0;0.0;PCPA;117;13.6;ANDALUSÍ;76;8.8;;0;0.0;;0;0.0;;0;0.0
1100602003;Cádiz;53.2;PP;39.8;194;39.8;158;32.4;14;2.9;31;6.4;0;0.0;PARTIDO AUTÓNOMOS;44;9.0;FE de las JONS;17;3.5;;0;0.0;;0;0.0;;0;0.0
1100602004;Cádiz;50.3;PP;32.9;112;32.9;92;27.1;11;3.2;3;0.9;0;0.0;ESCAÑOS EN BLANCO;76;22.4;NA;23;6.8;;0;0.0;;0;0.0;;0;0.0
1100602005;Cádiz;53.5;PP;42.2;262;42.2;131;21.1;30;4.8;20;3.2;0;0.0;FE de las JONS;69;11.1;ANDALUCISTAS-PA;51;8.2;;0;0.0;;0;0.0;;0;0.0
1100602006;Cádiz;53.1;PSOE-A;42.9;96;26.7;154;42.9;54;15.0;16;4.5;0;0.0;FE de las JONS;25;7.0;;0;0.0;;0;0.0;;0;0.0;;0;0.0
1100602007;Cádiz;55.4;PP;44.4;263;44.4;153;25.8;77;13.0;9;1.5;0;0.0;PCPA;41;6.9;NA;23;3.9;;0;0.0;;0;0.0;;0;0.0
1100602008;Cádiz;55.2;PP;46.5;234;46.5;101;20.1;23;4.6;36;7.2;0;0.0;MUNDO+JUSTO;41;8.2;PARTIDO AUTÓNOMOS;34;6.8;;0;0.0;;0;0.0;;0;0.0
1100602009;Cádiz;55.7;PP;45.6;302;45.6;79;11.9;116;17.5;49;7.4;0;0.0;MUNDO+JUSTO;39;5.9;;0;0.0;;0;0.0;;0;0.0;;0;0.0
1100602010;Cádiz;61.6;PP;53.9;357;53.9;56;8.5;55;8.3;0;0.0;0;0.0;SALF;56;8.5;PARTIDO AUTÓNOMOS;43;6.5;;0;0.0;;0;0.0;;0;0.0
1100602011;Cádiz;53.0;PP;38.6;201;38.6;137;26.3;51;9.8;31;6.0;0;0.0;FE de las JONS;59;11.3;;0;0.0;;0;0.0;;0;0.0;;0;0.0
1100603001;Cádiz;48.4;PP;30.6;239;30.6;197;25.2;154;19.7;49;6.3;0;0.0;SALF;49;6.3;;0;0.0;;0;0.0;;0;0.0;;0;0.0
1100603002;Cádiz;51.2;PSOE-A;37.5;147;27.6;200;37.5;26;4.9;3;0.6;0;0.0;PARTIDO AUTÓNOMOS;49;9.2;FE de las JONS;33;6.2;;0;0.0;;0;0.0;;0;0.0
1100603003;Cádiz;45.4;PP;42.2;136;42.2;71;22.0;29;9.0;9;2.8;0;0.0;MUNDO+JUSTO;30;9.3;PACMA;19;5.9;;0;0.0;;0;0.0;;0;0.0
1100603004;Cádiz;54.4;PP;31.2;166;31.2;161;30.3;50;9.4;10;1.9;0;0.0;FE de las JONS;56;10.5;MUNDO+JUSTO;47;8.8;;0;0.0;;0;0.0;;0;0.0
1100604001;Cádiz;57.3;PP;55.3;433;55.3;103;13.2;82;10.5;13;1.7;0;0.0;PARTIDO AUTÓNOMOS;41;5.2;ANDALUSÍ;38;4.8;;0;0.0;;0;0.0;;0;0.0
1100604002;Cádiz;52.0;PP;39.8;221;39.8;125;22.5;103;18.6;0;0.0;0;0.0;MUNDO+JUSTO;38;6.8;FE de las JONS;30;5.4;;0;0.0;;0;0.0;;0;0.0
1100604003;Cádiz;48.4;PP;36.9;206;36.9;53;9.5;123;22.0;22;3.9;0;0.0;ANDALUCISTAS-PA;42;7.5;ESCAÑOS EN BLANCO;32;5.7;;0;0.0;;0;0.0;;0;0.0
1100604004;Cádiz;56.4;PP;35.9;265;35.9;110;14.9;47;6.4;40;5.4;0;0.0;ANDALUSÍ;113;15.3;;0;0.0;;0;0.0;;0;0.0;;0;0.0
1100701001;Cádiz;49.2;PP;59.8;455;59.8;109;14.3;34;4.5;100;13.1;0;0.0;MUNDO+JUSTO;28;3.7;;0;0.0;;0;0.0;;0;0.0;;0;0.0
1100701003;Cádiz;52.1;PP;44.5;211;44.5;54;11.4;82;17.3;19;4.0;0;0.0;ANDALUSÍ;51;10.8;FE de las JONS;33;7.0;;0;0.0;;0;0.0;;0;0.0
1100701004;Cádiz;43.0;PP;54.2;269;54.2;31;6.2;67;13.5;40;8.1;0;0.0;MUNDO+JUSTO;29;5.8;;0;0.0;;0;0.0;;0;0.0;;0;0.0
1100701005;Cádiz;37.6;PP;36.6;215;36.6;80;13.6;60;10.2;34;5.8;0;0.0;FE de las JONS;81;13.8;;0;0.0;;0;0.0;;0;0.0;;0;0.0
1100702001;Cádiz;36.9;PSOE-A;33.3;73;30.8;79;33.3;36;15.2;12;5.1;0;0.0;FE de las JONS;16;6.8;;0;0.0;;0;0.0;;0;0.0;;0;0.0
1100702002;Cádiz;37.3;PP;36.7;91;36.7;54;21.8;30;12.1;0;0.0;0;0.0;PACMA;19;7.7;MUNDO+JUSTO;17;6.8;;0;0.0;;0;0.0;;0;0.0
1100702003;Cádiz;50.4;PP;36.4;204;36.4;98;17.5;14;2.5;75;13.4;0;0.0;ESCAÑOS EN BLANCO;72;12.8;NA;43;7.7;;0;0.0;;0;0.0;;0;0.0
1100702004;Cádiz;49.3;PP;46.3;289;46.3;88;14.1;50;8.0;107;17.2;0;0.0;MUNDO+JUSTO;37;5.9;;0;0.0;;0;0.0;;0;0.0;;0;0.0
1100702005;Cádiz;23.9;PP;46.1;137;46.1;62;20.9;30;10.1;33;11.1;0;0.0;PACMA;18;6.1;;0;0.0;;0;0.0;;0;0.0;;0;0.0
1100702006;Cádiz;39.4;PP;33.0;138;33.0;108;25.8;16;3.8;31;7.4;0;0.0;PACMA;65;15.6;ESCAÑOS EN BLANCO;39;9.3;;0;0.0;;0;0.0;;0;0.0
1100702007;Cádiz;32.6;PP;39.9;133;39.9;96;28.8;38;11.4;14;4.2;0;0.0;FE de las JONS;29;8.7;;0;0.0;;0;0.0;;0;0.0;;0;0.0
1100702009;Cádiz;43.7;PP;31.4;79;31.4;55;21.8;21;8.3;19;7.5;0;0.0;100x100;55;21.8;;0;0.0;;0;0.0;;0;0.0;;0;0.0
1100703001;Cádiz;42.0;PP;34.8;160;34.8;110;23.9;38;8.3;3;0.6;0;0.0;NA;52;11.3;SALF;26;5.6;;0;0.0;;0;0.0;;0;0.0
1100703002;Cádiz;49.7;PP;46.1;357;46.1;104;13.4;69;8.9;60;7.7;0;0.0;PCPA;50;6.4;;0;0.0;;0;0.0;;0;0.0;;0;0.0
1100704001;Cádiz;46.8;PP;29.8;168;29.8;150;26.6;39;6.9;61;10.8;56;10.0;;0;0.0;;0;0.0;;0;0.0;;0;0.0;;0;0.0
1100704002;Cádiz;33.9;PorA;28.5;154;27.3;95;16.8;68;12.0;161;28.5;0;0.0;ANDALUSÍ;25;4.4;;0;0.0;;0;0.0;;0;0.0;;0;0.0
1100801001;Cádiz;54.6;PP;36.2;364;36.2;132;13.2;59;5.9;155;15.4;0;0.0;PCPA;116;11.6;ANDALUSÍ;70;7.0;;0;0.0;;0;0.0;;0;0.0
1100801002;Cádiz;50.2;PP;43.7;153;43.7;80;22.9;72;20.6;14;4.0;0;0.0;NA;16;4.6;;0;0.0;;0;0.0;;0;0.0;;0;0.0
1100801003;Cádiz;53.5;PP;36.1;331;36.1;168;18.3;73;8.0;52;5.7;0;0.0;MUNDO+JUSTO;140;15.3;;0;0.0;;0;0.0;;0;0.0;;0;0.0
1100801004;Cádiz;54.3;PP;40.4;335;40.4;96;11.6;99;11.9;96;11.6;0;0.0;100x100;75;9.0;;0;0.0;;0;0.0;;0;0.0;;0;0.0
1100801005;Cádiz;53.4;PP;28.5;174;28.5;123;20.2;130;21.3;40;6.6;0;0.0;PACMA;50;8.2;PARTIDO AUTÓNOMOS;46;7.5;;0;0.0;;0;0.0;;0;0.0
1100801006;Cádiz;54.9;PP;31.7;240;31.7;172;22.7;162;21.4;19;2.5;0;0.0;MUNDO+JUSTO;66;8.7;ESCAÑOS EN BLANCO;44;5.8;;0;0.0;;0;0.0;;0;0.0
1100801007;Cádiz;46.1;PP;32.7;180;32.7;94;17.1;89;16.2;47;8.5;0;0.0;PACMA;63;11.4;;0;0.0;;0;0.0;;0;0.0;;0;0.0
1100801008;Cádiz;54.5;PP;40.6;294;40.6;116;16.0;103;14.2;6;0.8;0;0.0;PARTIDO AUTÓNOMOS;56;7.7;ANDALUCISTAS-PA;45;6.2;;0;0.0;;0;0.0;;0;0.0
1100801009;Cádiz;53.3;PP;29.6;270;29.6;156;17.1;159;17.4;162;17.8;0;0.0;NA;49;5.4;;0;0.0;;0;0.0;;0;0.0;;0;0.0
1100801010;Cádiz;61.0;PP;35.8;268;35.8;162;21.7;102;13.6;52;7.0;0;0.0;PCPA;74;9.9;;0;0.0;;0;0.0;;0;0.0;;0;0.0
1100802001;Cádiz;45.9;PP;32.8;234;32.8;178;24.9;87;12.2;41;5.7;0;0.0;MUNDO+JUSTO;50;7.0;;0;0.0;;0;0.0;;0;0.0;;0;0.0
1100803001;Cádiz;41.6;PP;38.0;277;38.0;120;16.5;123;16.9;29;4.0;0;0.0;PCPA;83;11.4;FE de las JONS;49;6.7;;0;0.0;;0;0.0;;0;0.0
1100803002;Cádiz;49.3;PP;36.3;175;36.3;63;13.1;113;23.4;12;2.5;0;0.0;PCPA;68;14.1;PARTIDO AUTÓNOMOS;41;8.5;;0;0.0;;0;0.0;;0;0.0
1100803003;Cádiz;51.3;PP;30.4;154;30.4;87;17.2;53;10.4;43;8.5;30;5.9;PCPA;30;5.9;;0;0.0;;0;0.0;;0;0.0;;0;0.0
1100901001;Cádiz;61.8;PP;36.9;149;36.9;98;24.3;6;1.5;0;0.0;0;0.0;MUNDO+JUSTO;110;27.2;PACMA;24;5.9;FE de las JONS;8;2.0;;0;0.0;;0;0.0
1101001001;Cádiz;52.7;PP;41.0;120;41.0;42;14.3;46;15.7;61;20.8;0;0.0;FE de las JONS;12;4.1;;0;0.0;;0;0.0;;0;0.0;;0;0.0
1101001002;Cádiz;44.3;PP;31.5;128;31.5;86;21.2;3;0.7;78;19.2;0;0.0;PACMA;29;7.1;FE de las JONS;26;6.4;;0;0.0;;0;0.0;;0;0.0
1101001003;Cádiz;52.8;PP;35.6;159;35.6;146;32.7;44;9.9;37;8.3;0;0.0;MUNDO+JUSTO;49;11.0;;0;0.0;;0;0.0;;0;0.0;;0;0.0
1101002001;Cádiz;41.4;PSOE-A;32.4;86;21.9;127;32.4;23;5.9;47;12.0;0;0.0;ANDALUCISTAS-PA;33;8.4;ANDALUSÍ;28;7.1;;0;0.0;;0;0.0;;0;0.0
1101002002;Cádiz;54.3;PP;36.2;213;36.2;114;19.4;88;14.9;46;7.8;0;0.0;ESCAÑOS EN BLANCO;60;10.2;;0;0.0;;0;0.0;;0;0.0;;0;0.0
1101002003;Cádiz;51.6;PP;32.0;179;32.0;128;22.9;79;14.1;80;14.3;0;0.0;PCPA;22;3.9;;0;0.0;;0;0.0;;0;0.0;;0;0.0
1101003001;Cádiz;49.7;PSOE-A;25.8;94;24.5;99;25.8;19;5.0;72;18.8;0;0.0;MUNDO+JUSTO;42;11.0;PACMA;39;10.2;;0;0.0;;0;0.0;;0;0.0
1101101001;Cádiz;56.1;PP;39.7;403;39.7;198;19.5;143;14.1;56;5.5;59;5.8;PACMA;64;6.3;;0;0.0;;0;0.0;;0;0.0;;0;0.0
1101201001;Cádiz;54.0;PP;36.1;123;36.1;58;17.0;2;0.6;16;4.7;0;0.0;MUNDO+JUSTO;110;32.3;NA;15;4.4;;0;0.0;;0;0.0;;0;0.0
1101201002;Cádiz;52.5;MUNDO+JUSTO;41.7;81;29.1;36;13.0;30;10.8;0;0.0;0;0.0;MUNDO+JUSTO;116;41.7;PARTIDO AUTÓNOMOS;9;3.2;;0;0.0;;0;0.0;;0;0.0
1101201003;Cádiz;58.7;PP;27.0;185;27.0;118;17.2;81;11.8;3;0.4;119;17.4;ANDALUCISTAS-PA;74;10.8;;0;0.0;;0;0.0;;0;0.0;;0;0.0
1101201004;Cádiz;65.2;PP;37.0;281;37.0;107;14.1;55;7.2;76;10.0;0;0.0;MUNDO+JUSTO;103;13.6;PCPA;72;9.5;;0;0.0;;0;0.0;;0;0.0
1101201005;Cádiz;58.5;PP;32.9;115;32.9;55;15.7;56;16.0;22;6.3;0;0.0;PCPA;68;19.4;;0;0.0;;0;0.0;;0;0.0;;0;0.0
1101201006;Cádiz;70.3;PP;42.8;197;42.8;64;13.9;38;8.3;100;21.7;0;0.0;PACMA;38;8.3;;0;0.0;;0;0.0;;0;0.0;;0;0.0
1101202001;Cádiz;61.0;PP;27.2;178;27.2;118;18.0;93;14.2;17;2.6;0;0.0;PCPA;122;18.6;PARTIDO AUTÓNOMOS;40;6.1;;0;0.0;;0;0.0;;0;0.0
1101202002;Cádiz;62.3;VOX;30.7;126;18.5;147;21.6;209;30.7;81;11.9;0;0.0;FE de las JONS;74;10.9;;0;0.0;;0;0.0;;0;0.0;;0;0.0
1101202003;Cádiz;62.4;NA;39.8;146;30.2;36;7.4;12;2.5;57;11.8;0;0.0;NA;192;39.8;MUNDO+JUSTO;23;4.8;;0;0.0;;0;0.0;;0;0.0
1101202004;Cádiz;64.1;PCPA;35.0;146;32.0;104;22.8;0;0.0;21;4.6;0;0.0;PCPA;160;35.0;ESCAÑOS EN BLANCO;7;1.5;;0;0.0;;0;0.0;;0;0.0
1101202005;Cádiz;56.1;PP;39.5;174;39.5;37;8.4;135;30.6;8;1.8;0;0.0;ESCAÑOS EN BLANCO;35;7.9;PACMA;31;7.0;;0;0.0;;0;0.0;;0;0.0
1101203001;Cádiz;60.1;PP;33.3;179;33.3;100;18.6;26;4.8;51;9.5;0;0.0;PARTIDO AUTÓNOMOS;63;11.7;PACMA;52;9.7;;0;0.0;;0;0.0;;0;0.0
1101203002;Cádiz;56.4;PorA;34.2;127;32.9;38;9.8;57;14.8;132;34.2;0;0.0;ESCAÑOS EN BLANCO;21;5.4;;0;0.0;;0;0.0;;0;0.0;;0;0.0
1101203003;Cádiz;54.6;PARTIDO AUTÓNOMOS;39.5;99;22.4;80;18.1;0;0.0;27;6.1;0;0.0;PARTIDO AUTÓNOMOS;175;39.5;PACMA;46;10.4;;0;0.0;;0;0.0;;0;0.0
1101203004;Cádiz;53.5;PP;49.0;387;49.0;258;32.7;49;6.2;9;1.1;0;0.0;ESCAÑOS EN BLANCO;31;3.9;PACMA;21;2.7;;0;0.0;;0;0.0;;0;0.0
1101203006;Cádiz;58.4;PP;31.6;241;31.6;112;14.7;57;7.5;15;2.0;0;0.0;PACMA;144;18.9;FE de las JONS;119;15.6;;0;0.0;;0;0.0;;0;0.0
1101204001;Cádiz;47.1;PP;46.3;266;46.3;104;18.1;124;21.6;30;5.2;0;0.0;FE de las JONS;23;4.0;;0;0.0;;0;0.0;;0;0.0;;0;0.0
1101204004;Cádiz;60.8;PP;35.6;310;35.6;148;17.0;61;7.0;21;2.4;53;6.1;ANDALUSÍ;165;18.9;;0;0.0;;0;0.0;;0;0.0;;0;0.0
1101204006;Cádiz;57.0;VOX;45.5;95;26.8;57;16.1;161;45.5;5;1.4;0;0.0;PCPA;24;6.8;;0;0.0;;0;0.0;;0;0.0;;0;0.0
1101205001;Cádiz;55.7;PP;36.8;179;36.8;44;9.0;5;1.0;153;31.4;0;0.0;MUNDO+JUSTO;37;7.6;PCPA;32;6.6;;0;0.0;;0;0.0;;0;0.0
1101205002;Cádiz;46.2;NA;30.3;78;25.2;58;18.7;40;12.9;7;2.3;0;0.0;NA;94;30.3;PCPA;17;5.5;;0;0.0;;0;0.0;;0;0.0
1101205004;Cádiz;58.4;ESCAÑOS EN BLANCO;38.2;73;23.6;75;24.3;6;1.9;18;5.8;0;0.0;ESCAÑOS EN BLANCO;118;38.2;;0;0.0;;0;0.0;;0;0.0;;0;0.0
1101205005;Cádiz;52.8;PP;26.4;142;26.4;135;25.1;42;7.8;62;11.6;0;0.0;NA;70;13.0;ANDALUCISTAS-PA;67;12.5;;0;0.0;;0;0.0;;0;0.0
1101205006;Cádiz;50.5;PP;28.0;77;28.0;43;15.6;0;0.0;22;8.0;0;0.0;ANDALUSÍ;69;25.1;MUNDO+JUSTO;32;11.6;;0;0.0;;0;0.0;;0;0.0
1101206001;Cádiz;59.5;PP;33.9;142;33.9;55;13.1;33;7.9;61;14.6;0;0.0;NA;78;18.6;ESCAÑOS EN BLANCO;34;8.1;;0;0.0;;0;0.0;;0;0.0
1101206002;Cádiz;54.2;SALF;44.4;93;25.3;52;14.2;0;0.0;10;2.7;0;0.0;SALF;163;44.4;PACMA;24;6.5;ESCAÑOS EN BLANCO;13;3.5;;0;0.0;;0;0.0
1101206003;Cádiz;52.9;ANDALUSÍ;31.6;104;26.1;84;21.0;0;0.0;20;5.0;0;0.0;ANDALUSÍ;126;31.6;MUNDO+JUSTO;26;6.5;FE de las JONS;24;6.0;;0;0.0;;0;0.0
1101206005;Cádiz;47.8;PP;35.8;143;35.8;74;18.5;16;4.0;7;1.8;100;25.0;PARTIDO AUTÓNOMOS;29;7.2;NA;21;5.2;;0;0.0;;0;0.0;;0;0.0
1101207001;Cádiz;49.7;PSOE-A;30.5;57;16.0;109;30.5;20;5.6;21;5.9;0;0.0;PACMA;108;30.2;;0;0.0;;0;0.0;;0;0.0;;0;0.0
1101207002;Cádiz;44.7;PP;24.0;100;24.0;97;23.3;27;6.5;38;9.1;0;0.0;PACMA;60;14.4;100x100;43;10.3;;0;0.0;;0;0.0;;0;0.0
1101207005;Cádiz;50.6;ESCAÑOS EN BLANCO;33.4;150;32.1;93;19.9;2;0.4;0;0.0;0;0.0;ESCAÑOS EN BLANCO;156;33.4;MUNDO+JUSTO;36;7.7;PACMA;11;2.4;;0;0.0;;0;0.0
1101207006;Cádiz;44.5;PCPA;35.5;58;20.2;82;28.6;21;7.3;2;0.7;0;0.0;PCPA;102;35.5;PACMA;15;5.2;;0;0.0;;0;0.0;;0;0.0
1101208001;Cádiz;75.9;PP;56.9;288;56.9;41;8.1;10;2.0;59;11.7;0;0.0;NA;56;11.1;ESCAÑOS EN BLANCO;36;7.1;;0;0.0;;0;0.0;;0;0.0
1101208002;Cádiz;72.8;PP;51.2;270;51.2;49;9.3;10;1.9;19;3.6;0;0.0;FE de las JONS;107;20.3;PACMA;38;7.2;;0;0.0;;0;0.0;;0;0.0
1101208003;Cádiz;64.3;PP;38.2;234;38.2;82;13.4;62;10.1;0;0.0;0;0.0;MUNDO+JUSTO;124;20.3;FE de las JONS;48;7.8;;0;0.0;;0;0.0;;0;0.0
1101208004;Cádiz;66.8;PP;43.8;204;43.8;90;19.3;2;0.4;0;0.0;132;28.3;MUNDO+JUSTO;32;6.9;PACMA;4;0.9;;0;0.0;;0;0.0;;0;0.0
1101208005;Cádiz;68.0;PP;45.1;221;45.1;74;15.1;32;6.5;15;3.1;0;0.0;ANDALUCISTAS-PA;39;8.0;PCPA;30;6.1;;0;0.0;;0;0.0;;0;0.0
1101208006;Cádiz;70.2;PP;52.5;408;52.5;147;18.9;53;6.8;26;3.4;0;0.0;ANDALUSÍ;62;8.0;PACMA;26;3.4;;0;0.0;;0;0.0;;0;0.0
1101208007;Cádiz;57.4;PP;30.0;149;30.0;104;21.0;71;14.3;15;3.0;0;0.0;SALF;89;17.9;ESCAÑOS EN BLANCO;25;5.0;;0;0.0;;0;0.0;;0;0.0
1101208008;Cádiz;55.3;PorA;39.0;126;29.6;45;10.6;0;0.0;166;39.0;0;0.0;MUNDO+JUSTO;45;10.6;PARTIDO AUTÓNOMOS;22;5.2;;0;0.0;;0;0.0;;0;0.0
1101208009;Cádiz;52.5;MUNDO+JUSTO;37.2;58;17.7;47;14.3;47;14.3;21;6.4;0;0.0;MUNDO+JUSTO;122;37.2;;0;0.0;;0;0.0;;0;0.0;;0;0.0
1101208010;Cádiz;52.5;PSOE-A;29.7;75;18.2;122;29.7;10;2.4;71;17.3;0;0.0;ANDALUCISTAS-PA;68;16.6;PACMA;22;5.4;;0;0.0;;0;0.0;;0;0.0
1101208011;Cádiz;54.4;PP;34.2;131;34.2;37;9.7;44;11.5;107;27.9;0;0.0;ESCAÑOS EN BLANCO;24;6.3;;0;0.0;;0;0.0;;0;0.0;;0;0.0
1101208012;Cádiz;41.3;PSOE-A;28.9;102;23.4;126;28.9;1;0.2;3;0.7;0;0.0;ANDALUCISTAS-PA;70;16.1;FE de las JONS;69;15.8;PACMA;29;6.6;;0;0.0;;0;0.0
1101208013;Cádiz;61.2;PP;41.3;297;41.3;109;15.2;59;8.2;17;2.4;0;0.0;100x100;96;13.4;MUNDO+JUSTO;70;9.7;;0;0.0;;0;0.0;;0;0.0
1101208014;Cádiz;61.4;PP;42.3;223;42.3;51;9.7;115;21.8;80;15.2;0;0.0;PCPA;33;6.3;;0;0.0;;0;0.0;;0;0.0;;0;0.0
1101208015;Cádiz;60.9;PP;34.9;181;34.9;100;19.3;59;11.4;4;0.8;0;0.0;ANDALUSÍ;146;28.1;PACMA;19;3.7;;0;0.0;;0;0.0;;0;0.0
1101208016;Cádiz;59.3;FE de las JONS;30.7;121;24.2;59;11.8;44;8.8;11;2.2;0;0.0;FE de las JONS;153;30.7;PACMA;37;7.4;;0;0.0;;0;0.0;;0;0.0
1101208017;Cádiz;65.3;PP;44.0;416;44.0;128;13.5;55;5.8;0;0.0;114;12.0;PARTIDO AUTÓNOMOS;97;10.2;MUNDO+JUSTO;94;9.9;;0;0.0;;0;0.0;;0;0.0
1101208018;Cádiz;59.2;PP;32.7;109;32.7;84;25.2;45;13.5;39;11.7;0;0.0;PACMA;24;7.2;;0;0.0;;0;0.0;;0;0.0;;0;0.0
1101208019;Cádiz;73.4;PP;49.6;343;49.6;70;10.1;92;13.3;0;0.0;0;0.0;NA;71;10.3;PACMA;43;6.2;;0;0.0;;0;0.0;;0;0.0
1101208020;Cádiz;68.9;PP;57.3;342;57.3;33;5.5;23;3.8;15;2.5;0;0.0;ANDALUCISTAS-PA;91;15.2;FE de las JONS;26;4.4;MUNDO+JUSTO;26;4.4;;0;0.0;;0;0.0
1101208021;Cádiz;73.1;PP;54.4;303;54.4;25;4.5;75;13.5;25;4.5;0;0.0;ESCAÑOS EN BLANCO;70;12.6;NA;28;5.0;;0;0.0;;0;0.0;;0;0.0
1101208022;Cádiz;59.5;PP;40.9;139;40.9;52;15.3;21;6.2;25;7.4;0;0.0;ANDALUCISTAS-PA;68;20.0;;0;0.0;;0;0.0;;0;0.0;;0;0.0
1101208023;Cádiz;61.5;PP;29.2;294;29.2;93;9.2;105;10.4;63;6.3;0;0.0;SALF;178;17.7;FE de las JONS;102;10.1;;0;0.0;;0;0.0;;0;0.0
1101208024;Cádiz;63.0;PSOE-A;28.4;239;22.6;300;28.4;22;2.1;14;1.3;0;0.0;SALF;184;17.4;FE de las JONS;182;17.2;PACMA;59;5.6;;0;0.0;;0;0.0
1101209001;Cádiz;68.3;PP;37.2;246;37.2;116;17.5;67;10.1;28;4.2;0;0.0;MUNDO+JUSTO;86;13.0;;0;0.0;;0;0.0;;0;0.0;;0;0.0
1101209002;Cádiz;73.0;PP;39.7;255;39.7;107;16.6;112;17.4;32;5.0;0;0.0;NA;57;8.9;PARTIDO AUTÓNOMOS;38;5.9;;0;0.0;;0;0.0;;0;0.0
1101209003;Cádiz;55.9;PP;32.7;232;32.7;166;23.4;19;2.7;2;0.3;122;17.2;FE de las JONS;58;8.2;MUNDO+JUSTO;43;6.1;;0;0.0;;0;0.0;;0;0.0
1101209004;Cádiz;66.9;PP;36.2;290;36.2;237;29.6;55;6.9;4;0.5;0;0.0;SALF;73;9.1;MUNDO+JUSTO;63;7.9;;0;0.0;;0;0.0;;0;0.0
1101209005;Cádiz;56.5;PP;28.7;187;28.7;130;20.0;50;7.7;61;9.4;0;0.0;PARTIDO AUTÓNOMOS;104;16.0;ESCAÑOS EN BLANCO;80;12.3;;0;0.0;;0;0.0;;0;0.0
1101209006;Cádiz;68.9;PCPA;33.9;189;33.5;106;18.8;3;0.5;70;12.4;0;0.0;PCPA;191;33.9;;0;0.0;;0;0.0;;0;0.0;;0;0.0
1101209007;Cádiz;68.3;PP;44.5;271;44.5;49;8.0;39;6.4;6;1.0;0;0.0;ESCAÑOS EN BLANCO;81;13.3;PACMA;45;7.4;;0;0.0;;0;0.0;;0;0.0
1101209008;Cádiz;71.4;PP;41.4;234;41.4;91;16.1;55;9.7;0;0.0;0;0.0;ANDALUSÍ;82;14.5;MUNDO+JUSTO;49;8.7;;0;0.0;;0;0.0;;0;0.0
1101209009;Cádiz;68.8;PP;43.7;167;43.7;77;20.2;3;0.8;42;11.0;0;0.0;PARTIDO AUTÓNOMOS;24;6.3;MUNDO+JUSTO;24;6.3;;0;0.0;;0;0.0;;0;0.0
1101209010;Cádiz;68.2;PP;53.9;219;53.9;25;6.2;23;5.7;36;8.9;0;0.0;PACMA;78;19.2;;0;0.0;;0;0.0;;0;0.0;;0;0.0
1101209011;Cádiz;61.0;PSOE-A;33.8;159;26.8;201;33.8;33;5.6;123;20.7;0;0.0;ESCAÑOS EN BLANCO;29;4.9;;0;0.0;;0;0.0;;0;0.0;;0;0.0
1101209012;Cádiz;53.5;PSOE-A;29.1;90;23.4;112;29.1;42;10.9;48;12.5;0;0.0;ANDALUCISTAS-PA;65;16.9;;0;0.0;;0;0.0;;0;0.0;;0;0.0
1101209013;Cádiz;49.4;PSOE-A;26.9;144;25.4;153;26.9;117;20.6;21;3.7;0;0.0;SALF;76;13.4;NA;22;3.9;;0;0.0;;0;0.0;;0;0.0
1101209014;Cádiz;63.8;PP;32.0;243;32.0;153;20.1;43;5.7;79;10.4;0;0.0;MUNDO+JUSTO;127;16.7;FE de las JONS;88;11.6;;0;0.0;;0;0.0;;0;0.0
1101209015;Cádiz;59.6;PP;37.5;205;37.5;62;11.3;31;5.7;0;0.0;0;0.0;ESCAÑOS EN BLANCO;127;23.2;ANDALUSÍ;69;12.6;MUNDO+JUSTO;33;6.0;;0;0.0;;0;0.0
1101209016;Cádiz;63.1;PP;35.9;192;35.9;81;15.1;108;20.2;6;1.1;0;0.0;100x100;89;16.6;PCPA;19;3.6;;0;0.0;;0;0.0;;0;0.0
1101209017;Cádiz;55.8;PSOE-A;31.7;98;22.5;138;31.7;51;11.7;10;2.3;0;0.0;ANDALUCISTAS-PA;92;21.2;MUNDO+JUSTO;18;4.1;;0;0.0;;0;0.0;;0;0.0
1101209018;Cádiz;58.4;PP;32.1;167;32.1;101;19.4;119;22.9;16;3.1;0;0.0;PACMA;51;9.8;ESCAÑOS EN BLANCO;32;6.2;;0;0.0;;0;0.0;;0;0.0
1101209019;Cádiz;61.5;PP;37.1;136;37.1;55;15.0;34;9.3;38;10.4;0;0.0;NA;86;23.4;;0;0.0;;0;0.0;;0;0.0;;0;0.0
1101209020;Cádiz;41.7;PSOE-A;46.0;80;27.5;134;46.0;6;2.1;0;0.0;0;0.0;PARTIDO AUTÓNOMOS;21;7.2;FE de las JONS;20;6.9;ESCAÑOS EN BLANCO;17;5.8;;0;0.0;;0;0.0
1101209021;Cádiz;63.2;PP;35.2;173;35.2;73;14.9;26;5.3;64;13.0;0;0.0;ESCAÑOS EN BLANCO;62;12.6;PACMA;39;7.9;;0;0.0;;0;0.0;;0;0.0
1101209022;Cádiz;69.2;PP;50.5;191;50.5;12;3.2;41;10.8;39;10.3;0;0.0;NA;53;14.0;PCPA;22;5.8;;0;0.0;;0;0.0;;0;0.0
1101209023;Cádiz;76.0;PP;46.7;236;46.7;45;8.9;77;15.2;3;0.6;0;0.0;FE de las JONS;79;15.6;PACMA;31;6.1;;0;0.0;;0;0.0;;0;0.0
1101210001;Cádiz;71.8;PP;54.1;485;54.1;112;12.5;11;1.2;86;9.6;0;0.0;ANDALUCISTAS-PA;98;10.9;MUNDO+JUSTO;52;5.8;;0;0.0;;0;0.0;;0;0.0
1101210002;Cádiz;61.6;PP;38.6;153;38.6;21;5.3;57;14.4;1;0.2;0;0.0;PCPA;107;27.0;ESCAÑOS EN BLANCO;30;7.6;;0;0.0;;0;0.0;;0;0.0
1101210003;Cádiz;64.0;PP;38.0;224;38.0;129;21.9;10;1.7;22;3.7;0;0.0;MUNDO+JUSTO;106;18.0;PARTIDO AUTÓNOMOS;35;5.9;ESCAÑOS EN BLANCO;26;4.4;;0;0.0;;0;0.0
1101210004;Cádiz;53.0;PSOE-A;31.3;57;19.4;92;31.3;47;16.0;25;8.5;0;0.0;FE de las JONS;52;17.7;;0;0.0;;0;0.0;;0;0.0;;0;0.0
1101210005;Cádiz;40.7;ANDALUCISTAS-PA;30.4;83;28.3;54;18.4;5;1.7;0;0.0;0;0.0;ANDALUCISTAS-PA;89;30.4;PACMA;28;9.6;NA;22;7.5;;0;0.0;;0;0.0
1101210006;Cádiz;57.6;PP;28.3;115;28.3;93;22.8;31;7.6;2;0.5;0;0.0;ESCAÑOS EN BLANCO;111;27.3;PACMA;18;4.4;;0;0.0;;0;0.0;;0;0.0
1101210007;Cádiz;71.0;PP;44.3;286;44.3;176;27.2;98;15.2;42;6.5;0;0.0;ESCAÑOS EN BLANCO;18;2.8;;0;0.0;;0;0.0;;0;0.0;;0;0.0
1101210008;Cádiz;59.5;PP;40.0;250;40.0;64;10.2;27;4.3;76;12.2;65;10.4;ESCAÑOS EN BLANCO;66;10.6;;0;0.0;;0;0.0;;0;0.0;;0;0.0
1101210009;Cádiz;66.1;PP;33.8;235;33.8;139;20.0;38;5.5;80;11.5;0;0.0;ANDALUSÍ;100;14.4;PARTIDO AUTÓNOMOS;42;6.0;;0;0.0;;0;0.0;;0;0.0
1101210010;Cádiz;56.0;PSOE-A;34.9;89;20.7;150;34.9;18;4.2;42;9.8;0;0.0;ANDALUSÍ;76;17.7;NA;31;7.2;;0;0.0;;0;0.0;;0;0.0
1101210011;Cádiz;49.4;PSOE-A;23.2;132;22.6;135;23.2;31;5.3;134;23.0;0;0.0;100x100;68;11.7;;0;0.0;;0;0.0;;0;0.0;;0;0.0
1101210012;Cádiz;55.2;PSOE-A;30.7;234;28.5;252;30.7;93;11.3;37;4.5;0;0.0;SALF;68;8.3;;0;0.0;;0;0.0;;0;0.0;;0;0.0
1101210013;Cádiz;63.2;PSOE-A;40.3;124;19.0;263;40.3;37;5.7;1;0.2;0;0.0;PACMA;95;14.6;PARTIDO AUTÓNOMOS;44;6.7;;0;0.0;;0;0.0;;0;0.0
1101210014;Cádiz;58.2;PP;34.0;178;34.0;104;19.9;13;2.5;58;11.1;0;0.0;100x100;59;11.3;ESCAÑOS EN BLANCO;46;8.8;;0;0.0;;0;0.0;;0;0.0
1101210015;Cádiz;65.4;PP;49.9;268;49.9;138;25.7;58;10.8;50;9.3;0;0.0;NA;10;1.9;;0;0.0;;0;0.0;;0;0.0;;0;0.0
1101210017;Cádiz;69.5;PP;45.0;317;45.0;177;25.1;60;8.5;88;12.5;0;0.0;PACMA;20;2.8;;0;0.0;;0;0.0;;0;0.0;;0;0.0
1101210018;Cádiz;66.1;PP;37.5;250;37.5;111;16.7;20;3.0;2;0.3;0;0.0;MUNDO+JUSTO;134;20.1;100x100;95;14.3;ESCAÑOS EN BLANCO;29;4.4;;0;0.0;;0;0.0
1101210019;Cádiz;67.6;PP;37.7;356;37.7;146;15.5;9;1.0;14;1.5;0;0.0;ANDALUSÍ;174;18.4;PARTIDO AUTÓNOMOS;158;16.7;MUNDO+JUSTO;44;4.7;;0;0.0;;0;0.0
1101210020;Cádiz;60.4;PP;28.3;128;28.3;98;21.7;9;2.0;63;13.9;0;0.0;PACMA;60;13.3;PARTIDO AUTÓNOMOS;28;6.2;;0;0.0;;0;0.0;;0;0.0
1101210021;Cádiz;64.2;PP;45.0;295;45.0;86;13.1;105;16.0;36;5.5;0;0.0;PACMA;67;10.2;;0;0.0;;0;0.0;;0;0.0;;0;0.0
1101210022;Cádiz;41.3;PP;39.3;121;39.3;87;28.2;45;14.6;5;1.6;0;0.0;PACMA;21;6.8;MUNDO+JUSTO;19;6.2;;0;0.0;;0;0.0;;0;0.0
1101210023;Cádiz;63.3;PP;40.4;298;40.4;60;8.1;183;24.8;8;1.1;0;0.0;ANDALUCISTAS-PA;80;10.8;MUNDO+JUSTO;41;5.6;;0;0.0;;0;0.0;;0;0.0
1101210024;Cádiz;67.7;PCPA;32.2;118;27.8;69;16.2;29;6.8;0;0.0;0;0.0;PCPA;137;32.2;ESCAÑOS EN BLANCO;32;7.5;;0;0.0;;0;0.0;;0;0.0
1101210025;Cádiz;73.6;PP;42.1;236;42.1;82;14.6;10;1.8;41;7.3;0;0.0;100x100;165;29.5;;0;0.0;;0;0.0;;0;0.0;;0;0.0
1101210026;Cádiz;58.3;PP;37.9;187;37.9;74;15.0;70;14.2;15;3.0;0;0.0;ANDALUSÍ;74;15.0;PARTIDO AUTÓNOMOS;25;5.1;;0;0.0;;0;0.0;;0;0.0
1101301001;Cádiz;56.7;PP;37.3;242;37.3;147;22.6;71;10.9;29;4.5;37;5.7;FE de las JONS;76;11.7;;0;0.0;;0;0.0;;0;0.0;;0;0.0
1101301002;Cádiz;60.6;PSOE-A;39.6;209;30.1;275;39.6;39;5.6;22;3.2;0;0.0;PACMA;42;6.0;PCPA;37;5.3;;0;0.0;;0;0.0;;0;0.0
1101401001;Cádiz;54.0;PP;42.9;228;42.9;113;21.3;41;7.7;43;8.1;0;0.0;MUNDO+JUSTO;39;7.3;;0;0.0;;0;0.0;;0;0.0;;0;0.0
1101401003;Cádiz;54.9;PP;30.4;153;30.4;32;6.4;68;13.5;101;20.0;0;0.0;PCPA;86;17.1;;0;0.0;;0;0.0;;0;0.0;;0;0.0
1101401004;Cádiz;46.7;PP;40.2;206;40.2;96;18.8;48;9.4;47;9.2;0;0.0;PACMA;43;8.4;;0;0.0;;0;0.0;;0;0.0;;0;0.0
1101401005;Cádiz;58.0;PP;29.5;294;29.5;176;17.7;42;4.2;198;19.9;0;0.0;FE de las JONS;92;9.2;MUNDO+JUSTO;66;6.6;;0;0.0;;0;0.0;;0;0.0
1101401006;Cádiz;56.3;PP;36.6;268;36.6;115;15.7;115;15.7;26;3.6;0;0.0;PARTIDO AUTÓNOMOS;63;8.6;ESCAÑOS EN BLANCO;46;6.3;;0;0.0;;0;0.0;;0;0.0
1101401007;Cádiz;54.0;PP;40.6;289;40.6;160;22.5;71;10.0;63;8.8;0;0.0;ANDALUCISTAS-PA;59;8.3;;0;0.0;;0;0.0;;0;0.0;;0;0.0
1101402001;Cádiz;56.0;PP;31.1;169;31.1;105;19.3;81;14.9;45;8.3;0;0.0;PCPA;42;7.7;;0;0.0;;0;0.0;;0;0.0;;0;0.0
1101402002;Cádiz;49.8;PP;43.6;147;43.6;44;13.1;27;8.0;0;0.0;0;0.0;PARTIDO AUTÓNOMOS;76;22.6;PACMA;22;6.5;;0;0.0;;0;0.0;;0;0.0
1101402003;Cádiz;60.9;PP;46.4;254;46.4;57;10.4;10;1.8;44;8.0;0;0.0;ANDALUSÍ;45;8.2;ESCAÑOS EN BLANCO;42;7.7;;0;0.0;;0;0.0;;0;0.0
1101402004;Cádiz;49.1;PP;44.0;161;44.0;0;0.0;16;4.4;50;13.7;61;16.7;MUNDO+JUSTO;34;9.3;FE de las JONS;24;6.6;;0;0.0;;0;0.0;;0;0.0
1101402005;Cádiz;51.8;PP;40.2;368;40.2;116;12.7;38;4.2;158;17.2;0;0.0;MUNDO+JUSTO;85;9.3;PACMA;65;7.1;;0;0.0;;0;0.0;;0;0.0
1101402006;Cádiz;50.4;PP;51.4;289;51.4;69;12.3;35;6.2;13;2.3;43;7.6;MUNDO+JUSTO;36;6.4;;0;0.0;;0;0.0;;0;0.0;;0;0.0
1101403001;Cádiz;52.8;PP;41.3;228;41.3;105;19.0;26;4.7;97;17.6;0;0.0;NA;31;5.6;;0;0.0;;0;0.0;;0;0.0;;0;0.0
1101403002;Cádiz;49.3;PP;41.1;164;41.1;36;9.0;55;13.8;8;2.0;0;0.0;PCPA;76;19.0;PACMA;25;6.3;;0;0.0;;0;0.0;;0;0.0
1101403003;Cádiz;57.2;PP;35.6;252;35.6;96;13.6;55;7.8;75;10.6;0;0.0;100x100;86;12.2;ESCAÑOS EN BLANCO;71;10.0;;0;0.0;;0;0.0;;0;0.0
1101403004;Cádiz;49.1;PP;29.3;230;29.3;132;16.8;133;16.9;57;7.2;0;0.0;MUNDO+JUSTO;117;14.9;ESCAÑOS EN BLANCO;60;7.6;;0;0.0;;0;0.0;;0;0.0
1101501001;Cádiz;55.6;PP;52.5;499;52.5;106;11.2;40;4.2;67;7.0;0;0.0;100x100;77;8.1;MUNDO+JUSTO;43;4.5;;0;0.0;;0;0.0;;0;0.0
1101501002;Cádiz;62.9;PP;41.6;428;41.6;148;14.4;116;11.3;52;5.0;0;0.0;ANDALUCISTAS-PA;80;7.8;;0;0.0;;0;0.0;;0;0.0;;0;0.0
1101501003;Cádiz;45.4;PP;41.7;216;41.7;89;17.2;41;7.9;18;3.5;0;0.0;PACMA;59;11.4;FE de las JONS;31;6.0;;0;0.0;;0;0.0;;0;0.0
1101501004;Cádiz;50.0;PP;32.4;163;32.4;106;21.1;64;12.7;3;0.6;0;0.0;MUNDO+JUSTO;58;11.5;ANDALUCISTAS-PA;32;6.4;;0;0.0;;0;0.0;;0;0.0
1101501005;Cádiz;59.5;PP;35.8;193;35.8;118;21.9;19;3.5;0;0.0;0;0.0;ESCAÑOS EN BLANCO;96;17.8;MUNDO+JUSTO;37;6.9;PACMA;36;6.7;;0;0.0;;0;0.0
1101501006;Cádiz;42.1;PP;41.6;214;41.6;53;10.3;15;2.9;17;3.3;40;7.8;PACMA;80;15.5;ESCAÑOS EN BLANCO;28;5.4;;0;0.0;;0;0.0;;0;0.0
1101501007;Cádiz;56.5;PP;51.2;531;51.2;183;17.6;118;11.4;52;5.0;0;0.0;MUNDO+JUSTO;71;6.8;;0;0.0;;0;0.0;;0;0.0;;0;0.0
1101501008;Cádiz;48.6;PP;53.1;310;53.1;55;9.4;72;12.3;60;10.3;0;0.0;ANDALUSÍ;59;10.1;;0;0.0;;0;0.0;;0;0.0;;0;0.0
1101501009;Cádiz;51.5;PP;41.0;201;41.0;96;19.6;99;20.2;2;0.4;24;4.9;MUNDO+JUSTO;22;4.5;;0;0.0;;0;0.0;;0;0.0;;0;0.0
1101501010;Cádiz;47.7;PP;40.8;201;40.8;119;24.1;67;13.6;57;11.6;0;0.0;FE de las JONS;17;3.4;;0;0.0;;0;0.0;;0;0.0;;0;0.0
1101502001;Cádiz;50.2;PP;35.0;170;35.0;145;29.9;23;4.7;5;1.0;0;0.0;MUNDO+JUSTO;45;9.3;100x100;27;5.6;;0;0.0;;0;0.0;;0;0.0
1101502002;Cádiz;62.3;PP;45.0;358;45.0;184;23.1;62;7.8;48;6.0;0;0.0;100x100;53;6.7;;0;0.0;;0;0.0;;0;0.0;;0;0.0
1101502003;Cádiz;57.2;PP;41.1;205;41.1;137;27.4;45;9.0;24;4.8;0;0.0;PARTIDO AUTÓNOMOS;75;15.0;;0;0.0;;0;0.0;;0;0.0;;0;0.0
1101502004;Cádiz;58.0;PP;51.2;307;51.2;89;14.9;35;5.8;105;17.5;31;5.2;;0;0.0;;0;0.0;;0;0.0;;0;0.0;;0;0.0
1101502005;Cádiz;57.1;PP;43.5;263;43.5;85;14.1;74;12.2;8;1.3;0;0.0;ANDALUCISTAS-PA;55;9.1;MUNDO+JUSTO;35;5.8;;0;0.0;;0;0.0;;0;0.0
1101502006;Cádiz;50.9;PP;31.9;133;31.9;95;22.8;47;11.3;5;1.2;0;0.0;PARTIDO AUTÓNOMOS;40;9.6;ESCAÑOS EN BLANCO;30;7.2;;0;0.0;;0;0.0;;0;0.0
1101502007;Cádiz;58.2;PP;49.0;335;49.0;57;8.3;72;10.5;78;11.4;0;0.0;FE de las JONS;81;11.8;;0;0.0;;0;0.0;;0;0.0;;0;0.0
1101503001;Cádiz;50.6;VOX;33.1;214;30.7;190;27.3;231;33.1;11;1.6;0;0.0;MUNDO+JUSTO;29;4.2;;0;0.0;;0;0.0;;0;0.0;;0;0.0
1101503002;Cádiz;50.3;PSOE-A;29.4;125;28.5;129;29.4;19;4.3;38;8.7;91;20.8;;0;0.0;;0;0.0;;0;0.0;;0;0.0;;0;0.0
1101503003;Cádiz;48.2;PP;28.4;132;28.4;110;23.7;42;9.0;43;9.2;0;0.0;PARTIDO AUTÓNOMOS;69;14.8;;0;0.0;;0;0.0;;0;0.0;;0;0.0
1101503004;Cádiz;52.3;PP;41.8;334;41.8;107;13.4;115;14.4;70;8.8;68;8.5;;0;0.0;;0;0.0;;0;0.0;;0;0.0;;0;0.0
1101503005;Cádiz;38.1;PSOE-A;26.4;83;25.2;87;26.4;53;16.1;21;6.4;0;0.0;ANDALUCISTAS-PA;50;15.2;ESCAÑOS EN BLANCO;23;7.0;;0;0.0;;0;0.0;;0;0.0
1101503006;Cádiz;54.2;PP;43.9;321;43.9;49;6.7;136;18.6;6;0.8;0;0.0;SALF;73;10.0;PACMA;54;7.4;;0;0.0;;0;0.0;;0;0.0
1101503007;Cádiz;45.4;PP;45.7;171;45.7;52;13.9;1;0.3;0;0.0;0;0.0;PACMA;86;23.0;MUNDO+JUSTO;34;9.1;FE de las JONS;13;3.5;;0;0.0;;0;0.0
1101504001;Cádiz;54.8;PP;47.2;343;47.2;61;8.4;55;7.6;8;1.1;0;0.0;PCPA;119;16.4;MUNDO+JUSTO;43;5.9;;0;0.0;;0;0.0;;0;0.0
1101504002;Cádiz;47.6;PP;48.6;330;48.6;87;12.8;96;14.1;77;11.3;0;0.0;FE de las JONS;45;6.6;;0;0.0;;0;0.0;;0;0.0;;0;0.0
1101504003;Cádiz;45.4;PP;54.2;436;54.2;135;16.8;121;15.0;6;0.8;0;0.0;MUNDO+JUSTO;42;5.2;NA;28;3.5;;0;0.0;;0;0.0;;0;0.0
1101504004;Cádiz;46.1;PP;32.4;199;32.4;131;21.3;91;14.8;64;10.4;0;0.0;PARTIDO AUTÓNOMOS;35;5.7;;0;0.0;;0;0.0;;0;0.0;;0;0.0
1101504005;Cádiz;39.5;PP;39.4;150;39.4;131;34.4;46;12.1;17;4.5;0;0.0;ESCAÑOS EN BLANCO;10;2.6;;0;0.0;;0;0.0;;0;0.0;;0;0.0
1101504006;Cádiz;37.3;PP;46.9;129;46.9;84;30.6;29;10.6;4;1.4;0;0.0;FE de las JONS;15;5.4;PACMA;10;3.6;;0;0.0;;0;0.0;;0;0.0
1101504007;Cádiz;52.7;PP;35.5;177;35.5;102;20.5;89;17.9;47;9.4;0;0.0;PARTIDO AUTÓNOMOS;43;8.6;;0;0.0;;0;0.0;;0;0.0;;0;0.0
1101504008;Cádiz;56.4;PP;34.1;265;34.1;158;20.3;143;18.4;19;2.4;0;0.0;FE de las JONS;70;9.0;NA;37;4.8;;0;0.0;;0;0.0;;0;0.0
1101504009;Cádiz;47.4;PP;31.1;191;31.1;174;28.3;66;10.7;37;6.0;0;0.0;MUNDO+JUSTO;40;6.5;;0;0.0;;0;0.0;;0;0.0;;0;0.0
1101504010;Cádiz;48.7;PP;41.5;250;41.5;111;18.4;71;11.8;15;2.5;0;0.0;ESCAÑOS EN BLANCO;92;15.3;;0;0.0;;0;0.0;;0;0.0;;0;0.0
1101504011;Cádiz;42.0;PP;34.0;115;34.0;82;24.3;28;8.3;10;3.0;0;0.0;MUNDO+JUSTO;62;18.3;FE de las JONS;22;6.5;;0;0.0;;0;0.0;;0;0.0
1101504012;Cádiz;47.3;PP;45.1;234;45.1;47;9.1;86;16.6;0;0.0;0;0.0;100x100;40;7.7;SALF;32;6.2;;0;0.0;;0;0.0;;0;0.0
1101504013;Cádiz;36.4;PP;32.2;177;32.2;157;28.6;55;10.0;50;9.1;0;0.0;ESCAÑOS EN BLANCO;31;5.6;;0;0.0;;0;0.0;;0;0.0;;0;0.0
1101504014;Cádiz;45.2;PP;35.4;134;35.4;62;16.4;65;17.2;30;7.9;0;0.0;PACMA;54;14.2;;0;0.0;;0;0.0;;0;0.0;;0;0.0
1101504015;Cádiz;51.2;PP;39.7;215;39.7;59;10.9;106;19.6;5;0.9;0;0.0;PACMA;66;12.2;MUNDO+JUSTO;39;7.2;;0;0.0;;0;0.0;;0;0.0
1101504016;Cádiz;50.0;PP;41.0;302;41.0;163;22.2;83;11.3;52;7.1;0;0.0;PARTIDO AUTÓNOMOS;45;6.1;;0;0.0;;0;0.0;;0;0.0;;0;0.0
1101504017;Cádiz;51.6;PP;40.3;171;40.3;23;5.4;93;21.9;50;11.8;0;0.0;NA;56;13.2;;0;0.0;;0;0.0;;0;0.0;;0;0.0
1101505001;Cádiz;60.4;PP;50.8;547;50.8;170;15.8;52;4.8;54;5.0;0;0.0;PARTIDO AUTÓNOMOS;121;11.2;;0;0.0;;0;0.0;;0;0.0;;0;0.0
1101505002;Cádiz;40.3;PP;31.3;168;31.3;80;14.9;82;15.3;26;4.8;0;0.0;ANDALUSÍ;60;11.2;SALF;47;8.8;;0;0.0;;0;0.0;;0;0.0
1101505003;Cádiz;36.1;PP;32.6;189;32.6;153;26.4;82;14.2;35;6.0;45;7.8;;0;0.0;;0;0.0;;0;0.0;;0;0.0;;0;0.0
1101505004;Cádiz;39.4;PP;31.2;179;31.2;118;20.6;34;5.9;43;7.5;79;13.8;ANDALUSÍ;58;10.1;;0;0.0;;0;0.0;;0;0.0;;0;0.0
1101505005;Cádiz;48.3;PP;35.5;296;35.5;187;22.4;147;17.6;33;4.0;0;0.0;ESCAÑOS EN BLANCO;70;8.4;;0;0.0;;0;0.0;;0;0.0;;0;0.0
1101505006;Cádiz;57.4;PP;33.2;329;33.2;126;12.7;240;24.2;124;12.5;0;0.0;FE de las JONS;60;6.0;;0;0.0;;0;0.0;;0;0.0;;0;0.0
1101505007;Cádiz;53.9;PP;31.6;319;31.6;146;14.5;242;24.0;9;0.9;0;0.0;100x100;79;7.8;MUNDO+JUSTO;58;5.8;;0;0.0;;0;0.0;;0;0.0
1101505008;Cádiz;56.5;PP;38.6;185;38.6;25;5.2;32;6.7;7;1.5;0;0.0;100x100;160;33.4;MUNDO+JUSTO;41;8.6;;0;0.0;;0;0.0;;0;0.0
1101505009;Cádiz;66.0;PP;53.4;590;53.4;100;9.1;64;5.8;78;7.1;0;0.0;MUNDO+JUSTO;108;9.8;PACMA;93;8.4;;0;0.0;;0;0.0;;0;0.0
1101505010;Cádiz;43.8;PP;44.8;242;44.8;99;18.3;53;9.8;24;4.4;0;0.0;ANDALUSÍ;36;6.7;;0;0.0;;0;0.0;;0;0.0;;0;0.0
1101505011;Cádiz;54.4;PP;40.3;383;40.3;127;13.4;137;14.4;48;5.0;0;0.0;ESCAÑOS EN BLANCO;92;9.7;PARTIDO AUTÓNOMOS;49;5.2;;0;0.0;;0;0.0;;0;0.0
1101505012;Cádiz;37.2;PP;26.9;167;26.9;79;12.7;108;17.4;28;4.5;0;0.0;MUNDO+JUSTO;105;16.9;PACMA;68;11.0;;0;0.0;;0;0.0;;0;0.0
1101505013;Cádiz;33.5;PP;36.7;187;36.7;109;21.4;90;17.6;16;3.1;0;0.0;NA;34;6.7;PACMA;22;4.3;;0;0.0;;0;0.0;;0;0.0
1101505014;Cádiz;40.2;PP;29.2;144;29.2;53;10.8;122;24.8;40;8.1;0;0.0;ANDALUSÍ;72;14.6;;0;0.0;;0;0.0;;0;0.0;;0;0.0
1101505015;Cádiz;42.7;PP;41.2;242;41.2;114;19.4;95;16.2;57;9.7;0;0.0;ANDALUSÍ;44;7.5;;0;0.0;;0;0.0;;0;0.0;;0;0.0
1101505016;Cádiz;43.8;PP;33.2;195;33.2;73;12.4;82;14.0;24;4.1;0;0.0;PCPA;98;16.7;PACMA;38;6.5;;0;0.0;;0;0.0;;0;0.0
1101601001;Cádiz;51.1;PP;46.6;372;46.6;44;5.5;97;12.1;56;7.0;54;6.8;NA;81;10.1;;0;0.0;;0;0.0;;0;0.0;;0;0.0
1101602001;Cádiz;64.2;PP;53.0;296;53.0;42;7.5;51;9.1;71;12.7;0;0.0;MUNDO+JUSTO;80;14.3;;0;0.0;;0;0.0;;0;0.0;;0;0.0
1101602002;Cádiz;59.2;PP;55.3;430;55.3;104;13.4;20;2.6;14;1.8;0;0.0;PARTIDO AUTÓNOMOS;117;15.0;PCPA;44;5.7;;0;0.0;;0;0.0;;0;0.0
1101602003;Cádiz;58.7;PP;38.6;332;38.6;182;21.1;67;7.8;86;10.0;0;0.0;100x100;86;10.0;;0;0.0;;0;0.0;;0;0.0;;0;0.0
1101602004;Cádiz;53.4;PP;35.8;296;35.8;143;17.3;84;10.2;49;5.9;0;0.0;ESCAÑOS EN BLANCO;90;10.9;PACMA;75;9.1;;0;0.0;;0;0.0;;0;0.0
1101602005;Cádiz;46.5;PP;33.1;180;33.1;149;27.4;54;9.9;19;3.5;0;0.0;ESCAÑOS EN BLANCO;33;6.1;100x100;29;5.3;;0;0.0;;0;0.0;;0;0.0
1101602006;Cádiz;44.4;PP;45.1;166;45.1;33;9.0;25;6.8;35;9.5;0;0.0;PACMA;70;19.0;;0;0.0;;0;0.0;;0;0.0;;0;0.0
1101603001;Cádiz;42.9;VOX;30.3;186;30.0;73;11.8;188;30.3;39;6.3;0;0.0;PARTIDO AUTÓNOMOS;70;11.3;FE de las JONS;42;6.8;;0;0.0;;0;0.0;;0;0.0
1101603002;Cádiz;47.3;PP;37.7;277;37.7;106;14.4;97;13.2;116;15.8;0;0.0;NA;64;8.7;;0;0.0;;0;0.0;;0;0.0;;0;0.0
1101603003;Cádiz;46.7;PP;46.1;281;46.1;58;9.5;83;13.6;52;8.5;22;3.6;FE de las JONS;56;9.2;;0;0.0;;0;0.0;;0;0.0;;0;0.0
1101603004;Cádiz;50.9;PP;45.4;342;45.4;133;17.6;60;8.0;46;6.1;0;0.0;NA;34;4.5;;0;0.0;;0;0.0;;0;0.0;;0;0.0
1101603005;Cádiz;50.1;PP;41.8;327;41.8;112;14.3;175;22.4;30;3.8;0;0.0;MUNDO+JUSTO;68;8.7;NA;48;6.1;;0;0.0;;0;0.0;;0;0.0
1101701001;Cádiz;47.8;PSOE-A;30.2;82;22.7;109;30.2;18;5.0;74;20.5;0;0.0;PCPA;37;10.2;;0;0.0;;0;0.0;;0;0.0;;0;0.0
1101701002;Cádiz;54.5;PP;42.0;266;42.0;126;19.9;48;7.6;24;3.8;66;10.4;;0;0.0;;0;0.0;;0;0.0;;0;0.0;;0;0.0
1101701003;Cádiz;55.1;PP;33.7;220;33.7;149;22.8;15;2.3;101;15.5;0;0.0;PCPA;55;8.4;MUNDO+JUSTO;42;6.4;;0;0.0;;0;0.0;;0;0.0
1101801001;Cádiz;62.5;PP;38.8;327;38.8;206;24.4;163;19.3;24;2.8;0;0.0;ESCAÑOS EN BLANCO;35;4.2;;0;0.0;;0;0.0;;0;0.0;;0;0.0
1101901001;Cádiz;68.1;PP;33.0;194;33.0;183;31.1;67;11.4;27;4.6;0;0.0;MUNDO+JUSTO;45;7.6;PACMA;38;6.5;;0;0.0;;0;0.0;;0;0.0
1101901002;Cádiz;68.8;PP;38.7;208;38.7;155;28.8;52;9.7;12;2.2;0;0.0;MUNDO+JUSTO;100;18.6;;0;0.0;;0;0.0;;0;0.0;;0;0.0
1102001001;Cádiz;41.5;PSOE-A;26.4;84;22.0;101;26.4;65;17.0;2;0.5;0;0.0;SALF;81;21.2;FE de las JONS;19;5.0;;0;0.0;;0;0.0;;0;0.0
1102001002;Cádiz;60.3;PP;40.9;207;40.9;98;19.4;56;11.1;0;0.0;0;0.0;MUNDO+JUSTO;53;10.5;PACMA;47;9.3;;0;0.0;;0;0.0;;0;0.0
1102001003;Cádiz;57.8;PP;48.2;316;48.2;56;8.5;52;7.9;45;6.9;0;0.0;ESCAÑOS EN BLANCO;100;15.2;MUNDO+JUSTO;48;7.3;;0;0.0;;0;0.0;;0;0.0
1102001004;Cádiz;66.8;PP;44.4;295;44.4;35;5.3;147;22.1;43;6.5;0;0.0;PACMA;40;6.0;MUNDO+JUSTO;35;5.3;;0;0.0;;0;0.0;;0;0.0
1102002001;Cádiz;75.2;PP;67.1;471;67.1;14;2.0;14;2.0;12;1.7;92;13.1;FE de las JONS;54;7.7;PARTIDO AUTÓNOMOS;14;2.0;;0;0.0;;0;0.0;;0;0.0
1102002002;Cádiz;56.4;PP;37.7;167;37.7;65;14.7;5;1.1;31;7.0;135;30.5;ESCAÑOS EN BLANCO;21;4.7;;0;0.0;;0;0.0;;0;0.0;;0;0.0
1102002003;Cádiz;69.3;PP;46.5;279;46.5;30;5.0;198;33.0;13;2.2;0;0.0;PARTIDO AUTÓNOMOS;30;5.0;MUNDO+JUSTO;24;4.0;;0;0.0;;0;0.0;;0;0.0
1102002004;Cádiz;61.0;PP;51.4;353;51.4;50;7.3;67;9.8;44;6.4;0;0.0;100x100;100;14.6;FE de las JONS;54;7.9;;0;0.0;;0;0.0;;0;0.0
1102002005;Cádiz;68.9;PP;53.8;486;53.8;23;2.6;129;14.3;7;0.8;0;0.0;PARTIDO AUTÓNOMOS;87;9.6;ANDALUCISTAS-PA;79;8.8;NA;34;3.8;;0;0.0;;0;0.0
1102002006;Cádiz;67.1;PP;56.0;349;56.0;90;14.4;7;1.1;0;0.0;0;0.0;PACMA;99;15.9;NA;28;4.5;PCPA;22;3.5;;0;0.0;;0;0.0
1102002007;Cádiz;57.9;PP;40.0;150;40.0;67;17.9;7;1.9;31;8.3;0;0.0;PCPA;86;22.9;PACMA;18;4.8;;0;0.0;;0;0.0;;0;0.0
1102002008;Cádiz;59.3;PP;31.4;143;31.4;136;29.8;20;4.4;7;1.5;0;0.0;PARTIDO AUTÓNOMOS;89;19.5;MUNDO+JUSTO;27;5.9;ESCAÑOS EN BLANCO;21;4.6;;0;0.0;;0;0.0
1102002009;Cádiz;33.4;PP;28.4;71;28.4;59;23.6;17;6.8;24;9.6;0;0.0;PCPA;60;24.0;;0;0.0;;0;0.0;;0;0.0;;0;0.0
1102002010;Cádiz;47.4;PSOE-A;30.4;119;26.8;135;30.4;45;10.1;48;10.8;0;0.0;100x100;33;7.4;;0;0.0;;0;0.0;;0;0.0;;0;0.0
1102002011;Cádiz;56.2;PP;44.5;228;44.5;59;11.5;66;12.9;34;6.6;0;0.0;ANDALUCISTAS-PA;101;19.7;;0;0.0;;0;0.0;;0;0.0;;0;0.0
1102002012;Cádiz;47.5;PP;32.7;147;32.7;105;23.4;89;19.8;1;0.2;0;0.0;MUNDO+JUSTO;26;5.8;PCPA;24;5.4;;0;0.0;;0;0.0;;0;0.0
1102002013;Cádiz;56.0;PP;27.4;106;27.4;82;21.2;9;2.3;63;16.3;0;0.0;PCPA;68;17.6;MUNDO+JUSTO;27;7.0;;0;0.0;;0;0.0;;0;0.0
1102002014;Cádiz;66.0;PP;51.7;349;51.7;54;8.0;208;30.8;35;5.2;0;0.0;PARTIDO AUTÓNOMOS;14;2.1;;0;0.0;;0;0.0;;0;0.0;;0;0.0
1102002015;Cádiz;55.4;PP;43.1;248;43.1;59;10.3;69;12.0;1;0.2;0;0.0;FE de las JONS;90;15.6;MUNDO+JUSTO;37;6.4;;0;0.0;;0;0.0;;0;0.0
1102002016;Cádiz;46.5;PP;38.5;144;38.5;67;17.9;43;11.5;20;5.4;0;0.0;PCPA;74;19.8;;0;0.0;;0;0.0;;0;0.0;;0;0.0
1102002017;Cádiz;57.8;PP;39.6;244;39.6;64;10.4;47;7.6;39;6.3;0;0.0;ESCAÑOS EN BLANCO;77;12.5;ANDALUCISTAS-PA;46;7.5;;0;0.0;;0;0.0;;0;0.0
1102002021;Cádiz;70.6;PP;56.5;297;56.5;44;8.4;7;1.3;0;0.0;0;0.0;MUNDO+JUSTO;66;12.6;NA;63;12.0;PARTIDO AUTÓNOMOS;35;6.6;;0;0.0;;0;0.0
1102002022;Cádiz;63.9;PP;50.5;267;50.5;80;15.1;67;12.7;0;0.0;0;0.0;PACMA;43;8.1;FE de las JONS;23;4.4;;0;0.0;;0;0.0;;0;0.0
1102002023;Cádiz;75.4;PP;56.6;468;56.6;77;9.3;56;6.8;60;7.3;0;0.0;PCPA;68;8.2;;0;0.0;;0;0.0;;0;0.0;;0;0.0
1102002024;Cádiz;69.3;PP;54.6;338;54.6;44;7.1;109;17.6;31;5.0;0;0.0;PARTIDO AUTÓNOMOS;42;6.8;100x100;31;5.0;;0;0.0;;0;0.0;;0;0.0
1102002025;Cádiz;77.6;PP;55.4;491;55.4;29;3.3;140;15.8;4;0.4;0;0.0;PARTIDO AUTÓNOMOS;77;8.7;ANDALUCISTAS-PA;49;5.5;MUNDO+JUSTO;38;4.3;;0;0.0;;0;0.0
1102002026;Cádiz;73.7;PP;42.9;250;42.9;42;7.2;128;22.0;10;1.7;0;0.0;MUNDO+JUSTO;89;15.3;PACMA;47;8.1;;0;0.0;;0;0.0;;0;0.0
1102002027;Cádiz;46.0;PP;38.0;203;38.0;99;18.5;89;16.7;8;1.5;0;0.0;MUNDO+JUSTO;47;8.8;PACMA;43;8.0;;0;0.0;;0;0.0;;0;0.0
1102002028;Cádiz;74.9;PP;60.0;419;60.0;113;16.2;4;0.6;70;10.0;0;0.0;MUNDO+JUSTO;36;5.2;PARTIDO AUTÓNOMOS;35;5.0;;0;0.0;;0;0.0;;0;0.0
1102003001;Cádiz;52.0;PP;29.2;112;29.2;103;26.9;68;17.8;43;11.2;0;0.0;PACMA;26;6.8;;0;0.0;;0;0.0;;0;0.0;;0;0.0
1102003002;Cádiz;47.5;PSOE-A;28.8;162;27.7;168;28.8;90;15.4;22;3.8;17;2.9;ANDALUSÍ;34;5.8;MUNDO+JUSTO;33;5.6;;0;0.0;;0;0.0;;0;0.0
1102003003;Cádiz;52.2;Empate;25.2;154;25.2;154;25.2;35;5.7;79;13.0;56;9.2;PACMA;84;13.8;;0;0.0;;0;0.0;;0;0.0;;0;0.0
1102003004;Cádiz;33.9;PSOE-A;25.3;83;23.8;88;25.3;31;8.9;1;0.3;0;0.0;PACMA;64;18.4;SALF;29;8.3;;0;0.0;;0;0.0;;0;0.0
1102003005;Cádiz;35.4;PSOE-A;36.3;34;14.5;85;36.3;48;20.5;3;1.3;0;0.0;FE de las JONS;51;21.8;PACMA;9;3.8;;0;0.0;;0;0.0;;0;0.0
1102003006;Cádiz;52.6;PP;38.8;205;38.8;96;18.2;92;17.4;38;7.2;0;0.0;PCPA;26;4.9;;0;0.0;;0;0.0;;0;0.0;;0;0.0
1102003007;Cádiz;47.1;PP;40.6;147;40.6;83;22.9;2;0.6;16;4.4;0;0.0;MUNDO+JUSTO;80;22.1;PACMA;28;7.7;;0;0.0;;0;0.0;;0;0.0
1102003008;Cádiz;48.8;PP;34.6;150;34.6;145;33.4;32;7.4;35;8.1;0;0.0;SALF;34;7.8;;0;0.0;;0;0.0;;0;0.0;;0;0.0
1102003009;Cádiz;56.8;PP;36.8;208;36.8;104;18.4;85;15.0;26;4.6;0;0.0;MUNDO+JUSTO;67;11.9;;0;0.0;;0;0.0;;0;0.0;;0;0.0
1102003010;Cádiz;59.8;PP;47.9;182;47.9;29;7.6;15;4.0;98;25.8;0;0.0;PACMA;30;7.9;FE de las JONS;21;5.5;;0;0.0;;0;0.0;;0;0.0
1102003011;Cádiz;48.5;PP;34.2;161;34.2;144;30.6;83;17.6;26;5.5;0;0.0;NA;14;3.0;;0;0.0;;0;0.0;;0;0.0;;0;0.0
1102003012;Cádiz;43.8;PP;35.7;105;35.7;45;15.3;60;20.4;0;0.0;0;0.0;FE de las JONS;34;11.6;PCPA;18;6.1;;0;0.0;;0;0.0;;0;0.0
1102003013;Cádiz;61.0;PP;53.4;227;53.4;17;4.0;62;14.6;42;9.9;0;0.0;ANDALUCISTAS-PA;62;14.6;;0;0.0;;0;0.0;;0;0.0;;0;0.0
1102003014;Cádiz;49.2;PP;32.1;168;32.1;105;20.1;28;5.4;47;9.0;0;0.0;PACMA;84;16.1;ANDALUCISTAS-PA;39;7.5;;0;0.0;;0;0.0;;0;0.0
1102003015;Cádiz;54.3;PP;27.7;163;27.7;153;26.0;124;21.0;38;6.4;0;0.0;PCPA;46;7.8;;0;0.0;;0;0.0;;0;0.0;;0;0.0
1102003016;Cádiz;38.7;PP;43.1;94;43.1;21;9.6;16;7.3;0;0.0;0;0.0;PARTIDO AUTÓNOMOS;69;31.6;MUNDO+JUSTO;13;6.0;;0;0.0;;0;0.0;;0;0.0
1102003018;Cádiz;43.0;PSOE-A;28.3;103;25.1;116;28.3;45;11.0;41;10.0;53;12.9;;0;0.0;;0;0.0;;0;0.0;;0;0.0;;0;0.0
1102003020;Cádiz;47.4;PSOE-A;41.1;164;28.2;239;41.1;42;7.2;8;1.4;0;0.0;MUNDO+JUSTO;66;11.4;NA;24;4.1;;0;0.0;;0;0.0;;0;0.0
1102003021;Cádiz;59.9;PP;36.0;166;36.0;75;16.3;71;15.4;34;7.4;0;0.0;FE de las JONS;79;17.1;;0;0.0;;0;0.0;;0;0.0;;0;0.0
1102004001;Cádiz;76.7;PP;52.9;603;52.9;134;11.8;170;14.9;0;0.0;72;6.3;NA;66;5.8;;0;0.0;;0;0.0;;0;0.0;;0;0.0
1102004002;Cádiz;73.0;PP;37.2;357;37.2;157;16.4;83;8.6;121;12.6;0;0.0;100x100;95;9.9;;0;0.0;;0;0.0;;0;0.0;;0;0.0
1102004003;Cádiz;66.8;PP;47.5;519;47.5;63;5.8;141;12.9;29;2.6;0;0.0;PCPA;117;10.7;MUNDO+JUSTO;67;6.1;NA;66;6.0;;0;0.0;;0;0.0
1102004004;Cádiz;76.4;PP;61.9;568;61.9;4;0.4;105;11.4;31;3.4;0;0.0;MUNDO+JUSTO;92;10.0;NA;63;6.9;PARTIDO AUTÓNOMOS;32;3.5;;0;0.0;;0;0.0
1102004005;Cádiz;73.5;PP;48.2;475;48.2;128;13.0;103;10.4;18;1.8;0;0.0;PCPA;108;11.0;PACMA;57;5.8;;0;0.0;;0;0.0;;0;0.0
1102004006;Cádiz;73.7;PP;55.1;631;55.1;125;10.9;170;14.8;82;7.2;0;0.0;PARTIDO AUTÓNOMOS;83;7.2;;0;0.0;;0;0.0;;0;0.0;;0;0.0
1102004007;Cádiz;68.0;PP;38.1;296;38.1;106;13.7;139;17.9;55;7.1;0;0.0;NA;49;6.3;;0;0.0;;0;0.0;;0;0.0;;0;0.0
1102004008;Cádiz;71.6;PP;51.7;390;51.7;56;7.4;109;14.4;38;5.0;0;0.0;ANDALUCISTAS-PA;35;4.6;;0;0.0;;0;0.0;;0;0.0;;0;0.0
1102004009;Cádiz;67.0;PP;40.8;352;40.8;92;10.7;127;14.7;51;5.9;0;0.0;ESCAÑOS EN BLANCO;77;8.9;FE de las JONS;68;7.9;;0;0.0;;0;0.0;;0;0.0
1102004010;Cádiz;76.2;PP;53.3;473;53.3;14;1.6;88;9.9;32;3.6;0;0.0;SALF;113;12.7;MUNDO+JUSTO;52;5.9;PARTIDO AUTÓNOMOS;51;5.8;;0;0.0;;0;0.0
1102004011;Cádiz;66.5;PP;52.8;564;52.8;61;5.7;126;11.8;9;0.8;88;8.2;PACMA;59;5.5;;0;0.0;;0;0.0;;0;0.0;;0;0.0
1102004012;Cádiz;74.6;PP;64.1;364;64.1;47;8.3;10;1.8;0;0.0;0;0.0;FE de las JONS;109;19.2;PACMA;23;4.0;PCPA;11;1.9;;0;0.0;;0;0.0
1102004013;Cádiz;61.1;PP;45.9;430;45.9;134;14.3;144;15.4;12;1.3;0;0.0;ESCAÑOS EN BLANCO;57;6.1;PACMA;45;4.8;;0;0.0;;0;0.0;;0;0.0
1102004014;Cádiz;68.5;PP;49.9;437;49.9;91;10.4;49;5.6;87;9.9;0;0.0;100x100;46;5.2;;0;0.0;;0;0.0;;0;0.0;;0;0.0
1102005001;Cádiz;56.4;PP;48.2;378;48.2;46;5.9;43;5.5;123;15.7;0;0.0;MUNDO+JUSTO;68;8.7;FE de las JONS;68;8.7;;0;0.0;;0;0.0;;0;0.0
1102005002;Cádiz;78.0;PP;61.3;271;61.3;32;7.2;36;8.1;26;5.9;0;0.0;PACMA;68;15.4;;0;0.0;;0;0.0;;0;0.0;;0;0.0
1102005003;Cádiz;71.7;PP;41.1;238;41.1;75;13.0;57;9.8;77;13.3;0;0.0;PARTIDO AUTÓNOMOS;88;15.2;;0;0.0;;0;0.0;;0;0.0;;0;0.0
1102005004;Cádiz;53.4;PP;48.2;225;48.2;32;6.8;13;2.8;33;7.1;0;0.0;ANDALUCISTAS-PA;79;16.9;ESCAÑOS EN BLANCO;36;7.7;;0;0.0;;0;0.0;;0;0.0
1102005005;Cádiz;63.8;PP;39.7;196;39.7;115;23.3;45;9.1;70;14.2;0;0.0;MUNDO+JUSTO;27;5.5;;0;0.0;;0;0.0;;0;0.0;;0;0.0
1102005006;Cádiz;50.4;PSOE-A;37.9;133;23.2;217;37.9;53;9.3;44;7.7;66;11.5;;0;0.0;;0;0.0;;0;0.0;;0;0.0;;0;0.0
1102005007;Cádiz;37.8;PP;27.6;59;27.6;45;21.0;56;26.2;9;4.2;0;0.0;PACMA;30;14.0;;0;0.0;;0;0.0;;0;0.0;;0;0.0
1102005008;Cádiz;57.3;PP;34.7;241;34.7;140;20.1;165;23.7;16;2.3;0;0.0;MUNDO+JUSTO;41;5.9;PCPA;22;3.2;;0;0.0;;0;0.0;;0;0.0
1102005010;Cádiz;46.8;PSOE-A;36.0;64;21.6;107;36.0;40;13.5;1;0.3;0;0.0;MUNDO+JUSTO;23;7.7;NA;20;6.7;;0;0.0;;0;0.0;;0;0.0
1102005011;Cádiz;48.0;PSOE-A;28.7;89;25.8;99;28.7;58;16.8;49;14.2;0;0.0;PARTIDO AUTÓNOMOS;20;5.8;;0;0.0;;0;0.0;;0;0.0;;0;0.0
1102005012;Cádiz;59.4;PP;42.3;217;42.3;65;12.7;14;2.7;61;11.9;117;22.8;NA;24;4.7;;0;0.0;;0;0.0;;0;0.0;;0;0.0
1102005013;Cádiz;56.4;PSOE-A;37.9;253;35.1;273;37.9;70;9.7;37;5.1;0;0.0;ESCAÑOS EN BLANCO;28;3.9;;0;0.0;;0;0.0;;0;0.0;;0;0.0
1102006001;Cádiz;62.1;PP;39.6;449;39.6;206;18.2;106;9.4;82;7.2;0;0.0;NA;152;13.4;;0;0.0;;0;0.0;;0;0.0;;0;0.0
1102006002;Cádiz;64.5;PP;39.0;366;39.0;158;16.8;151;16.1;70;7.4;0;0.0;MUNDO+JUSTO;85;9.0;;0;0.0;;0;0.0;;0;0.0;;0;0.0
1102006003;Cádiz;41.0;PACMA;34.2;112;33.3;58;17.3;21;6.2;0;0.0;0;0.0;PACMA;115;34.2;ESCAÑOS EN BLANCO;19;5.6;;0;0.0;;0;0.0;;0;0.0
1102006004;Cádiz;54.5;PSOE-A;37.2;78;21.8;133;37.2;1;0.3;15;4.2;0;0.0;SALF;87;24.4;PCPA;15;4.2;;0;0.0;;0;0.0;;0;0.0
1102006005;Cádiz;49.8;PSOE-A;27.4;104;27.2;105;27.4;49;12.8;0;0.0;0;0.0;PACMA;29;7.6;PCPA;24;6.3;;0;0.0;;0;0.0;;0;0.0
1102006006;Cádiz;55.0;PP;30.0;140;30.0;110;23.6;38;8.1;50;10.7;105;22.5;;0;0.0;;0;0.0;;0;0.0;;0;0.0;;0;0.0
1102006007;Cádiz;49.1;PP;35.2;161;35.2;102;22.3;78;17.1;23;5.0;0;0.0;ANDALUCISTAS-PA;34;7.4;;0;0.0;;0;0.0;;0;0.0;;0;0.0
1102006008;Cádiz;54.2;PSOE-A;29.6;85;28.9;87;29.6;10;3.4;0;0.0;0;0.0;PARTIDO AUTÓNOMOS;62;21.1;MUNDO+JUSTO;21;7.1;PCPA;15;5.1;;0;0.0;;0;0.0
1102006009;Cádiz;53.3;PSOE-A;41.4;80;21.5;154;41.4;0;0.0;57;15.3;0;0.0;FE de las JONS;44;11.8;ESCAÑOS EN BLANCO;21;5.6;;0;0.0;;0;0.0;;0;0.0
1102006010;Cádiz;54.1;PSOE-A;31.0;101;25.9;121;31.0;43;11.0;39;10.0;0;0.0;PACMA;59;15.1;;0;0.0;;0;0.0;;0;0.0;;0;0.0
1102006011;Cádiz;64.1;Empate;31.7;266;31.7;266;31.7;92;11.0;88;10.5;0;0.0;ANDALUCISTAS-PA;46;5.5;;0;0.0;;0;0.0;;0;0.0;;0;0.0
1102006013;Cádiz;46.5;PP;29.1;109;29.1;83;22.2;32;8.6;53;14.2;52;13.9;;0;0.0;;0;0.0;;0;0.0;;0;0.0;;0;0.0
1102006014;Cádiz;48.5;PP;34.3;145;34.3;135;31.9;22;5.2;11;2.6;0;0.0;PARTIDO AUTÓNOMOS;60;14.2;ESCAÑOS EN BLANCO;23;5.4;;0;0.0;;0;0.0;;0;0.0
1102006016;Cádiz;54.8;PP;36.8;189;36.8;75;14.6;31;6.0;29;5.6;0;0.0;FE de las JONS;55;10.7;NA;54;10.5;;0;0.0;;0;0.0;;0;0.0
1102006017;Cádiz;50.4;PP;35.8;190;35.8;96;18.1;125;23.6;39;7.4;0;0.0;ESCAÑOS EN BLANCO;21;4.0;;0;0.0;;0;0.0;;0;0.0;;0;0.0
1102006018;Cádiz;51.1;PP;27.8;191;27.8;180;26.2;13;1.9;63;9.2;0;0.0;100x100;68;9.9;MUNDO+JUSTO;59;8.6;;0;0.0;;0;0.0;;0;0.0
1102006019;Cádiz;62.6;PP;41.3;249;41.3;108;17.9;27;4.5;19;3.2;0;0.0;PARTIDO AUTÓNOMOS;68;11.3;ANDALUSÍ;61;10.1;;0;0.0;;0;0.0;;0;0.0
1102006020;Cádiz;59.3;PP;34.2;248;34.2;158;21.8;74;10.2;48;6.6;0;0.0;MUNDO+JUSTO;100;13.8;;0;0.0;;0;0.0;;0;0.0;;0;0.0
1102006021;Cádiz;56.2;PP;38.7;271;38.7;97;13.8;57;8.1;24;3.4;0;0.0;FE de las JONS;87;12.4;PACMA;81;11.6;;0;0.0;;0;0.0;;0;0.0
1102006022;Cádiz;51.9;PSOE-A;34.0;66;20.4;110;34.0;3;0.9;50;15.4;0;0.0;PCPA;84;25.9;NA;8;2.5;;0;0.0;;0;0.0;;0;0.0
1102006023;Cádiz;53.4;PP;36.8;216;36.8;109;18.6;86;14.6;25;4.3;0;0.0;PARTIDO AUTÓNOMOS;83;14.1;;0;0.0;;0;0.0;;0;0.0;;0;0.0
1102006024;Cádiz;64.6;PP;36.5;304;36.5;150;18.0;124;14.9;31;3.7;0;0.0;MUNDO+JUSTO;89;10.7;FE de las JONS;41;4.9;;0;0.0;;0;0.0;;0;0.0
1102006025;Cádiz;59.5;PP;34.4;218;34.4;129;20.4;50;7.9;109;17.2;0;0.0;ANDALUCISTAS-PA;70;11.1;;0;0.0;;0;0.0;;0;0.0;;0;0.0
1102006026;Cádiz;60.7;PP;41.2;202;41.2;62;12.6;40;8.2;16;3.3;0;0.0;ANDALUCISTAS-PA;92;18.8;PACMA;39;8.0;;0;0.0;;0;0.0;;0;0.0
1102006028;Cádiz;59.2;PP;36.1;200;36.1;108;19.5;71;12.8;27;4.9;0;0.0;ANDALUCISTAS-PA;54;9.8;PCPA;41;7.4;;0;0.0;;0;0.0;;0;0.0
1102006029;Cádiz;57.6;PP;36.2;290;36.2;116;14.5;97;12.1;7;0.9;77;9.6;MUNDO+JUSTO;144;18.0;;0;0.0;;0;0.0;;0;0.0;;0;0.0
1102006030;Cádiz;62.5;PP;45.5;386;45.5;163;19.2;58;6.8;16;1.9;0;0.0;PACMA;93;11.0;MUNDO+JUSTO;47;5.5;;0;0.0;;0;0.0;;0;0.0
1102006031;Cádiz;56.9;PP;32.0;196;32.0;142;23.2;50;8.2;112;18.3;0;0.0;PCPA;45;7.3;;0;0.0;;0;0.0;;0;0.0;;0;0.0
1102006032;Cádiz;51.5;PP;30.9;209;30.9;146;21.6;51;7.5;8;1.2;0;0.0;ANDALUSÍ;84;12.4;ANDALUCISTAS-PA;51;7.5;;0;0.0;;0;0.0;;0;0.0
1102006033;Cádiz;54.3;PSOE-A;42.0;212;27.9;319;42.0;108;14.2;2;0.3;0;0.0;MUNDO+JUSTO;68;9.0;ESCAÑOS EN BLANCO;16;2.1;;0;0.0;;0;0.0;;0;0.0
1102006034;Cádiz;67.6;Empate;25.1;149;25.1;149;25.1;123;20.7;1;0.2;0;0.0;PACMA;132;22.3;PCPA;21;3.5;;0;0.0;;0;0.0;;0;0.0
1102006035;Cádiz;66.5;PP;43.9;376;43.9;101;11.8;77;9.0;24;2.8;0;0.0;PCPA;110;12.8;MUNDO+JUSTO;58;6.8;;0;0.0;;0;0.0;;0;0.0
1102006036;Cádiz;58.9;PP;32.0;347;32.0;230;21.2;82;7.6;72;6.6;0;0.0;PCPA;113;10.4;;0;0.0;;0;0.0;;0;0.0;;0;0.0
1102006037;Cádiz;68.2;PP;38.8;339;38.8;144;16.5;60;6.9;154;17.6;0;0.0;NA;99;11.3;;0;0.0;;0;0.0;;0;0.0;;0;0.0
1102006038;Cádiz;62.6;PP;40.0;367;40.0;171;18.6;53;5.8;118;12.8;0;0.0;MUNDO+JUSTO;98;10.7;;0;0.0;;0;0.0;;0;0.0;;0;0.0
1102006039;Cádiz;61.6;PP;42.3;454;42.3;55;5.1;128;11.9;82;7.6;0;0.0;PACMA;106;9.9;ESCAÑOS EN BLANCO;102;9.5;;0;0.0;;0;0.0;;0;0.0
1102006040;Cádiz;59.3;PP;37.7;280;37.7;88;11.9;81;10.9;58;7.8;0;0.0;ESCAÑOS EN BLANCO;66;8.9;;0;0.0;;0;0.0;;0;0.0;;0;0.0
1102006041;Cádiz;52.0;PP;32.4;166;32.4;112;21.9;43;8.4;7;1.4;0;0.0;PCPA;44;8.6;100x100;36;7.0;;0;0.0;;0;0.0;;0;0.0
1102006042;Cádiz;55.1;PP;37.2;200;37.2;111;20.6;81;15.1;44;8.2;0;0.0;ANDALUSÍ;61;11.3;;0;0.0;;0;0.0;;0;0.0;;0;0.0
1102006043;Cádiz;53.1;PP;37.6;187;37.6;38;7.6;61;12.2;30;6.0;0;0.0;SALF;105;21.1;PARTIDO AUTÓNOMOS;38;7.6;;0;0.0;;0;0.0;;0;0.0
1102006044;Cádiz;58.0;PP;30.1;257;30.1;185;21.7;196;23.0;7;0.8;0;0.0;MUNDO+JUSTO;88;10.3;PCPA;46;5.4;;0;0.0;;0;0.0;;0;0.0
1102006045;Cádiz;63.2;PP;37.7;186;37.7;126;25.6;32;6.5;21;4.3;0;0.0;PCPA;78;15.8;PARTIDO AUTÓNOMOS;40;8.1;;0;0.0;;0;0.0;;0;0.0
1102006046;Cádiz;54.2;PP;42.9;358;42.9;168;20.1;144;17.3;16;1.9;0;0.0;MUNDO+JUSTO;41;4.9;NA;30;3.6;;0;0.0;;0;0.0;;0;0.0
1102006047;Cádiz;54.4;PP;38.3;206;38.3;93;17.3;60;11.2;41;7.6;0;0.0;PCPA;77;14.3;;0;0.0;;0;0.0;;0;0.0;;0;0.0
1102006048;Cádiz;56.2;PP;36.7;279;36.7;135;17.8;94;12.4;0;0.0;0;0.0;MUNDO+JUSTO;96;12.6;ANDALUCISTAS-PA;65;8.6;;0;0.0;;0;0.0;;0;0.0
1102006049;Cádiz;58.7;PP;43.8;294;43.8;79;11.8;74;11.0;16;2.4;0;0.0;FE de las JONS;80;11.9;ESCAÑOS EN BLANCO;53;7.9;;0;0.0;;0;0.0;;0;0.0
1102006050;Cádiz;57.4;PP;44.2;265;44.2;78;13.0;11;1.8;11;1.8;0;0.0;PACMA;179;29.8;MUNDO+JUSTO;37;6.2;;0;0.0;;0;0.0;;0;0.0
1102006051;Cádiz;56.6;PP;36.2;176;36.2;35;7.2;75;15.4;44;9.0;0;0.0;SALF;50;10.3;MUNDO+JUSTO;49;10.1;;0;0.0;;0;0.0;;0;0.0
1102006052;Cádiz;46.1;PP;32.5;150;32.5;71;15.4;134;29.0;9;2.0;0;0.0;PARTIDO AUTÓNOMOS;38;8.2;PACMA;31;6.7;;0;0.0;;0;0.0;;0;0.0
1102006053;Cádiz;65.5;PP;44.3;268;44.3;154;25.4;14;2.3;30;5.0;0;0.0;PACMA;37;6.1;PCPA;32;5.3;;0;0.0;;0;0.0;;0;0.0
1102006054;Cádiz;54.7;PP;43.0;231;43.0;55;10.2;57;10.6;87;16.2;0;0.0;FE de las JONS;29;5.4;;0;0.0;;0;0.0;;0;0.0;;0;0.0
1102007001;Cádiz;50.0;PP;45.3;192;45.3;34;8.0;24;5.7;93;21.9;0;0.0;PARTIDO AUTÓNOMOS;22;5.2;;0;0.0;;0;0.0;;0;0.0;;0;0.0
1102007002;Cádiz;44.3;PP;30.6;152;30.6;111;22.4;75;15.1;19;3.8;32;6.4;FE de las JONS;54;10.9;;0;0.0;;0;0.0;;0;0.0;;0;0.0
1102007003;Cádiz;31.6;PSOE-A;31.3;82;27.9;92;31.3;28;9.5;3;1.0;0;0.0;FE de las JONS;39;13.3;SALF;18;6.1;;0;0.0;;0;0.0;;0;0.0
1102007004;Cádiz;40.9;PSOE-A;25.4;52;23.2;57;25.4;37;16.5;4;1.8;0;0.0;FE de las JONS;41;18.3;MUNDO+JUSTO;16;7.1;;0;0.0;;0;0.0;;0;0.0
1102007005;Cádiz;59.4;PP;49.7;251;49.7;32;6.3;36;7.1;17;3.4;0;0.0;NA;64;12.7;PACMA;45;8.9;;0;0.0;;0;0.0;;0;0.0
1102007006;Cádiz;34.4;PP;35.1;125;35.1;106;29.8;50;14.0;8;2.2;0;0.0;ANDALUSÍ;37;10.4;NA;12;3.4;;0;0.0;;0;0.0;;0;0.0
1102007009;Cádiz;32.8;PP;30.3;71;30.3;70;29.9;5;2.1;29;12.4;0;0.0;100x100;30;12.8;MUNDO+JUSTO;15;6.4;;0;0.0;;0;0.0;;0;0.0
1102007010;Cádiz;45.2;PP;35.9;127;35.9;75;21.2;44;12.4;2;0.6;0;0.0;MUNDO+JUSTO;59;16.7;NA;18;5.1;;0;0.0;;0;0.0;;0;0.0
1102007011;Cádiz;53.8;PP;26.6;111;26.6;107;25.6;8;1.9;26;6.2;0;0.0;NA;72;17.2;PACMA;30;7.2;;0;0.0;;0;0.0;;0;0.0
1102007012;Cádiz;23.4;PSOE-A;33.4;78;26.9;97;33.4;46;15.9;5;1.7;0;0.0;SALF;21;7.2;PACMA;13;4.5;;0;0.0;;0;0.0;;0;0.0
1102007013;Cádiz;40.2;PP;36.8;149;36.8;61;15.1;45;11.1;24;5.9;0;0.0;100x100;47;11.6;PCPA;46;11.4;;0;0.0;;0;0.0;;0;0.0
1102007014;Cádiz;33.4;PSOE-A;35.6;95;29.4;115;35.6;28;8.7;37;11.5;0;0.0;PACMA;15;4.6;;0;0.0;;0;0.0;;0;0.0;;0;0.0
1102007015;Cádiz;52.5;PP;35.0;235;35.0;122;18.2;110;16.4;98;14.6;0;0.0;ANDALUSÍ;33;4.9;;0;0.0;;0;0.0;;0;0.0;;0;0.0
1102007016;Cádiz;56.7;PP;51.5;295;51.5;154;26.9;31;5.4;7;1.2;0;0.0;MUNDO+JUSTO;35;6.1;PCPA;24;4.2;;0;0.0;;0;0.0;;0;0.0
1102007017;Cádiz;36.2;PP;34.1;114;34.1;87;26.0;44;13.2;34;10.2;0;0.0;ESCAÑOS EN BLANCO;18;5.4;;0;0.0;;0;0.0;;0;0.0;;0;0.0
1102007018;Cádiz;55.0;PP;30.5;154;30.5;113;22.4;8;1.6;83;16.4;0;0.0;NA;86;17.0;PCPA;34;6.7;;0;0.0;;0;0.0;;0;0.0
1102007019;Cádiz;46.1;PP;37.9;325;37.9;103;12.0;127;14.8;64;7.5;0;0.0;PACMA;70;8.2;;0;0.0;;0;0.0;;0;0.0;;0;0.0
1102007020;Cádiz;56.5;PP;58.6;318;58.6;82;15.1;52;9.6;11;2.0;0;0.0;PACMA;27;5.0;MUNDO+JUSTO;23;4.2;;0;0.0;;0;0.0;;0;0.0
1102007021;Cádiz;64.3;PP;40.7;343;40.7;148;17.6;165;19.6;19;2.3;39;4.6;MUNDO+JUSTO;47;5.6;;0;0.0;;0;0.0;;0;0.0;;0;0.0
1102007022;Cádiz;54.9;PP;35.9;194;35.9;87;16.1;71;13.1;12;2.2;0;0.0;PCPA;50;9.2;100x100;43;8.0;;0;0.0;;0;0.0;;0;0.0
1102007023;Cádiz;35.4;PSOE-A;29.9;106;24.0;132;29.9;98;22.2;20;4.5;0;0.0;MUNDO+JUSTO;38;8.6;NA;21;4.8;;0;0.0;;0;0.0;;0;0.0
1102007024;Cádiz;66.7;PP;44.4;235;44.4;44;8.3;96;18.2;11;2.1;0;0.0;PARTIDO AUTÓNOMOS;72;13.6;PACMA;33;6.2;;0;0.0;;0;0.0;;0;0.0
1102008001;Cádiz;52.1;PP;45.7;394;45.7;111;12.9;76;8.8;99;11.5;44;5.1;ESCAÑOS EN BLANCO;78;9.0;;0;0.0;;0;0.0;;0;0.0;;0;0.0
1102008002;Cádiz;61.9;PP;35.3;270;35.3;117;15.3;104;13.6;19;2.5;55;7.2;MUNDO+JUSTO;62;8.1;;0;0.0;;0;0.0;;0;0.0;;0;0.0
1102009002;Cádiz;57.5;PSOE-A;44.5;194;28.5;303;44.5;44;6.5;24;3.5;0;0.0;PARTIDO AUTÓNOMOS;39;5.7;;0;0.0;;0;0.0;;0;0.0;;0;0.0
1102009004;Cádiz;56.4;PP;35.3;315;35.3;212;23.8;66;7.4;18;2.0;0;0.0;PCPA;89;10.0;100x100;85;9.5;;0;0.0;;0;0.0;;0;0.0
1102009005;Cádiz;55.2;PP;36.9;344;36.9;219;23.5;80;8.6;16;1.7;0;0.0;SALF;137;14.7;MUNDO+JUSTO;42;4.5;;0;0.0;;0;0.0;;0;0.0
1102009006;Cádiz;51.5;PP;36.4;237;36.4;199;30.6;32;4.9;22;3.4;0;0.0;PCPA;76;11.7;PARTIDO AUTÓNOMOS;41;6.3;;0;0.0;;0;0.0;;0;0.0
1102009007;Cádiz;60.6;PSOE-A;38.7;172;15.3;435;38.7;123;10.9;66;5.9;24;2.1;NA;174;15.5;;0;0.0;;0;0.0;;0;0.0;;0;0.0
1102009008;Cádiz;55.1;PSOE-A;42.5;175;27.6;270;42.5;82;12.9;18;2.8;0;0.0;PCPA;56;8.8;;0;0.0;;0;0.0;;0;0.0;;0;0.0
1102009009;Cádiz;52.5;PP;29.0;111;29.0;101;26.4;0;0.0;49;12.8;49;12.8;PACMA;31;8.1;;0;0.0;;0;0.0;;0;0.0;;0;0.0
1102009010;Cádiz;53.0;PSOE-A;40.0;84;27.5;122;40.0;14;4.6;9;3.0;10;3.3;ESCAÑOS EN BLANCO;19;6.2;MUNDO+JUSTO;17;5.6;PACMA;14;4.6;;0;0.0;;0;0.0
1102009011;Cádiz;53.8;PSOE-A;52.0;88;16.6;275;52.0;57;10.8;10;1.9;0;0.0;PACMA;72;13.6;ESCAÑOS EN BLANCO;12;2.3;;0;0.0;;0;0.0;;0;0.0
1102009012;Cádiz;49.8;PSOE-A;34.2;90;23.9;129;34.2;89;23.6;2;0.5;0;0.0;PARTIDO AUTÓNOMOS;20;5.3;MUNDO+JUSTO;14;3.7;;0;0.0;;0;0.0;;0;0.0
1102009013;Cádiz;51.7;PP;30.5;225;30.5;194;26.3;113;15.3;70;9.5;0;0.0;NA;66;8.9;;0;0.0;;0;0.0;;0;0.0;;0;0.0
1102009014;Cádiz;51.8;PP;40.6;278;40.6;176;25.7;25;3.6;12;1.8;22;3.2;PARTIDO AUTÓNOMOS;64;9.3;MUNDO+JUSTO;34;5.0;FE de las JONS;31;4.5;;0;0.0;;0;0.0
1102010001;Cádiz;41.3;PSOE-A;38.1;64;23.4;104;38.1;31;11.4;5;1.8;0;0.0;SALF;51;18.7;NA;9;3.3;;0;0.0;;0;0.0;;0;0.0
1102010002;Cádiz;41.9;PP;35.0;98;35.0;79;28.2;30;10.7;0;0.0;0;0.0;SALF;45;16.1;PARTIDO AUTÓNOMOS;10;3.6;;0;0.0;;0;0.0;;0;0.0
1102010003;Cádiz;50.8;PSOE-A;35.8;132;25.7;184;35.8;39;7.6;16;3.1;0;0.0;NA;55;10.7;FE de las JONS;53;10.3;;0;0.0;;0;0.0;;0;0.0
1102010004;Cádiz;50.8;PP;36.0;117;36.0;68;20.9;47;14.5;3;0.9;0;0.0;SALF;35;10.8;ANDALUCISTAS-PA;23;7.1;;0;0.0;;0;0.0;;0;0.0
1102101001;Cádiz;53.9;PP;47.3;339;47.3;102;14.2;38;5.3;78;10.9;12;1.7;PCPA;59;8.2;MUNDO+JUSTO;52;7.2;;0;0.0;;0;0.0;;0;0.0
1102101002;Cádiz;51.2;PSOE-A;32.6;120;31.8;123;32.6;8;2.1;33;8.8;0;0.0;ANDALUCISTAS-PA;65;17.2;PARTIDO AUTÓNOMOS;15;4.0;;0;0.0;;0;0.0;;0;0.0
1102102001;Cádiz;58.9;PP;33.8;289;33.8;215;25.2;136;15.9;19;2.2;0;0.0;PARTIDO AUTÓNOMOS;54;6.3;ESCAÑOS EN BLANCO;50;5.8;;0;0.0;;0;0.0;;0;0.0
1102103001;Cádiz;54.5;PP;37.6;255;37.6;159;23.4;50;7.4;14;2.1;0;0.0;ANDALUSÍ;111;16.4;NA;24;3.5;;0;0.0;;0;0.0;;0;0.0
1102201001;Cádiz;54.7;PP;46.1;276;46.1;68;11.4;104;17.4;0;0.0;0;0.0;100x100;44;7.4;NA;43;7.2;;0;0.0;;0;0.0;;0;0.0
1102201002;Cádiz;59.2;PP;51.0;412;51.0;74;9.2;101;12.5;24;3.0;0;0.0;NA;45;5.6;MUNDO+JUSTO;41;5.1;;0;0.0;;0;0.0;;0;0.0
1102201003;Cádiz;47.2;PP;41.5;136;41.5;35;10.7;70;21.3;5;1.5;0;0.0;PCPA;40;12.2;FE de las JONS;19;5.8;;0;0.0;;0;0.0;;0;0.0
1102201004;Cádiz;43.3;PP;43.6;220;43.6;90;17.9;62;12.3;0;0.0;36;7.1;FE de las JONS;49;9.7;;0;0.0;;0;0.0;;0;0.0;;0;0.0
1102201005;Cádiz;52.9;PP;56.2;314;56.2;67;12.0;58;10.4;37;6.6;0;0.0;ANDALUCISTAS-PA;23;4.1;;0;0.0;;0;0.0;;0;0.0;;0;0.0
1102201006;Cádiz;37.0;PP;37.7;146;37.7;99;25.6;50;12.9;30;7.8;0;0.0;SALF;26;6.7;;0;0.0;;0;0.0;;0;0.0;;0;0.0
1102202001;Cádiz;48.8;PP;37.3;241;37.3;116;18.0;106;16.4;60;9.3;0;0.0;PACMA;54;8.4;;0;0.0;;0;0.0;;0;0.0;;0;0.0
1102202002;Cádiz;43.3;PP;43.3;181;43.3;65;15.6;54;12.9;16;3.8;0;0.0;NA;34;8.1;100x100;22;5.3;;0;0.0;;0;0.0;;0;0.0
1102202003;Cádiz;44.7;PP;63.7;170;63.7;30;11.2;10;3.8;35;13.1;0;0.0;FE de las JONS;10;3.8;;0;0.0;;0;0.0;;0;0.0;;0;0.0
1102202004;Cádiz;40.5;PP;54.4;160;54.4;17;5.8;49;16.7;3;1.0;0;0.0;NA;30;10.2;ESCAÑOS EN BLANCO;13;4.4;;0;0.0;;0;0.0;;0;0.0
1102202005;Cádiz;52.9;PP;51.7;399;51.7;70;9.1;74;9.6;77;10.0;0;0.0;ESCAÑOS EN BLANCO;68;8.8;;0;0.0;;0;0.0;;0;0.0;;0;0.0
1102202006;Cádiz;46.6;PP;43.4;200;43.4;13;2.8;85;18.4;32;6.9;0;0.0;MUNDO+JUSTO;39;8.5;PCPA;29;6.3;;0;0.0;;0;0.0;;0;0.0
1102202007;Cádiz;48.8;PP;41.1;265;41.1;83;12.9;76;11.8;26;4.0;0;0.0;FE de las JONS;87;13.5;NA;56;8.7;;0;0.0;;0;0.0;;0;0.0
1102203001;Cádiz;49.8;PP;46.1;234;46.1;82;16.1;90;17.7;0;0.0;0;0.0;ANDALUCISTAS-PA;34;6.7;FE de las JONS;17;3.4;;0;0.0;;0;0.0;;0;0.0
1102203002;Cádiz;46.1;PP;35.4;117;35.4;65;19.7;72;21.8;0;0.0;0;0.0;ESCAÑOS EN BLANCO;36;10.9;PCPA;18;5.4;;0;0.0;;0;0.0;;0;0.0
1102203003;Cádiz;46.6;PP;58.2;202;58.2;61;17.6;65;18.7;0;0.0;0;0.0;NA;17;4.9;MUNDO+JUSTO;1;0.3;;0;0.0;;0;0.0;;0;0.0
1102203004;Cádiz;45.2;PP;47.1;366;47.1;43;5.5;100;12.9;22;2.8;0;0.0;FE de las JONS;72;9.3;PCPA;69;8.9;MUNDO+JUSTO;48;6.2;;0;0.0;;0;0.0
1102203005;Cádiz;37.8;PP;66.8;207;66.8;19;6.1;41;13.2;5;1.6;0;0.0;PACMA;23;7.4;MUNDO+JUSTO;13;4.2;;0;0.0;;0;0.0;;0;0.0
1102203006;Cádiz;42.1;PP;37.9;156;37.9;66;16.0;33;8.0;50;12.1;51;12.4;NA;35;8.5;;0;0.0;;0;0.0;;0;0.0;;0;0.0
1102203007;Cádiz;37.8;PP;41.7;178;41.7;61;14.3;61;14.3;1;0.2;0;0.0;PACMA;49;11.5;100x100;30;7.0;;0;0.0;;0;0.0;;0;0.0
1102203008;Cádiz;43.9;PP;41.5;216;41.5;73;14.0;77;14.8;80;15.4;0;0.0;MUNDO+JUSTO;21;4.0;;0;0.0;;0;0.0;;0;0.0;;0;0.0
1102203009;Cádiz;45.6;PP;44.1;145;44.1;44;13.4;16;4.9;0;0.0;0;0.0;PACMA;78;23.7;MUNDO+JUSTO;31;9.4;;0;0.0;;0;0.0;;0;0.0
1102203010;Cádiz;45.9;PP;35.0;143;35.0;106;26.0;82;20.1;5;1.2;0;0.0;PACMA;38;9.3;MUNDO+JUSTO;17;4.2;;0;0.0;;0;0.0;;0;0.0
1102203011;Cádiz;44.2;PP;40.0;185;40.0;46;9.9;38;8.2;71;15.3;0;0.0;ANDALUSÍ;35;7.6;;0;0.0;;0;0.0;;0;0.0;;0;0.0
1102203012;Cádiz;35.8;PP;39.3;205;39.3;143;27.4;103;19.7;7;1.3;0;0.0;ANDALUCISTAS-PA;28;5.4;PACMA;23;4.4;;0;0.0;;0;0.0;;0;0.0
1102203013;Cádiz;46.6;PP;34.7;151;34.7;73;16.8;54;12.4;13;3.0;0;0.0;PARTIDO AUTÓNOMOS;86;19.8;FE de las JONS;19;4.4;;0;0.0;;0;0.0;;0;0.0
1102204001;Cádiz;38.3;PP;42.9;173;42.9;83;20.6;34;8.4;22;5.5;0;0.0;NA;40;9.9;;0;0.0;;0;0.0;;0;0.0;;0;0.0
1102204002;Cádiz;43.6;PP;32.4;131;32.4;110;27.2;50;12.4;25;6.2;0;0.0;FE de las JONS;27;6.7;;0;0.0;;0;0.0;;0;0.0;;0;0.0
1102204003;Cádiz;22.5;PSOE-A;38.1;37;23.9;59;38.1;4;2.6;0;0.0;49;31.6;MUNDO+JUSTO;3;1.9;;0;0.0;;0;0.0;;0;0.0;;0;0.0
1102204004;Cádiz;34.6;PP;40.9;151;40.9;35;9.5;26;7.0;34;9.2;0;0.0;ANDALUCISTAS-PA;44;11.9;FE de las JONS;36;9.8;;0;0.0;;0;0.0;;0;0.0
1102204005;Cádiz;28.5;PP;35.6;83;35.6;46;19.7;23;9.9;13;5.6;0;0.0;PACMA;45;19.3;NA;15;6.4;;0;0.0;;0;0.0;;0;0.0
1102204006;Cádiz;39.3;PP;43.3;136;43.3;43;13.7;62;19.8;22;7.0;0;0.0;PCPA;24;7.6;;0;0.0;;0;0.0;;0;0.0;;0;0.0
1102205001;Cádiz;36.5;PP;35.5;109;35.5;57;18.6;46;15.0;0;0.0;0;0.0;MUNDO+JUSTO;50;16.3;PACMA;22;7.2;;0;0.0;;0;0.0;;0;0.0
1102205002;Cádiz;16.7;PSOE-A;35.0;28;20.4;48;35.0;14;10.2;6;4.4;0;0.0;NA;33;24.1;PCPA;8;5.8;;0;0.0;;0;0.0;;0;0.0
1102205003;Cádiz;33.0;PP;32.3;121;32.3;91;24.3;41;10.9;49;13.1;0;0.0;ANDALUCISTAS-PA;27;7.2;;0;0.0;;0;0.0;;0;0.0;;0;0.0
1102205004;Cádiz;26.8;Empate;26.3;46;26.3;40;22.9;14;8.0;0;0.0;0;0.0;FE de las JONS;46;26.3;PACMA;11;6.3;;0;0.0;;0;0.0;;0;0.0
1102205005;Cádiz;21.3;PSOE-A;41.3;57;18.7;126;41.3;44;14.4;0;0.0;17;5.6;MUNDO+JUSTO;19;6.2;PCPA;17;5.6;;0;0.0;;0;0.0;;0;0.0
1102205007;Cádiz;22.0;PSOE-A;27.3;64;26.4;66;27.3;26;10.7;45;18.6;0;0.0;ANDALUSÍ;20;8.3;;0;0.0;;0;0.0;;0;0.0;;0;0.0
1102206001;Cádiz;29.8;Empate;28.1;75;28.1;75;28.1;32;12.0;6;2.2;0;0.0;PARTIDO AUTÓNOMOS;42;15.7;PCPA;11;4.1;;0;0.0;;0;0.0;;0;0.0
1102206002;Cádiz;24.7;PP;35.8;67;35.8;36;19.2;27;14.4;7;3.7;0;0.0;FE de las JONS;18;9.6;MUNDO+JUSTO;14;7.5;;0;0.0;;0;0.0;;0;0.0
1102206003;Cádiz;29.0;PSOE-A;26.4;48;22.2;57;26.4;38;17.6;4;1.8;0;0.0;FE de las JONS;55;25.5;PARTIDO AUTÓNOMOS;13;6.0;;0;0.0;;0;0.0;;0;0.0
1102206004;Cádiz;30.8;PP;28.4;66;28.4;60;25.9;34;14.7;3;1.3;0;0.0;PACMA;45;19.4;PARTIDO AUTÓNOMOS;13;5.6;;0;0.0;;0;0.0;;0;0.0
1102206005;Cádiz;20.6;PSOE-A;35.5;41;24.7;59;35.5;28;16.9;1;0.6;0;0.0;NA;17;10.2;MUNDO+JUSTO;12;7.2;;0;0.0;;0;0.0;;0;0.0
1102206006;Cádiz;24.8;PSOE-A;34.3;40;29.2;47;34.3;8;5.8;3;2.2;0;0.0;SALF;24;17.5;MUNDO+JUSTO;6;4.4;;0;0.0;;0;0.0;;0;0.0
1102206007;Cádiz;35.9;PP;36.8;163;36.8;71;16.0;31;7.0;59;13.3;18;4.1;PACMA;28;6.3;;0;0.0;;0;0.0;;0;0.0;;0;0.0
1102207001;Cádiz;27.7;PP;28.8;129;28.8;11;2.5;115;25.7;49;10.9;0;0.0;ESCAÑOS EN BLANCO;58;13.0;ANDALUSÍ;42;9.4;;0;0.0;;0;0.0;;0;0.0
1102207002;Cádiz;36.9;PP;40.9;205;40.9;24;4.8;72;14.4;54;10.8;0;0.0;ESCAÑOS EN BLANCO;52;10.4;SALF;43;8.6;;0;0.0;;0;0.0;;0;0.0
1102207003;Cádiz;44.6;PP;42.8;258;42.8;61;10.1;83;13.8;20;3.3;0;0.0;PARTIDO AUTÓNOMOS;71;11.8;FE de las JONS;54;9.0;;0;0.0;;0;0.0;;0;0.0
1102207004;Cádiz;40.4;PP;45.4;212;45.4;43;9.2;57;12.2;26;5.6;0;0.0;MUNDO+JUSTO;56;12.0;PARTIDO AUTÓNOMOS;29;6.2;;0;0.0;;0;0.0;;0;0.0
1102301001;Cádiz;60.4;PP;42.0;173;42.0;69;16.8;39;9.5;1;0.2;0;0.0;SALF;98;23.8;NA;13;3.2;;0;0.0;;0;0.0;;0;0.0
1102302001;Cádiz;56.5;PSOE-A;34.7;130;33.4;135;34.7;39;10.0;31;8.0;0;0.0;ESCAÑOS EN BLANCO;20;5.1;;0;0.0;;0;0.0;;0;0.0;;0;0.0
1102303001;Cádiz;63.4;PP;50.8;214;50.8;125;29.7;0;0.0;32;7.6;0;0.0;MUNDO+JUSTO;40;9.5;FE de las JONS;8;1.9;;0;0.0;;0;0.0;;0;0.0
1102304001;Cádiz;66.9;PP;43.5;192;43.5;105;23.8;0;0.0;55;12.5;0;0.0;MUNDO+JUSTO;50;11.3;PCPA;27;6.1;;0;0.0;;0;0.0;;0;0.0
1102305001;Cádiz;58.3;PP;34.2;276;34.2;245;30.4;76;9.4;23;2.8;0;0.0;PCPA;81;10.0;MUNDO+JUSTO;35;4.3;;0;0.0;;0;0.0;;0;0.0
1102305002;Cádiz;59.9;PP;36.3;294;36.3;274;33.9;56;6.9;5;0.6;0;0.0;FE de las JONS;54;6.7;ESCAÑOS EN BLANCO;48;5.9;;0;0.0;;0;0.0;;0;0.0
1102305003;Cádiz;57.0;PSOE-A;35.1;113;29.6;134;35.1;0;0.0;42;11.0;50;13.1;FE de las JONS;20;5.2;;0;0.0;;0;0.0;;0;0.0;;0;0.0
1102305004;Cádiz;59.3;PP;29.4;165;29.4;140;25.0;1;0.2;101;18.0;0;0.0;NA;132;23.5;PCPA;12;2.1;;0;0.0;;0;0.0;;0;0.0
1102305005;Cádiz;50.5;PP;44.6;247;44.6;99;17.9;43;7.8;35;6.3;0;0.0;PCPA;45;8.1;;0;0.0;;0;0.0;;0;0.0;;0;0.0
1102306001;Cádiz;56.4;PSOE-A;29.1;212;26.0;237;29.1;40;4.9;96;11.8;0;0.0;PACMA;94;11.5;ANDALUCISTAS-PA;47;5.8;;0;0.0;;0;0.0;;0;0.0
1102401001;Cádiz;52.6;PP;38.7;120;38.7;83;26.8;19;6.1;20;6.4;0;0.0;ESCAÑOS EN BLANCO;35;11.3;PARTIDO AUTÓNOMOS;24;7.7;;0;0.0;;0;0.0;;0;0.0
1102402001;Cádiz;58.4;PP;34.2;121;34.2;112;31.6;5;1.4;13;3.7;0;0.0;PACMA;63;17.8;ESCAÑOS EN BLANCO;22;6.2;;0;0.0;;0;0.0;;0;0.0
1102402002;Cádiz;53.6;PP;40.2;142;40.2;95;26.9;5;1.4;44;12.5;0;0.0;ESCAÑOS EN BLANCO;20;5.7;100x100;18;5.1;;0;0.0;;0;0.0;;0;0.0
1102403001;Cádiz;64.3;PP;51.2;220;51.2;55;12.8;25;5.8;34;7.9;0;0.0;PCPA;58;13.5;NA;26;6.0;;0;0.0;;0;0.0;;0;0.0
1102404001;Cádiz;61.9;PP;43.9;260;43.9;96;16.2;33;5.6;54;9.1;0;0.0;ANDALUCISTAS-PA;69;11.7;MUNDO+JUSTO;36;6.1;;0;0.0;;0;0.0;;0;0.0
1102404002;Cádiz;61.5;PP;45.8;267;45.8;108;18.5;24;4.1;53;9.1;0;0.0;ANDALUCISTAS-PA;31;5.3;PCPA;28;4.8;;0;0.0;;0;0.0;;0;0.0
1102404003;Cádiz;70.8;PP;35.0;232;35.0;158;23.9;56;8.5;73;11.0;74;11.2;;0;0.0;;0;0.0;;0;0.0;;0;0.0;;0;0.0
1102404004;Cádiz;62.1;PP;46.5;245;46.5;63;12.0;83;15.8;10;1.9;0;0.0;PARTIDO AUTÓNOMOS;31;5.9;PCPA;26;4.9;;0;0.0;;0;0.0;;0;0.0
1102501001;Cádiz;55.1;PP;48.5;362;48.5;154;20.6;49;6.6;27;3.6;0;0.0;PARTIDO AUTÓNOMOS;50;6.7;;0;0.0;;0;0.0;;0;0.0;;0;0.0
1102501002;Cádiz;59.5;PP;43.9;415;43.9;244;25.8;6;0.6;41;4.3;0;0.0;PCPA;107;11.3;ANDALUSÍ;91;9.6;;0;0.0;;0;0.0;;0;0.0
1102501003;Cádiz;58.1;PP;43.1;401;43.1;268;28.8;27;2.9;4;0.4;0;0.0;NA;111;11.9;SALF;50;5.4;MUNDO+JUSTO;29;3.1;;0;0.0;;0;0.0
1102601001;Cádiz;67.8;PP;41.6;408;41.6;222;22.6;61;6.2;124;12.6;0;0.0;ANDALUSÍ;99;10.1;;0;0.0;;0;0.0;;0;0.0;;0;0.0
1102601002;Cádiz;62.0;PP;43.5;161;43.5;61;16.5;60;16.2;0;0.0;0;0.0;ANDALUCISTAS-PA;49;13.2;MUNDO+JUSTO;25;6.8;;0;0.0;;0;0.0;;0;0.0
1102602001;Cádiz;66.5;PP;48.0;345;48.0;112;15.6;116;16.1;20;2.8;0;0.0;PACMA;87;12.1;NA;21;2.9;;0;0.0;;0;0.0;;0;0.0
1102602002;Cádiz;60.2;PP;44.8;421;44.8;155;16.5;35;3.7;29;3.1;0;0.0;MUNDO+JUSTO;205;21.8;FE de las JONS;50;5.3;;0;0.0;;0;0.0;;0;0.0
1102701001;Cádiz;47.3;PP;34.1;229;34.1;98;14.6;81;12.0;58;8.6;0;0.0;PCPA;80;11.9;ANDALUCISTAS-PA;70;10.4;;0;0.0;;0;0.0;;0;0.0
1102701002;Cádiz;47.6;PP;31.6;119;31.6;58;15.4;28;7.4;36;9.6;0;0.0;ANDALUCISTAS-PA;42;11.1;PACMA;32;8.5;;0;0.0;;0;0.0;;0;0.0
1102701003;Cádiz;44.2;PP;30.4;150;30.4;110;22.3;85;17.2;10;2.0;0;0.0;PARTIDO AUTÓNOMOS;84;17.0;NA;23;4.7;;0;0.0;;0;0.0;;0;0.0
1102701004;Cádiz;45.5;PP;25.7;127;25.7;117;23.6;64;12.9;13;2.6;0;0.0;PCPA;74;15.0;100x100;49;9.9;;0;0.0;;0;0.0;;0;0.0
1102701005;Cádiz;36.0;PP;34.4;199;34.4;116;20.1;58;10.0;41;7.1;0;0.0;100x100;65;11.2;;0;0.0;;0;0.0;;0;0.0;;0;0.0
1102701006;Cádiz;46.1;PP;26.9;141;26.9;111;21.2;40;7.6;81;15.5;0;0.0;NA;70;13.4;;0;0.0;;0;0.0;;0;0.0;;0;0.0
1102701007;Cádiz;52.6;PP;31.0;149;31.0;90;18.8;12;2.5;82;17.1;0;0.0;SALF;52;10.8;PCPA;37;7.7;;0;0.0;;0;0.0;;0;0.0
1102701008;Cádiz;35.9;PP;28.5;117;28.5;78;19.0;31;7.6;45;11.0;46;11.2;SALF;55;13.4;;0;0.0;;0;0.0;;0;0.0;;0;0.0
1102701009;Cádiz;50.9;PorA;36.6;81;27.2;79;26.5;17;5.7;109;36.6;0;0.0;NA;10;3.4;;0;0.0;;0;0.0;;0;0.0;;0;0.0
1102701010;Cádiz;30.4;PP;28.0;60;28.0;37;17.3;17;7.9;28;13.1;0;0.0;100x100;47;22.0;;0;0.0;;0;0.0;;0;0.0;;0;0.0
1102701011;Cádiz;53.4;PP;55.1;178;55.1;48;14.9;44;13.6;12;3.7;0;0.0;NA;19;5.9;;0;0.0;;0;0.0;;0;0.0;;0;0.0
1102701012;Cádiz;59.9;PP;53.4;204;53.4;37;9.7;9;2.4;12;3.1;0;0.0;FE de las JONS;72;18.8;ESCAÑOS EN BLANCO;24;6.3;;0;0.0;;0;0.0;;0;0.0
1102701013;Cádiz;50.4;PP;29.0;91;29.0;70;22.3;60;19.1;7;2.2;0;0.0;PCPA;73;23.2;MUNDO+JUSTO;12;3.8;;0;0.0;;0;0.0;;0;0.0
1102701014;Cádiz;43.1;PP;45.2;164;45.2;41;11.3;57;15.7;42;11.6;0;0.0;FE de las JONS;24;6.6;;0;0.0;;0;0.0;;0;0.0;;0;0.0
1102701015;Cádiz;58.7;PP;51.0;172;51.0;68;20.2;20;5.9;13;3.9;0;0.0;MUNDO+JUSTO;24;7.1;PACMA;20;5.9;;0;0.0;;0;0.0;;0;0.0
1102701016;Cádiz;56.9;PP;48.4;172;48.4;23;6.5;37;10.4;5;1.4;0;0.0;PARTIDO AUTÓNOMOS;67;18.9;MUNDO+JUSTO;22;6.2;;0;0.0;;0;0.0;;0;0.0
1102701017;Cádiz;61.2;PP;29.3;173;29.3;136;23.0;43;7.3;36;6.1;0;0.0;ANDALUCISTAS-PA;106;17.9;;0;0.0;;0;0.0;;0;0.0;;0;0.0
1102701018;Cádiz;58.4;PP;33.8;126;33.8;63;16.9;45;12.1;9;2.4;0;0.0;PACMA;71;19.0;ESCAÑOS EN BLANCO;21;5.6;;0;0.0;;0;0.0;;0;0.0
1102701019;Cádiz;50.3;PP;42.7;157;42.7;64;17.4;28;7.6;34;9.2;0;0.0;ESCAÑOS EN BLANCO;40;10.9;PACMA;31;8.4;;0;0.0;;0;0.0;;0;0.0
1102701020;Cádiz;51.6;PP;35.7;238;35.7;134;20.1;78;11.7;18;2.7;0;0.0;100x100;67;10.1;ESCAÑOS EN BLANCO;63;9.5;;0;0.0;;0;0.0;;0;0.0
1102701021;Cádiz;63.0;PP;34.6;348;34.6;139;13.8;137;13.6;96;9.5;0;0.0;FE de las JONS;108;10.7;;0;0.0;;0;0.0;;0;0.0;;0;0.0
1102701022;Cádiz;62.8;PP;44.9;322;44.9;143;19.9;28;3.9;56;7.8;0;0.0;NA;73;10.2;MUNDO+JUSTO;56;7.8;;0;0.0;;0;0.0;;0;0.0
1102701023;Cádiz;65.3;PP;46.6;349;46.6;67;9.0;177;23.6;50;6.7;0;0.0;PACMA;75;10.0;;0;0.0;;0;0.0;;0;0.0;;0;0.0
1102701024;Cádiz;59.4;PP;33.6;201;33.6;131;21.9;45;7.5;92;15.4;0;0.0;PARTIDO AUTÓNOMOS;51;8.5;;0;0.0;;0;0.0;;0;0.0;;0;0.0
1102701025;Cádiz;60.6;PP;46.8;243;46.8;70;13.5;21;4.0;25;4.8;0;0.0;NA;68;13.1;MUNDO+JUSTO;65;12.5;;0;0.0;;0;0.0;;0;0.0
1102701026;Cádiz;57.6;PP;36.8;207;36.8;95;16.9;102;18.1;18;3.2;0;0.0;MUNDO+JUSTO;59;10.5;PACMA;26;4.6;;0;0.0;;0;0.0;;0;0.0
1102701027;Cádiz;39.5;PSOE-A;30.1;70;28.5;74;30.1;33;13.4;6;2.4;0;0.0;SALF;45;18.3;NA;15;6.1;;0;0.0;;0;0.0;;0;0.0
1102701028;Cádiz;50.8;PP;33.2;195;33.2;119;20.2;71;12.1;24;4.1;0;0.0;PCPA;69;11.7;NA;40;6.8;;0;0.0;;0;0.0;;0;0.0
1102701029;Cádiz;63.0;PP;36.9;306;36.9;185;22.3;26;3.1;24;2.9;0;0.0;ANDALUCISTAS-PA;112;13.5;MUNDO+JUSTO;67;8.1;NA;29;3.5;;0;0.0;;0;0.0
1102701030;Cádiz;50.4;PP;26.8;70;26.8;65;24.9;6;2.3;50;19.2;0;0.0;PACMA;25;9.6;SALF;16;6.1;;0;0.0;;0;0.0;;0;0.0
1102701031;Cádiz;38.1;PP;29.0;65;29.0;51;22.8;34;15.2;3;1.3;0;0.0;PCPA;53;23.7;PARTIDO AUTÓNOMOS;9;4.0;;0;0.0;;0;0.0;;0;0.0
1102701032;Cádiz;60.3;PP;44.4;264;44.4;86;14.4;37;6.2;36;6.0;0;0.0;SALF;104;17.5;;0;0.0;;0;0.0;;0;0.0;;0;0.0
1102701033;Cádiz;59.7;PP;58.6;284;58.6;4;0.8;87;17.9;0;0.0;0;0.0;PACMA;40;8.2;FE de las JONS;31;6.4;NA;17;3.5;;0;0.0;;0;0.0
1102701034;Cádiz;47.8;PP;43.3;206;43.3;85;17.9;30;6.3;31;6.5;0;0.0;ANDALUCISTAS-PA;37;7.8;PARTIDO AUTÓNOMOS;35;7.4;;0;0.0;;0;0.0;;0;0.0
1102701035;Cádiz;48.7;PP;27.6;154;27.6;130;23.3;146;26.1;44;7.9;0;0.0;FE de las JONS;51;9.1;;0;0.0;;0;0.0;;0;0.0;;0;0.0
1102701036;Cádiz;66.7;PP;47.5;291;47.5;127;20.7;78;12.7;23;3.8;0;0.0;PCPA;33;5.4;;0;0.0;;0;0.0;;0;0.0;;0;0.0
1102702001;Cádiz;73.4;PP;60.6;612;60.6;16;1.6;231;22.9;0;0.0;0;0.0;FE de las JONS;52;5.2;ESCAÑOS EN BLANCO;38;3.8;PARTIDO AUTÓNOMOS;28;2.8;;0;0.0;;0;0.0
1102702002;Cádiz;73.3;PP;46.1;580;46.1;9;0.7;447;35.5;18;1.4;84;6.7;MUNDO+JUSTO;57;4.5;ESCAÑOS EN BLANCO;46;3.6;;0;0.0;;0;0.0;;0;0.0
1102702003;Cádiz;64.2;PP;35.2;244;35.2;147;21.2;47;6.8;51;7.4;0;0.0;PARTIDO AUTÓNOMOS;74;10.7;PACMA;59;8.5;;0;0.0;;0;0.0;;0;0.0
1102702004;Cádiz;63.0;PP;47.7;357;47.7;63;8.4;130;17.4;42;5.6;0;0.0;MUNDO+JUSTO;81;10.8;;0;0.0;;0;0.0;;0;0.0;;0;0.0
1102702005;Cádiz;67.0;PP;39.9;274;39.9;6;0.9;258;37.6;8;1.2;0;0.0;ESCAÑOS EN BLANCO;87;12.7;NA;21;3.1;MUNDO+JUSTO;14;2.0;;0;0.0;;0;0.0
1102702006;Cádiz;62.9;PP;41.9;481;41.9;6;0.5;229;19.9;100;8.7;0;0.0;ESCAÑOS EN BLANCO;132;11.5;NA;80;7.0;;0;0.0;;0;0.0;;0;0.0
1102702007;Cádiz;66.1;PP;31.6;225;31.6;133;18.7;74;10.4;95;13.3;0;0.0;ANDALUCISTAS-PA;65;9.1;;0;0.0;;0;0.0;;0;0.0;;0;0.0
1102702008;Cádiz;69.4;PP;50.1;450;50.1;69;7.7;261;29.0;28;3.1;0;0.0;NA;38;4.2;FE de las JONS;29;3.2;;0;0.0;;0;0.0;;0;0.0
1102702009;Cádiz;55.6;PP;42.6;359;42.6;93;11.0;50;5.9;64;7.6;0;0.0;ANDALUCISTAS-PA;60;7.1;PACMA;58;6.9;;0;0.0;;0;0.0;;0;0.0
1102702010;Cádiz;68.7;PP;48.1;363;48.1;90;11.9;103;13.7;40;5.3;0;0.0;ESCAÑOS EN BLANCO;72;9.6;MUNDO+JUSTO;43;5.7;;0;0.0;;0;0.0;;0;0.0
1102703001;Cádiz;41.0;PSOE-A;41.0;64;16.6;158;41.0;46;12.0;19;4.9;0;0.0;PACMA;64;16.6;;0;0.0;;0;0.0;;0;0.0;;0;0.0
1102703002;Cádiz;53.2;PP;35.4;241;35.4;122;17.9;113;16.6;11;1.6;0;0.0;ESCAÑOS EN BLANCO;62;9.1;PACMA;55;8.1;;0;0.0;;0;0.0;;0;0.0
1102703003;Cádiz;39.3;PP;31.6;213;31.6;190;28.2;78;11.6;64;9.5;0;0.0;MUNDO+JUSTO;43;6.4;;0;0.0;;0;0.0;;0;0.0;;0;0.0
1102703004;Cádiz;49.9;PP;32.8;306;32.8;129;13.8;125;13.4;15;1.6;0;0.0;MUNDO+JUSTO;117;12.5;PACMA;76;8.1;;0;0.0;;0;0.0;;0;0.0
1102703005;Cádiz;40.2;PSOE-A;60.3;76;20.5;223;60.3;10;2.7;48;13.0;0;0.0;PACMA;8;2.2;;0;0.0;;0;0.0;;0;0.0;;0;0.0
1102703006;Cádiz;65.7;PSOE-A;32.9;239;26.8;293;32.9;153;17.2;83;9.3;0;0.0;MUNDO+JUSTO;42;4.7;;0;0.0;;0;0.0;;0;0.0;;0;0.0
1102703007;Cádiz;51.3;PP;46.7;377;46.7;53;6.6;48;5.9;51;6.3;0;0.0;ANDALUCISTAS-PA;92;11.4;100x100;74;9.2;;0;0.0;;0;0.0;;0;0.0
1102703008;Cádiz;49.4;PP;41.3;298;41.3;119;16.5;106;14.7;41;5.7;73;10.1;;0;0.0;;0;0.0;;0;0.0;;0;0.0;;0;0.0
1102703009;Cádiz;62.9;PP;37.1;317;37.1;128;15.0;85;9.9;50;5.8;0;0.0;ANDALUCISTAS-PA;116;13.6;;0;0.0;;0;0.0;;0;0.0;;0;0.0
1102703010;Cádiz;50.2;PP;37.2;242;37.2;69;10.6;18;2.8;98;15.0;0;0.0;PARTIDO AUTÓNOMOS;97;14.9;PACMA;59;9.1;;0;0.0;;0;0.0;;0;0.0
1102703011;Cádiz;49.7;PP;41.2;179;41.2;105;24.2;33;7.6;49;11.3;0;0.0;MUNDO+JUSTO;49;11.3;;0;0.0;;0;0.0;;0;0.0;;0;0.0
1102703012;Cádiz;41.8;PP;38.9;294;38.9;116;15.3;73;9.7;42;5.6;0;0.0;NA;87;11.5;ANDALUCISTAS-PA;44;5.8;;0;0.0;;0;0.0;;0;0.0
1102703013;Cádiz;55.0;PP;45.8;409;45.8;50;5.6;175;19.6;62;6.9;0;0.0;PARTIDO AUTÓNOMOS;62;6.9;;0;0.0;;0;0.0;;0;0.0;;0;0.0
1102703014;Cádiz;60.4;PP;42.5;226;42.5;69;13.0;68;12.8;39;7.3;107;20.1;;0;0.0;;0;0.0;;0;0.0;;0;0.0;;0;0.0
1102703015;Cádiz;67.4;PP;42.0;364;42.0;111;12.8;100;11.5;126;14.5;0;0.0;ANDALUSÍ;47;5.4;;0;0.0;;0;0.0;;0;0.0;;0;0.0
1102704001;Cádiz;54.9;PP;44.8;218;44.8;44;9.0;45;9.2;31;6.4;0;0.0;PARTIDO AUTÓNOMOS;49;10.1;;0;0.0;;0;0.0;;0;0.0;;0;0.0
1102704002;Cádiz;74.7;PP;51.8;451;51.8;73;8.4;64;7.4;113;13.0;0;0.0;MUNDO+JUSTO;70;8.0;;0;0.0;;0;0.0;;0;0.0;;0;0.0
1102704003;Cádiz;54.0;PP;34.0;178;34.0;90;17.2;137;26.2;32;6.1;0;0.0;PARTIDO AUTÓNOMOS;36;6.9;;0;0.0;;0;0.0;;0;0.0;;0;0.0
1102704004;Cádiz;57.4;PP;41.1;274;41.1;88;13.2;106;15.9;9;1.4;0;0.0;PACMA;45;6.8;MUNDO+JUSTO;44;6.6;;0;0.0;;0;0.0;;0;0.0
1102801001;Cádiz;55.1;PSOE-A;22.8;131;16.3;183;22.8;22;2.7;117;14.6;0;0.0;PARTIDO AUTÓNOMOS;160;20.0;ANDALUCISTAS-PA;124;15.5;;0;0.0;;0;0.0;;0;0.0
1102801002;Cádiz;56.1;PP;32.7;148;32.7;72;15.9;19;4.2;93;20.5;0;0.0;NA;84;18.5;;0;0.0;;0;0.0;;0;0.0;;0;0.0
1102801003;Cádiz;61.9;PSOE-A;29.8;100;22.1;135;29.8;14;3.1;46;10.2;0;0.0;NA;95;21.0;ESCAÑOS EN BLANCO;32;7.1;;0;0.0;;0;0.0;;0;0.0
1102801004;Cádiz;55.5;PSOE-A;24.7;132;20.4;160;24.7;114;17.6;91;14.0;0;0.0;MUNDO+JUSTO;50;7.7;;0;0.0;;0;0.0;;0;0.0;;0;0.0
1102801005;Cádiz;43.4;PSOE-A;39.4;119;29.5;159;39.4;23;5.7;11;2.7;0;0.0;FE de las JONS;37;9.2;NA;17;4.2;;0;0.0;;0;0.0;;0;0.0
1102801006;Cádiz;49.7;PP;55.7;161;55.7;64;22.2;4;1.4;26;9.0;0;0.0;PARTIDO AUTÓNOMOS;15;5.2;PCPA;13;4.5;;0;0.0;;0;0.0;;0;0.0
1102801007;Cádiz;55.6;VOX;38.4;111;20.8;128;24.0;205;38.4;50;9.4;0;0.0;MUNDO+JUSTO;29;5.4;;0;0.0;;0;0.0;;0;0.0;;0;0.0
1102801008;Cádiz;62.9;PorA;31.5;175;30.4;69;12.0;65;11.3;181;31.5;0;0.0;PACMA;58;10.1;;0;0.0;;0;0.0;;0;0.0;;0;0.0
1102802001;Cádiz;49.0;ANDALUCISTAS-PA;35.7;97;28.4;74;21.6;4;1.2;5;1.5;0;0.0;ANDALUCISTAS-PA;122;35.7;MUNDO+JUSTO;17;5.0;PARTIDO AUTÓNOMOS;8;2.3;;0;0.0;;0;0.0
1102802002;Cádiz;49.5;PorA;42.2;87;26.4;63;19.2;31;9.4;139;42.2;0;0.0;PARTIDO AUTÓNOMOS;4;1.2;;0;0.0;;0;0.0;;0;0.0;;0;0.0
1102802003;Cádiz;53.3;PSOE-A;29.5;96;24.2;117;29.5;0;0.0;64;16.1;0;0.0;FE de las JONS;78;19.6;PCPA;24;6.0;;0;0.0;;0;0.0;;0;0.0
1102803001;Cádiz;58.1;PP;22.6;121;22.6;99;18.5;69;12.9;33;6.2;0;0.0;PACMA;84;15.7;MUNDO+JUSTO;71;13.2;;0;0.0;;0;0.0;;0;0.0
1102803003;Cádiz;58.5;PSOE-A;31.2;77;11.1;216;31.2;0;0.0;13;1.9;119;17.2;SALF;144;20.8;MUNDO+JUSTO;59;8.5;;0;0.0;;0;0.0;;0;0.0
1102803004;Cádiz;55.5;PSOE-A;23.8;135;15.0;213;23.8;104;11.6;106;11.8;0;0.0;SALF;167;18.6;MUNDO+JUSTO;126;14.0;;0;0.0;;0;0.0;;0;0.0
1102803005;Cádiz;62.1;PP;33.3;215;33.3;115;17.8;22;3.4;83;12.8;0;0.0;PCPA;82;12.7;MUNDO+JUSTO;42;6.5;;0;0.0;;0;0.0;;0;0.0
1102803006;Cádiz;56.6;PSOE-A;26.5;129;16.5;207;26.5;13;1.7;140;17.9;0;0.0;MUNDO+JUSTO;135;17.3;FE de las JONS;73;9.3;;0;0.0;;0;0.0;;0;0.0
1102803007;Cádiz;62.3;PP;24.6;137;24.6;85;15.3;0;0.0;41;7.4;0;0.0;NA;101;18.2;ESCAÑOS EN BLANCO;86;15.5;MUNDO+JUSTO;45;8.1;;0;0.0;;0;0.0
1102803008;Cádiz;50.9;PSOE-A;28.7;98;19.5;144;28.7;48;9.6;52;10.4;0;0.0;FE de las JONS;81;16.1;;0;0.0;;0;0.0;;0;0.0;;0;0.0
1102803009;Cádiz;53.8;PP;32.3;148;32.3;140;30.6;24;5.2;47;10.3;0;0.0;PARTIDO AUTÓNOMOS;48;10.5;NA;25;5.5;;0;0.0;;0;0.0;;0;0.0
1102803010;Cádiz;60.3;PP;23.4;153;23.4;131;20.0;0;0.0;56;8.6;0;0.0;NA;116;17.7;PCPA;72;11.0;;0;0.0;;0;0.0;;0;0.0
1102804001;Cádiz;49.8;PP;36.2;164;36.2;72;15.9;20;4.4;56;12.4;0;0.0;PARTIDO AUTÓNOMOS;63;13.9;ANDALUCISTAS-PA;53;11.7;;0;0.0;;0;0.0;;0;0.0
1102804002;Cádiz;38.5;PP;22.1;117;22.1;104;19.7;62;11.7;28;5.3;0;0.0;MUNDO+JUSTO;96;18.2;FE de las JONS;75;14.2;;0;0.0;;0;0.0;;0;0.0
1102804003;Cádiz;52.5;NA;21.6;138;17.6;145;18.5;1;0.1;105;13.4;0;0.0;NA;169;21.6;MUNDO+JUSTO;95;12.1;;0;0.0;;0;0.0;;0;0.0
1102804004;Cádiz;47.0;PP;23.9;173;23.9;138;19.1;36;5.0;102;14.1;0;0.0;SALF;123;17.0;FE de las JONS;53;7.3;;0;0.0;;0;0.0;;0;0.0
1102804005;Cádiz;59.5;PP;28.0;185;28.0;114;17.2;36;5.4;63;9.5;0;0.0;SALF;111;16.8;PACMA;81;12.2;;0;0.0;;0;0.0;;0;0.0
1102804006;Cádiz;50.6;PSOE-A;20.0;149;19.5;153;20.0;65;8.5;54;7.1;0;0.0;PCPA;133;17.4;PARTIDO AUTÓNOMOS;123;16.1;;0;0.0;;0;0.0;;0;0.0
1102804007;Cádiz;57.4;PP;53.2;395;53.2;96;12.9;79;10.6;106;14.3;0;0.0;ESCAÑOS EN BLANCO;21;2.8;;0;0.0;;0;0.0;;0;0.0;;0;0.0
1102804008;Cádiz;59.8;PP;20.1;169;20.1;136;16.2;71;8.4;82;9.8;0;0.0;FE de las JONS;166;19.8;PARTIDO AUTÓNOMOS;117;13.9;;0;0.0;;0;0.0;;0;0.0
1102804009;Cádiz;57.7;PSOE-A;26.1;119;15.1;205;26.1;83;10.6;72;9.2;47;6.0;PACMA;156;19.8;;0;0.0;;0;0.0;;0;0.0;;0;0.0
1102804010;Cádiz;53.5;PSOE-A;22.1;116;13.8;186;22.1;58;6.9;44;5.2;0;0.0;100x100;167;19.8;MUNDO+JUSTO;139;16.5;;0;0.0;;0;0.0;;0;0.0
1102804011;Cádiz;56.2;MUNDO+JUSTO;36.9;133;22.2;142;23.7;37;6.2;10;1.7;0;0.0;MUNDO+JUSTO;221;36.9;ESCAÑOS EN BLANCO;19;3.2;;0;0.0;;0;0.0;;0;0.0
1102901001;Cádiz;36.5;PP;32.5;87;32.5;14;5.2;52;19.4;63;23.5;0;0.0;MUNDO+JUSTO;19;7.1;NA;17;6.3;;0;0.0;;0;0.0;;0;0.0
1102901002;Cádiz;32.1;PSOE-A;29.3;60;25.1;70;29.3;51;21.3;6;2.5;0;0.0;PACMA;40;16.7;PARTIDO AUTÓNOMOS;8;3.4;;0;0.0;;0;0.0;;0;0.0
1102901003;Cádiz;10.7;PP;35.0;21;35.0;17;28.3;16;26.7;5;8.3;0;0.0;MUNDO+JUSTO;1;1.7;;0;0.0;;0;0.0;;0;0.0;;0;0.0
1102901004;Cádiz;0.0;;0.0;0;0.0;0;0.0;0;0.0;0;0.0;0;0.0;;0;0.0;;0;0.0;;0;0.0;;0;0.0;;0;0.0
1102901005;Cádiz;0.0;;0.0;0;0.0;0;0.0;0;0.0;0;0.0;0;0.0;;0;0.0;;0;0.0;;0;0.0;;0;0.0;;0;0.0
1102901006;Cádiz;0.0;;0.0;0;0.0;0;0.0;0;0.0;0;0.0;0;0.0;;0;0.0;;0;0.0;;0;0.0;;0;0.0;;0;0.0
1103001001;Cádiz;0.0;;0.0;0;0.0;0;0.0;0;0.0;0;0.0;0;0.0;;0;0.0;;0;0.0;;0;0.0;;0;0.0;;0;0.0
1103001003;Cádiz;0.0;;0.0;0;0.0;0;0.0;0;0.0;0;0.0;0;0.0;;0;0.0;;0;0.0;;0;0.0;;0;0.0;;0;0.0
1103001004;Cádiz;0.0;;0.0;0;0.0;0;0.0;0;0.0;0;0.0;0;0.0;;0;0.0;;0;0.0;;0;0.0;;0;0.0;;0;0.0
1103001005;Cádiz;0.0;;0.0;0;0.0;0;0.0;0;0.0;0;0.0;0;0.0;;0;0.0;;0;0.0;;0;0.0;;0;0.0;;0;0.0
1103001006;Cádiz;0.0;;0.0;0;0.0;0;0.0;0;0.0;0;0.0;0;0.0;;0;0.0;;0;0.0;;0;0.0;;0;0.0;;0;0.0
1103002001;Cádiz;58.9;PP;44.8;268;44.8;77;12.9;26;4.4;93;15.6;0;0.0;PACMA;76;12.7;;0;0.0;;0;0.0;;0;0.0;;0;0.0
1103002002;Cádiz;55.4;PP;40.5;260;40.5;101;15.7;34;5.3;22;3.4;0;0.0;ANDALUSÍ;82;12.8;100x100;52;8.1;;0;0.0;;0;0.0;;0;0.0
1103002003;Cádiz;58.2;PP;39.9;183;39.9;153;33.3;48;10.5;35;7.6;0;0.0;PCPA;22;4.8;;0;0.0;;0;0.0;;0;0.0;;0;0.0
1103002004;Cádiz;56.6;PP;48.5;313;48.5;26;4.0;71;11.0;35;5.4;41;6.4;NA;46;7.1;;0;0.0;;0;0.0;;0;0.0;;0;0.0
1103003001;Cádiz;52.3;PP;43.8;279;43.8;117;18.4;36;5.6;1;0.2;0;0.0;PACMA;79;12.4;ANDALUCISTAS-PA;53;8.3;;0;0.0;;0;0.0;;0;0.0
1103003002;Cádiz;53.3;PP;43.9;284;43.9;97;15.0;103;15.9;44;6.8;66;10.2;;0;0.0;;0;0.0;;0;0.0;;0;0.0;;0;0.0
1103003003;Cádiz;51.3;PP;46.2;317;46.2;58;8.4;84;12.2;21;3.1;0;0.0;PCPA;62;9.0;ESCAÑOS EN BLANCO;38;5.5;;0;0.0;;0;0.0;;0;0.0
1103003004;Cádiz;58.6;PP;49.9;331;49.9;67;10.1;134;20.2;10;1.5;0;0.0;PARTIDO AUTÓNOMOS;54;8.1;PACMA;26;3.9;;0;0.0;;0;0.0;;0;0.0
1103003005;Cádiz;63.4;PP;31.6;214;31.6;189;27.9;82;12.1;31;4.6;0;0.0;MUNDO+JUSTO;51;7.5;PCPA;32;4.7;;0;0.0;;0;0.0;;0;0.0
1103003006;Cádiz;47.0;PP;38.9;219;38.9;117;20.8;53;9.4;2;0.4;0;0.0;ANDALUCISTAS-PA;58;10.3;NA;34;6.0;;0;0.0;;0;0.0;;0;0.0
1103003007;Cádiz;58.2;PP;44.4;207;44.4;68;14.6;45;9.7;38;8.2;0;0.0;MUNDO+JUSTO;60;12.9;;0;0.0;;0;0.0;;0;0.0;;0;0.0
1103003008;Cádiz;57.5;PP;34.2;202;34.2;105;17.8;47;8.0;23;3.9;0;0.0;ESCAÑOS EN BLANCO;74;12.5;ANDALUSÍ;52;8.8;;0;0.0;;0;0.0;;0;0.0
1103003009;Cádiz;48.5;PP;32.1;160;32.1;121;24.3;108;21.7;18;3.6;0;0.0;ESCAÑOS EN BLANCO;34;6.8;MUNDO+JUSTO;27;5.4;;0;0.0;;0;0.0;;0;0.0
1103003010;Cádiz;48.7;PP;45.1;356;45.1;115;14.6;80;10.1;92;11.6;22;2.8;ANDALUCISTAS-PA;49;6.2;;0;0.0;;0;0.0;;0;0.0;;0;0.0
1103003011;Cádiz;56.1;PP;48.5;317;48.5;94;14.4;39;6.0;33;5.0;0;0.0;ANDALUCISTAS-PA;71;10.9;;0;0.0;;0;0.0;;0;0.0;;0;0.0
1103101001;Cádiz;53.4;PP;42.7;303;42.7;74;10.4;134;18.9;1;0.1;0;0.0;MUNDO+JUSTO;58;8.2;PCPA;49;6.9;;0;0.0;;0;0.0;;0;0.0
1103101002;Cádiz;40.0;PSOE-A;37.5;60;21.2;106;37.5;24;8.5;17;6.0;0;0.0;MUNDO+JUSTO;69;24.4;;0;0.0;;0;0.0;;0;0.0;;0;0.0
1103101003;Cádiz;31.9;Empate;28.6;56;27.2;59;28.6;5;2.4;0;0.0;0;0.0;PARTIDO AUTÓNOMOS;59;28.6;MUNDO+JUSTO;22;10.7;;0;0.0;;0;0.0;;0;0.0
1103101004;Cádiz;52.4;PP;34.4;207;34.4;112;18.6;43;7.1;0;0.0;0;0.0;MUNDO+JUSTO;94;15.6;100x100;74;12.3;;0;0.0;;0;0.0;;0;0.0
1103101005;Cádiz;54.1;PP;36.8;203;36.8;84;15.2;90;16.3;15;2.7;0;0.0;MUNDO+JUSTO;81;14.7;NA;32;5.8;;0;0.0;;0;0.0;;0;0.0
1103101006;Cádiz;55.1;PP;41.9;183;41.9;97;22.2;52;11.9;51;11.7;0;0.0;PARTIDO AUTÓNOMOS;26;6.0;;0;0.0;;0;0.0;;0;0.0;;0;0.0
1103101007;Cádiz;48.5;PP;24.2;145;24.2;144;24.1;60;10.0;17;2.8;0;0.0;PACMA;96;16.0;FE de las JONS;71;11.9;;0;0.0;;0;0.0;;0;0.0
1103101008;Cádiz;56.2;PP;49.8;433;49.8;179;20.6;72;8.3;72;8.3;0;0.0;ESCAÑOS EN BLANCO;33;3.8;;0;0.0;;0;0.0;;0;0.0;;0;0.0
1103101009;Cádiz;48.9;PSOE-A;28.8;175;25.4;198;28.8;91;13.2;3;0.4;0;0.0;PARTIDO AUTÓNOMOS;53;7.7;PACMA;37;5.4;;0;0.0;;0;0.0;;0;0.0
1103101010;Cádiz;61.0;PP;39.6;162;39.6;80;19.6;58;14.2;0;0.0;33;8.1;PARTIDO AUTÓNOMOS;32;7.8;;0;0.0;;0;0.0;;0;0.0;;0;0.0
1103101011;Cádiz;49.2;PP;33.3;248;33.3;192;25.8;119;16.0;5;0.7;0;0.0;PACMA;85;11.4;MUNDO+JUSTO;35;4.7;;0;0.0;;0;0.0;;0;0.0
1103101012;Cádiz;53.6;PP;40.2;245;40.2;161;26.4;47;7.7;26;4.3;0;0.0;MUNDO+JUSTO;39;6.4;FE de las JONS;27;4.4;;0;0.0;;0;0.0;;0;0.0
1103101014;Cádiz;50.8;PP;37.5;272;37.5;90;12.4;129;17.8;38;5.2;0;0.0;ANDALUCISTAS-PA;79;10.9;PARTIDO AUTÓNOMOS;70;9.6;;0;0.0;;0;0.0;;0;0.0
1103101015;Cádiz;53.8;PP;37.2;228;37.2;104;17.0;35;5.7;23;3.8;0;0.0;ESCAÑOS EN BLANCO;92;15.0;SALF;74;12.1;;0;0.0;;0;0.0;;0;0.0
1103101016;Cádiz;59.8;PP;42.9;227;42.9;71;13.4;79;14.9;0;0.0;0;0.0;MUNDO+JUSTO;40;7.6;PCPA;39;7.4;;0;0.0;;0;0.0;;0;0.0
1103101017;Cádiz;53.1;PP;32.3;152;32.3;36;7.7;90;19.2;50;10.6;0;0.0;NA;115;24.5;;0;0.0;;0;0.0;;0;0.0;;0;0.0
1103102001;Cádiz;59.3;PP;43.8;200;43.8;69;15.1;19;4.2;22;4.8;97;21.2;NA;20;4.4;;0;0.0;;0;0.0;;0;0.0;;0;0.0
1103103001;Cádiz;62.4;PP;35.5;238;35.5;154;23.0;101;15.0;55;8.2;0;0.0;ANDALUSÍ;45;6.7;;0;0.0;;0;0.0;;0;0.0;;0;0.0
1103103002;Cádiz;53.5;PP;32.9;230;32.9;117;16.7;115;16.4;66;9.4;0;0.0;NA;53;7.6;;0;0.0;;0;0.0;;0;0.0;;0;0.0
1103103004;Cádiz;54.0;PP;48.4;182;48.4;36;9.6;20;5.3;41;10.9;64;17.0;;0;0.0;;0;0.0;;0;0.0;;0;0.0;;0;0.0
1103103005;Cádiz;54.2;PP;47.4;233;47.4;122;24.8;18;3.7;10;2.0;0;0.0;MUNDO+JUSTO;23;4.7;PCPA;19;3.9;NA;18;3.7;;0;0.0;;0;0.0
1103103006;Cádiz;62.9;PP;51.0;295;51.0;48;8.3;60;10.4;10;1.7;0;0.0;ANDALUCISTAS-PA;69;11.9;NA;27;4.7;;0;0.0;;0;0.0;;0;0.0
1103103007;Cádiz;48.3;PP;32.7;193;32.7;105;17.8;81;13.7;80;13.6;0;0.0;SALF;71;12.0;;0;0.0;;0;0.0;;0;0.0;;0;0.0
1103103008;Cádiz;39.8;PP;43.0;116;43.0;55;20.4;16;5.9;17;6.3;0;0.0;MUNDO+JUSTO;62;23.0;;0;0.0;;0;0.0;;0;0.0;;0;0.0
1103104001;Cádiz;61.9;PP;40.7;169;40.7;71;17.1;2;0.5;4;1.0;0;0.0;PCPA;117;28.2;MUNDO+JUSTO;26;6.3;NA;21;5.1;;0;0.0;;0;0.0
1103104002;Cádiz;50.6;PP;41.7;221;41.7;43;8.1;100;18.9;30;5.7;0;0.0;SALF;64;12.1;MUNDO+JUSTO;53;10.0;;0;0.0;;0;0.0;;0;0.0
1103104003;Cádiz;46.4;PP;54.9;248;54.9;21;4.6;27;6.0;5;1.1;0;0.0;PCPA;78;17.3;ANDALUCISTAS-PA;46;10.2;;0;0.0;;0;0.0;;0;0.0
1103104004;Cádiz;47.7;PP;33.2;196;33.2;163;27.6;63;10.7;0;0.0;0;0.0;100x100;101;17.1;MUNDO+JUSTO;37;6.3;;0;0.0;;0;0.0;;0;0.0
1103104005;Cádiz;62.9;PP;34.6;158;34.6;103;22.6;11;2.4;34;7.5;0;0.0;100x100;96;21.0;ESCAÑOS EN BLANCO;23;5.0;;0;0.0;;0;0.0;;0;0.0
1103104006;Cádiz;66.5;PP;49.3;517;49.3;102;9.7;204;19.5;79;7.5;0;0.0;NA;69;6.6;;0;0.0;;0;0.0;;0;0.0;;0;0.0
1103105001;Cádiz;71.9;PP;52.2;595;52.2;156;13.7;106;9.3;16;1.4;0;0.0;MUNDO+JUSTO;73;6.4;PCPA;55;4.8;;0;0.0;;0;0.0;;0;0.0
1103105002;Cádiz;62.7;PP;48.8;224;48.8;109;23.8;25;5.4;45;9.8;0;0.0;FE de las JONS;26;5.7;;0;0.0;;0;0.0;;0;0.0;;0;0.0
1103105003;Cádiz;54.5;PP;46.2;184;46.2;33;8.3;46;11.6;28;7.0;0;0.0;ANDALUSÍ;43;10.8;;0;0.0;;0;0.0;;0;0.0;;0;0.0
1103105004;Cádiz;55.0;PP;47.7;380;47.7;84;10.6;122;15.3;3;0.4;0;0.0;PCPA;78;9.8;MUNDO+JUSTO;63;7.9;;0;0.0;;0;0.0;;0;0.0
1103105005;Cádiz;45.6;PP;29.2;215;29.2;117;15.9;164;22.2;5;0.7;0;0.0;ANDALUSÍ;68;9.2;FE de las JONS;64;8.7;;0;0.0;;0;0.0;;0;0.0
1103105006;Cádiz;48.9;PP;26.7;175;26.7;170;25.9;94;14.3;17;2.6;0;0.0;SALF;61;9.3;ANDALUSÍ;46;7.0;;0;0.0;;0;0.0;;0;0.0
1103105007;Cádiz;63.7;PP;37.3;269;37.3;138;19.1;77;10.7;1;0.1;0;0.0;MUNDO+JUSTO;55;7.6;SALF;50;6.9;;0;0.0;;0;0.0;;0;0.0
1103106001;Cádiz;62.5;PP;36.3;215;36.3;131;22.1;102;17.2;27;4.6;0;0.0;100x100;44;7.4;;0;0.0;;0;0.0;;0;0.0;;0;0.0
1103106002;Cádiz;42.5;PP;37.1;215;37.1;100;17.3;61;10.5;58;10.0;0;0.0;FE de las JONS;54;9.3;;0;0.0;;0;0.0;;0;0.0;;0;0.0
1103106003;Cádiz;50.9;PP;39.9;158;39.9;56;14.1;19;4.8;0;0.0;58;14.6;MUNDO+JUSTO;33;8.3;PACMA;31;7.8;;0;0.0;;0;0.0;;0;0.0
1103106004;Cádiz;39.4;PSOE-A;27.7;84;27.1;86;27.7;60;19.4;0;0.0;0;0.0;SALF;35;11.3;PACMA;26;8.4;;0;0.0;;0;0.0;;0;0.0
1103106005;Cádiz;53.8;PP;39.7;212;39.7;101;18.9;39;7.3;63;11.8;34;6.4;NA;50;9.4;;0;0.0;;0;0.0;;0;0.0;;0;0.0
1103106006;Cádiz;52.0;PP;41.0;126;41.0;45;14.7;3;1.0;12;3.9;0;0.0;100x100;86;28.0;PACMA;18;5.9;;0;0.0;;0;0.0;;0;0.0
1103106007;Cádiz;35.9;PP;39.8;164;39.8;62;15.0;65;15.8;12;2.9;0;0.0;SALF;60;14.6;PACMA;13;3.2;;0;0.0;;0;0.0;;0;0.0
1103106008;Cádiz;62.7;PP;41.6;314;41.6;88;11.7;101;13.4;62;8.2;0;0.0;PCPA;81;10.7;;0;0.0;;0;0.0;;0;0.0;;0;0.0
1103106009;Cádiz;43.1;PP;46.3;144;46.3;76;24.4;0;0.0;41;13.2;0;0.0;ESCAÑOS EN BLANCO;19;6.1;MUNDO+JUSTO;15;4.8;;0;0.0;;0;0.0;;0;0.0
1103106010;Cádiz;62.3;PP;44.0;425;44.0;102;10.6;65;6.7;39;4.0;0;0.0;PARTIDO AUTÓNOMOS;213;22.0;MUNDO+JUSTO;55;5.7;;0;0.0;;0;0.0;;0;0.0
1103106011;Cádiz;54.3;PP;39.9;346;39.9;205;23.6;91;10.5;58;6.7;0;0.0;FE de las JONS;69;8.0;;0;0.0;;0;0.0;;0;0.0;;0;0.0
1103106012;Cádiz;32.8;PP;34.4;85;34.4;53;21.5;76;30.8;0;0.0;0;0.0;MUNDO+JUSTO;15;6.1;NA;9;3.6;;0;0.0;;0;0.0;;0;0.0
1103106013;Cádiz;40.2;PP;32.4;119;32.4;91;24.8;40;10.9;33;9.0;0;0.0;ESCAÑOS EN BLANCO;30;8.2;;0;0.0;;0;0.0;;0;0.0;;0;0.0
1103106014;Cádiz;51.7;PP;25.4;168;25.4;152;23.0;111;16.8;60;9.1;0;0.0;PCPA;47;7.1;;0;0.0;;0;0.0;;0;0.0;;0;0.0
1103106015;Cádiz;56.2;MUNDO+JUSTO;27.1;168;22.7;192;25.9;78;10.5;46;6.2;0;0.0;MUNDO+JUSTO;201;27.1;;0;0.0;;0;0.0;;0;0.0;;0;0.0
1103106016;Cádiz;57.9;PP;40.6;330;40.6;164;20.2;48;5.9;61;7.5;0;0.0;NA;121;14.9;;0;0.0;;0;0.0;;0;0.0;;0;0.0
1103106017;Cádiz;56.4;PP;31.4;322;31.4;175;17.0;110;10.7;96;9.4;0;0.0;ESCAÑOS EN BLANCO;102;9.9;;0;0.0;;0;0.0;;0;0.0;;0;0.0
1103106018;Cádiz;52.4;PP;42.1;193;42.1;71;15.5;37;8.1;54;11.8;0;0.0;NA;37;8.1;;0;0.0;;0;0.0;;0;0.0;;0;0.0
1103106019;Cádiz;50.2;PP;35.6;112;35.6;55;17.5;33;10.5;9;2.9;0;0.0;100x100;51;16.2;PACMA;25;7.9;;0;0.0;;0;0.0;;0;0.0
1103106020;Cádiz;50.7;PP;35.4;262;35.4;230;31.0;63;8.5;52;7.0;0;0.0;ESCAÑOS EN BLANCO;78;10.5;;0;0.0;;0;0.0;;0;0.0;;0;0.0
1103106021;Cádiz;75.1;PP;45.4;271;45.4;27;4.5;135;22.6;34;5.7;75;12.6;;0;0.0;;0;0.0;;0;0.0;;0;0.0;;0;0.0
1103106022;Cádiz;39.0;PP;30.4;76;30.4;46;18.4;36;14.4;18;7.2;0;0.0;ESCAÑOS EN BLANCO;27;10.8;PACMA;20;8.0;;0;0.0;;0;0.0;;0;0.0
1103106023;Cádiz;57.7;PP;42.4;206;42.4;56;11.5;51;10.5;45;9.3;0;0.0;SALF;41;8.4;;0;0.0;;0;0.0;;0;0.0;;0;0.0
1103106024;Cádiz;58.8;PP;35.6;300;35.6;154;18.3;137;16.2;54;6.4;0;0.0;PACMA;86;10.2;;0;0.0;;0;0.0;;0;0.0;;0;0.0
1103106025;Cádiz;61.2;PP;27.4;292;27.4;252;23.7;44;4.1;74;7.0;0;0.0;MUNDO+JUSTO;164;15.4;PARTIDO AUTÓNOMOS;127;11.9;;0;0.0;;0;0.0;;0;0.0
1103106026;Cádiz;47.5;VOX;24.9;197;24.4;83;10.3;201;24.9;100;12.4;0;0.0;NA;126;15.6;;0;0.0;;0;0.0;;0;0.0;;0;0.0
1103106027;Cádiz;56.6;PP;30.0;284;30.0;198;21.0;75;7.9;74;7.8;0;0.0;ANDALUSÍ;150;15.9;SALF;77;8.2;;0;0.0;;0;0.0;;0;0.0
1103106028;Cádiz;58.2;PP;41.5;304;41.5;99;13.5;63;8.6;61;8.3;0;0.0;ANDALUCISTAS-PA;68;9.3;;0;0.0;;0;0.0;;0;0.0;;0;0.0
1103106029;Cádiz;56.9;PP;32.7;194;32.7;102;17.2;64;10.8;17;2.9;0;0.0;PCPA;48;8.1;ANDALUCISTAS-PA;44;7.4;;0;0.0;;0;0.0;;0;0.0
1103106030;Cádiz;53.3;PP;32.0;180;32.0;95;16.9;84;14.9;18;3.2;0;0.0;ESCAÑOS EN BLANCO;66;11.7;MUNDO+JUSTO;66;11.7;;0;0.0;;0;0.0;;0;0.0
1103106031;Cádiz;55.1;PP;43.1;428;43.1;200;20.1;137;13.8;5;0.5;0;0.0;MUNDO+JUSTO;92;9.3;NA;30;3.0;;0;0.0;;0;0.0;;0;0.0
1103106032;Cádiz;39.7;VOX;28.0;49;14.1;44;12.7;97;28.0;0;0.0;0;0.0;SALF;71;20.5;MUNDO+JUSTO;30;8.6;;0;0.0;;0;0.0;;0;0.0
1103201001;Cádiz;47.0;PP;37.0;244;37.0;66;10.0;55;8.4;79;12.0;0;0.0;PARTIDO AUTÓNOMOS;92;14.0;;0;0.0;;0;0.0;;0;0.0;;0;0.0
1103201002;Cádiz;49.7;PP;40.7;212;40.7;55;10.6;37;7.1;53;10.2;0;0.0;PACMA;50;9.6;100x100;50;9.6;;0;0.0;;0;0.0;;0;0.0
1103201003;Cádiz;40.1;PP;33.3;242;33.3;118;16.2;170;23.4;46;6.3;0;0.0;ANDALUSÍ;47;6.5;;0;0.0;;0;0.0;;0;0.0;;0;0.0
1103201004;Cádiz;38.2;PP;35.0;192;35.0;79;14.4;79;14.4;25;4.6;0;0.0;100x100;82;15.0;NA;35;6.4;;0;0.0;;0;0.0;;0;0.0
1103201006;Cádiz;37.9;PSOE-A;24.9;139;23.6;147;24.9;69;11.7;37;6.3;0;0.0;PARTIDO AUTÓNOMOS;92;15.6;PACMA;45;7.6;;0;0.0;;0;0.0;;0;0.0
1103201007;Cádiz;42.9;PP;37.4;173;37.4;35;7.6;108;23.3;42;9.1;0;0.0;FE de las JONS;76;16.4;;0;0.0;;0;0.0;;0;0.0;;0;0.0
1103201008;Cádiz;45.3;PP;31.6;153;31.6;123;25.4;15;3.1;8;1.6;0;0.0;PACMA;81;16.7;MUNDO+JUSTO;61;12.6;PCPA;29;6.0;;0;0.0;;0;0.0
1103201009;Cádiz;42.2;PP;39.1;167;39.1;56;13.1;46;10.8;32;7.5;0;0.0;PACMA;47;11.0;;0;0.0;;0;0.0;;0;0.0;;0;0.0
1103201010;Cádiz;34.8;PP;29.7;143;29.7;114;23.7;16;3.3;87;18.1;27;5.6;MUNDO+JUSTO;52;10.8;;0;0.0;;0;0.0;;0;0.0;;0;0.0
1103201012;Cádiz;37.3;PP;27.7;62;27.7;54;24.1;18;8.0;10;4.5;0;0.0;MUNDO+JUSTO;35;15.6;100x100;17;7.6;;0;0.0;;0;0.0;;0;0.0
1103201013;Cádiz;45.9;PP;48.4;248;48.4;59;11.5;25;4.9;44;8.6;0;0.0;FE de las JONS;73;14.3;;0;0.0;;0;0.0;;0;0.0;;0;0.0
1103201014;Cádiz;47.3;PP;31.1;178;31.1;113;19.8;41;7.2;45;7.9;22;3.8;MUNDO+JUSTO;67;11.7;;0;0.0;;0;0.0;;0;0.0;;0;0.0
1103201015;Cádiz;39.7;PSOE-A;46.4;62;23.8;121;46.4;2;0.8;46;17.6;0;0.0;MUNDO+JUSTO;15;5.8;FE de las JONS;5;1.9;;0;0.0;;0;0.0;;0;0.0
1103201016;Cádiz;37.9;PSOE-A;24.0;95;23.8;96;24.0;38;9.5;71;17.8;0;0.0;PCPA;54;13.5;;0;0.0;;0;0.0;;0;0.0;;0;0.0
1103201017;Cádiz;35.8;PP;37.3;146;37.3;120;30.7;33;8.4;29;7.4;0;0.0;MUNDO+JUSTO;27;6.9;;0;0.0;;0;0.0;;0;0.0;;0;0.0
1103201018;Cádiz;44.1;PP;35.3;174;35.3;82;16.6;27;5.5;21;4.3;0;0.0;MUNDO+JUSTO;53;10.8;PACMA;43;8.7;;0;0.0;;0;0.0;;0;0.0
1103201019;Cádiz;52.1;PP;35.0;156;35.0;87;19.5;67;15.0;13;2.9;0;0.0;MUNDO+JUSTO;59;13.2;ANDALUCISTAS-PA;34;7.6;;0;0.0;;0;0.0;;0;0.0
1103201020;Cádiz;51.0;PP;41.2;327;41.2;57;7.2;69;8.7;44;5.6;0;0.0;MUNDO+JUSTO;168;21.2;ESCAÑOS EN BLANCO;57;7.2;;0;0.0;;0;0.0;;0;0.0
1103201021;Cádiz;38.3;PP;34.7;222;34.7;33;5.2;135;21.1;52;8.1;0;0.0;PACMA;68;10.6;MUNDO+JUSTO;60;9.4;;0;0.0;;0;0.0;;0;0.0
1103202001;Cádiz;47.1;PSOE-A;25.0;104;24.1;108;25.0;59;13.7;22;5.1;0;0.0;MUNDO+JUSTO;57;13.2;FE de las JONS;26;6.0;;0;0.0;;0;0.0;;0;0.0
1103202002;Cádiz;61.2;PP;34.9;268;34.9;138;18.0;71;9.3;58;7.6;0;0.0;MUNDO+JUSTO;54;7.0;;0;0.0;;0;0.0;;0;0.0;;0;0.0
1103202003;Cádiz;55.7;PP;38.5;370;38.5;176;18.3;94;9.8;106;11.0;0;0.0;MUNDO+JUSTO;137;14.3;;0;0.0;;0;0.0;;0;0.0;;0;0.0
1103202004;Cádiz;62.0;PP;38.1;333;38.1;215;24.6;123;14.1;31;3.6;0;0.0;ESCAÑOS EN BLANCO;66;7.6;PCPA;44;5.0;;0;0.0;;0;0.0;;0;0.0
1103202005;Cádiz;43.3;PP;34.4;264;34.4;74;9.6;110;14.3;74;9.6;0;0.0;ESCAÑOS EN BLANCO;71;9.2;;0;0.0;;0;0.0;;0;0.0;;0;0.0
1103203001;Cádiz;59.0;PP;42.4;239;42.4;48;8.5;85;15.1;54;9.6;0;0.0;PCPA;75;13.3;;0;0.0;;0;0.0;;0;0.0;;0;0.0
1103203002;Cádiz;65.8;PP;43.2;344;43.2;121;15.2;30;3.8;111;13.9;0;0.0;MUNDO+JUSTO;71;8.9;ANDALUCISTAS-PA;31;3.9;;0;0.0;;0;0.0;;0;0.0
1103203003;Cádiz;62.8;PP;37.0;256;37.0;127;18.4;79;11.4;25;3.6;0;0.0;ESCAÑOS EN BLANCO;61;8.8;PCPA;35;5.1;;0;0.0;;0;0.0;;0;0.0
1103203004;Cádiz;55.0;PP;40.7;321;40.7;88;11.2;129;16.4;0;0.0;0;0.0;ESCAÑOS EN BLANCO;114;14.5;MUNDO+JUSTO;67;8.5;;0;0.0;;0;0.0;;0;0.0
1103203005;Cádiz;58.3;PP;44.6;152;44.6;45;13.2;0;0.0;43;12.6;0;0.0;FE de las JONS;53;15.5;PACMA;18;5.3;;0;0.0;;0;0.0;;0;0.0
1103203006;Cádiz;60.0;PP;42.5;240;42.5;69;12.2;55;9.7;52;9.2;0;0.0;MUNDO+JUSTO;46;8.1;;0;0.0;;0;0.0;;0;0.0;;0;0.0
1103204001;Cádiz;57.1;PP;53.6;339;53.6;36;5.7;39;6.2;22;3.5;0;0.0;PACMA;56;8.9;FE de las JONS;45;7.1;MUNDO+JUSTO;43;6.8;;0;0.0;;0;0.0
1103204002;Cádiz;47.5;PP;41.2;285;41.2;98;14.2;63;9.1;38;5.5;0;0.0;100x100;59;8.5;PACMA;53;7.7;;0;0.0;;0;0.0;;0;0.0
1103205001;Cádiz;54.1;PP;38.2;226;38.2;59;10.0;69;11.7;52;8.8;0;0.0;PACMA;69;11.7;;0;0.0;;0;0.0;;0;0.0;;0;0.0
1103205002;Cádiz;42.3;PSOE-A;26.9;67;22.6;80;26.9;42;14.1;29;9.8;0;0.0;ESCAÑOS EN BLANCO;37;12.5;;0;0.0;;0;0.0;;0;0.0;;0;0.0
1103205004;Cádiz;36.3;PP;34.1;93;34.1;77;28.2;3;1.1;35;12.8;0;0.0;MUNDO+JUSTO;23;8.4;PACMA;21;7.7;;0;0.0;;0;0.0;;0;0.0
1103205005;Cádiz;38.4;PP;37.8;99;37.8;54;20.6;45;17.2;5;1.9;0;0.0;SALF;29;11.1;FE de las JONS;11;4.2;;0;0.0;;0;0.0;;0;0.0
1103205007;Cádiz;52.7;MUNDO+JUSTO;26.0;184;20.4;93;10.3;46;5.1;39;4.3;0;0.0;MUNDO+JUSTO;235;26.0;SALF;146;16.2;ESCAÑOS EN BLANCO;57;6.3;;0;0.0;;0;0.0
1103205008;Cádiz;41.0;PP;36.8;243;36.8;100;15.2;145;22.0;49;7.4;0;0.0;MUNDO+JUSTO;55;8.3;;0;0.0;;0;0.0;;0;0.0;;0;0.0
1103205009;Cádiz;44.6;PP;44.2;301;44.2;64;9.4;46;6.8;66;9.7;0;0.0;ESCAÑOS EN BLANCO;77;11.3;MUNDO+JUSTO;64;9.4;;0;0.0;;0;0.0;;0;0.0
1103205010;Cádiz;38.8;PP;36.2;183;36.2;72;14.2;99;19.6;39;7.7;0;0.0;ANDALUSÍ;47;9.3;;0;0.0;;0;0.0;;0;0.0;;0;0.0
1103205011;Cádiz;38.8;PP;44.5;268;44.5;150;24.9;54;9.0;5;0.8;0;0.0;ANDALUCISTAS-PA;39;6.5;PARTIDO AUTÓNOMOS;34;5.6;;0;0.0;;0;0.0;;0;0.0
1103205012;Cádiz;58.4;PP;30.2;125;30.2;109;26.3;68;16.4;2;0.5;72;17.4;PACMA;30;7.2;;0;0.0;;0;0.0;;0;0.0;;0;0.0
1103205013;Cádiz;35.6;PP;37.1;221;37.1;119;20.0;132;22.2;23;3.9;0;0.0;PCPA;51;8.6;;0;0.0;;0;0.0;;0;0.0;;0;0.0
1103205014;Cádiz;50.3;PP;39.4;342;39.4;99;11.4;90;10.4;83;9.6;0;0.0;PARTIDO AUTÓNOMOS;142;16.4;;0;0.0;;0;0.0;;0;0.0;;0;0.0
1103205015;Cádiz;62.2;PP;37.6;305;37.6;111;13.7;76;9.4;35;4.3;0;0.0;ANDALUSÍ;66;8.2;MUNDO+JUSTO;63;7.8;;0;0.0;;0;0.0;;0;0.0
1103205016;Cádiz;36.5;PP;30.9;133;30.9;50;11.6;84;19.5;29;6.7;0;0.0;MUNDO+JUSTO;53;12.3;;0;0.0;;0;0.0;;0;0.0;;0;0.0
1103301001;Cádiz;56.9;PP;31.4;179;31.4;174;30.5;77;13.5;3;0.5;0;0.0;PARTIDO AUTÓNOMOS;54;9.5;MUNDO+JUSTO;23;4.0;;0;0.0;;0;0.0;;0;0.0
1103301002;Cádiz;53.7;PP;42.0;171;42.0;78;19.2;37;9.1;5;1.2;0;0.0;ANDALUCISTAS-PA;58;14.2;MUNDO+JUSTO;45;11.1;;0;0.0;;0;0.0;;0;0.0
1103301003;Cádiz;51.3;PP;38.1;173;38.1;75;16.5;34;7.5;46;10.1;0;0.0;FE de las JONS;79;17.4;;0;0.0;;0;0.0;;0;0.0;;0;0.0
1103302001;Cádiz;46.8;PP;31.7;164;31.7;158;30.5;35;6.8;54;10.4;15;2.9;ANDALUCISTAS-PA;30;5.8;;0;0.0;;0;0.0;;0;0.0;;0;0.0
1103302002;Cádiz;59.9;PP;51.1;382;51.1;130;17.4;83;11.1;16;2.1;0;0.0;PACMA;58;7.8;MUNDO+JUSTO;27;3.6;;0;0.0;;0;0.0;;0;0.0
1103302003;Cádiz;53.6;PP;28.9;290;28.9;199;19.8;190;18.9;36;3.6;0;0.0;NA;95;9.5;FE de las JONS;80;8.0;;0;0.0;;0;0.0;;0;0.0
1103302004;Cádiz;44.5;PP;32.7;225;32.7;220;31.9;79;11.5;38;5.5;0;0.0;100x100;48;7.0;;0;0.0;;0;0.0;;0;0.0;;0;0.0
1103302005;Cádiz;49.7;PP;29.6;155;29.6;108;20.6;67;12.8;0;0.0;0;0.0;SALF;59;11.3;PACMA;45;8.6;;0;0.0;;0;0.0;;0;0.0
1103303001;Cádiz;50.3;PP;48.2;352;48.2;71;9.7;96;13.1;31;4.2;114;15.6;;0;0.0;;0;0.0;;0;0.0;;0;0.0;;0;0.0
1103303002;Cádiz;50.4;PSOE-A;40.0;112;23.0;195;40.0;76;15.6;8;1.6;0;0.0;100x100;50;10.2;ESCAÑOS EN BLANCO;19;3.9;;0;0.0;;0;0.0;;0;0.0
1103303003;Cádiz;45.9;PP;38.7;208;38.7;106;19.7;86;16.0;34;6.3;0;0.0;100x100;35;6.5;;0;0.0;;0;0.0;;0;0.0;;0;0.0
1103304001;Cádiz;49.8;PSOE-A;36.9;198;21.7;336;36.9;91;10.0;69;7.6;0;0.0;MUNDO+JUSTO;61;6.7;;0;0.0;;0;0.0;;0;0.0;;0;0.0
1103304002;Cádiz;51.2;PP;37.2;178;37.2;117;24.5;77;16.1;36;7.5;0;0.0;ANDALUCISTAS-PA;29;6.1;;0;0.0;;0;0.0;;0;0.0;;0;0.0
1103304003;Cádiz;37.3;PP;35.2;84;35.2;30;12.6;68;28.4;0;0.0;23;9.6;PACMA;11;4.6;;0;0.0;;0;0.0;;0;0.0;;0;0.0
1103304004;Cádiz;53.6;PSOE-A;36.6;151;27.0;205;36.6;63;11.2;9;1.6;0;0.0;NA;39;7.0;SALF;35;6.2;;0;0.0;;0;0.0;;0;0.0
1103305001;Cádiz;48.5;PP;35.1;277;35.1;196;24.8;127;16.1;52;6.6;0;0.0;PARTIDO AUTÓNOMOS;54;6.8;;0;0.0;;0;0.0;;0;0.0;;0;0.0
1103305002;Cádiz;51.0;PP;55.5;541;55.5;102;10.5;100;10.3;11;1.1;0;0.0;PARTIDO AUTÓNOMOS;97;10.0;MUNDO+JUSTO;43;4.4;;0;0.0;;0;0.0;;0;0.0
1103305003;Cádiz;58.7;PP;39.5;264;39.5;138;20.6;90;13.4;25;3.7;0;0.0;FE de las JONS;88;13.2;MUNDO+JUSTO;40;6.0;;0;0.0;;0;0.0;;0;0.0
1103305004;Cádiz;58.0;PP;60.0;413;60.0;56;8.1;96;14.0;31;4.5;0;0.0;NA;30;4.4;;0;0.0;;0;0.0;;0;0.0;;0;0.0
1103401001;Cádiz;55.7;PP;36.7;201;36.7;163;29.7;67;12.2;0;0.0;23;4.2;MUNDO+JUSTO;33;6.0;100x100;26;4.7;;0;0.0;;0;0.0;;0;0.0
1103401002;Cádiz;60.4;PP;36.4;265;36.4;254;34.9;23;3.2;21;2.9;0;0.0;PACMA;101;13.9;FE de las JONS;24;3.3;;0;0.0;;0;0.0;;0;0.0
1103501001;Cádiz;50.1;PP;43.4;170;43.4;63;16.1;60;15.3;20;5.1;56;14.3;;0;0.0;;0;0.0;;0;0.0;;0;0.0;;0;0.0
1103501002;Cádiz;48.6;PSOE-A;34.0;173;27.5;214;34.0;134;21.3;39;6.2;0;0.0;ESCAÑOS EN BLANCO;28;4.4;;0;0.0;;0;0.0;;0;0.0;;0;0.0
1103501004;Cádiz;54.5;PP;41.1;229;41.1;83;14.9;71;12.8;12;2.2;0;0.0;PARTIDO AUTÓNOMOS;45;8.1;PACMA;45;8.1;;0;0.0;;0;0.0;;0;0.0
1103501005;Cádiz;45.8;PP;37.0;156;37.0;121;28.7;37;8.8;19;4.5;0;0.0;ANDALUCISTAS-PA;30;7.1;;0;0.0;;0;0.0;;0;0.0;;0;0.0
1103501006;Cádiz;52.0;PP;35.9;239;35.9;167;25.1;86;12.9;24;3.6;0;0.0;MUNDO+JUSTO;75;11.3;ANDALUCISTAS-PA;36;5.4;;0;0.0;;0;0.0;;0;0.0
1103501007;Cádiz;51.2;PP;39.1;210;39.1;113;21.0;100;18.6;11;2.0;0;0.0;MUNDO+JUSTO;30;5.6;PARTIDO AUTÓNOMOS;26;4.8;;0;0.0;;0;0.0;;0;0.0
1103501008;Cádiz;46.3;PP;48.7;147;48.7;47;15.6;83;27.5;0;0.0;0;0.0;PACMA;15;5.0;NA;6;2.0;;0;0.0;;0;0.0;;0;0.0
1103501009;Cádiz;46.9;PSOE-A;34.2;77;22.7;116;34.2;29;8.6;22;6.5;0;0.0;SALF;55;16.2;PACMA;28;8.3;;0;0.0;;0;0.0;;0;0.0
1103501010;Cádiz;49.3;PP;42.2;281;42.2;146;21.9;54;8.1;26;3.9;0;0.0;NA;74;11.1;;0;0.0;;0;0.0;;0;0.0;;0;0.0
1103501011;Cádiz;52.0;PP;39.4;248;39.4;109;17.3;34;5.4;17;2.7;0;0.0;ESCAÑOS EN BLANCO;61;9.7;PCPA;58;9.2;MUNDO+JUSTO;48;7.6;;0;0.0;;0;0.0
1103502001;Cádiz;50.5;PP;49.2;231;49.2;53;11.3;49;10.4;10;2.1;0;0.0;ANDALUSÍ;30;6.4;PACMA;21;4.5;;0;0.0;;0;0.0;;0;0.0
1103502002;Cádiz;51.9;PP;49.5;268;49.5;77;14.2;28;5.2;36;6.6;51;9.4;MUNDO+JUSTO;36;6.6;;0;0.0;;0;0.0;;0;0.0;;0;0.0
1103502003;Cádiz;53.3;PP;42.7;361;42.7;153;18.1;109;12.9;69;8.2;0;0.0;MUNDO+JUSTO;32;3.8;;0;0.0;;0;0.0;;0;0.0;;0;0.0
1103601001;Cádiz;64.5;PSOE-A;44.4;133;31.6;187;44.4;0;0.0;32;7.6;0;0.0;PACMA;29;6.9;ESCAÑOS EN BLANCO;20;4.8;;0;0.0;;0;0.0;;0;0.0
1103701001;Cádiz;70.5;PorA;47.9;43;3.9;98;9.0;0;0.0;523;47.9;0;0.0;PACMA;296;27.1;MUNDO+JUSTO;57;5.2;;0;0.0;;0;0.0;;0;0.0
1103701002;Cádiz;73.5;PorA;39.1;185;16.6;181;16.2;80;7.2;437;39.1;0;0.0;ESCAÑOS EN BLANCO;106;9.5;;0;0.0;;0;0.0;;0;0.0;;0;0.0
1103701003;Cádiz;62.1;PorA;36.6;163;28.8;65;11.5;52;9.2;207;36.6;0;0.0;FE de las JONS;27;4.8;;0;0.0;;0;0.0;;0;0.0;;0;0.0
1103701004;Cádiz;69.9;PorA;41.2;175;15.8;252;22.8;26;2.4;455;41.2;0;0.0;FE de las JONS;68;6.2;NA;47;4.3;;0;0.0;;0;0.0;;0;0.0
1103801001;Cádiz;68.8;PP;36.7;136;36.7;114;30.7;9;2.4;23;6.2;0;0.0;MUNDO+JUSTO;35;9.4;PARTIDO AUTÓNOMOS;16;4.3;;0;0.0;;0;0.0;;0;0.0
1103801002;Cádiz;69.0;PP;46.2;366;46.2;133;16.8;147;18.6;35;4.4;0;0.0;100x100;39;4.9;;0;0.0;;0;0.0;;0;0.0;;0;0.0
1103801003;Cádiz;64.6;PP;50.9;343;50.9;125;18.6;126;18.7;16;2.4;0;0.0;MUNDO+JUSTO;20;3.0;PARTIDO AUTÓNOMOS;17;2.5;;0;0.0;;0;0.0;;0;0.0
1103801004;Cádiz;72.5;PP;55.9;500;55.9;70;7.8;62;6.9;105;11.7;0;0.0;PARTIDO AUTÓNOMOS;94;10.5;;0;0.0;;0;0.0;;0;0.0;;0;0.0
1103801005;Cádiz;71.6;PP;65.5;485;65.5;90;12.2;11;1.5;12;1.6;0;0.0;FE de las JONS;64;8.6;MUNDO+JUSTO;47;6.4;PCPA;12;1.6;;0;0.0;;0;0.0
1103801006;Cádiz;64.7;PP;54.7;270;54.7;36;7.3;71;14.4;0;0.0;0;0.0;SALF;62;12.6;PARTIDO AUTÓNOMOS;33;6.7;;0;0.0;;0;0.0;;0;0.0
1103801007;Cádiz;74.0;PP;54.4;430;54.4;97;12.3;44;5.6;11;1.4;0;0.0;PARTIDO AUTÓNOMOS;62;7.8;ANDALUSÍ;39;4.9;;0;0.0;;0;0.0;;0;0.0
1103801008;Cádiz;74.6;PP;38.2;316;38.2;247;29.9;97;11.7;10;1.2;0;0.0;NA;52;6.3;PCPA;26;3.1;;0;0.0;;0;0.0;;0;0.0
1103801009;Cádiz;61.1;PP;37.0;133;37.0;100;27.9;44;12.3;0;0.0;0;0.0;MUNDO+JUSTO;28;7.8;NA;27;7.5;;0;0.0;;0;0.0;;0;0.0
1103801010;Cádiz;64.8;PP;53.8;214;53.8;60;15.1;7;1.8;0;0.0;0;0.0;PCPA;73;18.3;ESCAÑOS EN BLANCO;18;4.5;NA;14;3.5;;0;0.0;;0;0.0
1103801011;Cádiz;63.0;PP;50.8;326;50.8;95;14.8;80;12.5;0;0.0;0;0.0;NA;52;8.1;MUNDO+JUSTO;36;5.6;;0;0.0;;0;0.0;;0;0.0
1103801012;Cádiz;64.7;PP;57.6;373;57.6;68;10.5;72;11.1;4;0.6;0;0.0;MUNDO+JUSTO;51;7.9;ESCAÑOS EN BLANCO;23;3.6;;0;0.0;;0;0.0;;0;0.0
1103801013;Cádiz;61.8;PP;47.4;297;47.4;81;12.9;15;2.4;21;3.4;0;0.0;PARTIDO AUTÓNOMOS;113;18.0;PCPA;30;4.8;MUNDO+JUSTO;28;4.5;;0;0.0;;0;0.0
1103801014;Cádiz;68.4;PP;57.9;387;57.9;71;10.6;97;14.5;52;7.8;0;0.0;ANDALUCISTAS-PA;31;4.6;;0;0.0;;0;0.0;;0;0.0;;0;0.0
1103901001;Cádiz;54.8;PP;39.3;199;39.3;121;23.9;92;18.2;22;4.4;0;0.0;FE de las JONS;33;6.5;;0;0.0;;0;0.0;;0;0.0;;0;0.0
1103902002;Cádiz;52.6;PP;37.0;193;37.0;139;26.6;20;3.8;31;5.9;29;5.6;ANDALUCISTAS-PA;33;6.3;;0;0.0;;0;0.0;;0;0.0;;0;0.0
1103902003;Cádiz;51.6;PP;51.6;314;51.6;151;24.8;13;2.1;20;3.3;0;0.0;PACMA;36;5.9;PARTIDO AUTÓNOMOS;19;3.1;;0;0.0;;0;0.0;;0;0.0
1103902004;Cádiz;50.5;PP;41.2;194;41.2;142;30.2;18;3.8;24;5.1;0;0.0;PARTIDO AUTÓNOMOS;39;8.3;;0;0.0;;0;0.0;;0;0.0;;0;0.0
1103902005;Cádiz;54.9;PP;36.0;328;36.0;230;25.2;78;8.6;0;0.0;80;8.8;MUNDO+JUSTO;128;14.0;;0;0.0;;0;0.0;;0;0.0;;0;0.0
1103902006;Cádiz;49.9;PP;48.3;316;48.3;131;20.0;46;7.0;25;3.8;0;0.0;MUNDO+JUSTO;66;10.1;;0;0.0;;0;0.0;;0;0.0;;0;0.0
1103903001;Cádiz;43.2;PP;30.3;158;30.3;109;20.9;126;24.1;23;4.4;0;0.0;PARTIDO AUTÓNOMOS;37;7.1;MUNDO+JUSTO;34;6.5;;0;0.0;;0;0.0;;0;0.0
1103903002;Cádiz;51.8;PSOE-A;37.2;146;28.8;188;37.2;43;8.5;13;2.6;37;7.3;PARTIDO AUTÓNOMOS;27;5.3;;0;0.0;;0;0.0;;0;0.0;;0;0.0
1103903003;Cádiz;49.9;PP;38.6;197;38.6;107;21.0;34;6.7;28;5.5;0;0.0;FE de las JONS;49;9.6;MUNDO+JUSTO;36;7.1;;0;0.0;;0;0.0;;0;0.0
1104001001;Cádiz;76.4;PSOE-A;45.7;103;35.4;133;45.7;1;0.3;0;0.0;0;0.0;PCPA;16;5.5;MUNDO+JUSTO;15;5.2;NA;10;3.4;;0;0.0;;0;0.0
1104101001;Cádiz;52.6;PP;60.7;310;60.7;51;10.0;6;1.2;52;10.2;0;0.0;MUNDO+JUSTO;29;5.7;100x100;16;3.1;;0;0.0;;0;0.0;;0;0.0
1104101002;Cádiz;60.0;PP;49.6;170;49.6;45;13.1;24;7.0;1;0.3;0;0.0;PACMA;47;13.7;MUNDO+JUSTO;25;7.3;;0;0.0;;0;0.0;;0;0.0
1104101003;Cádiz;53.0;PP;47.3;365;47.3;144;18.6;79;10.2;12;1.6;0;0.0;PCPA;91;11.8;FE de las JONS;27;3.5;;0;0.0;;0;0.0;;0;0.0
1104102001;Cádiz;58.4;PP;40.7;211;40.7;119;23.0;22;4.2;9;1.7;0;0.0;ANDALUSÍ;33;6.4;MUNDO+JUSTO;29;5.6;100x100;23;4.4;;0;0.0;;0;0.0
1104102002;Cádiz;52.2;PP;38.5;270;38.5;177;25.2;59;8.4;14;2.0;0;0.0;PACMA;78;11.1;MUNDO+JUSTO;37;5.3;;0;0.0;;0;0.0;;0;0.0
1104102003;Cádiz;62.6;PP;57.7;281;57.7;52;10.7;66;13.6;0;0.0;0;0.0;100x100;42;8.6;PCPA;22;4.5;;0;0.0;;0;0.0;;0;0.0
1104102004;Cádiz;56.1;PP;40.2;194;40.2;107;22.2;6;1.2;15;3.1;0;0.0;MUNDO+JUSTO;130;26.9;PARTIDO AUTÓNOMOS;10;2.1;;0;0.0;;0;0.0;;0;0.0
1104102005;Cádiz;50.1;PP;41.0;126;41.0;72;23.4;37;12.0;0;0.0;0;0.0;MUNDO+JUSTO;41;13.4;FE de las JONS;17;5.5;;0;0.0;;0;0.0;;0;0.0
1104102006;Cádiz;57.7;PP;47.4;322;47.4;92;13.6;27;4.0;58;8.5;0;0.0;MUNDO+JUSTO;46;6.8;FE de las JONS;36;5.3;;0;0.0;;0;0.0;;0;0.0
1104102007;Cádiz;51.3;PP;38.6;264;38.6;134;19.6;15;2.2;38;5.6;0;0.0;ESCAÑOS EN BLANCO;99;14.5;FE de las JONS;40;5.9;;0;0.0;;0;0.0;;0;0.0
1104201001;Cádiz;59.2;PP;35.6;241;35.6;191;28.2;76;11.2;23;3.4;0;0.0;SALF;50;7.4;PACMA;34;5.0;;0;0.0;;0;0.0;;0;0.0
1190101001;Cádiz;56.0;PSOE-A;34.9;215;31.9;235;34.9;90;13.4;12;1.8;0;0.0;PCPA;25;3.7;100x100;22;3.3;;0;0.0;;0;0.0;;0;0.0
1190101003;Cádiz;52.8;PP;33.9;129;33.9;100;26.2;11;2.9;9;2.4;0;0.0;NA;100;26.2;FE de las JONS;21;5.5;;0;0.0;;0;0.0;;0;0.0
1190101004;Cádiz;51.6;PSOE-A;32.8;217;31.2;228;32.8;12;1.7;63;9.0;0;0.0;ANDALUSÍ;41;5.9;SALF;31;4.4;;0;0.0;;0;0.0;;0;0.0
1190101005;Cádiz;47.3;PP;39.0;159;39.0;74;18.1;56;13.7;5;1.2;0;0.0;ESCAÑOS EN BLANCO;59;14.5;PCPA;25;6.1;;0;0.0;;0;0.0;;0;0.0
1190101006;Cádiz;56.6;PP;37.6;166;37.6;101;22.9;53;12.0;54;12.2;41;9.3;;0;0.0;;0;0.0;;0;0.0;;0;0.0;;0;0.0
1190101007;Cádiz;54.2;PSOE-A;31.1;176;30.4;180;31.1;32;5.5;48;8.3;0;0.0;SALF;42;7.3;PARTIDO AUTÓNOMOS;37;6.4;;0;0.0;;0;0.0;;0;0.0
1190201001;Cádiz;53.0;PP;39.3;286;39.3;235;32.3;72;9.9;16;2.2;0;0.0;PARTIDO AUTÓNOMOS;32;4.4;ANDALUCISTAS-PA;20;2.8;;0;0.0;;0;0.0;;0;0.0
1190201002;Cádiz;41.9;PP;48.7;285;48.7;106;18.1;83;14.2;22;3.8;0;0.0;MUNDO+JUSTO;30;5.1;;0;0.0;;0;0.0;;0;0.0;;0;0.0
1190201003;Cádiz;47.4;PP;42.4;175;42.4;115;27.8;55;13.3;10;2.4;0;0.0;NA;16;3.9;FE de las JONS;12;2.9;;0;0.0;;0;0.0;;0;0.0
1190301001;Cádiz;48.9;PP;33.1;172;33.1;150;28.8;77;14.8;6;1.2;0;0.0;ESCAÑOS EN BLANCO;32;6.2;FE de las JONS;29;5.6;;0;0.0;;0;0.0;;0;0.0
1190301002;Cádiz;53.4;PP;31.6;126;31.6;106;26.6;35;8.8;22;5.5;0;0.0;ANDALUSÍ;62;15.5;;0;0.0;;0;0.0;;0;0.0;;0;0.0
1400101001;Córdoba;66.6;PP;45.6;400;45.6;201;22.9;54;6.2;52;5.9;0;0.0;MUNDO+JUSTO;57;6.5;;0;0.0;;0;0.0;;0;0.0;;0;0.0
1400101002;Córdoba;72.8;PP;37.7;209;37.7;173;31.2;21;3.8;40;7.2;0;0.0;PCPA;34;6.1;;0;0.0;;0;0.0;;0;0.0;;0;0.0
1400101003;Córdoba;64.0;PP;40.2;301;40.2;206;27.5;84;11.2;45;6.0;0;0.0;MUNDO+JUSTO;32;4.3;;0;0.0;;0;0.0;;0;0.0;;0;0.0
1400201001;Córdoba;60.6;PP;37.1;166;37.1;138;30.9;39;8.7;26;5.8;0;0.0;PCTE;44;9.8;;0;0.0;;0;0.0;;0;0.0;;0;0.0
1400201002;Córdoba;62.3;PP;45.5;181;45.5;66;16.6;33;8.3;78;19.6;0;0.0;NA;27;6.8;;0;0.0;;0;0.0;;0;0.0;;0;0.0
1400201003;Córdoba;56.7;PSOE-A;36.9;170;27.7;226;36.9;34;5.6;45;7.3;0;0.0;NA;56;9.1;;0;0.0;;0;0.0;;0;0.0;;0;0.0
1400202001;Córdoba;59.9;PP;43.4;206;43.4;63;13.3;3;0.6;80;16.8;0;0.0;PCTE;46;9.7;PCPA;30;6.3;;0;0.0;;0;0.0;;0;0.0
1400202002;Córdoba;65.6;PP;40.4;149;40.4;84;22.8;7;1.9;34;9.2;0;0.0;MUNDO+JUSTO;50;13.6;NA;24;6.5;;0;0.0;;0;0.0;;0;0.0
1400202003;Córdoba;57.2;PP;33.5;189;33.5;179;31.7;45;8.0;39;6.9;0;0.0;MUNDO+JUSTO;39;6.9;;0;0.0;;0;0.0;;0;0.0;;0;0.0
1400202004;Córdoba;60.4;PP;53.5;285;53.5;89;16.7;60;11.3;24;4.5;0;0.0;MUNDO+JUSTO;37;6.9;;0;0.0;;0;0.0;;0;0.0;;0;0.0
1400203001;Córdoba;54.7;PSOE-A;42.6;136;22.6;256;42.6;28;4.7;48;8.0;0;0.0;SALF;44;7.3;;0;0.0;;0;0.0;;0;0.0;;0;0.0
1400203002;Córdoba;59.9;PP;41.0;384;41.0;240;25.6;132;14.1;17;1.8;0;0.0;MUNDO+JUSTO;64;6.8;ESCAÑOS EN BLANCO;33;3.5;;0;0.0;;0;0.0;;0;0.0
1400203003;Córdoba;54.9;PP;37.8;252;37.8;135;20.2;36;5.4;113;16.9;0;0.0;SALF;27;4.0;;0;0.0;;0;0.0;;0;0.0;;0;0.0
1400203004;Córdoba;59.8;PP;31.8;192;31.8;183;30.4;38;6.3;40;6.6;0;0.0;FE de las JONS;61;10.1;SALF;46;7.6;;0;0.0;;0;0.0;;0;0.0
1400301001;Córdoba;67.0;PSOE-A;38.4;267;31.7;323;38.4;79;9.4;22;2.6;0;0.0;PCTE;61;7.2;MUNDO+JUSTO;40;4.8;;0;0.0;;0;0.0;;0;0.0
1400401001;Córdoba;69.8;PP;37.8;316;37.8;231;27.7;193;23.1;4;0.5;0;0.0;PACMA;29;3.5;FE de las JONS;25;3.0;;0;0.0;;0;0.0;;0;0.0
1400402001;Córdoba;64.4;PP;36.4;150;36.4;134;32.5;33;8.0;23;5.6;0;0.0;MUNDO+JUSTO;34;8.2;;0;0.0;;0;0.0;;0;0.0;;0;0.0
1400501001;Córdoba;54.4;PP;39.3;148;39.3;53;14.1;4;1.1;67;17.8;37;9.8;MUNDO+JUSTO;31;8.2;;0;0.0;;0;0.0;;0;0.0;;0;0.0
1400501002;Córdoba;52.2;PSOE-A;36.0;99;19.3;185;36.0;49;9.5;57;11.1;0;0.0;MUNDO+JUSTO;59;11.5;;0;0.0;;0;0.0;;0;0.0;;0;0.0
1400501003;Córdoba;51.9;PP;35.0;108;35.0;46;14.9;41;13.3;19;6.2;0;0.0;SALF;77;24.9;;0;0.0;;0;0.0;;0;0.0;;0;0.0
1400501004;Córdoba;50.6;PSOE-A;43.6;33;10.3;139;43.6;34;10.7;33;10.3;0;0.0;PACMA;60;18.8;;0;0.0;;0;0.0;;0;0.0;;0;0.0
1400501005;Córdoba;44.9;PSOE-A;26.4;181;25.9;184;26.4;43;6.2;143;20.5;0;0.0;MUNDO+JUSTO;46;6.6;;0;0.0;;0;0.0;;0;0.0;;0;0.0
1400501006;Córdoba;47.8;PSOE-A;26.8;76;19.0;107;26.8;32;8.0;76;19.0;0;0.0;MUNDO+JUSTO;43;10.8;;0;0.0;;0;0.0;;0;0.0;;0;0.0
1400501007;Córdoba;59.9;PP;42.3;272;42.3;97;15.1;124;19.3;90;14.0;0;0.0;PCPA;26;4.0;;0;0.0;;0;0.0;;0;0.0;;0;0.0
1400601001;Córdoba;81.0;PP;42.9;213;42.9;135;27.2;65;13.1;4;0.8;0;0.0;MUNDO+JUSTO;40;8.0;ESCAÑOS EN BLANCO;20;4.0;;0;0.0;;0;0.0;;0;0.0
1400601002;Córdoba;82.8;PP;50.0;257;50.0;81;15.8;6;1.2;79;15.4;0;0.0;PACMA;36;7.0;NA;31;6.0;;0;0.0;;0;0.0;;0;0.0
1400701001;Córdoba;61.5;PP;38.7;324;38.7;186;22.2;77;9.2;83;9.9;0;0.0;FE de las JONS;116;13.8;;0;0.0;;0;0.0;;0;0.0;;0;0.0
1400701002;Córdoba;61.4;PP;33.4;332;33.4;260;26.2;140;14.1;69;6.9;0;0.0;PCTE;95;9.6;;0;0.0;;0;0.0;;0;0.0;;0;0.0
1400702001;Córdoba;51.0;PSOE-A;42.2;145;24.0;255;42.2;48;8.0;14;2.3;39;6.5;MUNDO+JUSTO;28;4.6;;0;0.0;;0;0.0;;0;0.0;;0;0.0
1400703001;Córdoba;57.1;PP;39.9;130;39.9;95;29.1;52;16.0;33;10.1;0;0.0;FE de las JONS;8;2.4;;0;0.0;;0;0.0;;0;0.0;;0;0.0
1400703002;Córdoba;71.7;PP;44.0;423;44.0;240;25.0;58;6.0;43;4.5;0;0.0;MUNDO+JUSTO;108;11.2;NA;57;5.9;;0;0.0;;0;0.0;;0;0.0
1400703003;Córdoba;51.8;PP;46.3;182;46.3;68;17.3;46;11.7;36;9.2;0;0.0;MUNDO+JUSTO;30;7.6;;0;0.0;;0;0.0;;0;0.0;;0;0.0
1400703004;Córdoba;54.0;PP;41.9;273;41.9;29;4.4;80;12.3;71;10.9;0;0.0;ESCAÑOS EN BLANCO;99;15.2;;0;0.0;;0;0.0;;0;0.0;;0;0.0
1400703005;Córdoba;60.6;PP;42.7;412;42.7;206;21.4;29;3.0;81;8.4;76;7.9;MUNDO+JUSTO;53;5.5;;0;0.0;;0;0.0;;0;0.0;;0;0.0
1400703006;Córdoba;70.5;PP;43.0;427;43.0;166;16.7;177;17.8;8;0.8;0;0.0;MUNDO+JUSTO;100;10.1;ANDALUCISTAS-PA;50;5.0;;0;0.0;;0;0.0;;0;0.0
1400703007;Córdoba;70.0;PP;41.8;364;41.8;195;22.4;150;17.2;32;3.7;0;0.0;ESCAÑOS EN BLANCO;71;8.2;;0;0.0;;0;0.0;;0;0.0;;0;0.0
1400704001;Córdoba;44.0;PSOE-A;43.4;49;16.5;129;43.4;12;4.0;54;18.2;0;0.0;PCPA;45;15.2;;0;0.0;;0;0.0;;0;0.0;;0;0.0
1400704002;Córdoba;32.3;PSOE-A;51.2;29;13.9;107;51.2;7;3.4;16;7.7;0;0.0;MUNDO+JUSTO;24;11.5;NA;14;6.7;;0;0.0;;0;0.0;;0;0.0
1400705001;Córdoba;55.5;PP;49.4;253;49.4;63;12.3;56;10.9;99;19.3;0;0.0;PACMA;26;5.1;;0;0.0;;0;0.0;;0;0.0;;0;0.0
1400801001;Córdoba;55.9;PP;37.1;104;37.1;95;33.9;11;3.9;32;11.4;0;0.0;PCTE;18;6.4;PACMA;13;4.6;;0;0.0;;0;0.0;;0;0.0
1400802001;Córdoba;60.8;PP;44.6;182;44.6;110;27.0;55;13.5;0;0.0;20;4.9;ESCAÑOS EN BLANCO;19;4.7;;0;0.0;;0;0.0;;0;0.0;;0;0.0
1400803001;Córdoba;62.6;PP;46.0;165;46.0;73;20.3;32;8.9;35;9.8;0;0.0;PCPA;18;5.0;;0;0.0;;0;0.0;;0;0.0;;0;0.0
1400804001;Córdoba;63.6;PP;46.6;232;46.6;87;17.5;106;21.3;24;4.8;0;0.0;PCTE;31;6.2;;0;0.0;;0;0.0;;0;0.0;;0;0.0
1400901001;Córdoba;55.2;PP;44.7;140;44.7;62;19.8;24;7.7;7;2.2;0;0.0;ESCAÑOS EN BLANCO;20;6.4;NA;20;6.4;;0;0.0;;0;0.0;;0;0.0
1400901002;Córdoba;50.7;PP;43.2;130;43.2;86;28.6;17;5.6;17;5.6;0;0.0;FE de las JONS;20;6.6;PACMA;19;6.3;;0;0.0;;0;0.0;;0;0.0
1400902001;Córdoba;55.4;PP;48.5;173;48.5;27;7.6;9;2.5;55;15.4;0;0.0;PCPA;27;7.6;PCTE;25;7.0;;0;0.0;;0;0.0;;0;0.0
1400903001;Córdoba;51.1;PP;36.2;115;36.2;90;28.3;43;13.5;4;1.3;0;0.0;PCTE;23;7.2;PCPA;20;6.3;;0;0.0;;0;0.0;;0;0.0
1401001001;Córdoba;62.7;PP;45.3;335;45.3;180;24.4;75;10.2;7;1.0;0;0.0;MUNDO+JUSTO;52;7.0;FE de las JONS;32;4.3;;0;0.0;;0;0.0;;0;0.0
1401002001;Córdoba;59.5;PP;39.9;126;39.9;123;38.9;57;18.0;0;0.0;0;0.0;PACMA;8;2.5;;0;0.0;;0;0.0;;0;0.0;;0;0.0
1401002002;Córdoba;55.1;PSOE-A;48.1;236;29.1;390;48.1;76;9.4;17;2.1;0;0.0;PCPA;60;7.4;;0;0.0;;0;0.0;;0;0.0;;0;0.0
1401003001;Córdoba;57.8;PP;43.5;191;43.5;108;24.6;74;16.9;0;0.0;0;0.0;NA;47;10.7;ESCAÑOS EN BLANCO;8;1.8;;0;0.0;;0;0.0;;0;0.0
1401101001;Córdoba;74.2;PP;44.2;181;44.2;104;25.4;75;18.3;0;0.0;0;0.0;PACMA;24;5.8;PCPA;12;2.9;;0;0.0;;0;0.0;;0;0.0
1401201001;Córdoba;70.3;PP;40.1;170;40.1;124;29.2;3;0.7;58;13.7;0;0.0;ESCAÑOS EN BLANCO;24;5.7;NA;23;5.4;;0;0.0;;0;0.0;;0;0.0
1401201002;Córdoba;59.4;PP;42.4;256;42.4;162;26.9;71;11.8;8;1.3;0;0.0;FE de las JONS;56;9.3;PCTE;11;1.8;;0;0.0;;0;0.0;;0;0.0
1401202001;Córdoba;70.5;PP;39.9;198;39.9;147;29.6;51;10.3;2;0.4;44;8.9;PCTE;22;4.4;;0;0.0;;0;0.0;;0;0.0;;0;0.0
1401202002;Córdoba;57.7;PSOE-A;58.2;81;26.5;178;58.2;13;4.2;20;6.5;0;0.0;MUNDO+JUSTO;10;3.3;;0;0.0;;0;0.0;;0;0.0;;0;0.0
1401203001;Córdoba;57.2;PSOE-A;31.3;264;30.6;270;31.3;59;6.8;74;8.6;0;0.0;PACMA;50;5.8;;0;0.0;;0;0.0;;0;0.0;;0;0.0
1401204001;Córdoba;52.1;PP;39.6;128;39.6;103;31.9;8;2.5;18;5.6;0;0.0;MUNDO+JUSTO;40;12.4;FE de las JONS;18;5.6;;0;0.0;;0;0.0;;0;0.0
1401204002;Córdoba;57.8;PSOE-A;35.0;122;26.1;164;35.0;30;6.4;41;8.8;0;0.0;PCTE;40;8.6;PACMA;36;7.7;;0;0.0;;0;0.0;;0;0.0
1401301001;Córdoba;64.3;PP;48.0;303;48.0;95;15.1;68;10.8;19;3.0;0;0.0;PCTE;51;8.1;ANDALUCISTAS-PA;45;7.1;;0;0.0;;0;0.0;;0;0.0
1401301002;Córdoba;65.4;PP;46.2;489;46.2;146;13.8;93;8.8;82;7.7;0;0.0;PACMA;87;8.2;;0;0.0;;0;0.0;;0;0.0;;0;0.0
1401301003;Córdoba;67.2;PP;50.0;337;50.0;97;14.4;26;3.9;70;10.4;0;0.0;MUNDO+JUSTO;41;6.1;ESCAÑOS EN BLANCO;34;5.0;;0;0.0;;0;0.0;;0;0.0
1401301004;Córdoba;67.7;PP;46.1;411;46.1;173;19.4;137;15.4;22;2.5;43;4.8;NA;25;2.8;;0;0.0;;0;0.0;;0;0.0;;0;0.0
1401301005;Córdoba;66.6;PP;44.3;302;44.3;120;17.6;75;11.0;45;6.6;0;0.0;NA;43;6.3;;0;0.0;;0;0.0;;0;0.0;;0;0.0
1401301006;Córdoba;63.5;PP;47.6;367;47.6;139;18.0;86;11.2;10;1.3;0;0.0;ESCAÑOS EN BLANCO;96;12.4;MUNDO+JUSTO;33;4.3;;0;0.0;;0;0.0;;0;0.0
1401301007;Córdoba;56.0;PP;35.3;156;35.3;126;28.5;70;15.8;6;1.4;0;0.0;ESCAÑOS EN BLANCO;27;6.1;PACMA;21;4.8;;0;0.0;;0;0.0;;0;0.0
1401302001;Córdoba;68.8;PP;48.5;415;48.5;123;14.4;60;7.0;131;15.3;0;0.0;PACMA;32;3.7;;0;0.0;;0;0.0;;0;0.0;;0;0.0
1401302002;Córdoba;61.6;PP;48.4;390;48.4;119;14.8;107;13.3;33;4.1;0;0.0;MUNDO+JUSTO;44;5.5;ESCAÑOS EN BLANCO;37;4.6;;0;0.0;;0;0.0;;0;0.0
1401302003;Córdoba;63.3;PP;34.5;154;34.5;148;33.2;19;4.3;11;2.5;0;0.0;PCTE;45;10.1;PACMA;34;7.6;MUNDO+JUSTO;28;6.3;;0;0.0;;0;0.0
1401303001;Córdoba;65.7;PSOE-A;34.8;126;26.9;163;34.8;20;4.3;53;11.3;0;0.0;ANDALUCISTAS-PA;32;6.8;PACMA;31;6.6;;0;0.0;;0;0.0;;0;0.0
1401303002;Córdoba;67.3;PP;52.1;276;52.1;31;5.8;84;15.8;59;11.1;0;0.0;PACMA;28;5.3;;0;0.0;;0;0.0;;0;0.0;;0;0.0
1401303003;Córdoba;61.6;PP;50.6;219;50.6;62;14.3;48;11.1;41;9.5;17;3.9;MUNDO+JUSTO;19;4.4;;0;0.0;;0;0.0;;0;0.0;;0;0.0
1401303004;Córdoba;58.1;PP;36.4;310;36.4;189;22.2;110;12.9;45;5.3;0;0.0;NA;61;7.2;MUNDO+JUSTO;54;6.3;;0;0.0;;0;0.0;;0;0.0
1401304001;Córdoba;55.4;PP;42.3;292;42.3;122;17.7;59;8.6;18;2.6;0;0.0;ESCAÑOS EN BLANCO;67;9.7;MUNDO+JUSTO;54;7.8;;0;0.0;;0;0.0;;0;0.0
1401401001;Córdoba;71.7;PP;39.7;314;39.7;236;29.8;97;12.3;39;4.9;0;0.0;ESCAÑOS EN BLANCO;52;6.6;;0;0.0;;0;0.0;;0;0.0;;0;0.0
1401402001;Córdoba;71.5;PP;32.2;265;32.2;256;31.1;93;11.3;23;2.8;0;0.0;ESCAÑOS EN BLANCO;67;8.2;NA;50;6.1;;0;0.0;;0;0.0;;0;0.0
1401501001;Córdoba;65.7;PP;36.3;271;36.3;186;24.9;94;12.6;68;9.1;0;0.0;PCTE;38;5.1;;0;0.0;;0;0.0;;0;0.0;;0;0.0
1401501002;Córdoba;64.1;PP;30.2;149;30.2;127;25.7;19;3.8;96;19.4;36;7.3;FE de las JONS;24;4.9;;0;0.0;;0;0.0;;0;0.0;;0;0.0
1401601001;Córdoba;63.9;PP;29.8;125;29.8;119;28.3;59;14.0;0;0.0;0;0.0;PCTE;24;5.7;MUNDO+JUSTO;23;5.5;;0;0.0;;0;0.0;;0;0.0
1401601002;Córdoba;67.6;PP;39.4;141;39.4;118;33.0;7;2.0;30;8.4;0;0.0;FE de las JONS;51;14.2;NA;8;2.2;;0;0.0;;0;0.0;;0;0.0
1401701001;Córdoba;61.5;PP;34.3;239;34.3;180;25.9;123;17.7;0;0.0;0;0.0;FE de las JONS;68;9.8;MUNDO+JUSTO;43;6.2;;0;0.0;;0;0.0;;0;0.0
1401701002;Córdoba;66.9;PP;43.3;231;43.3;187;35.0;45;8.4;18;3.4;0;0.0;NA;36;6.7;;0;0.0;;0;0.0;;0;0.0;;0;0.0
1401701003;Córdoba;63.5;PP;31.6;363;31.6;352;30.6;112;9.8;108;9.4;0;0.0;FE de las JONS;61;5.3;;0;0.0;;0;0.0;;0;0.0;;0;0.0
1401701004;Córdoba;59.6;PSOE-A;31.9;334;30.0;355;31.9;62;5.6;113;10.1;0;0.0;MUNDO+JUSTO;75;6.7;;0;0.0;;0;0.0;;0;0.0;;0;0.0
1401701005;Córdoba;61.3;PP;31.0;270;31.0;267;30.6;132;15.2;27;3.1;0;0.0;PCPA;89;10.2;MUNDO+JUSTO;43;4.9;;0;0.0;;0;0.0;;0;0.0
1401701006;Córdoba;60.7;PP;35.8;189;35.8;164;31.1;83;15.7;2;0.4;0;0.0;MUNDO+JUSTO;44;8.3;PCPA;20;3.8;;0;0.0;;0;0.0;;0;0.0
1401702001;Córdoba;67.6;PP;36.4;229;36.4;201;31.9;38;6.0;22;3.5;0;0.0;ESCAÑOS EN BLANCO;37;5.9;MUNDO+JUSTO;28;4.4;;0;0.0;;0;0.0;;0;0.0
1401702002;Córdoba;60.5;PSOE-A;47.1;178;21.0;399;47.1;68;8.0;7;0.8;0;0.0;PCTE;63;7.4;PCPA;61;7.2;;0;0.0;;0;0.0;;0;0.0
1401703001;Córdoba;54.9;PP;37.1;242;37.1;149;22.8;121;18.6;6;0.9;0;0.0;PCPA;28;4.3;ESCAÑOS EN BLANCO;27;4.1;;0;0.0;;0;0.0;;0;0.0
1401801001;Córdoba;63.3;PP;34.8;267;34.8;195;25.4;81;10.6;43;5.6;0;0.0;NA;56;7.3;MUNDO+JUSTO;50;6.5;;0;0.0;;0;0.0;;0;0.0
1401802001;Córdoba;63.5;PP;45.2;282;45.2;100;16.0;100;16.0;53;8.5;0;0.0;PCTE;46;7.4;;0;0.0;;0;0.0;;0;0.0;;0;0.0
1401802002;Córdoba;64.1;PP;35.8;305;35.8;173;20.3;141;16.5;77;9.0;0;0.0;ESCAÑOS EN BLANCO;49;5.7;;0;0.0;;0;0.0;;0;0.0;;0;0.0
1401901001;Córdoba;67.2;PP;44.6;283;44.6;89;14.0;62;9.8;63;9.9;0;0.0;PCTE;45;7.1;;0;0.0;;0;0.0;;0;0.0;;0;0.0
1401902001;Córdoba;68.9;PP;34.1;357;34.1;216;20.6;115;11.0;79;7.6;0;0.0;ESCAÑOS EN BLANCO;101;9.7;;0;0.0;;0;0.0;;0;0.0;;0;0.0
1401903001;Córdoba;65.1;PP;37.8;257;37.8;143;21.0;43;6.3;61;9.0;0;0.0;MUNDO+JUSTO;67;9.8;PCPA;66;9.7;;0;0.0;;0;0.0;;0;0.0
1401904001;Córdoba;69.4;PP;44.0;204;44.0;75;16.2;77;16.6;15;3.2;0;0.0;MUNDO+JUSTO;26;5.6;PCPA;24;5.2;;0;0.0;;0;0.0;;0;0.0
1401904002;Córdoba;66.5;PP;34.2;209;34.2;127;20.8;96;15.7;35;5.7;0;0.0;NA;44;7.2;ANDALUCISTAS-PA;38;6.2;;0;0.0;;0;0.0;;0;0.0
1401905001;Córdoba;65.3;PP;36.6;235;36.6;152;23.6;61;9.5;84;13.1;0;0.0;PCTE;49;7.6;;0;0.0;;0;0.0;;0;0.0;;0;0.0
1402001001;Córdoba;59.0;PSOE-A;41.6;48;25.3;79;41.6;7;3.7;0;0.0;0;0.0;NA;35;18.4;FE de las JONS;14;7.4;;0;0.0;;0;0.0;;0;0.0
1402101001;Córdoba;67.2;PP;42.9;211;42.9;80;16.3;79;16.1;14;2.8;0;0.0;PCPA;39;7.9;MUNDO+JUSTO;35;7.1;;0;0.0;;0;0.0;;0;0.0
1402101002;Córdoba;60.7;PP;43.2;207;43.2;88;18.4;23;4.8;51;10.6;0;0.0;FE de las JONS;41;8.6;MUNDO+JUSTO;34;7.1;;0;0.0;;0;0.0;;0;0.0
1402101003;Córdoba;67.0;PP;49.5;464;49.5;50;5.3;91;9.7;105;11.2;45;4.8;PCTE;48;5.1;;0;0.0;;0;0.0;;0;0.0;;0;0.0
1402101004;Córdoba;59.1;PP;43.9;176;43.9;68;17.0;0;0.0;68;17.0;30;7.5;MUNDO+JUSTO;28;7.0;;0;0.0;;0;0.0;;0;0.0;;0;0.0
1402101005;Córdoba;58.1;PP;46.4;321;46.4;34;4.9;100;14.5;17;2.5;43;6.2;FE de las JONS;57;8.2;MUNDO+JUSTO;37;5.4;;0;0.0;;0;0.0;;0;0.0
1402101006;Córdoba;74.0;PP;58.1;354;58.1;60;9.8;83;13.6;0;0.0;0;0.0;NA;34;5.6;FE de las JONS;33;5.4;;0;0.0;;0;0.0;;0;0.0
1402101007;Córdoba;59.8;PP;46.2;436;46.2;126;13.4;158;16.7;31;3.3;0;0.0;PACMA;58;6.1;FE de las JONS;36;3.8;;0;0.0;;0;0.0;;0;0.0
1402101008;Córdoba;78.9;PP;60.1;619;60.1;0;0.0;205;19.9;37;3.6;0;0.0;ESCAÑOS EN BLANCO;46;4.5;MUNDO+JUSTO;46;4.5;NA;43;4.2;;0;0.0;;0;0.0
1402101009;Córdoba;63.4;PP;51.9;517;51.9;89;8.9;68;6.8;100;10.0;0;0.0;NA;62;6.2;;0;0.0;;0;0.0;;0;0.0;;0;0.0
1402101010;Córdoba;65.4;PP;38.3;211;38.3;82;14.9;104;18.9;4;0.7;0;0.0;MUNDO+JUSTO;77;14.0;PCTE;35;6.4;;0;0.0;;0;0.0;;0;0.0
1402101011;Córdoba;73.8;PP;53.0;371;53.0;84;12.0;92;13.1;32;4.6;0;0.0;PACMA;38;5.4;NA;32;4.6;;0;0.0;;0;0.0;;0;0.0
1402101012;Córdoba;59.2;PP;35.1;210;35.1;117;19.6;59;9.9;50;8.4;0;0.0;ANDALUCISTAS-PA;74;12.4;;0;0.0;;0;0.0;;0;0.0;;0;0.0
1402101013;Córdoba;56.9;PSOE-A;33.7;102;24.4;141;33.7;15;3.6;57;13.6;0;0.0;PCTE;64;15.3;PCPA;29;6.9;;0;0.0;;0;0.0;;0;0.0
1402101014;Córdoba;58.8;PP;43.1;190;43.1;50;11.3;46;10.4;53;12.0;0;0.0;NA;33;7.5;;0;0.0;;0;0.0;;0;0.0;;0;0.0
1402101015;Córdoba;74.8;PP;46.6;285;46.6;123;20.1;80;13.1;89;14.5;0;0.0;PCPA;14;2.3;;0;0.0;;0;0.0;;0;0.0;;0;0.0
1402101016;Córdoba;69.1;PP;53.2;231;53.2;56;12.9;68;15.7;13;3.0;0;0.0;PCTE;25;5.8;PACMA;24;5.5;;0;0.0;;0;0.0;;0;0.0
1402101017;Córdoba;56.4;PP;37.6;300;37.6;133;16.7;58;7.3;106;13.3;0;0.0;PCPA;85;10.6;;0;0.0;;0;0.0;;0;0.0;;0;0.0
1402101018;Córdoba;76.0;PP;48.5;444;48.5;95;10.4;148;16.2;91;9.9;0;0.0;ESCAÑOS EN BLANCO;42;4.6;;0;0.0;;0;0.0;;0;0.0;;0;0.0
1402101019;Córdoba;77.9;PP;61.8;459;61.8;36;4.8;136;18.3;18;2.4;0;0.0;PCPA;30;4.0;PCTE;25;3.4;;0;0.0;;0;0.0;;0;0.0
1402101020;Córdoba;71.0;PP;43.3;507;43.3;180;15.4;142;12.1;36;3.1;0;0.0;MUNDO+JUSTO;135;11.5;PCTE;86;7.4;;0;0.0;;0;0.0;;0;0.0
1402101021;Córdoba;61.1;PSOE-A;37.9;226;30.0;286;37.9;82;10.9;44;5.8;0;0.0;PCPA;55;7.3;;0;0.0;;0;0.0;;0;0.0;;0;0.0
1402101022;Córdoba;57.9;PP;41.3;365;41.3;120;13.6;161;18.2;42;4.8;0;0.0;PCPA;76;8.6;;0;0.0;;0;0.0;;0;0.0;;0;0.0
1402101023;Córdoba;69.0;PP;49.1;284;49.1;74;12.8;68;11.8;55;9.5;0;0.0;PACMA;33;5.7;;0;0.0;;0;0.0;;0;0.0;;0;0.0
1402101024;Córdoba;81.0;PP;57.8;617;57.8;27;2.5;138;12.9;95;8.9;36;3.4;MUNDO+JUSTO;61;5.7;;0;0.0;;0;0.0;;0;0.0;;0;0.0
1402101025;Córdoba;66.5;PP;50.9;232;50.9;9;2.0;156;34.2;2;0.4;0;0.0;NA;26;5.7;MUNDO+JUSTO;20;4.4;;0;0.0;;0;0.0;;0;0.0
1402101026;Córdoba;79.8;PP;56.6;362;56.6;90;14.1;41;6.4;0;0.0;0;0.0;MUNDO+JUSTO;55;8.6;NA;55;8.6;;0;0.0;;0;0.0;;0;0.0
1402101027;Córdoba;59.9;PP;43.9;275;43.9;74;11.8;86;13.7;37;5.9;0;0.0;SALF;48;7.7;;0;0.0;;0;0.0;;0;0.0;;0;0.0
1402101028;Córdoba;73.5;PP;47.0;207;47.0;11;2.5;54;12.3;67;15.2;0;0.0;MUNDO+JUSTO;48;10.9;FE de las JONS;28;6.4;;0;0.0;;0;0.0;;0;0.0
1402101029;Córdoba;64.3;PP;33.7;197;33.7;126;21.6;99;17.0;14;2.4;0;0.0;PCPA;43;7.4;PCTE;38;6.5;;0;0.0;;0;0.0;;0;0.0
1402101030;Córdoba;78.3;PP;48.7;616;48.7;134;10.6;200;15.8;46;3.6;26;2.0;PCTE;83;6.6;;0;0.0;;0;0.0;;0;0.0;;0;0.0
1402101031;Córdoba;74.1;PP;44.4;583;44.4;120;9.2;260;19.8;126;9.6;0;0.0;SALF;76;5.8;;0;0.0;;0;0.0;;0;0.0;;0;0.0
1402101032;Córdoba;62.7;PP;32.7;246;32.7;229;30.4;219;29.1;9;1.2;0;0.0;PCTE;21;2.8;PACMA;14;1.9;;0;0.0;;0;0.0;;0;0.0
1402102001;Córdoba;63.9;PP;38.6;253;38.6;74;11.3;76;11.6;79;12.1;0;0.0;NA;66;10.1;;0;0.0;;0;0.0;;0;0.0;;0;0.0
1402102002;Córdoba;59.6;PP;46.9;202;46.9;53;12.3;19;4.4;67;15.6;0;0.0;ANDALUCISTAS-PA;61;14.2;;0;0.0;;0;0.0;;0;0.0;;0;0.0
1402102003;Córdoba;60.5;PP;36.0;228;36.0;141;22.3;82;13.0;15;2.4;45;7.1;MUNDO+JUSTO;41;6.5;;0;0.0;;0;0.0;;0;0.0;;0;0.0
1402102004;Córdoba;65.7;PP;42.5;328;42.5;81;10.5;47;6.1;121;15.7;0;0.0;MUNDO+JUSTO;73;9.5;ANDALUCISTAS-PA;52;6.7;;0;0.0;;0;0.0;;0;0.0
1402102005;Córdoba;58.7;PP;28.4;132;28.4;117;25.2;2;0.4;76;16.3;0;0.0;SALF;56;12.0;MUNDO+JUSTO;44;9.5;;0;0.0;;0;0.0;;0;0.0
1402102006;Córdoba;62.7;PP;45.7;377;45.7;66;8.0;144;17.4;66;8.0;0;0.0;MUNDO+JUSTO;52;6.3;;0;0.0;;0;0.0;;0;0.0;;0;0.0
1402102007;Córdoba;57.5;PP;29.4;141;29.4;100;20.8;98;20.4;9;1.9;0;0.0;PCTE;76;15.8;FE de las JONS;22;4.6;;0;0.0;;0;0.0;;0;0.0
1402102008;Córdoba;60.2;PP;41.0;195;41.0;89;18.7;35;7.4;42;8.8;0;0.0;MUNDO+JUSTO;66;13.9;;0;0.0;;0;0.0;;0;0.0;;0;0.0
1402102009;Córdoba;64.4;PP;47.5;397;47.5;201;24.1;103;12.3;38;4.6;0;0.0;PCPA;21;2.5;;0;0.0;;0;0.0;;0;0.0;;0;0.0
1402102010;Córdoba;68.9;PP;42.8;260;42.8;77;12.7;95;15.6;12;2.0;0;0.0;ESCAÑOS EN BLANCO;80;13.2;NA;48;7.9;;0;0.0;;0;0.0;;0;0.0
1402102011;Córdoba;53.5;PP;30.5;128;30.5;100;23.8;57;13.6;17;4.0;44;10.5;FE de las JONS;28;6.7;;0;0.0;;0;0.0;;0;0.0;;0;0.0
1402102012;Córdoba;63.0;PP;40.8;235;40.8;88;15.3;85;14.8;29;5.0;0;0.0;MUNDO+JUSTO;49;8.5;ESCAÑOS EN BLANCO;42;7.3;;0;0.0;;0;0.0;;0;0.0
1402102013;Córdoba;61.6;PP;42.6;232;42.6;91;16.7;79;14.5;71;13.0;0;0.0;PACMA;41;7.5;;0;0.0;;0;0.0;;0;0.0;;0;0.0
1402102014;Córdoba;51.7;PP;40.7;235;40.7;97;16.8;78;13.5;67;11.6;10;1.7;MUNDO+JUSTO;45;7.8;;0;0.0;;0;0.0;;0;0.0;;0;0.0
1402102015;Córdoba;55.3;PP;46.5;191;46.5;58;14.1;71;17.3;20;4.9;0;0.0;MUNDO+JUSTO;33;8.0;;0;0.0;;0;0.0;;0;0.0;;0;0.0
1402102016;Córdoba;55.1;PP;37.4;268;37.4;103;14.4;38;5.3;81;11.3;0;0.0;PCTE;49;6.8;MUNDO+JUSTO;45;6.3;;0;0.0;;0;0.0;;0;0.0
1402102017;Córdoba;59.6;PP;32.6;228;32.6;174;24.9;57;8.2;129;18.4;0;0.0;PCTE;37;5.3;;0;0.0;;0;0.0;;0;0.0;;0;0.0
1402102018;Córdoba;64.6;PP;37.2;354;37.2;230;24.2;159;16.7;26;2.7;0;0.0;PACMA;79;8.3;MUNDO+JUSTO;32;3.4;;0;0.0;;0;0.0;;0;0.0
1402102019;Córdoba;64.8;PP;30.3;303;30.3;258;25.8;143;14.3;83;8.3;12;1.2;MUNDO+JUSTO;74;7.4;;0;0.0;;0;0.0;;0;0.0;;0;0.0
1402102020;Córdoba;60.9;PP;32.1;221;32.1;173;25.2;119;17.3;78;11.3;0;0.0;MUNDO+JUSTO;42;6.1;;0;0.0;;0;0.0;;0;0.0;;0;0.0
1402102021;Córdoba;58.4;PP;41.6;357;41.6;50;5.8;131;15.2;146;17.0;0;0.0;FE de las JONS;73;8.5;;0;0.0;;0;0.0;;0;0.0;;0;0.0
1402102022;Córdoba;59.5;PP;40.4;182;40.4;62;13.8;83;18.4;7;1.6;0;0.0;NA;69;15.3;PCTE;30;6.6;;0;0.0;;0;0.0;;0;0.0
1402102023;Córdoba;64.7;PP;46.2;304;46.2;99;15.0;21;3.2;102;15.5;0;0.0;MUNDO+JUSTO;36;5.5;NA;33;5.0;;0;0.0;;0;0.0;;0;0.0
1402102024;Córdoba;56.4;PP;38.1;192;38.1;101;20.0;83;16.5;13;2.6;0;0.0;MUNDO+JUSTO;75;14.9;NA;33;6.6;;0;0.0;;0;0.0;;0;0.0
1402102025;Córdoba;66.9;PP;41.7;336;41.7;134;16.6;92;11.4;56;7.0;0;0.0;FE de las JONS;77;9.6;;0;0.0;;0;0.0;;0;0.0;;0;0.0
1402102026;Córdoba;63.4;PP;31.6;218;31.6;180;26.0;152;22.0;44;6.4;0;0.0;ESCAÑOS EN BLANCO;31;4.5;;0;0.0;;0;0.0;;0;0.0;;0;0.0
1402102027;Córdoba;62.5;PP;37.0;131;37.0;25;7.1;28;7.9;37;10.4;0;0.0;FE de las JONS;37;10.4;MUNDO+JUSTO;36;10.2;;0;0.0;;0;0.0;;0;0.0
1402102028;Córdoba;58.4;PSOE-A;33.2;230;30.1;254;33.2;83;10.9;39;5.1;0;0.0;PCPA;41;5.4;PACMA;41;5.4;;0;0.0;;0;0.0;;0;0.0
1402102029;Córdoba;49.7;PP;26.9;141;26.9;138;26.3;114;21.7;10;1.9;0;0.0;NA;56;10.7;ESCAÑOS EN BLANCO;23;4.4;;0;0.0;;0;0.0;;0;0.0
1402102030;Córdoba;62.6;PP;39.5;257;39.5;118;18.2;50;7.7;73;11.2;0;0.0;MUNDO+JUSTO;52;8.0;;0;0.0;;0;0.0;;0;0.0;;0;0.0
1402102031;Córdoba;60.4;PP;42.4;219;42.4;70;13.6;42;8.1;52;10.1;0;0.0;PCPA;29;5.6;;0;0.0;;0;0.0;;0;0.0;;0;0.0
1402102032;Córdoba;59.8;PP;36.2;139;36.2;79;20.6;74;19.3;44;11.5;0;0.0;ESCAÑOS EN BLANCO;20;5.2;;0;0.0;;0;0.0;;0;0.0;;0;0.0
1402102033;Córdoba;68.6;PP;33.4;367;33.4;223;20.3;43;3.9;168;15.3;0;0.0;NA;109;9.9;PCTE;55;5.0;;0;0.0;;0;0.0;;0;0.0
1402102034;Córdoba;64.0;PP;36.3;195;36.3;105;19.6;43;8.0;69;12.8;0;0.0;MUNDO+JUSTO;61;11.4;;0;0.0;;0;0.0;;0;0.0;;0;0.0
1402102035;Córdoba;59.1;PP;39.5;151;39.5;84;22.0;13;3.4;36;9.4;0;0.0;PCTE;60;15.7;FE de las JONS;22;5.8;;0;0.0;;0;0.0;;0;0.0
1402102036;Córdoba;56.0;PP;32.6;204;32.6;176;28.2;62;9.9;45;7.2;32;5.1;PCPA;38;6.1;;0;0.0;;0;0.0;;0;0.0;;0;0.0
1402102037;Córdoba;54.7;PSOE-A;34.6;124;23.0;186;34.6;14;2.6;109;20.3;0;0.0;MUNDO+JUSTO;39;7.2;PCTE;38;7.1;;0;0.0;;0;0.0;;0;0.0
1402102038;Córdoba;57.4;PP;40.5;197;40.5;60;12.4;69;14.2;55;11.3;0;0.0;MUNDO+JUSTO;47;9.7;;0;0.0;;0;0.0;;0;0.0;;0;0.0
1402102039;Córdoba;53.9;PP;41.9;142;41.9;56;16.5;38;11.2;22;6.5;0;0.0;FE de las JONS;52;15.3;;0;0.0;;0;0.0;;0;0.0;;0;0.0
1402102040;Córdoba;63.2;PP;43.4;300;43.4;68;9.8;91;13.2;46;6.7;0;0.0;MUNDO+JUSTO;58;8.4;FE de las JONS;55;8.0;;0;0.0;;0;0.0;;0;0.0
1402102041;Córdoba;56.5;PP;30.0;177;30.0;143;24.2;99;16.8;35;5.9;0;0.0;PCPA;72;12.2;;0;0.0;;0;0.0;;0;0.0;;0;0.0
1402102042;Córdoba;59.8;PP;27.0;125;27.0;104;22.5;15;3.2;73;15.8;0;0.0;ANDALUCISTAS-PA;64;13.8;PCPA;34;7.3;;0;0.0;;0;0.0;;0;0.0
1402102043;Córdoba;73.3;PP;55.2;555;55.2;32;3.2;259;25.8;0;0.0;0;0.0;MUNDO+JUSTO;47;4.7;NA;37;3.7;;0;0.0;;0;0.0;;0;0.0
1402102044;Córdoba;52.4;PP;47.0;245;47.0;81;15.6;64;12.3;39;7.5;0;0.0;MUNDO+JUSTO;28;5.4;;0;0.0;;0;0.0;;0;0.0;;0;0.0
1402102045;Córdoba;62.2;PP;48.5;325;48.5;38;5.7;68;10.2;74;11.0;0;0.0;ESCAÑOS EN BLANCO;131;19.6;;0;0.0;;0;0.0;;0;0.0;;0;0.0
1402103001;Córdoba;69.4;PP;53.6;415;53.6;71;9.2;78;10.1;41;5.3;0;0.0;MUNDO+JUSTO;93;12.0;;0;0.0;;0;0.0;;0;0.0;;0;0.0
1402103002;Córdoba;69.2;PP;45.6;397;45.6;67;7.7;115;13.2;139;16.0;0;0.0;MUNDO+JUSTO;61;7.0;;0;0.0;;0;0.0;;0;0.0;;0;0.0
1402104001;Córdoba;64.8;PP;38.6;302;38.6;80;10.2;139;17.8;99;12.7;0;0.0;ANDALUCISTAS-PA;102;13.0;;0;0.0;;0;0.0;;0;0.0;;0;0.0
1402104002;Córdoba;69.2;PP;44.4;309;44.4;98;14.1;35;5.0;52;7.5;4;0.6;MUNDO+JUSTO;75;10.8;PCTE;53;7.6;;0;0.0;;0;0.0;;0;0.0
1402104003;Córdoba;60.3;PP;28.7;235;28.7;203;24.8;185;22.6;8;1.0;0;0.0;PCPA;64;7.8;MUNDO+JUSTO;62;7.6;;0;0.0;;0;0.0;;0;0.0
1402104004;Córdoba;65.4;PP;53.7;351;53.7;36;5.5;83;12.7;90;13.8;0;0.0;MUNDO+JUSTO;64;9.8;;0;0.0;;0;0.0;;0;0.0;;0;0.0
1402105001;Córdoba;64.5;PP;34.9;203;34.9;104;17.9;65;11.2;160;27.5;0;0.0;PCPA;30;5.2;;0;0.0;;0;0.0;;0;0.0;;0;0.0
1402105002;Córdoba;65.4;PP;39.8;160;39.8;66;16.4;9;2.2;48;11.9;0;0.0;NA;106;26.4;PACMA;13;3.2;;0;0.0;;0;0.0;;0;0.0
1402105003;Córdoba;59.2;PP;37.8;131;37.8;42;12.1;41;11.8;110;31.7;0;0.0;PCTE;10;2.9;;0;0.0;;0;0.0;;0;0.0;;0;0.0
1402105004;Córdoba;59.3;PP;27.6;316;27.6;265;23.1;161;14.0;190;16.6;0;0.0;ESCAÑOS EN BLANCO;79;6.9;;0;0.0;;0;0.0;;0;0.0;;0;0.0
1402105005;Córdoba;40.0;PP;29.1;97;29.1;83;24.9;62;18.6;55;16.5;0;0.0;ESCAÑOS EN BLANCO;20;6.0;;0;0.0;;0;0.0;;0;0.0;;0;0.0
1402105006;Córdoba;66.3;PP;40.2;294;40.2;144;19.7;73;10.0;61;8.3;45;6.2;NA;62;8.5;;0;0.0;;0;0.0;;0;0.0;;0;0.0
1402105007;Córdoba;66.3;PSOE-A;40.8;145;30.2;196;40.8;93;19.3;13;2.7;0;0.0;PCPA;19;4.0;;0;0.0;;0;0.0;;0;0.0;;0;0.0
1402105008;Córdoba;62.0;PP;36.6;121;36.6;33;10.0;8;2.4;74;22.4;0;0.0;FE de las JONS;64;19.3;ESCAÑOS EN BLANCO;14;4.2;;0;0.0;;0;0.0;;0;0.0
1402105009;Córdoba;62.2;PP;32.9;143;32.9;81;18.6;79;18.2;20;4.6;0;0.0;MUNDO+JUSTO;39;9.0;PACMA;30;6.9;;0;0.0;;0;0.0;;0;0.0
1402105010;Córdoba;61.5;PP;35.1;141;35.1;86;21.4;40;10.0;103;25.6;0;0.0;MUNDO+JUSTO;18;4.5;;0;0.0;;0;0.0;;0;0.0;;0;0.0
1402105011;Córdoba;71.2;PP;26.3;161;26.3;142;23.2;85;13.9;57;9.3;0;0.0;PACMA;40;6.5;;0;0.0;;0;0.0;;0;0.0;;0;0.0
1402105012;Córdoba;64.0;PP;43.7;159;43.7;67;18.4;0;0.0;43;11.8;0;0.0;NA;47;12.9;PACMA;26;7.1;;0;0.0;;0;0.0;;0;0.0
1402105013;Córdoba;51.7;PP;31.0;126;31.0;73;17.9;8;2.0;123;30.2;0;0.0;PCTE;30;7.4;ESCAÑOS EN BLANCO;27;6.6;;0;0.0;;0;0.0;;0;0.0
1402105014;Córdoba;61.9;PP;33.6;211;33.6;173;27.6;60;9.6;55;8.8;0;0.0;PCPA;76;12.1;;0;0.0;;0;0.0;;0;0.0;;0;0.0
1402105015;Córdoba;55.8;PP;36.3;198;36.3;107;19.6;7;1.3;113;20.7;34;6.2;MUNDO+JUSTO;57;10.5;;0;0.0;;0;0.0;;0;0.0;;0;0.0
1402105016;Córdoba;52.4;PP;43.8;206;43.8;85;18.1;52;11.1;61;13.0;0;0.0;ESCAÑOS EN BLANCO;27;5.7;;0;0.0;;0;0.0;;0;0.0;;0;0.0
1402105017;Córdoba;58.9;PSOE-A;39.3;112;22.1;199;39.3;13;2.6;71;14.0;0;0.0;NA;39;7.7;MUNDO+JUSTO;32;6.3;;0;0.0;;0;0.0;;0;0.0
1402105018;Córdoba;60.5;PP;36.2;197;36.2;116;21.3;50;9.2;77;14.1;0;0.0;ESCAÑOS EN BLANCO;33;6.1;;0;0.0;;0;0.0;;0;0.0;;0;0.0
1402105019;Córdoba;49.0;PP;37.6;151;37.6;50;12.4;53;13.2;38;9.4;0;0.0;PACMA;32;8.0;;0;0.0;;0;0.0;;0;0.0;;0;0.0
1402105020;Córdoba;58.2;PP;42.6;149;42.6;65;18.6;51;14.6;32;9.1;0;0.0;PCTE;21;6.0;;0;0.0;;0;0.0;;0;0.0;;0;0.0
1402105021;Córdoba;56.2;PP;33.7;198;33.7;85;14.5;92;15.7;85;14.5;0;0.0;ESCAÑOS EN BLANCO;47;8.0;;0;0.0;;0;0.0;;0;0.0;;0;0.0
1402105022;Córdoba;48.1;PP;27.7;132;27.7;86;18.0;30;6.3;1;0.2;111;23.3;FE de las JONS;36;7.6;;0;0.0;;0;0.0;;0;0.0;;0;0.0
1402105024;Córdoba;52.8;PP;30.1;170;30.1;151;26.7;72;12.7;74;13.1;0;0.0;MUNDO+JUSTO;35;6.2;;0;0.0;;0;0.0;;0;0.0;;0;0.0
1402105025;Córdoba;59.5;PP;35.0;206;35.0;108;18.3;72;12.2;39;6.6;0;0.0;PCTE;63;10.7;FE de las JONS;61;10.4;;0;0.0;;0;0.0;;0;0.0
1402105026;Córdoba;58.2;PP;30.4;309;30.4;269;26.5;147;14.5;57;5.6;0;0.0;MUNDO+JUSTO;103;10.1;;0;0.0;;0;0.0;;0;0.0;;0;0.0
1402105027;Córdoba;56.9;PP;44.7;223;44.7;38;7.6;36;7.2;80;16.0;0;0.0;MUNDO+JUSTO;42;8.4;;0;0.0;;0;0.0;;0;0.0;;0;0.0
1402105028;Córdoba;54.2;PP;49.2;322;49.2;70;10.7;137;20.9;38;5.8;0;0.0;FE de las JONS;34;5.2;;0;0.0;;0;0.0;;0;0.0;;0;0.0
1402105029;Córdoba;58.2;PP;23.3;109;23.3;105;22.5;4;0.9;99;21.2;0;0.0;MUNDO+JUSTO;40;8.6;ANDALUCISTAS-PA;33;7.1;;0;0.0;;0;0.0;;0;0.0
1402105030;Córdoba;56.4;PP;33.7;173;33.7;114;22.2;50;9.8;46;9.0;0;0.0;ESCAÑOS EN BLANCO;87;17.0;;0;0.0;;0;0.0;;0;0.0;;0;0.0
1402105031;Córdoba;62.9;PSOE-A;30.1;144;25.4;171;30.1;94;16.6;2;0.4;0;0.0;PACMA;98;17.2;PCTE;29;5.1;;0;0.0;;0;0.0;;0;0.0
1402105032;Córdoba;61.1;PP;36.8;273;36.8;87;11.7;106;14.3;77;10.4;0;0.0;ANDALUCISTAS-PA;51;6.9;;0;0.0;;0;0.0;;0;0.0;;0;0.0
1402106001;Córdoba;78.6;PP;58.3;327;58.3;33;5.9;61;10.9;0;0.0;0;0.0;FE de las JONS;71;12.7;NA;28;5.0;;0;0.0;;0;0.0;;0;0.0
1402106002;Córdoba;79.3;PP;59.7;407;59.7;80;11.7;58;8.5;43;6.3;0;0.0;MUNDO+JUSTO;46;6.7;;0;0.0;;0;0.0;;0;0.0;;0;0.0
1402106003;Córdoba;80.0;PP;73.7;585;73.7;11;1.4;33;4.2;17;2.1;0;0.0;PACMA;79;10.0;MUNDO+JUSTO;44;5.5;;0;0.0;;0;0.0;;0;0.0
1402106004;Córdoba;76.5;PP;63.6;628;63.6;8;0.8;100;10.1;48;4.9;0;0.0;MUNDO+JUSTO;90;9.1;NA;75;7.6;;0;0.0;;0;0.0;;0;0.0
1402106005;Córdoba;81.6;PP;54.3;383;54.3;0;0.0;107;15.2;0;0.0;0;0.0;PCTE;61;8.6;MUNDO+JUSTO;52;7.4;NA;47;6.7;;0;0.0;;0;0.0
1402106006;Córdoba;51.7;PP;36.9;179;36.9;84;17.3;78;16.1;16;3.3;0;0.0;SALF;40;8.2;PCTE;26;5.4;;0;0.0;;0;0.0;;0;0.0
1402106007;Córdoba;54.7;PSOE-A;30.0;209;29.4;213;30.0;71;10.0;128;18.0;0;0.0;PCTE;77;10.8;;0;0.0;;0;0.0;;0;0.0;;0;0.0
1402106008;Córdoba;58.6;PP;43.3;270;43.3;146;23.4;88;14.1;47;7.5;0;0.0;PACMA;19;3.0;;0;0.0;;0;0.0;;0;0.0;;0;0.0
1402106009;Córdoba;56.8;PP;41.9;285;41.9;104;15.3;78;11.5;45;6.6;67;9.8;PACMA;46;6.8;;0;0.0;;0;0.0;;0;0.0;;0;0.0
1402106010;Córdoba;70.5;PP;45.8;421;45.8;151;16.4;152;16.5;15;1.6;0;0.0;NA;43;4.7;ESCAÑOS EN BLANCO;42;4.6;;0;0.0;;0;0.0;;0;0.0
1402106011;Córdoba;67.3;PP;45.0;290;45.0;95;14.8;85;13.2;114;17.7;0;0.0;ESCAÑOS EN BLANCO;30;4.7;;0;0.0;;0;0.0;;0;0.0;;0;0.0
1402106012;Córdoba;44.1;PP;35.4;232;35.4;166;25.3;118;18.0;15;2.3;0;0.0;SALF;38;5.8;ESCAÑOS EN BLANCO;30;4.6;;0;0.0;;0;0.0;;0;0.0
1402106013;Córdoba;41.0;PSOE-A;33.9;56;23.1;82;33.9;20;8.3;17;7.0;0;0.0;FE de las JONS;49;20.2;;0;0.0;;0;0.0;;0;0.0;;0;0.0
1402106014;Córdoba;21.2;PSOE-A;53.3;24;14.6;88;53.3;20;12.1;4;2.4;0;0.0;PACMA;17;10.3;ESCAÑOS EN BLANCO;6;3.6;;0;0.0;;0;0.0;;0;0.0
1402106015;Córdoba;77.3;PP;72.5;346;72.5;20;4.2;47;9.8;0;0.0;0;0.0;ANDALUCISTAS-PA;25;5.2;MUNDO+JUSTO;15;3.1;;0;0.0;;0;0.0;;0;0.0
1402106016;Córdoba;72.3;PP;60.4;232;60.4;22;5.7;65;16.9;0;0.0;0;0.0;ESCAÑOS EN BLANCO;27;7.0;FE de las JONS;15;3.9;;0;0.0;;0;0.0;;0;0.0
1402106017;Córdoba;66.8;PP;36.8;366;36.8;255;25.6;69;6.9;124;12.5;0;0.0;NA;53;5.3;;0;0.0;;0;0.0;;0;0.0;;0;0.0
1402106018;Córdoba;72.1;PP;37.6;409;37.6;245;22.5;139;12.8;30;2.8;0;0.0;MUNDO+JUSTO;79;7.3;ESCAÑOS EN BLANCO;72;6.6;;0;0.0;;0;0.0;;0;0.0
1402106019;Córdoba;61.1;PP;37.4;349;37.4;122;13.1;123;13.2;141;15.1;0;0.0;MUNDO+JUSTO;108;11.6;;0;0.0;;0;0.0;;0;0.0;;0;0.0
1402106020;Córdoba;48.2;PP;33.3;120;33.3;99;27.5;21;5.8;40;11.1;9;2.5;MUNDO+JUSTO;28;7.8;NA;22;6.1;;0;0.0;;0;0.0;;0;0.0
1402106021;Córdoba;56.6;PSOE-A;40.2;66;15.2;174;40.2;26;6.0;54;12.5;0;0.0;MUNDO+JUSTO;61;14.1;NA;35;8.1;;0;0.0;;0;0.0;;0;0.0
1402106022;Córdoba;54.9;PP;32.5;161;32.5;139;28.1;67;13.5;5;1.0;0;0.0;ANDALUCISTAS-PA;81;16.4;FE de las JONS;19;3.8;;0;0.0;;0;0.0;;0;0.0
1402106023;Córdoba;76.9;PP;58.8;296;58.8;73;14.5;58;11.5;0;0.0;0;0.0;FE de las JONS;23;4.6;PCTE;21;4.2;;0;0.0;;0;0.0;;0;0.0
1402106024;Córdoba;62.3;PP;49.3;390;49.3;96;12.1;104;13.2;118;14.9;0;0.0;MUNDO+JUSTO;37;4.7;;0;0.0;;0;0.0;;0;0.0;;0;0.0
1402106025;Córdoba;53.6;PP;43.5;176;43.5;64;15.8;52;12.8;27;6.7;0;0.0;ANDALUCISTAS-PA;76;18.8;;0;0.0;;0;0.0;;0;0.0;;0;0.0
1402106026;Córdoba;29.0;PSOE-A;48.2;21;9.6;106;48.2;20;9.1;18;8.2;0;0.0;NA;21;9.6;;0;0.0;;0;0.0;;0;0.0;;0;0.0
1402106027;Córdoba;72.2;PP;66.1;325;66.1;12;2.4;35;7.1;25;5.1;0;0.0;ESCAÑOS EN BLANCO;68;13.8;PCTE;18;3.7;;0;0.0;;0;0.0;;0;0.0
1402106028;Córdoba;75.0;PP;64.8;360;64.8;31;5.6;42;7.6;41;7.4;0;0.0;MUNDO+JUSTO;30;5.4;;0;0.0;;0;0.0;;0;0.0;;0;0.0
1402106029;Córdoba;53.8;PP;23.5;101;23.5;99;23.0;73;17.0;33;7.7;29;6.7;PACMA;40;9.3;;0;0.0;;0;0.0;;0;0.0;;0;0.0
1402106030;Córdoba;58.4;PP;34.7;183;34.7;84;15.9;41;7.8;58;11.0;0;0.0;PCPA;107;20.3;;0;0.0;;0;0.0;;0;0.0;;0;0.0
1402106031;Córdoba;79.0;PP;56.9;621;56.9;66;6.0;238;21.8;2;0.2;0;0.0;FE de las JONS;58;5.3;MUNDO+JUSTO;45;4.1;;0;0.0;;0;0.0;;0;0.0
1402106032;Córdoba;70.5;PP;50.1;344;50.1;125;18.2;109;15.9;2;0.3;0;0.0;PACMA;41;6.0;ESCAÑOS EN BLANCO;33;4.8;;0;0.0;;0;0.0;;0;0.0
1402106033;Córdoba;36.8;PSOE-A;45.8;27;13.4;92;45.8;13;6.5;13;6.5;0;0.0;PACMA;16;8.0;NA;16;8.0;MUNDO+JUSTO;15;7.5;;0;0.0;;0;0.0
1402106034;Córdoba;54.3;PP;26.8;195;26.8;149;20.5;116;15.9;73;10.0;0;0.0;FE de las JONS;53;7.3;;0;0.0;;0;0.0;;0;0.0;;0;0.0
1402106035;Córdoba;33.7;PSOE-A;35.5;35;17.5;71;35.5;35;17.5;0;0.0;0;0.0;MUNDO+JUSTO;13;6.5;PCPA;12;6.0;;0;0.0;;0;0.0;;0;0.0
1402106036;Córdoba;78.2;PP;59.7;352;59.7;0;0.0;100;17.0;57;9.7;0;0.0;MUNDO+JUSTO;30;5.1;NA;30;5.1;;0;0.0;;0;0.0;;0;0.0
1402106037;Córdoba;19.0;PSOE-A;61.9;2;1.4;91;61.9;0;0.0;8;5.4;0;0.0;MUNDO+JUSTO;28;19.0;PCPA;7;4.8;PACMA;5;3.4;;0;0.0;;0;0.0
1402106038;Córdoba;69.5;PP;49.1;457;49.1;128;13.8;32;3.4;149;16.0;0;0.0;PACMA;58;6.2;;0;0.0;;0;0.0;;0;0.0;;0;0.0
1402106039;Córdoba;71.2;PP;47.8;452;47.8;12;1.3;125;13.2;83;8.8;0;0.0;PCTE;131;13.9;MUNDO+JUSTO;53;5.6;;0;0.0;;0;0.0;;0;0.0
1402106040;Córdoba;77.3;PP;65.8;933;65.8;59;4.2;67;4.7;55;3.9;0;0.0;MUNDO+JUSTO;60;4.2;;0;0.0;;0;0.0;;0;0.0;;0;0.0
1402106041;Córdoba;21.2;PSOE-A;32.3;43;25.8;54;32.3;16;9.6;18;10.8;0;0.0;PACMA;10;6.0;;0;0.0;;0;0.0;;0;0.0;;0;0.0
1402106042;Córdoba;78.7;PP;62.7;539;62.7;21;2.4;151;17.6;3;0.4;0;0.0;PACMA;57;6.6;FE de las JONS;34;4.0;PCTE;30;3.5;;0;0.0;;0;0.0
1402106043;Córdoba;73.1;PP;36.7;323;36.7;39;4.4;160;18.2;100;11.4;0;0.0;PACMA;89;10.1;MUNDO+JUSTO;48;5.4;;0;0.0;;0;0.0;;0;0.0
1402106044;Córdoba;75.0;PP;49.2;525;49.2;117;11.0;161;15.1;40;3.8;0;0.0;MUNDO+JUSTO;77;7.2;PCPA;56;5.2;;0;0.0;;0;0.0;;0;0.0
1402106045;Córdoba;56.4;PP;24.4;208;24.4;116;13.6;177;20.7;153;17.9;0;0.0;PCPA;45;5.3;;0;0.0;;0;0.0;;0;0.0;;0;0.0
1402106046;Córdoba;71.4;PP;44.7;559;44.7;59;4.7;388;31.0;114;9.1;0;0.0;NA;49;3.9;;0;0.0;;0;0.0;;0;0.0;;0;0.0
1402106047;Córdoba;58.5;PP;52.2;350;52.2;59;8.8;52;7.8;82;12.2;0;0.0;PCPA;95;14.2;;0;0.0;;0;0.0;;0;0.0;;0;0.0
1402106048;Córdoba;71.0;PP;46.9;290;46.9;105;17.0;71;11.5;121;19.6;0;0.0;FE de las JONS;24;3.9;;0;0.0;;0;0.0;;0;0.0;;0;0.0
1402106049;Córdoba;61.7;PP;41.0;274;41.0;113;16.9;88;13.2;42;6.3;0;0.0;PCPA;87;13.0;;0;0.0;;0;0.0;;0;0.0;;0;0.0
1402106050;Córdoba;78.2;PP;49.7;676;49.7;206;15.1;268;19.7;86;6.3;0;0.0;MUNDO+JUSTO;76;5.6;;0;0.0;;0;0.0;;0;0.0;;0;0.0
1402106051;Córdoba;75.5;PP;48.6;295;48.6;115;19.0;43;7.1;9;1.5;0;0.0;PCPA;107;17.6;ESCAÑOS EN BLANCO;21;3.5;;0;0.0;;0;0.0;;0;0.0
1402106052;Córdoba;80.7;PP;60.9;839;60.9;36;2.6;222;16.1;67;4.9;0;0.0;PCTE;102;7.4;PCPA;55;4.0;;0;0.0;;0;0.0;;0;0.0
1402106053;Córdoba;59.7;PP;45.4;310;45.4;75;11.0;116;17.0;59;8.6;0;0.0;PCPA;55;8.1;;0;0.0;;0;0.0;;0;0.0;;0;0.0
1402106054;Córdoba;72.5;PP;43.8;544;43.8;152;12.2;242;19.5;5;0.4;0;0.0;FE de las JONS;111;8.9;ESCAÑOS EN BLANCO;56;4.5;;0;0.0;;0;0.0;;0;0.0
1402106055;Córdoba;63.2;PP;42.0;377;42.0;126;14.0;151;16.8;29;3.2;0;0.0;NA;86;9.6;FE de las JONS;45;5.0;;0;0.0;;0;0.0;;0;0.0
1402107001;Córdoba;74.4;PP;50.9;248;50.9;58;11.9;108;22.2;0;0.0;0;0.0;PCPA;42;8.6;PACMA;15;3.1;;0;0.0;;0;0.0;;0;0.0
1402107002;Córdoba;71.6;PP;51.1;257;51.1;39;7.8;85;16.9;14;2.8;0;0.0;ESCAÑOS EN BLANCO;77;15.3;PCTE;18;3.6;;0;0.0;;0;0.0;;0;0.0
1402107003;Córdoba;72.7;PP;66.7;525;66.7;49;6.2;99;12.6;16;2.0;0;0.0;PACMA;28;3.6;ESCAÑOS EN BLANCO;23;2.9;;0;0.0;;0;0.0;;0;0.0
1402107004;Córdoba;75.9;PP;54.8;351;54.8;41;6.4;148;23.1;0;0.0;0;0.0;NA;67;10.5;MUNDO+JUSTO;25;3.9;;0;0.0;;0;0.0;;0;0.0
1402107005;Córdoba;75.7;PP;57.4;379;57.4;69;10.4;109;16.5;59;8.9;0;0.0;FE de las JONS;25;3.8;;0;0.0;;0;0.0;;0;0.0;;0;0.0
1402108001;Córdoba;62.5;PP;41.3;178;41.3;103;23.9;5;1.2;58;13.5;0;0.0;PCTE;46;10.7;PCPA;22;5.1;;0;0.0;;0;0.0;;0;0.0
1402108002;Córdoba;74.3;PP;36.3;154;36.3;21;5.0;71;16.8;109;25.7;0;0.0;FE de las JONS;28;6.6;MUNDO+JUSTO;28;6.6;;0;0.0;;0;0.0;;0;0.0
1402108003;Córdoba;60.0;PP;34.6;176;34.6;110;21.6;17;3.3;79;15.5;0;0.0;PCPA;63;12.4;PACMA;30;5.9;;0;0.0;;0;0.0;;0;0.0
1402108004;Córdoba;67.0;PP;30.3;151;30.3;111;22.3;4;0.8;101;20.3;0;0.0;NA;69;13.9;PACMA;43;8.6;;0;0.0;;0;0.0;;0;0.0
1402109001;Córdoba;60.6;PP;43.8;189;43.8;50;11.6;36;8.3;37;8.6;0;0.0;NA;66;15.3;;0;0.0;;0;0.0;;0;0.0;;0;0.0
1402109002;Córdoba;48.5;PP;36.9;190;36.9;101;19.6;44;8.5;106;20.6;0;0.0;PCPA;26;5.0;;0;0.0;;0;0.0;;0;0.0;;0;0.0
1402109003;Córdoba;40.7;PSOE-A;47.3;73;18.5;187;47.3;56;14.2;18;4.6;0;0.0;PACMA;32;8.1;ESCAÑOS EN BLANCO;19;4.8;;0;0.0;;0;0.0;;0;0.0
1402109004;Córdoba;41.0;PP;34.3;84;34.3;31;12.6;31;12.6;22;9.0;0;0.0;FE de las JONS;57;23.3;;0;0.0;;0;0.0;;0;0.0;;0;0.0
1402109005;Córdoba;77.4;PP;58.7;422;58.7;45;6.3;95;13.2;12;1.7;0;0.0;MUNDO+JUSTO;47;6.5;PACMA;32;4.4;;0;0.0;;0;0.0;;0;0.0
1402109006;Córdoba;71.0;PP;49.1;260;49.1;0;0.0;93;17.6;70;13.2;0;0.0;MUNDO+JUSTO;44;8.3;PACMA;33;6.2;;0;0.0;;0;0.0;;0;0.0
1402109007;Córdoba;68.5;PP;49.6;228;49.6;46;10.0;54;11.7;43;9.4;0;0.0;NA;41;8.9;;0;0.0;;0;0.0;;0;0.0;;0;0.0
1402109008;Córdoba;56.4;PP;35.5;204;35.5;121;21.1;121;21.1;11;1.9;0;0.0;SALF;31;5.4;PCTE;27;4.7;;0;0.0;;0;0.0;;0;0.0
1402109009;Córdoba;57.5;PP;34.3;219;34.3;88;13.8;112;17.6;102;16.0;0;0.0;PACMA;44;6.9;;0;0.0;;0;0.0;;0;0.0;;0;0.0
1402109010;Córdoba;48.5;PP;34.9;312;34.9;213;23.8;170;19.0;55;6.2;0;0.0;MUNDO+JUSTO;50;5.6;;0;0.0;;0;0.0;;0;0.0;;0;0.0
1402109011;Córdoba;53.1;PP;33.8;270;33.8;142;17.8;130;16.2;107;13.4;0;0.0;ESCAÑOS EN BLANCO;64;8.0;;0;0.0;;0;0.0;;0;0.0;;0;0.0
1402109012;Córdoba;21.6;PSOE-A;45.8;37;22.3;76;45.8;6;3.6;36;21.7;0;0.0;PACMA;6;3.6;;0;0.0;;0;0.0;;0;0.0;;0;0.0
1402109013;Córdoba;63.4;PP;43.3;325;43.3;92;12.3;89;11.9;46;6.1;0;0.0;NA;71;9.5;PCTE;61;8.1;;0;0.0;;0;0.0;;0;0.0
1402109014;Córdoba;40.4;PSOE-A;25.1;91;21.8;105;25.1;90;21.5;83;19.9;0;0.0;PCPA;14;3.4;;0;0.0;;0;0.0;;0;0.0;;0;0.0
1402109015;Córdoba;60.4;PP;48.6;238;48.6;17;3.5;60;12.2;22;4.5;26;5.3;MUNDO+JUSTO;45;9.2;FE de las JONS;35;7.1;;0;0.0;;0;0.0;;0;0.0
1402109016;Córdoba;59.7;PP;31.3;201;31.3;154;24.0;67;10.4;52;8.1;0;0.0;PCPA;53;8.3;;0;0.0;;0;0.0;;0;0.0;;0;0.0
1402109017;Córdoba;52.0;PP;32.4;183;32.4;92;16.3;104;18.4;32;5.7;0;0.0;NA;70;12.4;;0;0.0;;0;0.0;;0;0.0;;0;0.0
1402109018;Córdoba;46.6;PP;27.8;148;27.8;139;26.1;64;12.0;43;8.1;0;0.0;MUNDO+JUSTO;44;8.3;;0;0.0;;0;0.0;;0;0.0;;0;0.0
1402109021;Córdoba;41.4;PP;28.0;121;28.0;95;22.0;24;5.6;85;19.7;0;0.0;SALF;39;9.0;NA;29;6.7;;0;0.0;;0;0.0;;0;0.0
1402109022;Córdoba;33.4;PorA;31.3;56;30.8;37;20.3;16;8.8;57;31.3;0;0.0;ESCAÑOS EN BLANCO;10;5.5;;0;0.0;;0;0.0;;0;0.0;;0;0.0
1402109023;Córdoba;60.5;PP;36.8;315;36.8;166;19.4;6;0.7;141;16.5;77;9.0;FE de las JONS;81;9.5;;0;0.0;;0;0.0;;0;0.0;;0;0.0
1402109024;Córdoba;55.5;PP;32.0;201;32.0;147;23.4;37;5.9;97;15.4;0;0.0;ESCAÑOS EN BLANCO;51;8.1;PCPA;40;6.4;;0;0.0;;0;0.0;;0;0.0
1402109025;Córdoba;55.0;PP;41.0;221;41.0;98;18.2;26;4.8;84;15.6;0;0.0;FE de las JONS;43;8.0;PCPA;27;5.0;;0;0.0;;0;0.0;;0;0.0
1402109028;Córdoba;53.5;PP;33.8;107;33.8;63;19.9;8;2.5;53;16.7;0;0.0;MUNDO+JUSTO;21;6.6;PACMA;19;6.0;;0;0.0;;0;0.0;;0;0.0
1402109029;Córdoba;42.1;PP;31.4;101;31.4;80;24.8;15;4.7;72;22.4;0;0.0;NA;16;5.0;PACMA;15;4.7;;0;0.0;;0;0.0;;0;0.0
1402109030;Córdoba;51.0;PP;36.3;168;36.3;53;11.4;77;16.6;95;20.5;0;0.0;NA;24;5.2;;0;0.0;;0;0.0;;0;0.0;;0;0.0
1402109031;Córdoba;47.2;PSOE-A;27.8;72;23.8;84;27.8;51;16.9;20;6.6;0;0.0;PCPA;55;18.2;;0;0.0;;0;0.0;;0;0.0;;0;0.0
1402109032;Córdoba;31.4;PP;36.9;87;36.9;45;19.1;36;15.2;13;5.5;0;0.0;PACMA;38;16.1;PCPA;13;5.5;;0;0.0;;0;0.0;;0;0.0
1402109033;Córdoba;53.9;PSOE-A;32.4;117;19.4;196;32.4;60;9.9;68;11.3;0;0.0;FE de las JONS;61;10.1;;0;0.0;;0;0.0;;0;0.0;;0;0.0
1402109034;Córdoba;33.0;PP;35.3;129;35.3;59;16.2;65;17.8;23;6.3;0;0.0;FE de las JONS;24;6.6;;0;0.0;;0;0.0;;0;0.0;;0;0.0
1402109035;Córdoba;70.0;PorA;66.5;24;6.6;65;18.0;2;0.6;240;66.5;0;0.0;PACMA;20;5.5;ESCAÑOS EN BLANCO;7;1.9;;0;0.0;;0;0.0;;0;0.0
1402109036;Córdoba;43.4;PP;44.1;213;44.1;63;13.0;21;4.4;91;18.8;0;0.0;PCTE;53;11.0;;0;0.0;;0;0.0;;0;0.0;;0;0.0
1402110001;Córdoba;78.4;PP;56.8;431;56.8;0;0.0;135;17.8;70;9.2;0;0.0;NA;41;5.4;PCPA;29;3.8;;0;0.0;;0;0.0;;0;0.0
1402110002;Córdoba;73.8;PP;51.8;366;51.8;88;12.5;154;21.8;28;4.0;0;0.0;FE de las JONS;60;8.5;;0;0.0;;0;0.0;;0;0.0;;0;0.0
1402110003;Córdoba;74.8;PP;64.8;400;64.8;39;6.3;49;7.9;39;6.3;0;0.0;PCTE;43;7.0;SALF;39;6.3;;0;0.0;;0;0.0;;0;0.0
1402110004;Córdoba;55.9;PP;50.0;157;50.0;31;9.9;60;19.1;0;0.0;0;0.0;PACMA;28;8.9;NA;20;6.4;;0;0.0;;0;0.0;;0;0.0
1402110005;Córdoba;71.3;PP;58.8;311;58.8;33;6.2;1;0.2;57;10.8;0;0.0;ESCAÑOS EN BLANCO;34;6.4;ANDALUCISTAS-PA;31;5.9;;0;0.0;;0;0.0;;0;0.0
1402110006;Córdoba;74.6;PP;51.4;375;51.4;102;14.0;81;11.1;42;5.8;0;0.0;PACMA;44;6.0;;0;0.0;;0;0.0;;0;0.0;;0;0.0
1402110007;Córdoba;68.4;PP;56.6;265;56.6;13;2.8;88;18.8;4;0.8;0;0.0;MUNDO+JUSTO;49;10.5;NA;18;3.8;ESCAÑOS EN BLANCO;13;2.8;;0;0.0;;0;0.0
1402110008;Córdoba;65.7;PP;58.7;223;58.7;18;4.7;51;13.4;78;20.5;0;0.0;NA;3;0.8;;0;0.0;;0;0.0;;0;0.0;;0;0.0
1402110009;Córdoba;73.3;PP;55.0;444;55.0;96;11.9;58;7.2;19;2.4;0;0.0;MUNDO+JUSTO;67;8.3;FE de las JONS;55;6.8;;0;0.0;;0;0.0;;0;0.0
1402110010;Córdoba;64.2;PP;56.2;391;56.2;70;10.1;46;6.6;68;9.8;0;0.0;PCTE;58;8.3;;0;0.0;;0;0.0;;0;0.0;;0;0.0
1402110011;Córdoba;51.7;PP;32.6;96;32.6;65;22.1;66;22.4;3;1.0;0;0.0;ESCAÑOS EN BLANCO;20;6.8;PCPA;18;6.1;;0;0.0;;0;0.0;;0;0.0
1402110012;Córdoba;59.7;PP;54.4;197;54.4;75;20.7;32;8.8;3;0.8;0;0.0;MUNDO+JUSTO;28;7.7;PACMA;23;6.4;;0;0.0;;0;0.0;;0;0.0
1402110013;Córdoba;56.1;PP;54.8;164;54.8;24;8.0;21;7.0;32;10.7;0;0.0;ANDALUCISTAS-PA;36;12.0;;0;0.0;;0;0.0;;0;0.0;;0;0.0
1402110014;Córdoba;59.7;PP;47.0;164;47.0;75;21.5;33;9.5;31;8.9;0;0.0;NA;20;5.7;;0;0.0;;0;0.0;;0;0.0;;0;0.0
1402110015;Córdoba;53.2;PP;39.9;130;39.9;81;24.8;51;15.6;13;4.0;0;0.0;PACMA;29;8.9;;0;0.0;;0;0.0;;0;0.0;;0;0.0
1402110016;Córdoba;81.0;PP;55.0;471;55.0;100;11.7;124;14.5;12;1.4;0;0.0;FE de las JONS;53;6.2;MUNDO+JUSTO;47;5.5;;0;0.0;;0;0.0;;0;0.0
1402110017;Córdoba;59.9;PP;28.1;130;28.1;122;26.4;32;6.9;56;12.1;0;0.0;PACMA;37;8.0;PCTE;34;7.4;;0;0.0;;0;0.0;;0;0.0
1402110018;Córdoba;67.7;PP;35.9;159;35.9;90;20.3;15;3.4;61;13.8;50;11.3;MUNDO+JUSTO;46;10.4;;0;0.0;;0;0.0;;0;0.0;;0;0.0
1402110019;Córdoba;69.2;PP;45.6;533;45.6;91;7.8;233;20.0;71;6.1;0;0.0;MUNDO+JUSTO;76;6.5;;0;0.0;;0;0.0;;0;0.0;;0;0.0
1402110020;Córdoba;62.9;PP;42.6;303;42.6;155;21.8;73;10.3;91;12.8;0;0.0;PACMA;28;3.9;;0;0.0;;0;0.0;;0;0.0;;0;0.0
1402110021;Córdoba;59.1;PP;51.9;219;51.9;22;5.2;35;8.3;33;7.8;0;0.0;MUNDO+JUSTO;37;8.8;NA;24;5.7;;0;0.0;;0;0.0;;0;0.0
1402110022;Córdoba;62.5;PP;36.2;137;36.2;62;16.4;22;5.8;50;13.2;0;0.0;FE de las JONS;50;13.2;PCPA;30;7.9;;0;0.0;;0;0.0;;0;0.0
1402110023;Córdoba;66.8;PP;42.6;415;42.6;150;15.4;71;7.3;203;20.8;0;0.0;MUNDO+JUSTO;68;7.0;;0;0.0;;0;0.0;;0;0.0;;0;0.0
1402110024;Córdoba;64.4;PP;45.7;408;45.7;164;18.4;185;20.7;68;7.6;0;0.0;FE de las JONS;25;2.8;;0;0.0;;0;0.0;;0;0.0;;0;0.0
1402110025;Córdoba;74.5;PP;54.2;539;54.2;96;9.6;36;3.6;118;11.9;0;0.0;PCPA;80;8.0;MUNDO+JUSTO;47;4.7;;0;0.0;;0;0.0;;0;0.0
1402110026;Córdoba;59.1;PP;46.8;403;46.8;187;21.7;169;19.6;5;0.6;0;0.0;ESCAÑOS EN BLANCO;45;5.2;MUNDO+JUSTO;18;2.1;;0;0.0;;0;0.0;;0;0.0
1402110027;Córdoba;50.0;PP;36.2;243;36.2;111;16.5;62;9.2;104;15.5;0;0.0;MUNDO+JUSTO;57;8.5;;0;0.0;;0;0.0;;0;0.0;;0;0.0
1402110028;Córdoba;50.4;PP;39.9;395;39.9;118;11.9;157;15.9;88;8.9;0;0.0;PACMA;94;9.5;;0;0.0;;0;0.0;;0;0.0;;0;0.0
1402110030;Córdoba;52.2;PP;33.0;233;33.0;124;17.5;82;11.6;175;24.8;0;0.0;NA;39;5.5;;0;0.0;;0;0.0;;0;0.0;;0;0.0
1402110031;Córdoba;70.5;PP;43.4;176;43.4;49;12.1;40;9.8;17;4.2;0;0.0;NA;62;15.3;MUNDO+JUSTO;28;6.9;;0;0.0;;0;0.0;;0;0.0
1402110032;Córdoba;73.3;PP;53.6;307;53.6;12;2.1;29;5.1;78;13.6;0;0.0;MUNDO+JUSTO;35;6.1;PACMA;33;5.8;PCPA;33;5.8;;0;0.0;;0;0.0
1402110033;Córdoba;74.6;PP;47.1;319;47.1;42;6.2;96;14.2;47;6.9;0;0.0;MUNDO+JUSTO;55;8.1;;0;0.0;;0;0.0;;0;0.0;;0;0.0
1402110034;Córdoba;66.7;PP;27.8;161;27.8;108;18.7;49;8.5;63;10.9;0;0.0;MUNDO+JUSTO;63;10.9;;0;0.0;;0;0.0;;0;0.0;;0;0.0
1402110035;Córdoba;71.1;PP;52.0;252;52.0;35;7.2;14;2.9;66;13.6;0;0.0;MUNDO+JUSTO;74;15.3;PCTE;26;5.4;;0;0.0;;0;0.0;;0;0.0
1402110036;Córdoba;68.2;PP;48.9;338;48.9;52;7.5;58;8.4;87;12.6;0;0.0;PACMA;51;7.4;;0;0.0;;0;0.0;;0;0.0;;0;0.0
1402110037;Córdoba;55.7;PP;28.5;176;28.5;131;21.2;86;13.9;95;15.4;0;0.0;MUNDO+JUSTO;44;7.1;;0;0.0;;0;0.0;;0;0.0;;0;0.0
1402110038;Córdoba;73.3;PP;50.2;431;50.2;135;15.7;81;9.4;19;2.2;0;0.0;MUNDO+JUSTO;80;9.3;PACMA;42;4.9;;0;0.0;;0;0.0;;0;0.0
1402110039;Córdoba;56.4;PorA;35.0;69;17.0;69;17.0;69;17.0;142;35.0;0;0.0;PCPA;25;6.2;;0;0.0;;0;0.0;;0;0.0;;0;0.0
1402110040;Córdoba;59.3;PP;36.0;205;36.0;127;22.3;0;0.0;171;30.0;0;0.0;FE de las JONS;28;4.9;NA;23;4.0;;0;0.0;;0;0.0;;0;0.0
1402110041;Córdoba;42.1;PP;40.1;178;40.1;101;22.8;72;16.2;28;6.3;0;0.0;PCTE;30;6.8;;0;0.0;;0;0.0;;0;0.0;;0;0.0
1402110042;Córdoba;77.3;PP;50.4;455;50.4;82;9.1;16;1.8;126;14.0;0;0.0;PACMA;74;8.2;MUNDO+JUSTO;49;5.4;;0;0.0;;0;0.0;;0;0.0
1402110043;Córdoba;54.3;PP;34.6;319;34.6;144;15.6;50;5.4;156;16.9;46;5.0;PACMA;58;6.3;MUNDO+JUSTO;54;5.9;;0;0.0;;0;0.0;;0;0.0
1402110044;Córdoba;49.8;PP;34.1;169;34.1;110;22.2;101;20.4;19;3.8;0;0.0;PACMA;75;15.2;;0;0.0;;0;0.0;;0;0.0;;0;0.0
1402110045;Córdoba;42.8;PP;36.0;199;36.0;74;13.4;112;20.3;31;5.6;0;0.0;ESCAÑOS EN BLANCO;38;6.9;MUNDO+JUSTO;34;6.2;;0;0.0;;0;0.0;;0;0.0
1402110046;Córdoba;53.4;PP;32.3;123;32.3;59;15.5;37;9.7;48;12.6;0;0.0;PACMA;35;9.2;;0;0.0;;0;0.0;;0;0.0;;0;0.0
1402110047;Córdoba;79.8;PP;36.3;240;36.3;113;17.1;41;6.2;116;17.6;0;0.0;PCPA;47;7.1;;0;0.0;;0;0.0;;0;0.0;;0;0.0
1402110048;Córdoba;67.6;PP;44.9;493;44.9;134;12.2;111;10.1;143;13.0;0;0.0;ANDALUCISTAS-PA;111;10.1;;0;0.0;;0;0.0;;0;0.0;;0;0.0
1402110049;Córdoba;63.2;PP;38.7;307;38.7;136;17.1;71;8.9;84;10.6;0;0.0;FE de las JONS;73;9.2;;0;0.0;;0;0.0;;0;0.0;;0;0.0
1402201001;Córdoba;69.3;PSOE-A;29.5;267;25.7;306;29.5;3;0.3;261;25.1;0;0.0;PACMA;62;6.0;PCTE;44;4.2;;0;0.0;;0;0.0;;0;0.0
1402201002;Córdoba;63.2;PSOE-A;40.5;58;10.0;234;40.5;30;5.2;175;30.3;0;0.0;MUNDO+JUSTO;49;8.5;;0;0.0;;0;0.0;;0;0.0;;0;0.0
1402202001;Córdoba;62.3;PSOE-A;31.5;88;22.6;123;31.5;40;10.3;82;21.0;0;0.0;PCTE;26;6.7;;0;0.0;;0;0.0;;0;0.0;;0;0.0
1402202002;Córdoba;62.3;PorA;38.9;40;9.5;110;26.1;27;6.4;164;38.9;0;0.0;ESCAÑOS EN BLANCO;68;16.1;;0;0.0;;0;0.0;;0;0.0;;0;0.0
1402301001;Córdoba;76.5;PP;41.1;352;41.1;274;32.0;98;11.4;35;4.1;0;0.0;FE de las JONS;47;5.5;;0;0.0;;0;0.0;;0;0.0;;0;0.0
1402302001;Córdoba;73.6;PSOE-A;39.9;200;34.2;233;39.9;5;0.9;61;10.4;0;0.0;NA;67;11.5;PCTE;12;2.0;;0;0.0;;0;0.0;;0;0.0
1402401001;Córdoba;71.1;PP;37.3;258;37.3;221;31.9;95;13.7;0;0.0;0;0.0;PCTE;42;6.1;MUNDO+JUSTO;33;4.8;;0;0.0;;0;0.0;;0;0.0
1402402001;Córdoba;66.7;PP;31.1;180;31.1;177;30.6;23;4.0;82;14.2;0;0.0;MUNDO+JUSTO;70;12.1;PCPA;38;6.6;;0;0.0;;0;0.0;;0;0.0
1402501001;Córdoba;73.7;PSOE-A;39.5;109;16.6;260;39.5;94;14.3;101;15.4;0;0.0;PCTE;42;6.4;;0;0.0;;0;0.0;;0;0.0;;0;0.0
1402502001;Córdoba;74.0;PorA;30.0;96;19.8;135;27.9;1;0.2;145;30.0;0;0.0;PCPA;67;13.8;NA;32;6.6;;0;0.0;;0;0.0;;0;0.0
1402503001;Córdoba;79.5;PSOE-A;31.4;116;14.1;259;31.4;18;2.2;245;29.7;0;0.0;ESCAÑOS EN BLANCO;113;13.7;MUNDO+JUSTO;26;3.2;;0;0.0;;0;0.0;;0;0.0
1402601001;Córdoba;63.9;PP;44.3;208;44.3;87;18.5;69;14.7;0;0.0;0;0.0;PACMA;43;9.2;PCTE;30;6.4;;0;0.0;;0;0.0;;0;0.0
1402602001;Córdoba;44.5;PSOE-A;36.6;91;32.0;104;36.6;47;16.6;1;0.4;0;0.0;NA;17;6.0;FE de las JONS;11;3.9;;0;0.0;;0;0.0;;0;0.0
1402603001;Córdoba;60.5;PP;55.1;188;55.1;62;18.2;0;0.0;56;16.4;0;0.0;PCTE;26;7.6;NA;6;1.8;;0;0.0;;0;0.0;;0;0.0
1402701001;Córdoba;64.6;PSOE-A;31.9;145;21.0;220;31.9;41;6.0;100;14.5;0;0.0;PCTE;69;10.0;PACMA;43;6.2;;0;0.0;;0;0.0;;0;0.0
1402701002;Córdoba;64.8;PP;32.4;190;32.4;137;23.3;10;1.7;96;16.4;0;0.0;PACMA;138;23.5;;0;0.0;;0;0.0;;0;0.0;;0;0.0
1402701003;Córdoba;61.2;PP;33.9;128;33.9;67;17.7;43;11.4;48;12.7;0;0.0;ESCAÑOS EN BLANCO;61;16.1;;0;0.0;;0;0.0;;0;0.0;;0;0.0
1402701004;Córdoba;66.4;PP;31.7;225;31.7;143;20.2;54;7.6;167;23.6;0;0.0;FE de las JONS;39;5.5;;0;0.0;;0;0.0;;0;0.0;;0;0.0
1402702001;Córdoba;75.3;PP;42.6;386;42.6;146;16.1;113;12.5;32;3.5;0;0.0;PACMA;61;6.7;PCTE;36;4.0;;0;0.0;;0;0.0;;0;0.0
1402702002;Córdoba;65.2;PSOE-A;30.3;184;21.9;254;30.3;90;10.7;108;12.9;0;0.0;PACMA;45;5.4;;0;0.0;;0;0.0;;0;0.0;;0;0.0
1402703001;Córdoba;66.1;PP;31.7;202;31.7;125;19.6;69;10.8;72;11.3;52;8.2;PCPA;55;8.6;;0;0.0;;0;0.0;;0;0.0;;0;0.0
1402703002;Córdoba;63.8;PorA;41.4;72;17.1;67;16.0;29;6.9;174;41.4;0;0.0;FE de las JONS;30;7.1;;0;0.0;;0;0.0;;0;0.0;;0;0.0
1402801001;Córdoba;77.1;PP;48.6;104;48.6;69;32.2;9;4.2;1;0.5;0;0.0;SALF;14;6.5;MUNDO+JUSTO;8;3.7;;0;0.0;;0;0.0;;0;0.0
1402901001;Córdoba;56.0;PP;34.6;183;34.6;170;32.1;94;17.8;0;0.0;0;0.0;PACMA;32;6.0;MUNDO+JUSTO;29;5.5;;0;0.0;;0;0.0;;0;0.0
1402902001;Córdoba;66.1;PP;36.0;255;36.0;242;34.1;49;6.9;27;3.8;0;0.0;ANDALUCISTAS-PA;37;5.2;SALF;32;4.5;;0;0.0;;0;0.0;;0;0.0
1402903001;Córdoba;56.4;PSOE-A;45.8;123;28.0;201;45.8;32;7.3;4;0.9;26;5.9;PACMA;17;3.9;;0;0.0;;0;0.0;;0;0.0;;0;0.0
1402904001;Córdoba;63.8;PP;39.3;232;39.3;168;28.5;78;13.2;5;0.8;5;0.8;PCTE;56;9.5;PCPA;23;3.9;;0;0.0;;0;0.0;;0;0.0
1403001001;Córdoba;64.2;PP;51.0;283;51.0;105;18.9;5;0.9;82;14.8;0;0.0;ESCAÑOS EN BLANCO;42;7.6;FE de las JONS;14;2.5;;0;0.0;;0;0.0;;0;0.0
1403001002;Córdoba;60.4;PP;37.4;347;37.4;202;21.8;74;8.0;74;8.0;0;0.0;PCTE;65;7.0;;0;0.0;;0;0.0;;0;0.0;;0;0.0
1403001003;Córdoba;69.4;PSOE-A;32.4;128;26.3;158;32.4;51;10.5;44;9.0;0;0.0;MUNDO+JUSTO;27;5.5;;0;0.0;;0;0.0;;0;0.0;;0;0.0
1403001004;Córdoba;61.0;PP;27.7;110;27.7;101;25.4;6;1.5;101;25.4;0;0.0;FE de las JONS;23;5.8;PCTE;23;5.8;;0;0.0;;0;0.0;;0;0.0
1403001005;Córdoba;63.7;PP;27.1;228;27.1;206;24.5;15;1.8;184;21.8;0;0.0;PCTE;83;9.9;ANDALUCISTAS-PA;47;5.6;;0;0.0;;0;0.0;;0;0.0
1403001006;Córdoba;62.4;PP;33.0;272;33.0;244;29.6;60;7.3;95;11.5;0;0.0;MUNDO+JUSTO;49;5.9;;0;0.0;;0;0.0;;0;0.0;;0;0.0
1403002001;Córdoba;59.1;PSOE-A;30.4;219;26.2;254;30.4;32;3.8;140;16.7;0;0.0;PCPA;99;11.8;;0;0.0;;0;0.0;;0;0.0;;0;0.0
1403101001;Córdoba;72.1;PSOE-A;34.0;88;23.9;125;34.0;63;17.1;0;0.0;0;0.0;ANDALUCISTAS-PA;32;8.7;ESCAÑOS EN BLANCO;26;7.1;;0;0.0;;0;0.0;;0;0.0
1403201001;Córdoba;73.8;Empate;36.6;90;36.6;90;36.6;23;9.4;3;1.2;0;0.0;MUNDO+JUSTO;16;6.5;NA;11;4.5;;0;0.0;;0;0.0;;0;0.0
1403301001;Córdoba;63.1;PP;39.5;312;39.5;234;29.7;49;6.2;20;2.5;0;0.0;ESCAÑOS EN BLANCO;80;10.1;MUNDO+JUSTO;50;6.3;;0;0.0;;0;0.0;;0;0.0
1403401001;Córdoba;62.9;PP;41.9;75;41.9;44;24.6;22;12.3;0;0.0;0;0.0;SALF;14;7.8;FE de las JONS;8;4.5;;0;0.0;;0;0.0;;0;0.0
1403501001;Córdoba;56.2;PP;53.3;218;53.3;82;20.0;60;14.7;2;0.5;0;0.0;NA;19;4.6;ESCAÑOS EN BLANCO;15;3.7;;0;0.0;;0;0.0;;0;0.0
1403502001;Córdoba;65.3;PP;41.6;148;41.6;91;25.6;26;7.3;1;0.3;0;0.0;MUNDO+JUSTO;29;8.2;PACMA;26;7.3;;0;0.0;;0;0.0;;0;0.0
1403503001;Córdoba;66.2;PP;63.8;377;63.8;79;13.4;41;6.9;25;4.2;0;0.0;ESCAÑOS EN BLANCO;41;6.9;;0;0.0;;0;0.0;;0;0.0;;0;0.0
1403503002;Córdoba;59.6;PP;39.6;181;39.6;112;24.5;65;14.2;43;9.4;0;0.0;PCPA;21;4.6;;0;0.0;;0;0.0;;0;0.0;;0;0.0
1403503003;Córdoba;60.4;PP;50.1;308;50.1;147;23.9;88;14.3;6;1.0;0;0.0;NA;23;3.7;ESCAÑOS EN BLANCO;16;2.6;;0;0.0;;0;0.0;;0;0.0
1403504001;Córdoba;58.8;PP;55.6;184;55.6;44;13.3;47;14.2;0;0.0;0;0.0;PACMA;15;4.5;FE de las JONS;11;3.3;;0;0.0;;0;0.0;;0;0.0
1403504002;Córdoba;61.6;PP;41.5;221;41.5;132;24.8;75;14.1;18;3.4;0;0.0;PCTE;47;8.8;;0;0.0;;0;0.0;;0;0.0;;0;0.0
1403601001;Córdoba;0.0;;0.0;0;0.0;0;0.0;0;0.0;0;0.0;0;0.0;;0;0.0;;0;0.0;;0;0.0;;0;0.0;;0;0.0
1403601002;Córdoba;0.0;;0.0;0;0.0;0;0.0;0;0.0;0;0.0;0;0.0;;0;0.0;;0;0.0;;0;0.0;;0;0.0;;0;0.0
1403602001;Córdoba;0.0;;0.0;0;0.0;0;0.0;0;0.0;0;0.0;0;0.0;;0;0.0;;0;0.0;;0;0.0;;0;0.0;;0;0.0
1403602002;Córdoba;0.0;;0.0;0;0.0;0;0.0;0;0.0;0;0.0;0;0.0;;0;0.0;;0;0.0;;0;0.0;;0;0.0;;0;0.0
1403701001;Córdoba;0.0;;0.0;0;0.0;0;0.0;0;0.0;0;0.0;0;0.0;;0;0.0;;0;0.0;;0;0.0;;0;0.0;;0;0.0
1403702001;Córdoba;0.0;;0.0;0;0.0;0;0.0;0;0.0;0;0.0;0;0.0;;0;0.0;;0;0.0;;0;0.0;;0;0.0;;0;0.0
1403703001;Córdoba;0.0;;0.0;0;0.0;0;0.0;0;0.0;0;0.0;0;0.0;;0;0.0;;0;0.0;;0;0.0;;0;0.0;;0;0.0
1403801001;Córdoba;0.0;;0.0;0;0.0;0;0.0;0;0.0;0;0.0;0;0.0;;0;0.0;;0;0.0;;0;0.0;;0;0.0;;0;0.0
1403801002;Córdoba;0.0;;0.0;0;0.0;0;0.0;0;0.0;0;0.0;0;0.0;;0;0.0;;0;0.0;;0;0.0;;0;0.0;;0;0.0
1403801003;Córdoba;0.0;;0.0;0;0.0;0;0.0;0;0.0;0;0.0;0;0.0;;0;0.0;;0;0.0;;0;0.0;;0;0.0;;0;0.0
1403801004;Córdoba;0.0;;0.0;0;0.0;0;0.0;0;0.0;0;0.0;0;0.0;;0;0.0;;0;0.0;;0;0.0;;0;0.0;;0;0.0
1403801005;Córdoba;0.0;;0.0;0;0.0;0;0.0;0;0.0;0;0.0;0;0.0;;0;0.0;;0;0.0;;0;0.0;;0;0.0;;0;0.0
1403801006;Córdoba;0.0;;0.0;0;0.0;0;0.0;0;0.0;0;0.0;0;0.0;;0;0.0;;0;0.0;;0;0.0;;0;0.0;;0;0.0
1403801007;Córdoba;0.0;;0.0;0;0.0;0;0.0;0;0.0;0;0.0;0;0.0;;0;0.0;;0;0.0;;0;0.0;;0;0.0;;0;0.0
1403802001;Córdoba;0.0;;0.0;0;0.0;0;0.0;0;0.0;0;0.0;0;0.0;;0;0.0;;0;0.0;;0;0.0;;0;0.0;;0;0.0
1403802002;Córdoba;0.0;;0.0;0;0.0;0;0.0;0;0.0;0;0.0;0;0.0;;0;0.0;;0;0.0;;0;0.0;;0;0.0;;0;0.0
1403802003;Córdoba;0.0;;0.0;0;0.0;0;0.0;0;0.0;0;0.0;0;0.0;;0;0.0;;0;0.0;;0;0.0;;0;0.0;;0;0.0
1403802004;Córdoba;0.0;;0.0;0;0.0;0;0.0;0;0.0;0;0.0;0;0.0;;0;0.0;;0;0.0;;0;0.0;;0;0.0;;0;0.0
1403802005;Córdoba;66.5;PP;47.0;388;47.0;78;9.4;122;14.8;30;3.6;0;0.0;MUNDO+JUSTO;81;9.8;PCTE;38;4.6;;0;0.0;;0;0.0;;0;0.0
1403802006;Córdoba;63.6;PP;56.2;336;56.2;70;11.7;57;9.5;40;6.7;0;0.0;MUNDO+JUSTO;49;8.2;;0;0.0;;0;0.0;;0;0.0;;0;0.0
1403802007;Córdoba;53.7;VOX;26.7;229;25.0;74;8.1;245;26.7;142;15.5;0;0.0;PCPA;66;7.2;;0;0.0;;0;0.0;;0;0.0;;0;0.0
1403802008;Córdoba;61.1;PP;43.3;247;43.3;30;5.2;136;23.8;66;11.6;23;4.0;NA;39;6.8;;0;0.0;;0;0.0;;0;0.0;;0;0.0
1403802009;Córdoba;63.8;PP;35.0;245;35.0;72;10.3;185;26.5;38;5.4;0;0.0;NA;48;6.9;FE de las JONS;41;5.9;;0;0.0;;0;0.0;;0;0.0
1403802010;Córdoba;63.4;PP;40.1;277;40.1;76;11.0;105;15.2;79;11.4;0;0.0;NA;54;7.8;;0;0.0;;0;0.0;;0;0.0;;0;0.0
1403803001;Córdoba;61.2;PP;49.5;575;49.5;298;25.6;141;12.1;25;2.2;0;0.0;FE de las JONS;34;2.9;MUNDO+JUSTO;29;2.5;;0;0.0;;0;0.0;;0;0.0
1403803002;Córdoba;66.0;PP;44.5;513;44.5;230;20.0;90;7.8;73;6.3;0;0.0;ESCAÑOS EN BLANCO;62;5.4;;0;0.0;;0;0.0;;0;0.0;;0;0.0
1403803003;Córdoba;62.3;PP;50.8;232;50.8;56;12.2;110;24.1;13;2.8;0;0.0;NA;18;3.9;PCTE;16;3.5;;0;0.0;;0;0.0;;0;0.0
1403803004;Córdoba;69.6;PP;53.9;576;53.9;76;7.1;124;11.6;5;0.5;0;0.0;FE de las JONS;73;6.8;ANDALUCISTAS-PA;63;5.9;;0;0.0;;0;0.0;;0;0.0
1403803005;Córdoba;60.7;PP;52.4;509;52.4;66;6.8;135;13.9;81;8.3;67;6.9;;0;0.0;;0;0.0;;0;0.0;;0;0.0;;0;0.0
1403803006;Córdoba;68.9;PP;45.9;264;45.9;147;25.6;101;17.6;0;0.0;0;0.0;FE de las JONS;35;6.1;PCPA;12;2.1;;0;0.0;;0;0.0;;0;0.0
1403803007;Córdoba;65.8;PP;48.2;471;48.2;95;9.7;144;14.7;103;10.5;16;1.6;PACMA;48;4.9;;0;0.0;;0;0.0;;0;0.0;;0;0.0
1403803008;Córdoba;56.8;PP;38.2;264;38.2;178;25.7;86;12.4;11;1.6;0;0.0;NA;54;7.8;MUNDO+JUSTO;37;5.4;;0;0.0;;0;0.0;;0;0.0
1403804001;Córdoba;52.5;PP;46.9;465;46.9;83;8.4;218;22.0;53;5.3;0;0.0;MUNDO+JUSTO;73;7.4;;0;0.0;;0;0.0;;0;0.0;;0;0.0
1403805001;Córdoba;65.9;PP;44.7;200;44.7;153;34.2;55;12.3;8;1.8;0;0.0;FE de las JONS;27;6.0;;0;0.0;;0;0.0;;0;0.0;;0;0.0
1403805002;Córdoba;64.3;PSOE-A;35.3;129;28.1;162;35.3;65;14.2;6;1.3;0;0.0;MUNDO+JUSTO;54;11.8;PCTE;26;5.7;;0;0.0;;0;0.0;;0;0.0
1403901001;Córdoba;64.2;PP;42.6;191;42.6;140;31.2;48;10.7;1;0.2;0;0.0;MUNDO+JUSTO;46;10.3;PACMA;15;3.4;;0;0.0;;0;0.0;;0;0.0
1403901002;Córdoba;62.1;PP;41.5;248;41.5;143;24.0;11;1.8;25;4.2;0;0.0;PACMA;57;9.6;ESCAÑOS EN BLANCO;36;6.0;FE de las JONS;36;6.0;;0;0.0;;0;0.0
1403901003;Córdoba;69.0;PP;51.2;238;51.2;73;15.7;63;13.6;0;0.0;0;0.0;PACMA;50;10.8;PCPA;24;5.2;;0;0.0;;0;0.0;;0;0.0
1404001001;Córdoba;71.2;PP;35.3;383;35.3;149;13.8;49;4.5;266;24.5;0;0.0;PCPA;72;6.6;ESCAÑOS EN BLANCO;50;4.6;;0;0.0;;0;0.0;;0;0.0
1404002001;Córdoba;71.1;PorA;45.6;110;17.8;36;5.8;48;7.8;282;45.6;0;0.0;SALF;60;9.7;MUNDO+JUSTO;40;6.5;;0;0.0;;0;0.0;;0;0.0
1404002002;Córdoba;66.8;PorA;39.6;138;17.9;67;8.7;73;9.5;306;39.6;0;0.0;PCPA;56;7.2;;0;0.0;;0;0.0;;0;0.0;;0;0.0
1404101001;Córdoba;63.1;PP;31.8;292;31.8;158;17.2;51;5.6;190;20.7;0;0.0;MUNDO+JUSTO;59;6.4;;0;0.0;;0;0.0;;0;0.0;;0;0.0
1404102001;Córdoba;54.9;PP;26.3;138;26.3;57;10.9;69;13.2;132;25.2;0;0.0;ESCAÑOS EN BLANCO;53;10.1;;0;0.0;;0;0.0;;0;0.0;;0;0.0
1404102002;Córdoba;58.9;PorA;26.1;63;17.3;63;17.3;47;12.9;95;26.1;0;0.0;FE de las JONS;50;13.7;;0;0.0;;0;0.0;;0;0.0;;0;0.0
1404201001;Córdoba;74.5;PP;46.5;240;46.5;78;15.1;69;13.4;0;0.0;37;7.2;PCPA;23;4.5;;0;0.0;;0;0.0;;0;0.0;;0;0.0
1404201002;Córdoba;66.0;PP;41.0;213;41.0;151;29.0;36;6.9;35;6.7;0;0.0;MUNDO+JUSTO;38;7.3;;0;0.0;;0;0.0;;0;0.0;;0;0.0
1404201003;Córdoba;66.9;PP;49.5;195;49.5;102;25.9;23;5.8;27;6.8;0;0.0;PACMA;22;5.6;;0;0.0;;0;0.0;;0;0.0;;0;0.0
1404202001;Córdoba;71.1;PP;65.1;370;65.1;12;2.1;66;11.6;74;13.0;0;0.0;ESCAÑOS EN BLANCO;28;4.9;;0;0.0;;0;0.0;;0;0.0;;0;0.0
1404202002;Córdoba;62.0;PP;36.5;150;36.5;92;22.4;40;9.7;16;3.9;0;0.0;MUNDO+JUSTO;83;20.2;PACMA;18;4.4;;0;0.0;;0;0.0;;0;0.0
1404202003;Córdoba;69.9;PP;32.3;245;32.3;168;22.2;77;10.2;52;6.9;87;11.5;;0;0.0;;0;0.0;;0;0.0;;0;0.0;;0;0.0
1404202004;Córdoba;62.7;PSOE-A;33.9;178;28.7;210;33.9;17;2.7;114;18.4;0;0.0;MUNDO+JUSTO;30;4.8;ESCAÑOS EN BLANCO;24;3.9;;0;0.0;;0;0.0;;0;0.0
1404203001;Córdoba;67.7;PP;46.2;420;46.2;145;16.0;30;3.3;106;11.7;0;0.0;ESCAÑOS EN BLANCO;72;7.9;PCTE;41;4.5;;0;0.0;;0;0.0;;0;0.0
1404203002;Córdoba;64.0;PP;37.0;234;37.0;151;23.9;53;8.4;41;6.5;0;0.0;ANDALUCISTAS-PA;85;13.4;;0;0.0;;0;0.0;;0;0.0;;0;0.0
1404203003;Córdoba;69.0;PP;31.3;274;31.3;259;29.6;0;0.0;164;18.7;0;0.0;MUNDO+JUSTO;55;6.3;ESCAÑOS EN BLANCO;33;3.8;;0;0.0;;0;0.0;;0;0.0
1404203004;Córdoba;62.9;PP;28.2;286;28.2;279;27.5;118;11.6;64;6.3;0;0.0;PACMA;119;11.7;FE de las JONS;94;9.3;;0;0.0;;0;0.0;;0;0.0
1404203005;Córdoba;66.9;PP;45.0;329;45.0;130;17.8;72;9.8;89;12.2;0;0.0;MUNDO+JUSTO;61;8.3;;0;0.0;;0;0.0;;0;0.0;;0;0.0
1404204001;Córdoba;70.6;PP;41.9;306;41.9;159;21.8;62;8.5;45;6.2;0;0.0;PACMA;71;9.7;NA;60;8.2;;0;0.0;;0;0.0;;0;0.0
1404204002;Córdoba;60.9;PP;42.3;330;42.3;114;14.6;31;4.0;135;17.3;0;0.0;MUNDO+JUSTO;73;9.4;ESCAÑOS EN BLANCO;49;6.3;;0;0.0;;0;0.0;;0;0.0
1404204003;Córdoba;56.6;PP;39.7;165;39.7;90;21.6;30;7.2;47;11.3;0;0.0;ESCAÑOS EN BLANCO;73;17.6;;0;0.0;;0;0.0;;0;0.0;;0;0.0
1404204004;Córdoba;60.3;PSOE-A;33.2;242;28.7;280;33.2;0;0.0;181;21.5;0;0.0;PCTE;38;4.5;SALF;30;3.6;;0;0.0;;0;0.0;;0;0.0
1404204005;Córdoba;56.6;PorA;27.1;53;18.4;75;26.0;26;9.0;78;27.1;0;0.0;SALF;37;12.8;;0;0.0;;0;0.0;;0;0.0;;0;0.0
1404205001;Córdoba;63.6;PSOE-A;25.4;167;23.1;184;25.4;71;9.8;108;14.9;0;0.0;MUNDO+JUSTO;57;7.9;;0;0.0;;0;0.0;;0;0.0;;0;0.0
1404301001;Córdoba;59.4;PSOE-A;31.4;113;30.0;118;31.4;18;4.8;28;7.4;0;0.0;SALF;35;9.3;PACMA;19;5.0;;0;0.0;;0;0.0;;0;0.0
1404301002;Córdoba;62.1;PP;43.3;220;43.3;123;24.2;17;3.4;120;23.6;0;0.0;PACMA;2;0.4;;0;0.0;;0;0.0;;0;0.0;;0;0.0
1404302001;Córdoba;63.7;PSOE-A;39.0;99;18.0;214;39.0;17;3.1;79;14.4;0;0.0;ESCAÑOS EN BLANCO;64;11.7;NA;32;5.8;;0;0.0;;0;0.0;;0;0.0
1404303001;Córdoba;61.0;PSOE-A;38.1;121;31.2;148;38.1;11;2.8;24;6.2;0;0.0;PACMA;29;7.5;ESCAÑOS EN BLANCO;25;6.4;PCPA;24;6.2;;0;0.0;;0;0.0
1404303002;Córdoba;60.4;PP;36.7;119;36.7;91;28.1;41;12.6;0;0.0;0;0.0;PCPA;18;5.6;NA;17;5.2;;0;0.0;;0;0.0;;0;0.0
1404304001;Córdoba;64.6;PSOE-A;44.8;125;22.6;247;44.8;22;4.0;57;10.3;0;0.0;MUNDO+JUSTO;46;8.3;;0;0.0;;0;0.0;;0;0.0;;0;0.0
1404304002;Córdoba;71.4;PP;44.3;543;44.3;299;24.4;80;6.5;106;8.6;0;0.0;SALF;77;6.3;;0;0.0;;0;0.0;;0;0.0;;0;0.0
1404304003;Córdoba;62.6;PP;38.0;269;38.0;149;21.1;51;7.2;51;7.2;0;0.0;FE de las JONS;72;10.2;PACMA;53;7.5;;0;0.0;;0;0.0;;0;0.0
1404401001;Córdoba;67.3;PP;55.8;587;55.8;206;19.6;57;5.4;20;1.9;0;0.0;SALF;63;6.0;MUNDO+JUSTO;53;5.0;;0;0.0;;0;0.0;;0;0.0
1404501001;Córdoba;67.9;PSOE-A;43.0;344;31.8;466;43.0;94;8.7;30;2.8;0;0.0;FE de las JONS;65;6.0;ESCAÑOS EN BLANCO;36;3.3;;0;0.0;;0;0.0;;0;0.0
1404501002;Córdoba;69.0;PP;47.2;223;47.2;109;23.0;86;18.2;0;0.0;0;0.0;MUNDO+JUSTO;20;4.2;PCTE;18;3.8;;0;0.0;;0;0.0;;0;0.0
1404501003;Córdoba;65.6;PSOE-A;42.1;140;30.0;196;42.1;0;0.0;88;18.9;0;0.0;MUNDO+JUSTO;24;5.2;NA;9;1.9;;0;0.0;;0;0.0;;0;0.0
1404601001;Córdoba;51.8;PorA;38.4;137;21.0;62;9.5;44;6.8;250;38.4;0;0.0;PCTE;35;5.4;;0;0.0;;0;0.0;;0;0.0;;0;0.0
1404601002;Córdoba;61.5;PSOE-A;29.5;162;28.3;169;29.5;45;7.8;139;24.3;0;0.0;MUNDO+JUSTO;32;5.6;;0;0.0;;0;0.0;;0;0.0;;0;0.0
1404602001;Córdoba;59.1;PP;26.6;118;26.6;114;25.7;1;0.2;112;25.3;0;0.0;ESCAÑOS EN BLANCO;35;7.9;PCPA;28;6.3;;0;0.0;;0;0.0;;0;0.0
1404602002;Córdoba;55.9;PSOE-A;34.0;100;14.6;233;34.0;48;7.0;215;31.3;0;0.0;PACMA;33;4.8;;0;0.0;;0;0.0;;0;0.0;;0;0.0
1404701001;Córdoba;64.0;PP;33.9;370;33.9;329;30.2;74;6.8;101;9.3;0;0.0;PCPA;66;6.1;;0;0.0;;0;0.0;;0;0.0;;0;0.0
1404801001;Córdoba;65.5;PSOE-A;45.8;83;24.2;157;45.8;3;0.9;21;6.1;0;0.0;NA;78;22.7;;0;0.0;;0;0.0;;0;0.0;;0;0.0
1404801002;Córdoba;64.3;PSOE-A;35.5;122;29.7;146;35.5;54;13.1;0;0.0;0;0.0;PCTE;49;11.9;PCPA;13;3.2;;0;0.0;;0;0.0;;0;0.0
1404901001;Córdoba;61.1;PSOE-A;33.6;240;25.5;316;33.6;6;0.6;139;14.8;0;0.0;MUNDO+JUSTO;55;5.8;PACMA;52;5.5;;0;0.0;;0;0.0;;0;0.0
1404901002;Córdoba;54.2;PP;30.6;160;30.6;149;28.5;0;0.0;109;20.8;0;0.0;NA;52;9.9;PACMA;16;3.1;;0;0.0;;0;0.0;;0;0.0
1404901003;Córdoba;65.6;PP;39.1;272;39.1;151;21.7;16;2.3;94;13.5;0;0.0;NA;48;6.9;MUNDO+JUSTO;32;4.6;;0;0.0;;0;0.0;;0;0.0
1404901004;Córdoba;52.7;PP;37.4;348;37.4;221;23.8;81;8.7;73;7.8;0;0.0;FE de las JONS;67;7.2;;0;0.0;;0;0.0;;0;0.0;;0;0.0
1404902001;Córdoba;66.4;PP;56.6;241;56.6;33;7.8;40;9.4;30;7.0;40;9.4;ESCAÑOS EN BLANCO;30;7.0;;0;0.0;;0;0.0;;0;0.0;;0;0.0
1404902002;Córdoba;49.9;PSOE-A;33.9;61;24.0;86;33.9;10;3.9;30;11.8;0;0.0;MUNDO+JUSTO;25;9.8;FE de las JONS;15;5.9;;0;0.0;;0;0.0;;0;0.0
1404902003;Córdoba;71.5;PP;46.5;246;46.5;78;14.7;93;17.6;35;6.6;0;0.0;MUNDO+JUSTO;34;6.4;;0;0.0;;0;0.0;;0;0.0;;0;0.0
1404902004;Córdoba;54.0;PSOE-A;41.0;188;38.7;199;41.0;2;0.4;79;16.3;0;0.0;PCPA;11;2.3;;0;0.0;;0;0.0;;0;0.0;;0;0.0
1404903001;Córdoba;72.1;PP;49.1;577;49.1;207;17.6;152;12.9;46;3.9;3;0.3;PACMA;53;4.5;;0;0.0;;0;0.0;;0;0.0;;0;0.0
1404903002;Córdoba;73.4;PP;65.7;399;65.7;39;6.4;66;10.9;10;1.6;0;0.0;FE de las JONS;43;7.1;PCTE;35;5.8;;0;0.0;;0;0.0;;0;0.0
1404903003;Córdoba;52.8;PP;35.0;121;35.0;110;31.8;0;0.0;24;6.9;61;17.6;PACMA;10;2.9;;0;0.0;;0;0.0;;0;0.0;;0;0.0
1404903004;Córdoba;68.2;PP;51.0;293;51.0;114;19.9;27;4.7;0;0.0;0;0.0;FE de las JONS;52;9.1;MUNDO+JUSTO;43;7.5;NA;32;5.6;;0;0.0;;0;0.0
1404903005;Córdoba;59.1;PSOE-A;31.1;293;30.3;300;31.1;92;9.5;33;3.4;83;8.6;ANDALUCISTAS-PA;38;3.9;;0;0.0;;0;0.0;;0;0.0;;0;0.0
1404903006;Córdoba;60.2;PSOE-A;36.8;117;23.9;180;36.8;39;8.0;6;1.2;0;0.0;ESCAÑOS EN BLANCO;81;16.6;FE de las JONS;27;5.5;;0;0.0;;0;0.0;;0;0.0
1404903007;Córdoba;62.6;PP;36.0;286;36.0;200;25.2;21;2.6;101;12.7;56;7.0;FE de las JONS;98;12.3;;0;0.0;;0;0.0;;0;0.0;;0;0.0
1405001001;Córdoba;65.1;PSOE-A;30.0;249;28.3;264;30.0;23;2.6;175;19.9;0;0.0;PCPA;72;8.2;NA;44;5.0;;0;0.0;;0;0.0;;0;0.0
1405002001;Córdoba;68.4;PP;45.5;291;45.5;102;16.0;63;9.9;66;10.3;0;0.0;ESCAÑOS EN BLANCO;51;8.0;;0;0.0;;0;0.0;;0;0.0;;0;0.0
1405101001;Córdoba;67.2;PP;44.7;193;44.7;174;40.3;15;3.5;4;0.9;0;0.0;NA;33;7.6;ESCAÑOS EN BLANCO;5;1.2;;0;0.0;;0;0.0;;0;0.0
1405102001;Córdoba;68.7;PP;45.8;190;45.8;125;30.1;17;4.1;4;1.0;0;0.0;PCTE;41;9.9;PCPA;24;5.8;;0;0.0;;0;0.0;;0;0.0
1405201001;Córdoba;57.2;PP;57.0;249;57.0;48;11.0;53;12.1;11;2.5;0;0.0;PCTE;27;6.2;MUNDO+JUSTO;24;5.5;;0;0.0;;0;0.0;;0;0.0
1405201003;Córdoba;53.2;PSOE-A;34.8;96;24.4;137;34.8;15;3.8;27;6.8;0;0.0;PCPA;65;16.5;PCTE;21;5.3;;0;0.0;;0;0.0;;0;0.0
1405201004;Córdoba;61.8;PP;53.2;255;53.2;42;8.8;89;18.6;1;0.2;0;0.0;PACMA;72;15.0;NA;14;2.9;;0;0.0;;0;0.0;;0;0.0
1405201005;Córdoba;49.9;PP;33.4;180;33.4;168;31.2;84;15.6;14;2.6;0;0.0;ESCAÑOS EN BLANCO;47;8.7;FE de las JONS;38;7.0;;0;0.0;;0;0.0;;0;0.0
1405201006;Córdoba;52.5;PP;43.1;187;43.1;95;21.9;83;19.1;0;0.0;0;0.0;MUNDO+JUSTO;50;11.5;FE de las JONS;6;1.4;;0;0.0;;0;0.0;;0;0.0
1405202001;Córdoba;49.9;PP;49.3;142;49.3;41;14.2;53;18.4;40;13.9;0;0.0;FE de las JONS;5;1.7;;0;0.0;;0;0.0;;0;0.0;;0;0.0
1405202002;Córdoba;48.9;PP;42.2;106;42.2;49;19.5;34;13.6;5;2.0;9;3.6;MUNDO+JUSTO;19;7.6;NA;18;7.2;;0;0.0;;0;0.0;;0;0.0
1405202003;Córdoba;45.8;PP;40.9;97;40.9;63;26.6;1;0.4;26;11.0;0;0.0;PACMA;26;11.0;ESCAÑOS EN BLANCO;12;5.1;;0;0.0;;0;0.0;;0;0.0
1405202004;Córdoba;43.5;PP;35.7;141;35.7;122;30.9;77;19.5;0;0.0;0;0.0;MUNDO+JUSTO;22;5.6;ESCAÑOS EN BLANCO;21;5.3;;0;0.0;;0;0.0;;0;0.0
1405203001;Córdoba;53.9;PP;39.4;139;39.4;107;30.3;63;17.8;4;1.1;0;0.0;PACMA;34;9.6;;0;0.0;;0;0.0;;0;0.0;;0;0.0
1405203002;Córdoba;50.6;PP;43.4;119;43.4;45;16.4;59;21.5;0;0.0;0;0.0;FE de las JONS;36;13.1;PCTE;7;2.6;;0;0.0;;0;0.0;;0;0.0
1405203003;Córdoba;51.7;PP;38.0;149;38.0;68;17.4;70;17.9;15;3.8;0;0.0;MUNDO+JUSTO;32;8.2;PACMA;23;5.9;;0;0.0;;0;0.0;;0;0.0
1405301001;Córdoba;66.2;PP;41.4;459;41.4;385;34.7;51;4.6;35;3.2;0;0.0;MUNDO+JUSTO;60;5.4;;0;0.0;;0;0.0;;0;0.0;;0;0.0
1405301002;Córdoba;55.2;PSOE-A;37.7;186;30.2;232;37.7;38;6.2;26;4.2;0;0.0;NA;59;9.6;;0;0.0;;0;0.0;;0;0.0;;0;0.0
1405302001;Córdoba;49.4;PP;44.2;186;44.2;105;24.9;65;15.4;7;1.7;0;0.0;ESCAÑOS EN BLANCO;17;4.0;FE de las JONS;17;4.0;;0;0.0;;0;0.0;;0;0.0
1405302002;Córdoba;58.9;PSOE-A;33.4;115;26.7;144;33.4;26;6.0;31;7.2;0;0.0;NA;77;17.9;;0;0.0;;0;0.0;;0;0.0;;0;0.0
1405302003;Córdoba;57.7;PSOE-A;36.6;95;23.3;149;36.6;17;4.2;25;6.1;0;0.0;PCTE;49;12.0;FE de las JONS;24;5.9;;0;0.0;;0;0.0;;0;0.0
1405302004;Córdoba;54.9;PP;27.5;100;27.5;93;25.6;7;1.9;41;11.3;0;0.0;SALF;26;7.1;MUNDO+JUSTO;26;7.1;;0;0.0;;0;0.0;;0;0.0
1405401001;Córdoba;73.7;PP;59.0;662;59.0;113;10.1;124;11.0;54;4.8;0;0.0;PCPA;48;4.3;;0;0.0;;0;0.0;;0;0.0;;0;0.0
1405401002;Córdoba;72.1;PP;70.7;353;70.7;19;3.8;36;7.2;76;15.2;0;0.0;ESCAÑOS EN BLANCO;14;2.8;;0;0.0;;0;0.0;;0;0.0;;0;0.0
1405401003;Córdoba;70.3;PP;51.3;487;51.3;138;14.5;53;5.6;65;6.8;0;0.0;PCTE;67;7.0;MUNDO+JUSTO;54;5.7;;0;0.0;;0;0.0;;0;0.0
1405402001;Córdoba;69.2;PP;37.6;401;37.6;275;25.8;94;8.8;59;5.5;0;0.0;NA;101;9.5;;0;0.0;;0;0.0;;0;0.0;;0;0.0
1405402002;Córdoba;66.7;PP;50.8;483;50.8;218;23.0;29;3.0;62;6.5;0;0.0;PACMA;37;3.9;MUNDO+JUSTO;31;3.3;;0;0.0;;0;0.0;;0;0.0
1405402003;Córdoba;72.0;PP;48.5;399;48.5;179;21.8;38;4.6;116;14.1;0;0.0;MUNDO+JUSTO;52;6.3;;0;0.0;;0;0.0;;0;0.0;;0;0.0
1405402004;Córdoba;63.1;PP;60.0;418;60.0;95;13.6;86;12.3;0;0.0;44;6.3;PCPA;28;4.0;;0;0.0;;0;0.0;;0;0.0;;0;0.0
1405403001;Córdoba;64.9;PSOE-A;38.1;177;28.7;235;38.1;43;7.0;46;7.5;0;0.0;PCTE;34;5.5;;0;0.0;;0;0.0;;0;0.0;;0;0.0
1405403002;Córdoba;75.1;PP;43.0;222;43.0;105;20.4;14;2.7;27;5.2;0;0.0;ESCAÑOS EN BLANCO;78;15.1;FE de las JONS;33;6.4;;0;0.0;;0;0.0;;0;0.0
1405404001;Córdoba;68.2;PP;45.3;258;45.3;125;21.9;4;0.7;68;11.9;0;0.0;MUNDO+JUSTO;59;10.4;NA;38;6.7;;0;0.0;;0;0.0;;0;0.0
1405404002;Córdoba;76.2;PP;65.0;411;65.0;54;8.5;0;0.0;0;0.0;0;0.0;MUNDO+JUSTO;90;14.2;PCPA;37;5.8;PCTE;19;3.0;;0;0.0;;0;0.0
1405404003;Córdoba;67.9;PP;35.2;271;35.2;262;34.1;68;8.8;37;4.8;0;0.0;PCPA;41;5.3;;0;0.0;;0;0.0;;0;0.0;;0;0.0
1405501001;Córdoba;65.2;PP;51.6;393;51.6;47;6.2;159;20.9;0;0.0;0;0.0;MUNDO+JUSTO;39;5.1;PACMA;37;4.9;;0;0.0;;0;0.0;;0;0.0
1405501002;Córdoba;61.8;PP;45.6;251;45.6;132;24.0;85;15.4;11;2.0;0;0.0;MUNDO+JUSTO;61;11.1;;0;0.0;;0;0.0;;0;0.0;;0;0.0
1405501003;Córdoba;70.1;PP;54.6;248;54.6;70;15.4;43;9.5;0;0.0;0;0.0;MUNDO+JUSTO;55;12.1;NA;20;4.4;;0;0.0;;0;0.0;;0;0.0
1405501004;Córdoba;55.9;PP;40.2;242;40.2;123;20.4;115;19.1;1;0.2;0;0.0;FE de las JONS;46;7.6;ESCAÑOS EN BLANCO;45;7.5;;0;0.0;;0;0.0;;0;0.0
1405502001;Córdoba;57.1;PSOE-A;33.4;165;29.3;188;33.4;65;11.6;30;5.3;0;0.0;MUNDO+JUSTO;56;10.0;;0;0.0;;0;0.0;;0;0.0;;0;0.0
1405502002;Córdoba;60.1;PP;44.9;217;44.9;99;20.5;44;9.1;30;6.2;63;13.0;;0;0.0;;0;0.0;;0;0.0;;0;0.0;;0;0.0
1405502003;Córdoba;64.3;PP;45.0;380;45.0;160;18.9;111;13.1;12;1.4;0;0.0;FE de las JONS;76;9.0;PACMA;54;6.4;;0;0.0;;0;0.0;;0;0.0
1405502004;Córdoba;66.0;PP;47.1;317;47.1;61;9.1;104;15.4;68;10.1;0;0.0;MUNDO+JUSTO;21;3.1;;0;0.0;;0;0.0;;0;0.0;;0;0.0
1405502005;Córdoba;60.4;PP;53.4;349;53.4;94;14.4;72;11.0;36;5.5;0;0.0;NA;44;6.7;;0;0.0;;0;0.0;;0;0.0;;0;0.0
1405502006;Córdoba;59.8;PP;42.5;308;42.5;169;23.3;22;3.0;37;5.1;0;0.0;PACMA;88;12.1;MUNDO+JUSTO;34;4.7;;0;0.0;;0;0.0;;0;0.0
1405502007;Córdoba;58.2;PP;29.7;156;29.7;150;28.6;65;12.4;9;1.7;0;0.0;PACMA;80;15.2;PCPA;31;5.9;;0;0.0;;0;0.0;;0;0.0
1405502008;Córdoba;59.2;PP;46.4;380;46.4;155;18.9;131;16.0;13;1.6;0;0.0;MUNDO+JUSTO;51;6.2;PCTE;27;3.3;;0;0.0;;0;0.0;;0;0.0
1405502009;Córdoba;60.0;PP;45.0;327;45.0;76;10.4;96;13.2;21;2.9;119;16.4;PCTE;28;3.8;;0;0.0;;0;0.0;;0;0.0;;0;0.0
1405502010;Córdoba;55.4;PP;43.6;275;43.6;61;9.7;87;13.8;43;6.8;0;0.0;PACMA;50;7.9;;0;0.0;;0;0.0;;0;0.0;;0;0.0
1405503001;Córdoba;54.8;PP;32.2;142;32.2;78;17.7;90;20.4;20;4.5;0;0.0;FE de las JONS;44;10.0;;0;0.0;;0;0.0;;0;0.0;;0;0.0
1405503002;Córdoba;57.0;PSOE-A;36.2;98;32.9;108;36.2;30;10.1;8;2.7;0;0.0;NA;22;7.4;ANDALUCISTAS-PA;12;4.0;;0;0.0;;0;0.0;;0;0.0
1405504001;Córdoba;65.3;PP;38.0;376;38.0;243;24.6;228;23.0;24;2.4;0;0.0;PCTE;27;2.7;PACMA;26;2.6;;0;0.0;;0;0.0;;0;0.0
1405601001;Córdoba;52.7;PP;38.3;182;38.3;138;29.0;47;9.9;27;5.7;0;0.0;PACMA;37;7.8;;0;0.0;;0;0.0;;0;0.0;;0;0.0
1405601002;Córdoba;68.7;PP;60.6;373;60.6;25;4.1;50;8.1;97;15.8;0;0.0;NA;35;5.7;;0;0.0;;0;0.0;;0;0.0;;0;0.0
1405601003;Córdoba;52.1;PP;34.3;142;34.3;88;21.3;38;9.2;21;5.1;0;0.0;FE de las JONS;72;17.4;NA;27;6.5;;0;0.0;;0;0.0;;0;0.0
1405602001;Córdoba;62.0;PP;55.0;322;55.0;82;14.0;46;7.9;38;6.5;0;0.0;SALF;61;10.4;;0;0.0;;0;0.0;;0;0.0;;0;0.0
1405602002;Córdoba;63.5;PP;63.7;361;63.7;66;11.6;60;10.6;0;0.0;0;0.0;NA;25;4.4;PACMA;19;3.4;;0;0.0;;0;0.0;;0;0.0
1405602003;Córdoba;56.9;PP;38.0;240;38.0;171;27.1;50;7.9;103;16.3;0;0.0;NA;25;4.0;;0;0.0;;0;0.0;;0;0.0;;0;0.0
1405603001;Córdoba;63.7;PP;52.1;352;52.1;76;11.2;68;10.1;57;8.4;0;0.0;ANDALUCISTAS-PA;32;4.7;;0;0.0;;0;0.0;;0;0.0;;0;0.0
1405603002;Córdoba;66.4;PP;53.6;419;53.6;144;18.4;92;11.8;28;3.6;0;0.0;ESCAÑOS EN BLANCO;29;3.7;;0;0.0;;0;0.0;;0;0.0;;0;0.0
1405603003;Córdoba;55.1;PSOE-A;33.7;202;29.9;228;33.7;47;7.0;22;3.2;0;0.0;SALF;55;8.1;PCPA;33;4.9;;0;0.0;;0;0.0;;0;0.0
1405603004;Córdoba;60.2;PP;47.2;284;47.2;128;21.3;36;6.0;76;12.6;0;0.0;ESCAÑOS EN BLANCO;24;4.0;;0;0.0;;0;0.0;;0;0.0;;0;0.0
1405603005;Córdoba;56.3;PSOE-A;33.0;127;20.9;200;33.0;96;15.8;55;9.1;0;0.0;MUNDO+JUSTO;59;9.7;;0;0.0;;0;0.0;;0;0.0;;0;0.0
1405604001;Córdoba;64.4;PP;41.7;221;41.7;120;22.6;40;7.6;32;6.0;0;0.0;MUNDO+JUSTO;55;10.4;PACMA;47;8.9;;0;0.0;;0;0.0;;0;0.0
1405604002;Córdoba;66.7;PP;37.8;191;37.8;123;24.3;162;32.0;0;0.0;0;0.0;PCPA;15;3.0;FE de las JONS;10;2.0;;0;0.0;;0;0.0;;0;0.0
1405604003;Córdoba;63.7;PP;39.0;324;39.0;201;24.2;86;10.4;43;5.2;0;0.0;PCTE;74;8.9;PACMA;53;6.4;;0;0.0;;0;0.0;;0;0.0
1405604004;Córdoba;46.3;PSOE-A;33.3;123;32.5;126;33.3;5;1.3;56;14.8;0;0.0;ANDALUCISTAS-PA;48;12.7;PACMA;16;4.2;;0;0.0;;0;0.0;;0;0.0
1405604005;Córdoba;57.7;PSOE-A;34.9;259;34.0;266;34.9;131;17.2;27;3.5;0;0.0;MUNDO+JUSTO;34;4.5;;0;0.0;;0;0.0;;0;0.0;;0;0.0
1405604006;Córdoba;57.5;PP;44.7;422;44.7;171;18.1;75;7.9;96;10.2;0;0.0;FE de las JONS;40;4.2;;0;0.0;;0;0.0;;0;0.0;;0;0.0
1405605001;Córdoba;53.2;PSOE-A;34.9;300;32.1;326;34.9;101;10.8;59;6.3;0;0.0;PACMA;68;7.3;;0;0.0;;0;0.0;;0;0.0;;0;0.0
1405605002;Córdoba;33.1;PSOE-A;69.0;12;5.6;149;69.0;11;5.1;3;1.4;0;0.0;PACMA;20;9.3;FE de las JONS;11;5.1;;0;0.0;;0;0.0;;0;0.0
1405605003;Córdoba;57.6;PP;35.9;241;35.9;202;30.1;71;10.6;64;9.5;0;0.0;PACMA;42;6.2;;0;0.0;;0;0.0;;0;0.0;;0;0.0
1405605004;Córdoba;63.3;PP;48.4;202;48.4;113;27.1;28;6.7;33;7.9;0;0.0;MUNDO+JUSTO;18;4.3;;0;0.0;;0;0.0;;0;0.0;;0;0.0
1405605005;Córdoba;47.2;PP;35.0;185;35.0;119;22.5;72;13.6;37;7.0;0;0.0;PACMA;42;7.9;ESCAÑOS EN BLANCO;38;7.2;;0;0.0;;0;0.0;;0;0.0
1405701001;Córdoba;66.5;PP;44.4;290;44.4;104;15.9;0;0.0;132;20.2;47;7.2;NA;36;5.5;;0;0.0;;0;0.0;;0;0.0;;0;0.0
1405701002;Córdoba;74.5;PP;65.7;343;65.7;13;2.5;50;9.6;15;2.9;62;11.9;FE de las JONS;33;6.3;;0;0.0;;0;0.0;;0;0.0;;0;0.0
1405701003;Córdoba;70.0;PP;41.0;275;41.0;145;21.6;55;8.2;52;7.8;0;0.0;PCTE;87;13.0;;0;0.0;;0;0.0;;0;0.0;;0;0.0
1405701004;Córdoba;69.5;PP;43.2;360;43.2;178;21.3;40;4.8;60;7.2;0;0.0;MUNDO+JUSTO;46;5.5;;0;0.0;;0;0.0;;0;0.0;;0;0.0
1405701005;Córdoba;74.0;PP;53.8;372;53.8;153;22.1;113;16.3;0;0.0;0;0.0;PCPA;43;6.2;PCTE;6;0.9;;0;0.0;;0;0.0;;0;0.0
1405701006;Córdoba;69.0;PSOE-A;35.2;162;19.0;301;35.2;14;1.6;194;22.7;33;3.9;SALF;46;5.4;PCPA;39;4.6;;0;0.0;;0;0.0;;0;0.0
1405801001;Córdoba;56.6;PP;44.6;261;44.6;96;16.4;80;13.7;25;4.3;0;0.0;NA;31;5.3;MUNDO+JUSTO;29;5.0;;0;0.0;;0;0.0;;0;0.0
1405801002;Córdoba;63.9;PP;42.6;411;42.6;166;17.2;45;4.7;114;11.8;46;4.8;MUNDO+JUSTO;60;6.2;;0;0.0;;0;0.0;;0;0.0;;0;0.0
1405802001;Córdoba;73.2;PP;45.5;209;45.5;110;24.0;19;4.1;89;19.4;0;0.0;PCPA;24;5.2;;0;0.0;;0;0.0;;0;0.0;;0;0.0
1405803001;Córdoba;62.6;PP;51.5;288;51.5;59;10.6;3;0.5;62;11.1;0;0.0;MUNDO+JUSTO;50;8.9;PCPA;35;6.3;;0;0.0;;0;0.0;;0;0.0
1405803002;Córdoba;56.7;PP;41.3;296;41.3;176;24.6;11;1.5;79;11.0;0;0.0;ESCAÑOS EN BLANCO;64;8.9;ANDALUCISTAS-PA;55;7.7;;0;0.0;;0;0.0;;0;0.0
1405804001;Córdoba;55.8;PP;44.3;313;44.3;128;18.1;135;19.1;0;0.0;0;0.0;ESCAÑOS EN BLANCO;30;4.2;NA;29;4.1;;0;0.0;;0;0.0;;0;0.0
1405805001;Córdoba;67.2;PP;56.5;394;56.5;118;16.9;78;11.2;29;4.2;0;0.0;PACMA;24;3.4;;0;0.0;;0;0.0;;0;0.0;;0;0.0
1405901001;Córdoba;70.5;PP;44.0;223;44.0;95;18.7;53;10.4;0;0.0;0;0.0;MUNDO+JUSTO;47;9.3;FE de las JONS;34;6.7;;0;0.0;;0;0.0;;0;0.0
1406001001;Córdoba;63.0;PP;32.6;255;32.6;242;31.0;114;14.6;0;0.0;0;0.0;FE de las JONS;59;7.6;PCPA;46;5.9;;0;0.0;;0;0.0;;0;0.0
1406002001;Córdoba;66.7;PP;31.3;275;31.3;237;27.0;114;13.0;55;6.3;0;0.0;PACMA;65;7.4;;0;0.0;;0;0.0;;0;0.0;;0;0.0
1406002002;Córdoba;62.5;PP;47.4;312;47.4;92;14.0;68;10.3;56;8.5;0;0.0;ANDALUCISTAS-PA;56;8.5;;0;0.0;;0;0.0;;0;0.0;;0;0.0
1406101001;Córdoba;72.2;PSOE-A;39.2;112;25.5;172;39.2;12;2.7;39;8.9;0;0.0;ESCAÑOS EN BLANCO;83;18.9;PCPA;13;3.0;;0;0.0;;0;0.0;;0;0.0
1406201001;Córdoba;69.1;PP;41.5;249;41.5;202;33.7;44;7.3;0;0.0;0;0.0;PACMA;47;7.8;PCPA;16;2.7;;0;0.0;;0;0.0;;0;0.0
1406301001;Córdoba;67.3;PP;40.9;245;40.9;174;29.0;43;7.2;8;1.3;0;0.0;SALF;38;6.3;ESCAÑOS EN BLANCO;36;6.0;;0;0.0;;0;0.0;;0;0.0
1406401001;Córdoba;69.1;PP;34.0;68;34.0;60;30.0;32;16.0;15;7.5;0;0.0;PCTE;7;3.5;;0;0.0;;0;0.0;;0;0.0;;0;0.0
1406501001;Córdoba;67.9;PP;41.6;521;41.6;314;25.1;30;2.4;135;10.8;53;4.2;PCPA;93;7.4;;0;0.0;;0;0.0;;0;0.0;;0;0.0
1406601001;Córdoba;63.9;PP;42.2;307;42.2;139;19.1;126;17.3;57;7.8;0;0.0;MUNDO+JUSTO;31;4.3;;0;0.0;;0;0.0;;0;0.0;;0;0.0
1406601002;Córdoba;67.2;PP;51.0;417;51.0;163;19.9;40;4.9;106;13.0;0;0.0;ESCAÑOS EN BLANCO;35;4.3;;0;0.0;;0;0.0;;0;0.0;;0;0.0
1406601003;Córdoba;57.0;PSOE-A;34.5;80;21.9;126;34.5;39;10.7;38;10.4;0;0.0;MUNDO+JUSTO;26;7.1;;0;0.0;;0;0.0;;0;0.0;;0;0.0
1406602001;Córdoba;69.4;PP;44.5;191;44.5;88;20.5;62;14.4;41;9.6;0;0.0;PACMA;32;7.5;;0;0.0;;0;0.0;;0;0.0;;0;0.0
1406602002;Córdoba;58.6;PP;37.4;299;37.4;152;19.0;46;5.8;165;20.6;0;0.0;PCTE;50;6.2;;0;0.0;;0;0.0;;0;0.0;;0;0.0
1406602003;Córdoba;57.4;PSOE-A;40.7;66;21.6;124;40.7;10;3.3;79;25.9;0;0.0;PACMA;16;5.2;;0;0.0;;0;0.0;;0;0.0;;0;0.0
1406701001;Córdoba;60.7;PP;39.1;259;39.1;163;24.6;119;18.0;13;2.0;0;0.0;MUNDO+JUSTO;30;4.5;PCPA;22;3.3;;0;0.0;;0;0.0;;0;0.0
1406701002;Córdoba;68.5;PP;39.2;366;39.2;181;19.4;133;14.2;119;12.7;0;0.0;FE de las JONS;36;3.8;;0;0.0;;0;0.0;;0;0.0;;0;0.0
1406702001;Córdoba;68.1;PP;45.4;433;45.4;177;18.6;70;7.3;95;10.0;0;0.0;ESCAÑOS EN BLANCO;61;6.4;;0;0.0;;0;0.0;;0;0.0;;0;0.0
1406801001;Córdoba;65.8;PP;42.7;141;42.7;87;26.4;27;8.2;7;2.1;0;0.0;MUNDO+JUSTO;35;10.6;ANDALUCISTAS-PA;28;8.5;;0;0.0;;0;0.0;;0;0.0
1406901001;Córdoba;65.8;PP;47.1;186;47.1;81;20.5;24;6.1;4;1.0;0;0.0;PCPA;45;11.4;ESCAÑOS EN BLANCO;26;6.6;PCTE;25;6.3;;0;0.0;;0;0.0
1406901002;Córdoba;58.6;PSOE-A;40.8;117;32.5;147;40.8;11;3.1;21;5.8;0;0.0;MUNDO+JUSTO;32;8.9;;0;0.0;;0;0.0;;0;0.0;;0;0.0
1406901003;Córdoba;62.6;PP;36.0;177;36.0;167;33.9;0;0.0;69;14.0;0;0.0;PACMA;29;5.9;PCTE;23;4.7;;0;0.0;;0;0.0;;0;0.0
1406902001;Córdoba;62.1;PP;39.3;313;39.3;255;32.0;59;7.4;37;4.6;0;0.0;PCTE;39;4.9;;0;0.0;;0;0.0;;0;0.0;;0;0.0
1406902002;Córdoba;64.5;PP;55.7;370;55.7;127;19.1;42;6.3;37;5.6;0;0.0;PCTE;41;6.2;;0;0.0;;0;0.0;;0;0.0;;0;0.0
1406903001;Córdoba;48.2;PSOE-A;50.8;62;24.8;127;50.8;0;0.0;31;12.4;0;0.0;MUNDO+JUSTO;17;6.8;PCTE;9;3.6;;0;0.0;;0;0.0;;0;0.0
1406903002;Córdoba;61.3;PP;45.5;281;45.5;212;34.4;2;0.3;20;3.2;0;0.0;MUNDO+JUSTO;32;5.2;ESCAÑOS EN BLANCO;25;4.0;;0;0.0;;0;0.0;;0;0.0
1406904001;Córdoba;60.9;PP;51.0;308;51.0;159;26.3;21;3.5;25;4.1;17;2.8;MUNDO+JUSTO;21;3.5;;0;0.0;;0;0.0;;0;0.0;;0;0.0
1407001001;Córdoba;65.7;PP;44.4;171;44.4;77;20.0;34;8.8;2;0.5;0;0.0;MUNDO+JUSTO;72;18.7;PCTE;14;3.6;;0;0.0;;0;0.0;;0;0.0
1407002001;Córdoba;63.4;PP;50.5;197;50.5;104;26.7;29;7.4;0;0.0;0;0.0;PCPA;23;5.9;NA;20;5.1;;0;0.0;;0;0.0;;0;0.0
1407101001;Córdoba;55.2;PP;49.4;231;49.4;86;18.4;60;12.8;61;13.0;0;0.0;ESCAÑOS EN BLANCO;19;4.1;;0;0.0;;0;0.0;;0;0.0;;0;0.0
1407201001;Córdoba;69.0;PP;36.8;236;36.8;162;25.3;67;10.4;43;6.7;0;0.0;NA;56;8.7;;0;0.0;;0;0.0;;0;0.0;;0;0.0
1407301001;Córdoba;62.8;PSOE-A;33.6;110;26.2;141;33.6;130;31.0;23;5.5;0;0.0;FE de las JONS;6;1.4;;0;0.0;;0;0.0;;0;0.0;;0;0.0
1407301002;Córdoba;62.7;PP;46.5;158;46.5;102;30.0;61;17.9;2;0.6;0;0.0;ESCAÑOS EN BLANCO;5;1.5;PCPA;3;0.9;;0;0.0;;0;0.0;;0;0.0
1407302001;Córdoba;58.4;PP;29.2;217;29.2;206;27.7;99;13.3;72;9.7;0;0.0;PACMA;53;7.1;;0;0.0;;0;0.0;;0;0.0;;0;0.0
1407401001;Córdoba;78.0;PSOE-A;38.2;250;32.2;297;38.2;95;12.2;14;1.8;0;0.0;PCTE;50;6.4;ESCAÑOS EN BLANCO;25;3.2;;0;0.0;;0;0.0;;0;0.0
1407402001;Córdoba;71.2;PSOE-A;41.4;141;36.1;162;41.4;8;2.0;1;0.3;0;0.0;FE de las JONS;33;8.4;MUNDO+JUSTO;15;3.8;PCPA;11;2.8;;0;0.0;;0;0.0
1407402002;Córdoba;66.0;PSOE-A;49.7;79;22.4;175;49.7;37;10.5;0;0.0;0;0.0;MUNDO+JUSTO;24;6.8;FE de las JONS;19;5.4;;0;0.0;;0;0.0;;0;0.0
1407501001;Córdoba;66.3;PP;36.2;121;36.2;105;31.4;31;9.3;28;8.4;0;0.0;MUNDO+JUSTO;27;8.1;;0;0.0;;0;0.0;;0;0.0;;0;0.0
1490101001;Córdoba;72.3;PSOE-A;51.2;131;20.4;329;51.2;25;3.9;124;19.3;0;0.0;FE de las JONS;24;3.7;;0;0.0;;0;0.0;;0;0.0;;0;0.0
1490201001;Córdoba;67.3;PP;34.1;249;34.1;197;27.0;147;20.1;3;0.4;0;0.0;NA;51;7.0;PACMA;27;3.7;;0;0.0;;0;0.0;;0;0.0
1800101001;Granada;62.8;PSOE-A;47.9;23;19.7;56;47.9;7;6.0;0;0.0;0;0.0;PCTE;29;24.8;ESCAÑOS EN BLANCO;2;1.7;;0;0.0;;0;0.0;;0;0.0
1800201001;Granada;56.7;PSOE-A;48.6;75;29.0;126;48.6;8;3.1;3;1.2;0;0.0;ESCAÑOS EN BLANCO;21;8.1;MUNDO+JUSTO;17;6.6;;0;0.0;;0;0.0;;0;0.0
1800301001;Granada;58.7;PP;30.8;262;30.8;151;17.7;155;18.2;16;1.9;18;2.1;ESCAÑOS EN BLANCO;98;11.5;MUNDO+JUSTO;42;4.9;;0;0.0;;0;0.0;;0;0.0
1800301002;Granada;56.4;PP;35.7;191;35.7;99;18.5;40;7.5;37;6.9;50;9.4;IZAR;41;7.7;;0;0.0;;0;0.0;;0;0.0;;0;0.0
1800301003;Granada;65.5;PP;44.0;507;44.0;107;9.3;157;13.6;99;8.6;0;0.0;MUNDO+JUSTO;80;6.9;;0;0.0;;0;0.0;;0;0.0;;0;0.0
1800301004;Granada;67.2;PP;36.5;459;36.5;191;15.2;188;15.0;71;5.6;0;0.0;ESCAÑOS EN BLANCO;116;9.2;;0;0.0;;0;0.0;;0;0.0;;0;0.0
1800301005;Granada;53.3;PP;37.0;332;37.0;130;14.5;131;14.6;89;9.9;0;0.0;ANDALUCISTAS-PA;91;10.1;;0;0.0;;0;0.0;;0;0.0;;0;0.0
1800301006;Granada;63.0;PP;31.9;274;31.9;181;21.0;50;5.8;97;11.3;0;0.0;MUNDO+JUSTO;116;13.5;;0;0.0;;0;0.0;;0;0.0;;0;0.0
1800301007;Granada;60.5;PP;43.8;452;43.8;157;15.2;157;15.2;44;4.3;0;0.0;MUNDO+JUSTO;118;11.4;ESCAÑOS EN BLANCO;67;6.5;;0;0.0;;0;0.0;;0;0.0
1800301008;Granada;55.7;PP;40.6;323;40.6;101;12.7;44;5.5;136;17.1;0;0.0;ESCAÑOS EN BLANCO;64;8.0;;0;0.0;;0;0.0;;0;0.0;;0;0.0
1800301009;Granada;59.8;PP;36.5;329;36.5;185;20.5;84;9.3;64;7.1;0;0.0;MUNDO+JUSTO;105;11.6;;0;0.0;;0;0.0;;0;0.0;;0;0.0
1800301010;Granada;66.1;PP;38.8;398;38.8;153;14.9;125;12.2;103;10.0;0;0.0;ANDALUCISTAS-PA;58;5.7;;0;0.0;;0;0.0;;0;0.0;;0;0.0
1800401001;Granada;63.2;PP;30.2;117;30.2;101;26.0;93;24.0;0;0.0;0;0.0;JUFUDI;53;13.7;PACMA;12;3.1;;0;0.0;;0;0.0;;0;0.0
1800501001;Granada;60.4;PP;39.6;87;39.6;49;22.3;10;4.6;0;0.0;43;19.6;MUNDO+JUSTO;15;6.8;;0;0.0;;0;0.0;;0;0.0;;0;0.0
1800601001;Granada;59.0;PP;28.4;211;28.4;180;24.2;180;24.2;66;8.9;0;0.0;ESCAÑOS EN BLANCO;58;7.8;;0;0.0;;0;0.0;;0;0.0;;0;0.0
1800601002;Granada;57.3;PP;35.5;274;35.5;131;17.0;173;22.4;64;8.3;39;5.1;;0;0.0;;0;0.0;;0;0.0;;0;0.0;;0;0.0
1800602001;Granada;61.9;PP;27.6;225;27.6;187;22.9;214;26.2;3;0.4;17;2.1;MUNDO+JUSTO;67;8.2;IZAR;43;5.3;;0;0.0;;0;0.0;;0;0.0
1800701001;Granada;53.8;PP;47.0;175;47.0;82;22.0;34;9.1;0;0.0;0;0.0;PACMA;63;16.9;NA;9;2.4;;0;0.0;;0;0.0;;0;0.0
1801001001;Granada;66.7;PSOE-A;36.6;59;18.4;117;36.6;24;7.5;27;8.4;63;19.7;;0;0.0;;0;0.0;;0;0.0;;0;0.0;;0;0.0
1801101001;Granada;65.4;PP;30.7;216;30.7;183;26.0;65;9.2;27;3.8;77;10.9;IZAR;68;9.7;;0;0.0;;0;0.0;;0;0.0;;0;0.0
1801101002;Granada;54.7;PP;41.2;340;41.2;148;17.9;124;15.0;9;1.1;0;0.0;ESCAÑOS EN BLANCO;71;8.6;ANDALUCISTAS-PA;68;8.2;;0;0.0;;0;0.0;;0;0.0
1801101003;Granada;64.4;PP;36.6;307;36.6;173;20.6;36;4.3;62;7.4;0;0.0;PCPA;80;9.5;NA;67;8.0;;0;0.0;;0;0.0;;0;0.0
1801101004;Granada;60.9;PP;31.8;141;31.8;101;22.8;83;18.7;4;0.9;0;0.0;PACMA;77;17.3;IZAR;32;7.2;;0;0.0;;0;0.0;;0;0.0
1801201001;Granada;63.7;PP;47.4;309;47.4;135;20.7;63;9.7;11;1.7;0;0.0;FE de las JONS;62;9.5;IZAR;29;4.4;;0;0.0;;0;0.0;;0;0.0
1801201003;Granada;65.0;PSOE-A;35.2;155;28.9;189;35.2;35;6.5;1;0.2;0;0.0;PCPA;38;7.1;SALF;37;6.9;;0;0.0;;0;0.0;;0;0.0
1801301001;Granada;58.8;PP;35.1;210;35.1;117;19.5;104;17.4;0;0.0;0;0.0;PCPA;72;12.0;JUFUDI;29;4.8;;0;0.0;;0;0.0;;0;0.0
1801301002;Granada;62.9;PP;41.2;157;41.2;75;19.7;38;10.0;84;22.0;0;0.0;PCPA;21;5.5;;0;0.0;;0;0.0;;0;0.0;;0;0.0
1801301004;Granada;66.5;PP;32.6;320;32.6;288;29.3;42;4.3;76;7.7;0;0.0;FE de las JONS;69;7.0;PCTE;68;6.9;;0;0.0;;0;0.0;;0;0.0
1801301005;Granada;59.7;PP;42.6;190;42.6;83;18.6;132;29.6;7;1.6;0;0.0;MUNDO+JUSTO;8;1.8;PCTE;8;1.8;;0;0.0;;0;0.0;;0;0.0
1801401001;Granada;56.8;PP;38.6;355;38.6;198;21.5;53;5.8;58;6.3;56;6.1;NA;106;11.5;;0;0.0;;0;0.0;;0;0.0;;0;0.0
1801401002;Granada;49.3;PP;48.6;358;48.6;141;19.2;56;7.6;58;7.9;0;0.0;ESCAÑOS EN BLANCO;58;7.9;;0;0.0;;0;0.0;;0;0.0;;0;0.0
1801401003;Granada;58.8;PP;47.9;301;47.9;124;19.8;68;10.8;44;7.0;0;0.0;SALF;38;6.0;;0;0.0;;0;0.0;;0;0.0;;0;0.0
1801401004;Granada;60.1;PP;35.8;173;35.8;80;16.6;37;7.7;16;3.3;0;0.0;PCTE;71;14.7;PCPA;32;6.6;;0;0.0;;0;0.0;;0;0.0
1801401005;Granada;58.9;PP;45.2;403;45.2;147;16.5;61;6.8;48;5.4;36;4.0;PACMA;57;6.4;;0;0.0;;0;0.0;;0;0.0;;0;0.0
1801401006;Granada;56.2;PP;53.4;349;53.4;79;12.1;28;4.3;83;12.7;0;0.0;PCTE;25;3.8;;0;0.0;;0;0.0;;0;0.0;;0;0.0
1801501001;Granada;69.4;PSOE-A;36.5;58;20.9;101;36.5;34;12.3;6;2.2;0;0.0;MUNDO+JUSTO;48;17.3;PCPA;14;5.0;;0;0.0;;0;0.0;;0;0.0
1801601001;Granada;64.6;PSOE-A;43.4;40;23.8;73;43.4;8;4.8;0;0.0;28;16.7;IZAR;9;5.4;;0;0.0;;0;0.0;;0;0.0;;0;0.0
1801701001;Granada;57.5;PP;42.7;204;42.7;50;10.5;112;23.4;3;0.6;0;0.0;PACMA;30;6.3;PCTE;30;6.3;;0;0.0;;0;0.0;;0;0.0
1801701002;Granada;55.4;PP;40.4;291;40.4;107;14.9;114;15.8;24;3.3;0;0.0;PACMA;114;15.8;;0;0.0;;0;0.0;;0;0.0;;0;0.0
1801701003;Granada;41.1;PP;38.8;153;38.8;41;10.4;24;6.1;4;1.0;0;0.0;PACMA;64;16.2;MUNDO+JUSTO;35;8.9;ANDALUCISTAS-PA;26;6.6;;0;0.0;;0;0.0
1801701004;Granada;51.4;PP;51.9;442;51.9;201;23.6;57;6.7;53;6.2;0;0.0;PCTE;35;4.1;;0;0.0;;0;0.0;;0;0.0;;0;0.0
1801701005;Granada;56.2;PP;35.4;309;35.4;145;16.6;231;26.5;54;6.2;0;0.0;PACMA;59;6.8;;0;0.0;;0;0.0;;0;0.0;;0;0.0
1801701006;Granada;62.4;PP;43.6;258;43.6;132;22.3;10;1.7;55;9.3;0;0.0;PCPA;33;5.6;FE de las JONS;27;4.6;;0;0.0;;0;0.0;;0;0.0
1801701007;Granada;64.8;PP;45.8;374;45.8;70;8.6;92;11.3;51;6.2;0;0.0;IZAR;67;8.2;PCPA;60;7.4;;0;0.0;;0;0.0;;0;0.0
1801701008;Granada;54.1;PP;35.6;225;35.6;111;17.5;102;16.1;16;2.5;0;0.0;JUFUDI;74;11.7;PACMA;53;8.4;;0;0.0;;0;0.0;;0;0.0
1801701009;Granada;49.9;PP;38.8;362;38.8;134;14.4;144;15.4;56;6.0;0;0.0;NA;57;6.1;;0;0.0;;0;0.0;;0;0.0;;0;0.0
1801701010;Granada;53.3;PP;34.8;279;34.8;82;10.2;209;26.1;56;7.0;0;0.0;MUNDO+JUSTO;73;9.1;;0;0.0;;0;0.0;;0;0.0;;0;0.0
1801701011;Granada;51.3;PP;37.0;259;37.0;72;10.3;171;24.4;40;5.7;0;0.0;MUNDO+JUSTO;72;10.3;;0;0.0;;0;0.0;;0;0.0;;0;0.0
1801701012;Granada;59.0;PP;50.4;217;50.4;53;12.3;50;11.6;28;6.5;0;0.0;JUFUDI;68;15.8;;0;0.0;;0;0.0;;0;0.0;;0;0.0
1801702001;Granada;56.8;PP;37.0;258;37.0;153;21.9;60;8.6;31;4.4;0;0.0;NA;63;9.0;MUNDO+JUSTO;45;6.4;;0;0.0;;0;0.0;;0;0.0
1801702002;Granada;58.0;PP;43.7;421;43.7;81;8.4;145;15.1;33;3.4;0;0.0;PACMA;107;11.1;FE de las JONS;77;8.0;;0;0.0;;0;0.0;;0;0.0
1801703001;Granada;52.7;PP;30.2;163;30.2;56;10.4;116;21.5;50;9.3;0;0.0;IZAR;62;11.5;;0;0.0;;0;0.0;;0;0.0;;0;0.0
1801801001;Granada;63.5;PSOE-A;37.1;63;22.0;106;37.1;14;4.9;15;5.2;0;0.0;PCPA;70;24.5;NA;18;6.3;;0;0.0;;0;0.0;;0;0.0
1802001001;Granada;53.9;PP;43.0;101;43.0;32;13.6;60;25.5;0;0.0;0;0.0;ANDALUCISTAS-PA;32;13.6;PCTE;6;2.6;;0;0.0;;0;0.0;;0;0.0
1802101001;Granada;56.7;PSOE-A;29.2;225;28.1;234;29.2;61;7.6;83;10.4;0;0.0;PACMA;96;12.0;;0;0.0;;0;0.0;;0;0.0;;0;0.0
1802101002;Granada;56.7;PSOE-A;28.5;166;26.7;177;28.5;77;12.4;21;3.4;0;0.0;PCTE;73;11.8;SALF;56;9.0;;0;0.0;;0;0.0;;0;0.0
1802101003;Granada;64.6;PP;45.8;466;45.8;79;7.8;85;8.4;115;11.3;0;0.0;PCTE;97;9.5;;0;0.0;;0;0.0;;0;0.0;;0;0.0
1802101004;Granada;57.2;PP;35.4;297;35.4;128;15.2;176;21.0;91;10.8;0;0.0;SALF;63;7.5;;0;0.0;;0;0.0;;0;0.0;;0;0.0
1802101005;Granada;56.5;PP;27.4;236;27.4;230;26.7;79;9.2;156;18.1;0;0.0;SALF;112;13.0;;0;0.0;;0;0.0;;0;0.0;;0;0.0
1802101006;Granada;55.7;PP;35.3;241;35.3;190;27.9;77;11.3;54;7.9;59;8.6;;0;0.0;;0;0.0;;0;0.0;;0;0.0;;0;0.0
1802101007;Granada;47.2;PSOE-A;29.3;121;26.4;134;29.3;86;18.8;0;0.0;0;0.0;PCTE;66;14.4;PCPA;26;5.7;;0;0.0;;0;0.0;;0;0.0
1802101008;Granada;52.6;PP;37.3;271;37.3;224;30.8;123;16.9;32;4.4;0;0.0;PACMA;27;3.7;;0;0.0;;0;0.0;;0;0.0;;0;0.0
1802101009;Granada;53.0;PSOE-A;32.2;219;28.6;247;32.2;118;15.4;28;3.7;0;0.0;NA;87;11.4;;0;0.0;;0;0.0;;0;0.0;;0;0.0
1802101010;Granada;62.3;PP;41.2;349;41.2;128;15.1;174;20.5;45;5.3;0;0.0;SALF;40;4.7;;0;0.0;;0;0.0;;0;0.0;;0;0.0
1802101011;Granada;57.4;PP;46.8;292;46.8;116;18.6;92;14.7;71;11.4;0;0.0;PCPA;23;3.7;;0;0.0;;0;0.0;;0;0.0;;0;0.0
1802101012;Granada;67.0;PP;39.0;290;39.0;60;8.1;70;9.4;64;8.6;0;0.0;PCTE;70;9.4;MUNDO+JUSTO;66;8.9;;0;0.0;;0;0.0;;0;0.0
1802101013;Granada;50.9;PP;28.0;167;28.0;131;21.9;51;8.5;74;12.4;0;0.0;JUFUDI;60;10.0;;0;0.0;;0;0.0;;0;0.0;;0;0.0
1802101014;Granada;65.3;PP;28.3;102;28.3;93;25.8;35;9.7;46;12.8;0;0.0;PCPA;29;8.1;;0;0.0;;0;0.0;;0;0.0;;0;0.0
1802101015;Granada;57.3;PP;32.1;130;32.1;83;20.5;35;8.6;27;6.7;66;16.3;;0;0.0;;0;0.0;;0;0.0;;0;0.0;;0;0.0
1802101016;Granada;61.4;PSOE-A;27.2;131;25.0;143;27.2;92;17.5;15;2.9;118;22.5;PACMA;16;3.0;;0;0.0;;0;0.0;;0;0.0;;0;0.0
1802201001;Granada;58.3;PSOE-A;34.8;160;24.6;226;34.8;96;14.8;8;1.2;0;0.0;PCPA;54;8.3;FE de las JONS;49;7.6;;0;0.0;;0;0.0;;0;0.0
1802201002;Granada;50.8;PP;36.5;284;36.5;114;14.6;74;9.5;104;13.4;0;0.0;PCPA;65;8.3;;0;0.0;;0;0.0;;0;0.0;;0;0.0
1802201003;Granada;57.3;PP;27.5;150;27.5;132;24.2;55;10.1;70;12.8;0;0.0;NA;86;15.8;;0;0.0;;0;0.0;;0;0.0;;0;0.0
1802201004;Granada;40.9;PSOE-A;36.0;84;21.2;143;36.0;9;2.3;87;21.9;0;0.0;JUFUDI;27;6.8;MUNDO+JUSTO;23;5.8;;0;0.0;;0;0.0;;0;0.0
1802201005;Granada;55.0;PP;32.0;193;32.0;123;20.4;67;11.1;73;12.1;0;0.0;FE de las JONS;62;10.3;;0;0.0;;0;0.0;;0;0.0;;0;0.0
1802201006;Granada;49.4;PSOE-A;31.1;170;29.5;179;31.1;123;21.4;0;0.0;0;0.0;ANDALUCISTAS-PA;43;7.5;ESCAÑOS EN BLANCO;26;4.5;;0;0.0;;0;0.0;;0;0.0
1802201007;Granada;50.6;PSOE-A;27.1;133;23.0;157;27.1;147;25.4;26;4.5;0;0.0;JUFUDI;48;8.3;ESCAÑOS EN BLANCO;26;4.5;;0;0.0;;0;0.0;;0;0.0
1802201008;Granada;51.8;PP;37.9;236;37.9;58;9.3;76;12.2;39;6.3;51;8.2;PACMA;79;12.7;;0;0.0;;0;0.0;;0;0.0;;0;0.0
1802201009;Granada;45.9;PP;35.1;214;35.1;107;17.6;116;19.0;2;0.3;0;0.0;ESCAÑOS EN BLANCO;53;8.7;MUNDO+JUSTO;51;8.4;;0;0.0;;0;0.0;;0;0.0
1802202001;Granada;57.2;PP;31.9;324;31.9;213;20.9;177;17.4;141;13.9;0;0.0;MUNDO+JUSTO;63;6.2;;0;0.0;;0;0.0;;0;0.0;;0;0.0
1802202002;Granada;49.2;PP;27.4;223;27.4;196;24.1;113;13.9;80;9.8;0;0.0;JUFUDI;72;8.9;;0;0.0;;0;0.0;;0;0.0;;0;0.0
1802202003;Granada;61.9;PP;41.5;352;41.5;123;14.5;91;10.7;66;7.8;0;0.0;PCPA;93;11.0;;0;0.0;;0;0.0;;0;0.0;;0;0.0
1802301001;Granada;63.4;PP;39.9;298;39.9;145;19.4;96;12.8;0;0.0;0;0.0;MUNDO+JUSTO;100;13.4;PCPA;70;9.4;;0;0.0;;0;0.0;;0;0.0
1802301002;Granada;60.1;PP;52.6;220;52.6;26;6.2;15;3.6;42;10.0;0;0.0;ANDALUCISTAS-PA;76;18.2;IZAR;24;5.7;;0;0.0;;0;0.0;;0;0.0
1802301003;Granada;59.3;PP;47.8;402;47.8;169;20.1;147;17.5;40;4.8;0;0.0;PCPA;30;3.6;;0;0.0;;0;0.0;;0;0.0;;0;0.0
1802301004;Granada;63.1;PP;57.2;353;57.2;82;13.3;55;8.9;7;1.1;0;0.0;MUNDO+JUSTO;44;7.1;NA;38;6.2;;0;0.0;;0;0.0;;0;0.0
1802301005;Granada;64.1;PP;35.7;345;35.7;286;29.6;158;16.3;8;0.8;0;0.0;IZAR;88;9.1;ESCAÑOS EN BLANCO;32;3.3;;0;0.0;;0;0.0;;0;0.0
1802301007;Granada;61.1;PP;62.1;210;62.1;26;7.7;16;4.7;10;3.0;0;0.0;PCPA;20;5.9;IZAR;20;5.9;PCTE;17;5.0;;0;0.0;;0;0.0
1802302001;Granada;63.7;PP;44.4;270;44.4;114;18.8;100;16.4;1;0.2;52;8.6;ANDALUCISTAS-PA;38;6.2;;0;0.0;;0;0.0;;0;0.0;;0;0.0
1802302002;Granada;61.0;PSOE-A;38.5;125;25.6;188;38.5;5;1.0;7;1.4;0;0.0;JUFUDI;89;18.2;MUNDO+JUSTO;32;6.6;ESCAÑOS EN BLANCO;25;5.1;;0;0.0;;0;0.0
1802302003;Granada;59.5;PP;32.0;132;32.0;108;26.2;98;23.8;0;0.0;0;0.0;MUNDO+JUSTO;32;7.8;PCTE;27;6.6;;0;0.0;;0;0.0;;0;0.0
1802302004;Granada;59.4;PP;32.2;202;32.2;170;27.1;112;17.8;24;3.8;0;0.0;JUFUDI;63;10.0;;0;0.0;;0;0.0;;0;0.0;;0;0.0
1802302005;Granada;61.6;PP;44.4;444;44.4;193;19.3;33;3.3;96;9.6;0;0.0;PCPA;75;7.5;MUNDO+JUSTO;44;4.4;;0;0.0;;0;0.0;;0;0.0
1802302006;Granada;63.7;PP;33.8;129;33.8;81;21.2;105;27.5;4;1.0;0;0.0;ESCAÑOS EN BLANCO;17;4.4;PACMA;17;4.4;;0;0.0;;0;0.0;;0;0.0
1802302007;Granada;60.5;PP;43.1;289;43.1;158;23.6;50;7.4;35;5.2;0;0.0;NA;72;10.7;;0;0.0;;0;0.0;;0;0.0;;0;0.0
1802303001;Granada;47.3;PSOE-A;37.0;140;31.0;167;37.0;39;8.6;11;2.4;0;0.0;FE de las JONS;29;6.4;PACMA;17;3.8;;0;0.0;;0;0.0;;0;0.0
1802303002;Granada;55.5;PP;46.3;296;46.3;131;20.5;36;5.6;121;18.9;0;0.0;NA;24;3.8;;0;0.0;;0;0.0;;0;0.0;;0;0.0
1802401001;Granada;66.1;PP;35.0;192;35.0;169;30.8;9;1.6;82;15.0;0;0.0;NA;36;6.6;IZAR;25;4.6;;0;0.0;;0;0.0;;0;0.0
1802501001;Granada;52.7;PSOE-A;51.8;21;15.3;71;51.8;11;8.0;0;0.0;0;0.0;ESCAÑOS EN BLANCO;21;15.3;PCPA;5;3.6;;0;0.0;;0;0.0;;0;0.0
1802701001;Granada;54.4;PSOE-A;49.7;83;14.4;287;49.7;19;3.3;113;19.6;0;0.0;PCTE;42;7.3;;0;0.0;;0;0.0;;0;0.0;;0;0.0
1802701002;Granada;55.1;PSOE-A;32.3;233;26.4;285;32.3;107;12.1;24;2.7;0;0.0;PACMA;101;11.4;MUNDO+JUSTO;93;10.5;;0;0.0;;0;0.0;;0;0.0
1802801001;Granada;72.1;PP;37.6;226;37.6;123;20.5;81;13.5;13;2.2;0;0.0;PACMA;49;8.2;ANDALUCISTAS-PA;39;6.5;;0;0.0;;0;0.0;;0;0.0
1802901001;Granada;50.1;PSOE-A;33.5;137;28.8;159;33.5;69;14.5;0;0.0;0;0.0;SALF;74;15.6;PCTE;24;5.0;;0;0.0;;0;0.0;;0;0.0
1802902001;Granada;53.8;PP;35.0;150;35.0;127;29.7;9;2.1;17;4.0;0;0.0;NA;53;12.4;PCPA;24;5.6;PCTE;23;5.4;;0;0.0;;0;0.0
1803001001;Granada;61.8;PSOE-A;38.1;89;28.2;120;38.1;9;2.9;0;0.0;0;0.0;JUFUDI;71;22.5;NA;11;3.5;;0;0.0;;0;0.0;;0;0.0
1803201001;Granada;64.1;PP;36.3;57;36.3;30;19.1;7;4.5;19;12.1;0;0.0;NA;31;19.8;;0;0.0;;0;0.0;;0;0.0;;0;0.0
1803301001;Granada;59.1;PSOE-A;36.2;26;16.0;59;36.2;46;28.2;1;0.6;0;0.0;ESCAÑOS EN BLANCO;8;4.9;PCTE;7;4.3;;0;0.0;;0;0.0;;0;0.0
1803401001;Granada;60.4;PSOE-A;34.4;70;26.7;90;34.4;28;10.7;36;13.7;0;0.0;MUNDO+JUSTO;23;8.8;;0;0.0;;0;0.0;;0;0.0;;0;0.0
1803501001;Granada;68.8;PP;51.8;413;51.8;134;16.8;34;4.3;71;8.9;0;0.0;JUFUDI;68;8.5;;0;0.0;;0;0.0;;0;0.0;;0;0.0
1803601001;Granada;67.4;PP;45.4;355;45.4;53;6.8;87;11.1;140;17.9;0;0.0;PCTE;82;10.5;;0;0.0;;0;0.0;;0;0.0;;0;0.0
1803601002;Granada;66.0;PP;32.2;237;32.2;164;22.2;124;16.8;17;2.3;0;0.0;MUNDO+JUSTO;94;12.8;NA;46;6.2;;0;0.0;;0;0.0;;0;0.0
1803601003;Granada;66.8;PP;40.8;269;40.8;133;20.2;148;22.4;10;1.5;0;0.0;IZAR;27;4.1;SALF;26;3.9;;0;0.0;;0;0.0;;0;0.0
1803601004;Granada;61.2;PP;40.4;268;40.4;118;17.8;132;19.9;30;4.5;0;0.0;MUNDO+JUSTO;37;5.6;PCPA;33;5.0;;0;0.0;;0;0.0;;0;0.0
1803701001;Granada;67.6;PP;32.9;124;32.9;83;22.0;71;18.8;0;0.0;0;0.0;SALF;44;11.7;MUNDO+JUSTO;19;5.0;;0;0.0;;0;0.0;;0;0.0
1803801001;Granada;58.1;PSOE-A;29.0;131;22.0;172;29.0;114;19.2;58;9.8;0;0.0;SALF;48;8.1;;0;0.0;;0;0.0;;0;0.0;;0;0.0
1803901001;Granada;65.6;PP;43.2;169;43.2;31;7.9;44;11.2;3;0.8;0;0.0;IZAR;96;24.6;PCPA;21;5.4;;0;0.0;;0;0.0;;0;0.0
1803901002;Granada;51.8;PP;33.2;126;33.2;97;25.6;6;1.6;4;1.1;0;0.0;PCTE;114;30.1;IZAR;15;4.0;;0;0.0;;0;0.0;;0;0.0
1803901003;Granada;61.4;PP;37.3;190;37.3;114;22.4;10;2.0;52;10.2;0;0.0;PCPA;50;9.8;PCTE;31;6.1;;0;0.0;;0;0.0;;0;0.0
1803901004;Granada;68.4;PP;36.2;240;36.2;228;34.4;18;2.7;24;3.6;0;0.0;MUNDO+JUSTO;106;16.0;;0;0.0;;0;0.0;;0;0.0;;0;0.0
1804001001;Granada;48.8;PSOE-A;30.8;36;30.0;37;30.8;9;7.5;1;0.8;0;0.0;PACMA;27;22.5;MUNDO+JUSTO;4;3.3;;0;0.0;;0;0.0;;0;0.0
1804201001;Granada;71.8;PP;45.5;143;45.5;55;17.5;26;8.3;39;12.4;0;0.0;SALF;44;14.0;;0;0.0;;0;0.0;;0;0.0;;0;0.0
1804301001;Granada;57.4;PP;46.9;38;46.9;12;14.8;8;9.9;9;11.1;8;9.9;;0;0.0;;0;0.0;;0;0.0;;0;0.0;;0;0.0
1804401001;Granada;52.5;PP;41.9;26;41.9;16;25.8;4;6.4;0;0.0;0;0.0;PCPA;9;14.5;MUNDO+JUSTO;2;3.2;;0;0.0;;0;0.0;;0;0.0
1804501001;Granada;59.5;PSOE-A;40.2;172;29.4;235;40.2;62;10.6;40;6.8;0;0.0;NA;31;5.3;;0;0.0;;0;0.0;;0;0.0;;0;0.0
1804601001;Granada;50.6;PP;41.3;211;41.3;60;11.7;64;12.5;13;2.5;0;0.0;PCTE;77;15.1;MUNDO+JUSTO;38;7.4;;0;0.0;;0;0.0;;0;0.0
1804602001;Granada;48.6;VOX;42.1;69;25.9;56;21.0;112;42.1;0;0.0;0;0.0;PACMA;11;4.1;NA;7;2.6;;0;0.0;;0;0.0;;0;0.0
1804701001;Granada;57.1;PP;39.3;375;39.3;97;10.2;107;11.2;196;20.6;0;0.0;IZAR;58;6.1;;0;0.0;;0;0.0;;0;0.0;;0;0.0
1804701002;Granada;50.0;PP;42.7;226;42.7;95;18.0;77;14.6;44;8.3;0;0.0;MUNDO+JUSTO;53;10.0;;0;0.0;;0;0.0;;0;0.0;;0;0.0
1804701003;Granada;55.7;PP;47.9;351;47.9;133;18.1;83;11.3;65;8.9;0;0.0;IZAR;26;3.6;;0;0.0;;0;0.0;;0;0.0;;0;0.0
1804701004;Granada;52.2;PSOE-A;28.4;134;21.6;176;28.4;89;14.4;69;11.2;0;0.0;NA;90;14.5;;0;0.0;;0;0.0;;0;0.0;;0;0.0
1804701005;Granada;53.0;PP;32.6;208;32.6;117;18.4;124;19.5;25;3.9;48;7.5;IZAR;50;7.8;;0;0.0;;0;0.0;;0;0.0;;0;0.0
1804801001;Granada;58.0;PSOE-A;31.8;168;22.7;236;31.8;127;17.1;13;1.8;0;0.0;PCPA;83;11.2;NA;39;5.3;;0;0.0;;0;0.0;;0;0.0
1804801002;Granada;57.4;PSOE-A;29.7;265;28.4;277;29.7;109;11.7;74;7.9;0;0.0;PCPA;86;9.2;;0;0.0;;0;0.0;;0;0.0;;0;0.0
1804901001;Granada;69.2;PP;34.0;115;34.0;89;26.3;27;8.0;12;3.6;0;0.0;FE de las JONS;48;14.2;MUNDO+JUSTO;27;8.0;;0;0.0;;0;0.0;;0;0.0
1805001001;Granada;53.7;PP;29.3;92;29.3;85;27.1;36;11.5;20;6.4;0;0.0;ESCAÑOS EN BLANCO;48;15.3;;0;0.0;;0;0.0;;0;0.0;;0;0.0
1805001002;Granada;56.7;PP;32.2;206;32.2;122;19.1;99;15.5;61;9.6;0;0.0;MUNDO+JUSTO;67;10.5;;0;0.0;;0;0.0;;0;0.0;;0;0.0
1805101001;Granada;59.4;PSOE-A;40.8;231;37.1;254;40.8;52;8.4;10;1.6;0;0.0;IZAR;19;3.0;PCTE;15;2.4;;0;0.0;;0;0.0;;0;0.0
1805301001;Granada;52.8;PP;36.7;270;36.7;190;25.8;70;9.5;26;3.5;0;0.0;MUNDO+JUSTO;54;7.3;SALF;38;5.2;;0;0.0;;0;0.0;;0;0.0
1805401001;Granada;65.0;PP;44.4;224;44.4;70;13.9;128;25.4;0;0.0;0;0.0;PCPA;56;11.1;NA;18;3.6;;0;0.0;;0;0.0;;0;0.0
1805601001;Granada;64.2;PSOE-A;30.5;180;27.6;199;30.5;96;14.7;19;2.9;0;0.0;FE de las JONS;69;10.6;SALF;30;4.6;;0;0.0;;0;0.0;;0;0.0
1805601002;Granada;64.3;PP;35.7;173;35.7;129;26.6;18;3.7;69;14.3;0;0.0;IZAR;41;8.5;;0;0.0;;0;0.0;;0;0.0;;0;0.0
1805601003;Granada;59.6;PSOE-A;34.0;219;28.9;258;34.0;38;5.0;82;10.8;0;0.0;IZAR;79;10.4;ANDALUCISTAS-PA;49;6.5;;0;0.0;;0;0.0;;0;0.0
1805701001;Granada;58.1;PP;34.4;383;34.4;235;21.1;225;20.2;9;0.8;0;0.0;FE de las JONS;110;9.9;PACMA;46;4.1;;0;0.0;;0;0.0;;0;0.0
1805701002;Granada;62.6;PP;28.6;230;28.6;209;26.0;100;12.4;56;7.0;0;0.0;MUNDO+JUSTO;111;13.8;;0;0.0;;0;0.0;;0;0.0;;0;0.0
1805701003;Granada;61.6;PP;39.2;352;39.2;147;16.4;123;13.7;33;3.7;0;0.0;PCTE;85;9.5;SALF;79;8.8;;0;0.0;;0;0.0;;0;0.0
1805701004;Granada;62.3;PP;34.3;327;34.3;193;20.2;122;12.8;52;5.4;0;0.0;NA;59;6.2;PCPA;55;5.8;;0;0.0;;0;0.0;;0;0.0
1805901001;Granada;57.4;PP;30.1;224;30.1;220;29.6;63;8.5;96;12.9;0;0.0;ESCAÑOS EN BLANCO;61;8.2;;0;0.0;;0;0.0;;0;0.0;;0;0.0
1805901002;Granada;50.8;PSOE-A;31.7;177;26.9;208;31.7;83;12.6;67;10.2;0;0.0;PCPA;54;8.2;;0;0.0;;0;0.0;;0;0.0;;0;0.0
1805901003;Granada;62.2;PSOE-A;35.8;203;31.2;233;35.8;98;15.0;4;0.6;0;0.0;PACMA;58;8.9;ESCAÑOS EN BLANCO;22;3.4;;0;0.0;;0;0.0;;0;0.0
1805901004;Granada;53.6;PP;27.2;135;27.2;119;24.0;93;18.8;66;13.3;0;0.0;PCPA;32;6.4;;0;0.0;;0;0.0;;0;0.0;;0;0.0
1806101001;Granada;66.4;PP;35.0;226;35.0;218;33.8;24;3.7;138;21.4;0;0.0;PCTE;16;2.5;;0;0.0;;0;0.0;;0;0.0;;0;0.0
1806201001;Granada;60.2;PP;39.5;286;39.5;146;20.2;69;9.5;65;9.0;0;0.0;ANDALUCISTAS-PA;74;10.2;;0;0.0;;0;0.0;;0;0.0;;0;0.0
1806201002;Granada;56.4;PP;38.5;336;38.5;94;10.8;107;12.3;149;17.1;0;0.0;JUFUDI;92;10.5;;0;0.0;;0;0.0;;0;0.0;;0;0.0
1806201003;Granada;62.2;PP;44.1;348;44.1;73;9.2;120;15.2;82;10.4;0;0.0;PCPA;56;7.1;;0;0.0;;0;0.0;;0;0.0;;0;0.0
1806201004;Granada;60.9;PP;39.9;337;39.9;172;20.4;55;6.5;102;12.1;0;0.0;SALF;83;9.8;;0;0.0;;0;0.0;;0;0.0;;0;0.0
1806201005;Granada;57.4;PP;53.3;517;53.3;114;11.8;53;5.5;114;11.8;0;0.0;PCPA;73;7.5;;0;0.0;;0;0.0;;0;0.0;;0;0.0
1806201006;Granada;61.6;PP;33.5;202;33.5;128;21.2;115;19.1;13;2.2;0;0.0;ANDALUCISTAS-PA;63;10.4;PCPA;37;6.1;;0;0.0;;0;0.0;;0;0.0
1806201007;Granada;62.1;PP;33.5;221;33.5;189;28.7;89;13.5;50;7.6;0;0.0;SALF;49;7.4;;0;0.0;;0;0.0;;0;0.0;;0;0.0
1806201008;Granada;63.8;PP;40.0;424;40.0;98;9.2;118;11.1;166;15.7;0;0.0;ESCAÑOS EN BLANCO;89;8.4;;0;0.0;;0;0.0;;0;0.0;;0;0.0
1806201009;Granada;62.6;PP;44.6;201;44.6;96;21.3;62;13.8;23;5.1;0;0.0;MUNDO+JUSTO;24;5.3;ESCAÑOS EN BLANCO;24;5.3;;0;0.0;;0;0.0;;0;0.0
1806201010;Granada;57.1;PP;41.5;228;41.5;74;13.5;51;9.3;48;8.7;65;11.8;;0;0.0;;0;0.0;;0;0.0;;0;0.0;;0;0.0
1806301001;Granada;44.2;PP;40.9;232;40.9;90;15.9;111;19.6;8;1.4;0;0.0;PACMA;44;7.8;JUFUDI;20;3.5;;0;0.0;;0;0.0;;0;0.0
1806401001;Granada;70.4;PP;40.7;94;40.7;58;25.1;41;17.8;0;0.0;27;11.7;PCTE;6;2.6;;0;0.0;;0;0.0;;0;0.0;;0;0.0
1806501001;Granada;64.9;PSOE-A;31.1;6;1.8;106;31.1;33;9.7;97;28.4;31;9.1;PCTE;25;7.3;;0;0.0;;0;0.0;;0;0.0;;0;0.0
1806601001;Granada;53.2;PSOE-A;32.1;239;31.3;245;32.1;29;3.8;59;7.7;0;0.0;PCTE;68;8.9;JUFUDI;57;7.5;;0;0.0;;0;0.0;;0;0.0
1806601002;Granada;34.5;PSOE-A;45.7;28;11.5;111;45.7;6;2.5;34;14.0;9;3.7;PCPA;19;7.8;NA;14;5.8;;0;0.0;;0;0.0;;0;0.0
1806701001;Granada;58.1;PP;38.1;154;38.1;118;29.2;72;17.8;17;4.2;0;0.0;ESCAÑOS EN BLANCO;21;5.2;;0;0.0;;0;0.0;;0;0.0;;0;0.0
1806801001;Granada;66.1;PP;39.1;481;39.1;227;18.4;97;7.9;102;8.3;114;9.3;;0;0.0;;0;0.0;;0;0.0;;0;0.0;;0;0.0
1806901001;Granada;64.6;PP;42.7;128;42.7;54;18.0;39;13.0;0;0.0;0;0.0;NA;55;18.3;ESCAÑOS EN BLANCO;19;6.3;;0;0.0;;0;0.0;;0;0.0
1807001001;Granada;71.7;PSOE-A;35.3;47;19.5;85;35.3;19;7.9;25;10.4;0;0.0;MUNDO+JUSTO;46;19.1;;0;0.0;;0;0.0;;0;0.0;;0;0.0
1807101001;Granada;57.8;PP;35.6;253;35.6;203;28.6;135;19.0;9;1.3;0;0.0;MUNDO+JUSTO;38;5.3;IZAR;16;2.2;;0;0.0;;0;0.0;;0;0.0
1807101002;Granada;61.0;PP;39.6;239;39.6;101;16.8;68;11.3;55;9.1;0;0.0;PCTE;49;8.1;;0;0.0;;0;0.0;;0;0.0;;0;0.0
1807101003;Granada;60.5;PP;31.7;170;31.7;126;23.5;60;11.2;25;4.7;0;0.0;PACMA;64;11.9;MUNDO+JUSTO;52;9.7;;0;0.0;;0;0.0;;0;0.0
1807101004;Granada;57.6;PP;45.5;378;45.5;124;14.9;64;7.7;80;9.6;0;0.0;MUNDO+JUSTO;62;7.5;;0;0.0;;0;0.0;;0;0.0;;0;0.0
1807101005;Granada;56.2;PP;33.2;230;33.2;133;19.2;61;8.8;92;13.3;0;0.0;IZAR;87;12.6;;0;0.0;;0;0.0;;0;0.0;;0;0.0
1807201001;Granada;58.1;PP;40.1;158;40.1;86;21.8;24;6.1;12;3.0;90;22.8;NA;12;3.0;;0;0.0;;0;0.0;;0;0.0;;0;0.0
1807401001;Granada;71.1;PSOE-A;36.0;52;29.7;63;36.0;9;5.1;0;0.0;32;18.3;PCPA;11;6.3;;0;0.0;;0;0.0;;0;0.0;;0;0.0
1807601001;Granada;57.8;Empate;36.3;157;36.3;157;36.3;35;8.1;0;0.0;0;0.0;FE de las JONS;36;8.3;ESCAÑOS EN BLANCO;15;3.5;;0;0.0;;0;0.0;;0;0.0
1807701001;Granada;61.0;PSOE-A;32.4;66;26.7;80;32.4;53;21.5;0;0.0;0;0.0;PCPA;29;11.7;PCTE;9;3.6;;0;0.0;;0;0.0;;0;0.0
1807801001;Granada;63.8;PSOE-A;42.7;84;19.1;188;42.7;4;0.9;49;11.1;0;0.0;ANDALUCISTAS-PA;64;14.6;PCTE;16;3.6;;0;0.0;;0;0.0;;0;0.0
1807901001;Granada;62.7;PSOE-A;45.4;196;19.8;449;45.4;76;7.7;57;5.8;0;0.0;ESCAÑOS EN BLANCO;69;7.0;PACMA;64;6.5;;0;0.0;;0;0.0;;0;0.0
1807901002;Granada;58.1;PSOE-A;42.0;123;18.8;275;42.0;45;6.9;70;10.7;0;0.0;NA;48;7.3;;0;0.0;;0;0.0;;0;0.0;;0;0.0
1807901003;Granada;58.6;PSOE-A;45.4;105;17.7;269;45.4;105;17.7;3;0.5;0;0.0;PCPA;53;8.9;NA;25;4.2;;0;0.0;;0;0.0;;0;0.0
1808201001;Granada;57.6;PSOE-A;32.9;128;28.8;146;32.9;67;15.1;0;0.0;0;0.0;FE de las JONS;84;18.9;ESCAÑOS EN BLANCO;19;4.3;;0;0.0;;0;0.0;;0;0.0
1808301001;Granada;75.7;PSOE-A;49.4;59;37.8;77;49.4;15;9.6;0;0.0;0;0.0;PCPA;3;1.9;MUNDO+JUSTO;2;1.3;;0;0.0;;0;0.0;;0;0.0
1808401001;Granada;58.9;PP;47.8;312;47.8;93;14.2;98;15.0;6;0.9;0;0.0;JUFUDI;64;9.8;ESCAÑOS EN BLANCO;20;3.1;;0;0.0;;0;0.0;;0;0.0
1808401002;Granada;70.1;PP;42.2;508;42.2;174;14.5;171;14.2;45;3.7;0;0.0;ANDALUCISTAS-PA;83;6.9;PCPA;69;5.7;;0;0.0;;0;0.0;;0;0.0
1808401003;Granada;62.2;PP;42.0;290;42.0;78;11.3;73;10.6;57;8.2;0;0.0;PACMA;97;14.0;;0;0.0;;0;0.0;;0;0.0;;0;0.0
1808401004;Granada;59.6;PP;35.3;223;35.3;202;32.0;103;16.3;11;1.7;0;0.0;JUFUDI;34;5.4;MUNDO+JUSTO;22;3.5;;0;0.0;;0;0.0;;0;0.0
1808501001;Granada;56.2;PP;37.1;141;37.1;108;28.4;60;15.8;0;0.0;0;0.0;PCPA;39;10.3;IZAR;20;5.3;;0;0.0;;0;0.0;;0;0.0
1808601001;Granada;68.5;PSOE-A;47.7;38;17.8;102;47.7;0;0.0;23;10.8;0;0.0;ANDALUCISTAS-PA;15;7.0;PCPA;10;4.7;;0;0.0;;0;0.0;;0;0.0
1808701001;Granada;66.3;PP;42.4;264;42.4;64;10.3;148;23.8;35;5.6;0;0.0;ANDALUCISTAS-PA;53;8.5;;0;0.0;;0;0.0;;0;0.0;;0;0.0
1808701004;Granada;71.3;PP;60.4;414;60.4;0;0.0;141;20.6;45;6.6;0;0.0;PACMA;30;4.4;PCTE;21;3.1;;0;0.0;;0;0.0;;0;0.0
1808701005;Granada;71.6;PP;42.7;281;42.7;14;2.1;101;15.4;66;10.0;0;0.0;IZAR;179;27.2;;0;0.0;;0;0.0;;0;0.0;;0;0.0
1808701006;Granada;76.2;PP;56.2;446;56.2;13;1.6;67;8.4;56;7.1;0;0.0;NA;93;11.7;PCPA;66;8.3;;0;0.0;;0;0.0;;0;0.0
1808701007;Granada;72.4;PP;50.1;386;50.1;35;4.5;141;18.3;33;4.3;109;14.1;;0;0.0;;0;0.0;;0;0.0;;0;0.0;;0;0.0
1808701008;Granada;73.3;PP;58.9;251;58.9;16;3.8;12;2.8;0;0.0;0;0.0;NA;73;17.1;ESCAÑOS EN BLANCO;22;5.2;MUNDO+JUSTO;21;4.9;;0;0.0;;0;0.0
1808701009;Granada;76.3;PP;59.4;478;59.4;51;6.3;82;10.2;33;4.1;78;9.7;;0;0.0;;0;0.0;;0;0.0;;0;0.0;;0;0.0
1808701011;Granada;74.4;PP;57.5;533;57.5;67;7.2;145;15.6;30;3.2;0;0.0;PCTE;83;9.0;;0;0.0;;0;0.0;;0;0.0;;0;0.0
1808701012;Granada;71.2;PP;52.4;301;52.4;41;7.1;10;1.7;80;13.9;0;0.0;PCTE;94;16.4;PCPA;40;7.0;;0;0.0;;0;0.0;;0;0.0
1808701013;Granada;72.2;PP;42.8;308;42.8;122;17.0;110;15.3;84;11.7;0;0.0;NA;25;3.5;;0;0.0;;0;0.0;;0;0.0;;0;0.0
1808701015;Granada;75.0;PP;62.0;268;62.0;37;8.6;14;3.2;0;0.0;0;0.0;NA;42;9.7;MUNDO+JUSTO;36;8.3;;0;0.0;;0;0.0;;0;0.0
1808701016;Granada;67.9;PP;55.5;392;55.5;89;12.6;35;5.0;18;2.6;0;0.0;ANDALUCISTAS-PA;63;8.9;MUNDO+JUSTO;28;4.0;;0;0.0;;0;0.0;;0;0.0
1808701017;Granada;69.3;PP;61.6;431;61.6;47;6.7;42;6.0;63;9.0;0;0.0;MUNDO+JUSTO;54;7.7;;0;0.0;;0;0.0;;0;0.0;;0;0.0
1808701018;Granada;72.2;PP;39.1;219;39.1;122;21.8;56;10.0;13;2.3;0;0.0;ANDALUCISTAS-PA;117;20.9;PCTE;30;5.4;;0;0.0;;0;0.0;;0;0.0
1808701019;Granada;70.0;PP;43.9;455;43.9;128;12.3;160;15.4;12;1.2;0;0.0;MUNDO+JUSTO;120;11.6;IZAR;75;7.2;;0;0.0;;0;0.0;;0;0.0
1808701020;Granada;68.3;PP;48.6;194;48.6;7;1.8;71;17.8;9;2.3;0;0.0;IZAR;83;20.8;PACMA;18;4.5;;0;0.0;;0;0.0;;0;0.0
1808701021;Granada;68.0;PP;52.8;546;52.8;107;10.3;177;17.1;68;6.6;0;0.0;IZAR;50;4.8;;0;0.0;;0;0.0;;0;0.0;;0;0.0
1808701023;Granada;66.6;PP;46.5;210;46.5;30;6.6;97;21.5;18;4.0;0;0.0;MUNDO+JUSTO;52;11.5;IZAR;23;5.1;;0;0.0;;0;0.0;;0;0.0
1808702001;Granada;62.1;PP;36.9;274;36.9;140;18.9;69;9.3;55;7.4;0;0.0;PACMA;113;15.2;;0;0.0;;0;0.0;;0;0.0;;0;0.0
1808702002;Granada;68.8;PP;48.2;365;48.2;64;8.4;37;4.9;45;5.9;0;0.0;PACMA;90;11.9;ANDALUCISTAS-PA;42;5.5;;0;0.0;;0;0.0;;0;0.0
1808702003;Granada;74.6;PP;62.9;380;62.9;88;14.6;5;0.8;58;9.6;0;0.0;PCPA;34;5.6;IZAR;31;5.1;;0;0.0;;0;0.0;;0;0.0
1808702004;Granada;76.4;PP;52.8;269;52.8;38;7.5;68;13.4;20;3.9;0;0.0;MUNDO+JUSTO;79;15.5;;0;0.0;;0;0.0;;0;0.0;;0;0.0
1808702005;Granada;71.0;PP;49.4;365;49.4;60;8.1;92;12.4;86;11.6;0;0.0;PCTE;81;11.0;;0;0.0;;0;0.0;;0;0.0;;0;0.0
1808702006;Granada;69.9;PP;46.7;257;46.7;57;10.4;0;0.0;60;10.9;0;0.0;PCPA;65;11.8;ESCAÑOS EN BLANCO;35;6.4;;0;0.0;;0;0.0;;0;0.0
1808702007;Granada;75.9;PP;56.2;388;56.2;52;7.5;185;26.8;2;0.3;0;0.0;PACMA;43;6.2;PCTE;11;1.6;;0;0.0;;0;0.0;;0;0.0
1808702008;Granada;62.5;PP;33.6;226;33.6;207;30.8;84;12.5;32;4.8;0;0.0;JUFUDI;46;6.8;PCTE;33;4.9;;0;0.0;;0;0.0;;0;0.0
1808702009;Granada;69.8;PP;37.2;190;37.2;104;20.4;36;7.0;38;7.4;0;0.0;ESCAÑOS EN BLANCO;111;21.7;;0;0.0;;0;0.0;;0;0.0;;0;0.0
1808702010;Granada;71.5;PP;51.4;342;51.4;17;2.6;70;10.5;181;27.2;0;0.0;ESCAÑOS EN BLANCO;51;7.7;;0;0.0;;0;0.0;;0;0.0;;0;0.0
1808702011;Granada;64.1;PP;35.0;152;35.0;99;22.8;81;18.7;0;0.0;0;0.0;JUFUDI;81;18.7;PACMA;18;4.2;;0;0.0;;0;0.0;;0;0.0
1808702012;Granada;75.7;PP;43.3;292;43.3;5;0.7;192;28.4;0;0.0;0;0.0;JUFUDI;62;9.2;NA;43;6.4;MUNDO+JUSTO;40;5.9;;0;0.0;;0;0.0
1808702013;Granada;64.1;PP;48.1;310;48.1;29;4.5;105;16.3;29;4.5;0;0.0;SALF;62;9.6;ANDALUCISTAS-PA;51;7.9;;0;0.0;;0;0.0;;0;0.0
1808702014;Granada;72.9;PP;59.0;473;59.0;94;11.7;85;10.6;33;4.1;0;0.0;MUNDO+JUSTO;73;9.1;;0;0.0;;0;0.0;;0;0.0;;0;0.0
1808702015;Granada;65.1;PP;38.7;225;38.7;79;13.6;68;11.7;45;7.8;0;0.0;PCPA;84;14.5;;0;0.0;;0;0.0;;0;0.0;;0;0.0
1808702016;Granada;51.1;PP;33.0;113;33.0;74;21.6;64;18.7;0;0.0;0;0.0;ESCAÑOS EN BLANCO;64;18.7;NA;10;2.9;;0;0.0;;0;0.0;;0;0.0
1808702017;Granada;55.7;PSOE-A;29.4;148;26.1;167;29.4;81;14.3;16;2.8;0;0.0;ANDALUCISTAS-PA;77;13.6;IZAR;29;5.1;;0;0.0;;0;0.0;;0;0.0
1808702018;Granada;56.1;PP;30.9;163;30.9;141;26.7;30;5.7;141;26.7;0;0.0;NA;16;3.0;;0;0.0;;0;0.0;;0;0.0;;0;0.0
1808702019;Granada;50.7;PP;37.4;167;37.4;61;13.6;42;9.4;44;9.8;0;0.0;PCTE;58;13.0;;0;0.0;;0;0.0;;0;0.0;;0;0.0
1808702020;Granada;64.3;PP;33.8;292;33.8;176;20.4;63;7.3;87;10.1;0;0.0;JUFUDI;106;12.3;;0;0.0;;0;0.0;;0;0.0;;0;0.0
1808702022;Granada;75.5;PP;44.9;218;44.9;72;14.8;59;12.1;0;0.0;0;0.0;IZAR;105;21.6;PACMA;13;2.7;;0;0.0;;0;0.0;;0;0.0
1808702023;Granada;60.7;PSOE-A;30.8;131;29.8;135;30.8;0;0.0;37;8.4;0;0.0;ANDALUCISTAS-PA;94;21.4;ESCAÑOS EN BLANCO;23;5.2;;0;0.0;;0;0.0;;0;0.0
1808702024;Granada;61.8;PP;43.4;152;43.4;78;22.3;51;14.6;2;0.6;0;0.0;MUNDO+JUSTO;28;8.0;PACMA;24;6.9;;0;0.0;;0;0.0;;0;0.0
1808702025;Granada;55.7;PP;31.5;221;31.5;195;27.8;114;16.3;4;0.6;0;0.0;IZAR;31;4.4;MUNDO+JUSTO;29;4.1;;0;0.0;;0;0.0;;0;0.0
1808702027;Granada;50.9;PSOE-A;30.5;135;26.4;156;30.5;91;17.8;22;4.3;0;0.0;MUNDO+JUSTO;26;5.1;NA;23;4.5;;0;0.0;;0;0.0;;0;0.0
1808702028;Granada;42.2;PP;33.8;97;33.8;80;27.9;58;20.2;6;2.1;0;0.0;MUNDO+JUSTO;19;6.6;NA;18;6.3;;0;0.0;;0;0.0;;0;0.0
1808702029;Granada;64.7;PP;45.1;293;45.1;91;14.0;80;12.3;36;5.5;25;3.8;MUNDO+JUSTO;59;9.1;PCPA;38;5.8;;0;0.0;;0;0.0;;0;0.0
1808702030;Granada;76.4;PP;50.2;531;50.2;117;11.1;32;3.0;106;10.0;53;5.0;ESCAÑOS EN BLANCO;93;8.8;;0;0.0;;0;0.0;;0;0.0;;0;0.0
1808702031;Granada;64.9;PP;30.0;189;30.0;132;21.0;47;7.5;48;7.6;0;0.0;MUNDO+JUSTO;145;23.0;;0;0.0;;0;0.0;;0;0.0;;0;0.0
1808702032;Granada;57.4;PP;30.1;221;30.1;193;26.3;35;4.8;76;10.3;0;0.0;FE de las JONS;103;14.0;SALF;67;9.1;;0;0.0;;0;0.0;;0;0.0
1808702033;Granada;75.5;PP;39.2;257;39.2;108;16.5;96;14.6;0;0.0;0;0.0;ANDALUCISTAS-PA;81;12.4;MUNDO+JUSTO;43;6.6;;0;0.0;;0;0.0;;0;0.0
1808702035;Granada;65.5;PP;47.3;319;47.3;47;7.0;91;13.5;60;8.9;37;5.5;MUNDO+JUSTO;41;6.1;;0;0.0;;0;0.0;;0;0.0;;0;0.0
1808702036;Granada;76.1;PP;52.6;325;52.6;1;0.2;103;16.7;50;8.1;0;0.0;SALF;73;11.8;ESCAÑOS EN BLANCO;41;6.6;;0;0.0;;0;0.0;;0;0.0
1808702037;Granada;80.3;PP;55.3;752;55.3;168;12.4;149;11.0;31;2.3;0;0.0;MUNDO+JUSTO;96;7.1;IZAR;64;4.7;;0;0.0;;0;0.0;;0;0.0
1808702038;Granada;65.4;PP;36.7;166;36.7;108;23.9;14;3.1;64;14.2;0;0.0;MUNDO+JUSTO;33;7.3;IZAR;25;5.5;;0;0.0;;0;0.0;;0;0.0
1808702039;Granada;60.1;PP;32.2;131;32.2;98;24.1;68;16.7;0;0.0;0;0.0;JUFUDI;67;16.5;PCTE;24;5.9;;0;0.0;;0;0.0;;0;0.0
1808702040;Granada;63.3;PP;40.7;389;40.7;124;13.0;135;14.1;18;1.9;0;0.0;PCTE;89;9.3;MUNDO+JUSTO;51;5.3;;0;0.0;;0;0.0;;0;0.0
1808702041;Granada;49.0;PSOE-A;42.9;128;35.5;155;42.9;34;9.4;33;9.1;0;0.0;PCPA;8;2.2;;0;0.0;;0;0.0;;0;0.0;;0;0.0
1808702043;Granada;68.4;PP;38.8;426;38.8;160;14.6;109;9.9;112;10.2;0;0.0;PCTE;159;14.5;;0;0.0;;0;0.0;;0;0.0;;0;0.0
1808702044;Granada;63.8;PP;38.9;259;38.9;129;19.4;174;26.1;8;1.2;0;0.0;ANDALUCISTAS-PA;39;5.9;MUNDO+JUSTO;26;3.9;;0;0.0;;0;0.0;;0;0.0
1808702045;Granada;60.1;PSOE-A;29.0;104;19.1;158;29.0;79;14.5;15;2.8;0;0.0;NA;117;21.5;ESCAÑOS EN BLANCO;35;6.4;;0;0.0;;0;0.0;;0;0.0
1808702046;Granada;61.1;PP;35.4;207;35.4;144;24.6;26;4.4;83;14.2;0;0.0;MUNDO+JUSTO;55;9.4;PACMA;32;5.5;;0;0.0;;0;0.0;;0;0.0
1808702047;Granada;74.0;PP;36.9;280;36.9;131;17.3;57;7.5;58;7.6;0;0.0;FE de las JONS;129;17.0;;0;0.0;;0;0.0;;0;0.0;;0;0.0
1808702048;Granada;61.9;PP;38.6;178;38.6;105;22.8;32;6.9;98;21.3;0;0.0;ESCAÑOS EN BLANCO;28;6.1;;0;0.0;;0;0.0;;0;0.0;;0;0.0
1808702049;Granada;59.6;PSOE-A;33.1;105;23.8;146;33.1;62;14.1;8;1.8;0;0.0;IZAR;81;18.4;MUNDO+JUSTO;18;4.1;;0;0.0;;0;0.0;;0;0.0
1808702050;Granada;54.8;PSOE-A;31.2;179;25.7;217;31.2;67;9.6;30;4.3;0;0.0;PCPA;77;11.1;ANDALUCISTAS-PA;33;4.7;;0;0.0;;0;0.0;;0;0.0
1808702051;Granada;62.0;PP;38.3;263;38.3;127;18.5;53;7.7;115;16.7;0;0.0;PACMA;66;9.6;;0;0.0;;0;0.0;;0;0.0;;0;0.0
1808703002;Granada;66.3;PP;42.8;299;42.8;60;8.6;76;10.9;104;14.9;0;0.0;MUNDO+JUSTO;61;8.7;;0;0.0;;0;0.0;;0;0.0;;0;0.0
1808703003;Granada;69.0;PP;56.4;425;56.4;50;6.6;46;6.1;66;8.8;0;0.0;FE de las JONS;50;6.6;;0;0.0;;0;0.0;;0;0.0;;0;0.0
1808703004;Granada;76.3;PP;60.4;760;60.4;26;2.1;130;10.3;102;8.1;0;0.0;IZAR;73;5.8;ESCAÑOS EN BLANCO;61;4.8;;0;0.0;;0;0.0;;0;0.0
1808703005;Granada;65.9;PP;38.8;267;38.8;67;9.7;32;4.6;116;16.8;0;0.0;ESCAÑOS EN BLANCO;100;14.5;PCTE;90;13.1;;0;0.0;;0;0.0;;0;0.0
1808703006;Granada;69.9;PP;47.7;307;47.7;87;13.5;98;15.2;14;2.2;0;0.0;JUFUDI;52;8.1;PCTE;29;4.5;;0;0.0;;0;0.0;;0;0.0
1808703007;Granada;60.1;PP;45.5;254;45.5;102;18.3;95;17.0;11;2.0;0;0.0;FE de las JONS;34;6.1;PACMA;22;3.9;;0;0.0;;0;0.0;;0;0.0
1808703008;Granada;69.3;PP;49.0;303;49.0;114;18.4;52;8.4;0;0.0;0;0.0;PACMA;45;7.3;PCPA;34;5.5;;0;0.0;;0;0.0;;0;0.0
1808703009;Granada;66.1;PP;42.2;336;42.2;111;13.9;94;11.8;49;6.2;0;0.0;PCPA;60;7.5;ANDALUCISTAS-PA;58;7.3;;0;0.0;;0;0.0;;0;0.0
1808703010;Granada;65.0;PP;35.2;320;35.2;175;19.3;112;12.3;124;13.7;0;0.0;ANDALUCISTAS-PA;92;10.1;;0;0.0;;0;0.0;;0;0.0;;0;0.0
1808703011;Granada;32.7;VOX;39.0;71;20.1;69;19.5;138;39.0;16;4.5;0;0.0;SALF;20;5.6;PACMA;17;4.8;;0;0.0;;0;0.0;;0;0.0
1808703012;Granada;65.9;PP;44.6;263;44.6;69;11.7;35;5.9;49;8.3;0;0.0;MUNDO+JUSTO;53;9.0;PCTE;46;7.8;;0;0.0;;0;0.0;;0;0.0
1808703013;Granada;62.2;PP;26.5;266;26.5;255;25.4;147;14.7;56;5.6;0;0.0;NA;82;8.2;MUNDO+JUSTO;67;6.7;;0;0.0;;0;0.0;;0;0.0
1808703014;Granada;66.3;PP;29.7;143;29.7;126;26.2;29;6.0;59;12.3;0;0.0;NA;57;11.8;MUNDO+JUSTO;50;10.4;;0;0.0;;0;0.0;;0;0.0
1808703015;Granada;42.5;PP;28.4;110;28.4;106;27.4;32;8.3;16;4.1;0;0.0;MUNDO+JUSTO;92;23.8;PCTE;21;5.4;;0;0.0;;0;0.0;;0;0.0
1808703016;Granada;23.4;PSOE-A;59.6;40;29.4;81;59.6;0;0.0;9;6.6;0;0.0;NA;2;1.5;ESCAÑOS EN BLANCO;2;1.5;;0;0.0;;0;0.0;;0;0.0
1808703018;Granada;21.7;PSOE-A;47.2;22;13.7;76;47.2;13;8.1;2;1.2;0;0.0;PCTE;17;10.6;JUFUDI;14;8.7;;0;0.0;;0;0.0;;0;0.0
1808703020;Granada;40.8;PSOE-A;31.9;51;15.0;108;31.9;4;1.2;58;17.1;0;0.0;IZAR;86;25.4;MUNDO+JUSTO;19;5.6;;0;0.0;;0;0.0;;0;0.0
1808703021;Granada;35.3;PSOE-A;39.6;34;12.4;108;39.6;41;15.0;2;0.7;0;0.0;ESCAÑOS EN BLANCO;66;24.2;PCPA;19;7.0;;0;0.0;;0;0.0;;0;0.0
1808703023;Granada;35.1;PSOE-A;40.5;87;25.7;137;40.5;12;3.6;25;7.4;0;0.0;FE de las JONS;27;8.0;;0;0.0;;0;0.0;;0;0.0;;0;0.0
1808703024;Granada;18.5;PSOE-A;46.6;25;24.3;48;46.6;3;2.9;4;3.9;0;0.0;FE de las JONS;17;16.5;;0;0.0;;0;0.0;;0;0.0;;0;0.0
1808703025;Granada;54.7;PP;33.4;133;33.4;87;21.9;68;17.1;23;5.8;37;9.3;;0;0.0;;0;0.0;;0;0.0;;0;0.0;;0;0.0
1808703026;Granada;48.0;PSOE-A;39.8;76;15.4;197;39.8;3;0.6;69;13.9;0;0.0;JUFUDI;49;9.9;ESCAÑOS EN BLANCO;29;5.9;;0;0.0;;0;0.0;;0;0.0
1808703027;Granada;69.3;PP;33.9;220;33.9;97;15.0;102;15.7;22;3.4;0;0.0;IZAR;142;21.9;;0;0.0;;0;0.0;;0;0.0;;0;0.0
1808703028;Granada;64.8;PP;40.0;192;40.0;110;22.9;76;15.8;2;0.4;0;0.0;PACMA;64;13.3;NA;28;5.8;;0;0.0;;0;0.0;;0;0.0
1808703029;Granada;73.2;PP;43.4;383;43.4;106;12.0;113;12.8;26;3.0;0;0.0;MUNDO+JUSTO;69;7.8;NA;68;7.7;;0;0.0;;0;0.0;;0;0.0
1808703030;Granada;20.0;PSOE-A;42.2;20;10.4;81;42.2;8;4.2;16;8.3;0;0.0;ANDALUCISTAS-PA;28;14.6;MUNDO+JUSTO;20;10.4;;0;0.0;;0;0.0;;0;0.0
1808703031;Granada;21.9;PP;28.2;98;28.2;85;24.5;53;15.3;38;11.0;0;0.0;PCTE;40;11.5;;0;0.0;;0;0.0;;0;0.0;;0;0.0
1808703032;Granada;53.2;PP;28.4;287;28.4;261;25.8;178;17.6;31;3.1;56;5.5;NA;55;5.4;;0;0.0;;0;0.0;;0;0.0;;0;0.0
1808703033;Granada;54.5;PP;30.6;239;30.6;182;23.3;97;12.4;58;7.4;0;0.0;NA;60;7.7;;0;0.0;;0;0.0;;0;0.0;;0;0.0
1808703034;Granada;27.3;PSOE-A;38.4;41;16.1;98;38.4;40;15.7;13;5.1;0;0.0;PCTE;47;18.4;;0;0.0;;0;0.0;;0;0.0;;0;0.0
1808703035;Granada;62.2;PP;38.4;297;38.4;170;22.0;69;8.9;89;11.5;0;0.0;JUFUDI;82;10.6;;0;0.0;;0;0.0;;0;0.0;;0;0.0
1808703036;Granada;66.9;PP;36.4;361;36.4;122;12.3;9;0.9;169;17.0;0;0.0;PCTE;123;12.4;SALF;98;9.9;;0;0.0;;0;0.0;;0;0.0
1808703037;Granada;72.3;PP;43.8;539;43.8;228;18.5;147;12.0;35;2.8;0;0.0;SALF;103;8.4;MUNDO+JUSTO;96;7.8;;0;0.0;;0;0.0;;0;0.0
1808703038;Granada;72.3;PP;35.0;492;35.0;209;14.9;367;26.1;170;12.1;0;0.0;PCTE;59;4.2;;0;0.0;;0;0.0;;0;0.0;;0;0.0
1808703039;Granada;38.4;PP;42.1;170;42.1;91;22.5;65;16.1;5;1.2;0;0.0;PCTE;43;10.6;IZAR;12;3.0;;0;0.0;;0;0.0;;0;0.0
1808703040;Granada;74.8;PP;35.4;273;35.4;155;20.1;107;13.9;13;1.7;0;0.0;PCPA;93;12.1;ANDALUCISTAS-PA;63;8.2;;0;0.0;;0;0.0;;0;0.0
1808703041;Granada;64.4;PP;36.5;240;36.5;132;20.1;112;17.0;5;0.8;0;0.0;MUNDO+JUSTO;99;15.0;PACMA;40;6.1;;0;0.0;;0;0.0;;0;0.0
1808703042;Granada;64.0;PP;30.5;177;30.5;123;21.2;42;7.2;96;16.6;0;0.0;MUNDO+JUSTO;133;22.9;;0;0.0;;0;0.0;;0;0.0;;0;0.0
1808703043;Granada;71.9;PP;46.5;477;46.5;87;8.5;157;15.3;25;2.4;0;0.0;JUFUDI;90;8.8;MUNDO+JUSTO;59;5.8;;0;0.0;;0;0.0;;0;0.0
1808703044;Granada;72.5;PP;39.4;368;39.4;140;15.0;7;0.8;135;14.4;0;0.0;PCTE;93;10.0;ANDALUCISTAS-PA;70;7.5;;0;0.0;;0;0.0;;0;0.0
1808703045;Granada;28.6;PP;28.5;107;28.5;87;23.2;34;9.1;37;9.9;0;0.0;NA;49;13.1;;0;0.0;;0;0.0;;0;0.0;;0;0.0
1808703046;Granada;62.6;PP;32.0;160;32.0;96;19.2;72;14.4;5;1.0;0;0.0;PCTE;114;22.8;MUNDO+JUSTO;35;7.0;;0;0.0;;0;0.0;;0;0.0
1808703047;Granada;74.7;PP;53.4;471;53.4;111;12.6;98;11.1;77;8.7;0;0.0;PCTE;64;7.3;;0;0.0;;0;0.0;;0;0.0;;0;0.0
1808703048;Granada;64.0;PP;41.8;488;41.8;168;14.4;210;18.0;51;4.4;0;0.0;IZAR;96;8.2;;0;0.0;;0;0.0;;0;0.0;;0;0.0
1808704002;Granada;62.0;PP;50.9;162;50.9;22;6.9;35;11.0;19;6.0;0;0.0;PCTE;52;16.4;MUNDO+JUSTO;25;7.9;;0;0.0;;0;0.0;;0;0.0
1808704003;Granada;57.2;PorA;49.2;51;13.8;83;22.4;7;1.9;182;49.2;0;0.0;PCTE;25;6.8;IZAR;19;5.1;;0;0.0;;0;0.0;;0;0.0
1808705002;Granada;56.1;PP;20.5;97;20.5;76;16.0;69;14.6;92;19.4;0;0.0;FE de las JONS;67;14.1;;0;0.0;;0;0.0;;0;0.0;;0;0.0
1808706001;Granada;63.2;PP;51.3;304;51.3;49;8.3;60;10.1;14;2.4;0;0.0;IZAR;94;15.8;NA;18;3.0;;0;0.0;;0;0.0;;0;0.0
1808706003;Granada;74.2;IZAR;45.4;185;36.2;7;1.4;65;12.7;0;0.0;0;0.0;IZAR;232;45.4;NA;11;2.2;PACMA;7;1.4;;0;0.0;;0;0.0
1808706004;Granada;71.4;PP;33.8;159;33.8;53;11.2;53;11.2;90;19.1;0;0.0;NA;45;9.6;;0;0.0;;0;0.0;;0;0.0;;0;0.0
1808706005;Granada;67.6;PP;42.6;306;42.6;116;16.1;61;8.5;67;9.3;34;4.7;MUNDO+JUSTO;37;5.2;;0;0.0;;0;0.0;;0;0.0;;0;0.0
1808706006;Granada;73.8;PP;48.5;529;48.5;161;14.8;111;10.2;63;5.8;0;0.0;ANDALUCISTAS-PA;61;5.6;;0;0.0;;0;0.0;;0;0.0;;0;0.0
1808706007;Granada;72.7;PP;43.0;258;43.0;113;18.8;79;13.2;14;2.3;0;0.0;MUNDO+JUSTO;52;8.7;ESCAÑOS EN BLANCO;35;5.8;;0;0.0;;0;0.0;;0;0.0
1808706008;Granada;63.0;PP;36.3;133;36.3;63;17.2;79;21.6;3;0.8;0;0.0;ESCAÑOS EN BLANCO;76;20.8;PACMA;9;2.5;;0;0.0;;0;0.0;;0;0.0
1808706009;Granada;67.1;PP;43.3;325;43.3;106;14.1;43;5.7;72;9.6;0;0.0;MUNDO+JUSTO;84;11.2;NA;72;9.6;;0;0.0;;0;0.0;;0;0.0
1808706010;Granada;62.0;PP;33.3;172;33.3;135;26.1;12;2.3;68;13.2;0;0.0;ANDALUCISTAS-PA;76;14.7;PCPA;39;7.5;;0;0.0;;0;0.0;;0;0.0
1808706011;Granada;71.5;PP;47.8;239;47.8;23;4.6;85;17.0;35;7.0;0;0.0;MUNDO+JUSTO;56;11.2;SALF;43;8.6;;0;0.0;;0;0.0;;0;0.0
1808706012;Granada;66.6;PP;39.2;310;39.2;135;17.1;88;11.1;96;12.2;0;0.0;PACMA;51;6.5;;0;0.0;;0;0.0;;0;0.0;;0;0.0
1808706013;Granada;68.3;PP;31.8;143;31.8;96;21.3;45;10.0;86;19.1;0;0.0;PCTE;33;7.3;;0;0.0;;0;0.0;;0;0.0;;0;0.0
1808706014;Granada;62.8;PP;48.8;238;48.8;81;16.6;67;13.7;26;5.3;0;0.0;FE de las JONS;38;7.8;;0;0.0;;0;0.0;;0;0.0;;0;0.0
1808706015;Granada;62.2;VOX;37.6;109;24.3;128;28.5;169;37.6;0;0.0;0;0.0;PACMA;21;4.7;IZAR;18;4.0;;0;0.0;;0;0.0;;0;0.0
1808706016;Granada;63.1;PP;41.0;204;41.0;173;34.7;6;1.2;70;14.1;0;0.0;ESCAÑOS EN BLANCO;24;4.8;MUNDO+JUSTO;10;2.0;;0;0.0;;0;0.0;;0;0.0
1808706017;Granada;74.2;PP;38.3;209;38.3;117;21.4;16;2.9;66;12.1;0;0.0;SALF;91;16.7;MUNDO+JUSTO;22;4.0;;0;0.0;;0;0.0;;0;0.0
1808706018;Granada;75.9;PP;55.8;347;55.8;48;7.7;107;17.2;30;4.8;0;0.0;MUNDO+JUSTO;45;7.2;PCPA;33;5.3;;0;0.0;;0;0.0;;0;0.0
1808706019;Granada;60.5;PSOE-A;31.6;107;27.2;124;31.6;33;8.4;24;6.1;0;0.0;PCTE;66;16.8;;0;0.0;;0;0.0;;0;0.0;;0;0.0
1808706020;Granada;70.0;PP;38.7;496;38.7;266;20.8;132;10.3;63;4.9;0;0.0;ANDALUCISTAS-PA;114;8.9;MUNDO+JUSTO;68;5.3;;0;0.0;;0;0.0;;0;0.0
1808706021;Granada;70.4;PP;37.4;268;37.4;187;26.1;67;9.3;64;8.9;0;0.0;PACMA;42;5.9;;0;0.0;;0;0.0;;0;0.0;;0;0.0
1808706022;Granada;71.1;PP;45.8;268;45.8;88;15.0;166;28.4;4;0.7;0;0.0;PCPA;22;3.8;NA;20;3.4;;0;0.0;;0;0.0;;0;0.0
1808706023;Granada;72.5;PP;40.2;434;40.2;131;12.1;127;11.8;58;5.4;0;0.0;IZAR;134;12.4;SALF;132;12.2;;0;0.0;;0;0.0;;0;0.0
1808706024;Granada;76.3;PP;35.3;174;35.3;87;17.6;73;14.8;0;0.0;0;0.0;PCPA;85;17.2;MUNDO+JUSTO;53;10.8;;0;0.0;;0;0.0;;0;0.0
1808706025;Granada;66.9;PP;39.6;329;39.6;207;24.9;77;9.3;76;9.2;0;0.0;PCPA;41;4.9;;0;0.0;;0;0.0;;0;0.0;;0;0.0
1808707001;Granada;61.9;PP;31.1;143;31.1;82;17.8;97;21.1;84;18.3;0;0.0;PCPA;28;6.1;;0;0.0;;0;0.0;;0;0.0;;0;0.0
1808707004;Granada;59.8;PP;37.0;136;37.0;56;15.2;9;2.4;64;17.4;0;0.0;FE de las JONS;71;19.3;ESCAÑOS EN BLANCO;19;5.2;;0;0.0;;0;0.0;;0;0.0
1808707005;Granada;66.2;PP;55.7;390;55.7;71;10.1;45;6.4;16;2.3;0;0.0;IZAR;68;9.7;ESCAÑOS EN BLANCO;45;6.4;;0;0.0;;0;0.0;;0;0.0
1808707006;Granada;69.0;PP;44.3;274;44.3;61;9.8;78;12.6;5;0.8;0;0.0;NA;104;16.8;PACMA;32;5.2;;0;0.0;;0;0.0;;0;0.0
1808707008;Granada;76.4;PP;50.3;383;50.3;3;0.4;150;19.7;82;10.8;0;0.0;FE de las JONS;48;6.3;MUNDO+JUSTO;35;4.6;;0;0.0;;0;0.0;;0;0.0
1808707009;Granada;76.3;PP;51.7;442;51.7;16;1.9;137;16.0;44;5.2;79;9.2;IZAR;82;9.6;;0;0.0;;0;0.0;;0;0.0;;0;0.0
1808707010;Granada;75.3;PP;45.8;254;45.8;23;4.2;101;18.2;0;0.0;0;0.0;ESCAÑOS EN BLANCO;120;21.7;MUNDO+JUSTO;31;5.6;;0;0.0;;0;0.0;;0;0.0
1808707011;Granada;72.8;PP;52.8;374;52.8;50;7.1;91;12.8;13;1.8;0;0.0;PCTE;81;11.4;NA;61;8.6;;0;0.0;;0;0.0;;0;0.0
1808707012;Granada;68.4;PP;55.7;396;55.7;101;14.2;91;12.8;52;7.3;0;0.0;PCPA;16;2.2;;0;0.0;;0;0.0;;0;0.0;;0;0.0
1808707013;Granada;65.3;PP;35.1;264;35.1;148;19.6;18;2.4;169;22.4;71;9.4;PACMA;47;6.2;;0;0.0;;0;0.0;;0;0.0;;0;0.0
1808707014;Granada;47.2;PP;30.3;105;30.3;78;22.5;45;13.0;12;3.5;0;0.0;NA;73;21.0;MUNDO+JUSTO;26;7.5;;0;0.0;;0;0.0;;0;0.0
1808707015;Granada;63.7;PP;54.9;239;54.9;44;10.1;20;4.6;10;2.3;0;0.0;PCTE;71;16.3;ESCAÑOS EN BLANCO;22;5.1;;0;0.0;;0;0.0;;0;0.0
1808707016;Granada;68.2;PP;59.0;330;59.0;57;10.2;34;6.1;11;2.0;0;0.0;SALF;97;17.4;PCTE;16;2.9;;0;0.0;;0;0.0;;0;0.0
1808707017;Granada;72.5;PP;43.5;315;43.5;98;13.5;105;14.5;21;2.9;0;0.0;MUNDO+JUSTO;93;12.8;IZAR;41;5.7;;0;0.0;;0;0.0;;0;0.0
1808707018;Granada;60.2;PP;37.2;217;37.2;85;14.6;80;13.7;14;2.4;0;0.0;IZAR;76;13.0;FE de las JONS;46;7.9;;0;0.0;;0;0.0;;0;0.0
1808707019;Granada;59.7;PSOE-A;30.1;231;29.5;236;30.1;28;3.6;57;7.3;0;0.0;ANDALUCISTAS-PA;46;5.9;MUNDO+JUSTO;39;5.0;;0;0.0;;0;0.0;;0;0.0
1808707020;Granada;49.3;PP;22.9;69;22.9;67;22.3;50;16.6;7;2.3;0;0.0;ANDALUCISTAS-PA;59;19.6;ESCAÑOS EN BLANCO;20;6.6;;0;0.0;;0;0.0;;0;0.0
1808707021;Granada;53.0;PSOE-A;27.9;153;25.2;169;27.9;24;4.0;71;11.7;0;0.0;PCTE;79;13.0;ESCAÑOS EN BLANCO;25;4.1;;0;0.0;;0;0.0;;0;0.0
1808707023;Granada;58.8;PP;34.1;141;34.1;125;30.2;23;5.6;8;1.9;0;0.0;PCTE;66;15.9;PACMA;31;7.5;;0;0.0;;0;0.0;;0;0.0
1808707024;Granada;49.0;PP;31.9;106;31.9;72;21.7;50;15.1;9;2.7;0;0.0;ESCAÑOS EN BLANCO;67;20.2;MUNDO+JUSTO;19;5.7;;0;0.0;;0;0.0;;0;0.0
1808707025;Granada;67.0;PP;40.9;454;40.9;156;14.0;110;9.9;95;8.6;5;0.4;NA;121;10.9;;0;0.0;;0;0.0;;0;0.0;;0;0.0
1808707026;Granada;62.7;PP;38.3;201;38.3;119;22.7;64;12.2;18;3.4;0;0.0;MUNDO+JUSTO;35;6.7;PCTE;29;5.5;;0;0.0;;0;0.0;;0;0.0
1808707027;Granada;70.4;PP;53.5;470;53.5;66;7.5;78;8.9;39;4.4;0;0.0;ESCAÑOS EN BLANCO;106;12.1;;0;0.0;;0;0.0;;0;0.0;;0;0.0
1808707028;Granada;64.3;PP;34.2;163;34.2;142;29.8;70;14.7;12;2.5;0;0.0;NA;60;12.6;ESCAÑOS EN BLANCO;15;3.2;;0;0.0;;0;0.0;;0;0.0
1808707030;Granada;67.0;PP;30.9;235;30.9;177;23.3;94;12.4;4;0.5;40;5.3;NA;77;10.1;;0;0.0;;0;0.0;;0;0.0;;0;0.0
1808707031;Granada;63.6;PP;55.4;264;55.4;83;17.4;14;2.9;21;4.4;0;0.0;PACMA;28;5.9;PCTE;26;5.4;;0;0.0;;0;0.0;;0;0.0
1808707032;Granada;66.1;PP;32.9;329;32.9;229;22.9;117;11.7;77;7.7;0;0.0;PCTE;59;5.9;;0;0.0;;0;0.0;;0;0.0;;0;0.0
1808707033;Granada;68.2;PP;32.4;189;32.4;146;25.0;32;5.5;42;7.2;0;0.0;FE de las JONS;141;24.2;;0;0.0;;0;0.0;;0;0.0;;0;0.0
1808707034;Granada;69.2;PP;42.9;358;42.9;93;11.2;96;11.5;64;7.7;0;0.0;MUNDO+JUSTO;76;9.1;IZAR;67;8.0;;0;0.0;;0;0.0;;0;0.0
1808708001;Granada;55.6;PorA;21.0;126;20.8;121;20.0;26;4.3;127;21.0;0;0.0;ESCAÑOS EN BLANCO;78;12.9;PCTE;46;7.6;;0;0.0;;0;0.0;;0;0.0
1808708002;Granada;68.1;PP;33.5;168;33.5;79;15.7;2;0.4;116;23.1;127;25.3;IZAR;4;0.8;;0;0.0;;0;0.0;;0;0.0;;0;0.0
1808708003;Granada;63.1;PP;46.5;185;46.5;47;11.8;7;1.8;101;25.4;0;0.0;PCTE;26;6.5;PACMA;18;4.5;;0;0.0;;0;0.0;;0;0.0
1808708004;Granada;59.1;PSOE-A;26.3;233;20.6;298;26.3;92;8.1;190;16.8;0;0.0;MUNDO+JUSTO;196;17.3;;0;0.0;;0;0.0;;0;0.0;;0;0.0
1808708006;Granada;45.0;PSOE-A;29.7;96;22.1;129;29.7;55;12.6;29;6.7;0;0.0;ANDALUCISTAS-PA;39;9.0;;0;0.0;;0;0.0;;0;0.0;;0;0.0
1808709001;Granada;62.4;PP;37.2;123;37.2;31;9.4;1;0.3;26;7.8;0;0.0;PCPA;91;27.5;PACMA;25;7.6;;0;0.0;;0;0.0;;0;0.0
1808709002;Granada;65.9;PP;36.6;215;36.6;77;13.1;94;16.0;81;13.8;0;0.0;PACMA;82;14.0;;0;0.0;;0;0.0;;0;0.0;;0;0.0
1808709003;Granada;71.2;PP;42.7;444;42.7;211;20.3;122;11.7;11;1.1;0;0.0;MUNDO+JUSTO;87;8.4;ESCAÑOS EN BLANCO;71;6.8;;0;0.0;;0;0.0;;0;0.0
1808709004;Granada;73.9;PP;48.1;426;48.1;123;13.9;56;6.3;39;4.4;0;0.0;MUNDO+JUSTO;93;10.5;;0;0.0;;0;0.0;;0;0.0;;0;0.0
1808709005;Granada;58.5;PP;27.9;224;27.9;191;23.8;119;14.8;64;8.0;0;0.0;SALF;55;6.9;;0;0.0;;0;0.0;;0;0.0;;0;0.0
1808709006;Granada;66.9;PSOE-A;28.2;209;24.9;236;28.2;35;4.2;206;24.6;0;0.0;JUFUDI;82;9.8;;0;0.0;;0;0.0;;0;0.0;;0;0.0
1808709007;Granada;68.5;PP;39.7;341;39.7;140;16.3;16;1.9;136;15.8;0;0.0;SALF;77;9.0;PCPA;65;7.6;;0;0.0;;0;0.0;;0;0.0
1808709008;Granada;72.3;PP;46.0;622;46.0;295;21.8;116;8.6;42;3.1;83;6.1;PCPA;48;3.6;;0;0.0;;0;0.0;;0;0.0;;0;0.0
1808709009;Granada;63.4;PP;32.9;233;32.9;127;17.9;60;8.5;64;9.0;0;0.0;SALF;56;7.9;;0;0.0;;0;0.0;;0;0.0;;0;0.0
1808709010;Granada;72.3;PP;45.4;428;45.4;168;17.8;101;10.7;26;2.8;0;0.0;FE de las JONS;75;8.0;MUNDO+JUSTO;57;6.0;;0;0.0;;0;0.0;;0;0.0
1808801001;Granada;55.3;PP;31.0;149;31.0;69;14.4;79;16.5;33;6.9;0;0.0;ESCAÑOS EN BLANCO;83;17.3;;0;0.0;;0;0.0;;0;0.0;;0;0.0
1808801002;Granada;40.5;PSOE-A;37.7;19;8.5;84;37.7;15;6.7;47;21.1;0;0.0;IZAR;44;19.7;;0;0.0;;0;0.0;;0;0.0;;0;0.0
1808901001;Granada;60.7;PP;48.4;155;48.4;33;10.3;50;15.6;27;8.4;0;0.0;MUNDO+JUSTO;26;8.1;;0;0.0;;0;0.0;;0;0.0;;0;0.0
1808901002;Granada;50.5;PP;40.5;142;40.5;59;16.8;17;4.8;39;11.1;0;0.0;ANDALUCISTAS-PA;48;13.7;;0;0.0;;0;0.0;;0;0.0;;0;0.0
1808901003;Granada;54.2;PP;34.1;163;34.1;150;31.4;51;10.7;0;0.0;0;0.0;IZAR;96;20.1;PACMA;11;2.3;;0;0.0;;0;0.0;;0;0.0
1808901004;Granada;47.7;PP;35.3;131;35.3;101;27.2;4;1.1;44;11.9;49;13.2;NA;21;5.7;;0;0.0;;0;0.0;;0;0.0;;0;0.0
1808901005;Granada;60.1;PP;42.6;249;42.6;73;12.5;117;20.0;0;0.0;0;0.0;SALF;43;7.4;PCTE;24;4.1;;0;0.0;;0;0.0;;0;0.0
1808901007;Granada;64.8;PP;46.2;288;46.2;64;10.3;63;10.1;45;7.2;0;0.0;NA;48;7.7;;0;0.0;;0;0.0;;0;0.0;;0;0.0
1808901008;Granada;51.0;PP;45.7;221;45.7;67;13.8;70;14.5;54;11.2;0;0.0;PACMA;32;6.6;;0;0.0;;0;0.0;;0;0.0;;0;0.0
1808901009;Granada;65.2;PP;46.5;291;46.5;99;15.8;76;12.1;0;0.0;33;5.3;JUFUDI;32;5.1;;0;0.0;;0;0.0;;0;0.0;;0;0.0
1808901010;Granada;61.9;PP;55.2;279;55.2;25;5.0;113;22.4;13;2.6;0;0.0;ESCAÑOS EN BLANCO;33;6.5;NA;32;6.3;;0;0.0;;0;0.0;;0;0.0
1808901011;Granada;69.2;PP;48.3;292;48.3;81;13.4;97;16.0;0;0.0;0;0.0;PCPA;66;10.9;MUNDO+JUSTO;33;5.4;;0;0.0;;0;0.0;;0;0.0
1808901012;Granada;52.9;PP;34.7;204;34.7;142;24.2;82;14.0;33;5.6;0;0.0;PACMA;88;15.0;;0;0.0;;0;0.0;;0;0.0;;0;0.0
1808902001;Granada;40.0;PP;38.2;206;38.2;123;22.8;28;5.2;39;7.2;0;0.0;ANDALUCISTAS-PA;40;7.4;JUFUDI;36;6.7;;0;0.0;;0;0.0;;0;0.0
1808902002;Granada;64.8;PP;40.2;350;40.2;192;22.0;128;14.7;23;2.6;0;0.0;IZAR;44;5.0;PCPA;30;3.4;;0;0.0;;0;0.0;;0;0.0
1808902003;Granada;56.8;PSOE-A;38.5;107;24.4;169;38.5;35;8.0;9;2.0;0;0.0;MUNDO+JUSTO;54;12.3;IZAR;20;4.6;;0;0.0;;0;0.0;;0;0.0
1808903001;Granada;56.8;PSOE-A;31.6;205;29.1;223;31.6;77;10.9;34;4.8;0;0.0;MUNDO+JUSTO;47;6.7;FE de las JONS;40;5.7;;0;0.0;;0;0.0;;0;0.0
1809301001;Granada;55.1;PP;38.0;288;38.0;118;15.6;154;20.3;54;7.1;0;0.0;NA;56;7.4;;0;0.0;;0;0.0;;0;0.0;;0;0.0
1809301002;Granada;56.0;PSOE-A;26.9;213;25.3;227;26.9;173;20.5;20;2.4;0;0.0;PACMA;78;9.2;MUNDO+JUSTO;51;6.0;;0;0.0;;0;0.0;;0;0.0
1809401001;Granada;67.2;PP;42.2;152;42.2;77;21.4;2;0.6;27;7.5;0;0.0;IZAR;65;18.1;PCTE;22;6.1;;0;0.0;;0;0.0;;0;0.0
1809401002;Granada;65.2;PP;39.8;293;39.8;151;20.5;65;8.8;28;3.8;0;0.0;NA;62;8.4;PCTE;54;7.3;;0;0.0;;0;0.0;;0;0.0
1809401003;Granada;62.1;PP;36.1;139;36.1;130;33.8;35;9.1;3;0.8;0;0.0;PCPA;44;11.4;ESCAÑOS EN BLANCO;17;4.4;;0;0.0;;0;0.0;;0;0.0
1809501001;Granada;64.5;PP;42.3;191;42.3;62;13.7;24;5.3;139;30.8;0;0.0;PACMA;34;7.5;;0;0.0;;0;0.0;;0;0.0;;0;0.0
1809501002;Granada;56.0;PSOE-A;32.2;241;31.1;249;32.2;80;10.3;28;3.6;0;0.0;NA;62;8.0;JUFUDI;52;6.7;;0;0.0;;0;0.0;;0;0.0
1809601001;Granada;54.8;PP;52.3;81;52.3;56;36.1;16;10.3;0;0.0;0;0.0;NA;1;0.6;ESCAÑOS EN BLANCO;1;0.6;;0;0.0;;0;0.0;;0;0.0
1809701001;Granada;57.1;PP;28.8;141;28.8;127;26.0;63;12.9;50;10.2;0;0.0;ANDALUCISTAS-PA;99;20.2;;0;0.0;;0;0.0;;0;0.0;;0;0.0
1809801001;Granada;51.9;PP;41.3;259;41.3;132;21.0;14;2.2;43;6.9;0;0.0;PCPA;77;12.3;PCTE;23;3.7;;0;0.0;;0;0.0;;0;0.0
1809801002;Granada;0.0;;0.0;0;0.0;0;0.0;0;0.0;0;0.0;0;0.0;;0;0.0;;0;0.0;;0;0.0;;0;0.0;;0;0.0
1809801003;Granada;0.0;;0.0;0;0.0;0;0.0;0;0.0;0;0.0;0;0.0;;0;0.0;;0;0.0;;0;0.0;;0;0.0;;0;0.0
1809801004;Granada;0.0;;0.0;0;0.0;0;0.0;0;0.0;0;0.0;0;0.0;;0;0.0;;0;0.0;;0;0.0;;0;0.0;;0;0.0
1809801005;Granada;0.0;;0.0;0;0.0;0;0.0;0;0.0;0;0.0;0;0.0;;0;0.0;;0;0.0;;0;0.0;;0;0.0;;0;0.0
1809801006;Granada;0.0;;0.0;0;0.0;0;0.0;0;0.0;0;0.0;0;0.0;;0;0.0;;0;0.0;;0;0.0;;0;0.0;;0;0.0
1809901001;Granada;0.0;;0.0;0;0.0;0;0.0;0;0.0;0;0.0;0;0.0;;0;0.0;;0;0.0;;0;0.0;;0;0.0;;0;0.0
1810001001;Granada;0.0;;0.0;0;0.0;0;0.0;0;0.0;0;0.0;0;0.0;;0;0.0;;0;0.0;;0;0.0;;0;0.0;;0;0.0
1810001002;Granada;0.0;;0.0;0;0.0;0;0.0;0;0.0;0;0.0;0;0.0;;0;0.0;;0;0.0;;0;0.0;;0;0.0;;0;0.0
1810001003;Granada;0.0;;0.0;0;0.0;0;0.0;0;0.0;0;0.0;0;0.0;;0;0.0;;0;0.0;;0;0.0;;0;0.0;;0;0.0
1810001004;Granada;0.0;;0.0;0;0.0;0;0.0;0;0.0;0;0.0;0;0.0;;0;0.0;;0;0.0;;0;0.0;;0;0.0;;0;0.0
1810001005;Granada;0.0;;0.0;0;0.0;0;0.0;0;0.0;0;0.0;0;0.0;;0;0.0;;0;0.0;;0;0.0;;0;0.0;;0;0.0
1810001006;Granada;0.0;;0.0;0;0.0;0;0.0;0;0.0;0;0.0;0;0.0;;0;0.0;;0;0.0;;0;0.0;;0;0.0;;0;0.0
1810001007;Granada;0.0;;0.0;0;0.0;0;0.0;0;0.0;0;0.0;0;0.0;;0;0.0;;0;0.0;;0;0.0;;0;0.0;;0;0.0
1810101001;Granada;0.0;;0.0;0;0.0;0;0.0;0;0.0;0;0.0;0;0.0;;0;0.0;;0;0.0;;0;0.0;;0;0.0;;0;0.0
1810101002;Granada;0.0;;0.0;0;0.0;0;0.0;0;0.0;0;0.0;0;0.0;;0;0.0;;0;0.0;;0;0.0;;0;0.0;;0;0.0
1810101003;Granada;29.5;PP;37.5;177;37.5;72;15.2;36;7.6;90;19.1;0;0.0;PACMA;55;11.6;;0;0.0;;0;0.0;;0;0.0;;0;0.0
1810101004;Granada;59.5;PP;43.8;354;43.8;72;8.9;49;6.1;134;16.6;0;0.0;PCPA;112;13.8;;0;0.0;;0;0.0;;0;0.0;;0;0.0
1810101005;Granada;62.3;PP;37.5;322;37.5;175;20.4;104;12.1;20;2.3;0;0.0;MUNDO+JUSTO;83;9.7;ANDALUCISTAS-PA;70;8.2;;0;0.0;;0;0.0;;0;0.0
1810101006;Granada;69.1;PP;45.1;503;45.1;96;8.6;89;8.0;207;18.6;0;0.0;ANDALUCISTAS-PA;65;5.8;;0;0.0;;0;0.0;;0;0.0;;0;0.0
1810201001;Granada;49.8;PSOE-A;33.3;144;28.6;168;33.3;9;1.8;138;27.4;0;0.0;NA;13;2.6;PCPA;11;2.2;;0;0.0;;0;0.0;;0;0.0
1810201002;Granada;53.3;PP;32.4;256;32.4;224;28.3;71;9.0;44;5.6;0;0.0;ESCAÑOS EN BLANCO;96;12.1;MUNDO+JUSTO;70;8.8;;0;0.0;;0;0.0;;0;0.0
1810201003;Granada;56.2;PSOE-A;28.4;214;24.4;250;28.4;189;21.5;73;8.3;0;0.0;SALF;97;11.0;;0;0.0;;0;0.0;;0;0.0;;0;0.0
1810202001;Granada;55.7;PSOE-A;34.9;310;31.1;348;34.9;109;10.9;18;1.8;0;0.0;MUNDO+JUSTO;109;10.9;IZAR;34;3.4;;0;0.0;;0;0.0;;0;0.0
1810202003;Granada;58.2;PP;36.3;225;36.3;142;22.9;47;7.6;31;5.0;0;0.0;PCTE;46;7.4;MUNDO+JUSTO;32;5.2;;0;0.0;;0;0.0;;0;0.0
1810202004;Granada;61.1;PSOE-A;39.0;182;27.8;255;39.0;64;9.8;8;1.2;0;0.0;ANDALUCISTAS-PA;70;10.7;PACMA;34;5.2;;0;0.0;;0;0.0;;0;0.0
1810301001;Granada;62.5;PP;38.9;170;38.9;114;26.1;114;26.1;0;0.0;0;0.0;PACMA;12;2.8;PCTE;8;1.8;;0;0.0;;0;0.0;;0;0.0
1810501001;Granada;25.8;PSOE-A;38.0;44;23.9;70;38.0;24;13.0;2;1.1;0;0.0;FE de las JONS;23;12.5;PACMA;9;4.9;;0;0.0;;0;0.0;;0;0.0
1810501002;Granada;50.8;PP;31.0;276;31.0;256;28.8;116;13.0;85;9.6;0;0.0;NA;87;9.8;;0;0.0;;0;0.0;;0;0.0;;0;0.0
1810501003;Granada;52.3;PP;35.6;245;35.6;137;19.9;68;9.9;31;4.5;0;0.0;ESCAÑOS EN BLANCO;86;12.5;SALF;65;9.4;;0;0.0;;0;0.0;;0;0.0
1810601001;Granada;54.0;PP;32.6;71;32.6;48;22.0;42;19.3;8;3.7;0;0.0;ESCAÑOS EN BLANCO;36;16.5;;0;0.0;;0;0.0;;0;0.0;;0;0.0
1810701001;Granada;61.0;PP;35.8;176;35.8;157;32.0;39;7.9;14;2.8;0;0.0;JUFUDI;36;7.3;PCTE;31;6.3;;0;0.0;;0;0.0;;0;0.0
1810801001;Granada;72.7;PP;38.7;239;38.7;144;23.3;72;11.6;14;2.3;0;0.0;PACMA;84;13.6;IZAR;38;6.2;;0;0.0;;0;0.0;;0;0.0
1810901001;Granada;62.9;PP;38.7;153;38.7;121;30.6;28;7.1;4;1.0;0;0.0;SALF;42;10.6;ESCAÑOS EN BLANCO;25;6.3;;0;0.0;;0;0.0;;0;0.0
1811101001;Granada;57.1;PP;32.6;290;32.6;186;20.9;138;15.5;97;10.9;0;0.0;ESCAÑOS EN BLANCO;71;8.0;;0;0.0;;0;0.0;;0;0.0;;0;0.0
1811101002;Granada;61.6;PP;29.6;282;29.6;223;23.4;190;19.9;26;2.7;0;0.0;PCTE;106;11.1;FE de las JONS;106;11.1;;0;0.0;;0;0.0;;0;0.0
1811201001;Granada;59.2;PP;60.7;37;60.7;8;13.1;8;13.1;1;1.6;0;0.0;NA;3;4.9;IZAR;3;4.9;;0;0.0;;0;0.0;;0;0.0
1811401001;Granada;70.9;PSOE-A;31.4;89;22.0;127;31.4;65;16.0;56;13.8;0;0.0;MUNDO+JUSTO;25;6.2;;0;0.0;;0;0.0;;0;0.0;;0;0.0
1811501001;Granada;51.4;PSOE-A;39.2;154;19.0;317;39.2;106;13.1;4;0.5;0;0.0;ESCAÑOS EN BLANCO;84;10.4;IZAR;57;7.0;;0;0.0;;0;0.0;;0;0.0
1811501002;Granada;59.9;PSOE-A;31.6;176;21.4;260;31.6;61;7.4;92;11.2;0;0.0;NA;106;12.9;;0;0.0;;0;0.0;;0;0.0;;0;0.0
1811601001;Granada;65.3;PP;40.2;269;40.2;106;15.8;67;10.0;24;3.6;0;0.0;SALF;80;11.9;ESCAÑOS EN BLANCO;71;10.6;;0;0.0;;0;0.0;;0;0.0
1811601002;Granada;63.6;PP;45.1;283;45.1;133;21.2;27;4.3;25;4.0;0;0.0;IZAR;44;7.0;NA;40;6.4;ESCAÑOS EN BLANCO;28;4.5;;0;0.0;;0;0.0
1811601003;Granada;69.2;PP;71.0;370;71.0;4;0.8;5;1.0;34;6.5;0;0.0;MUNDO+JUSTO;35;6.7;IZAR;30;5.8;PACMA;16;3.1;;0;0.0;;0;0.0
1811701001;Granada;68.3;PP;44.6;139;44.6;100;32.0;30;9.6;10;3.2;0;0.0;PACMA;21;6.7;;0;0.0;;0;0.0;;0;0.0;;0;0.0
1811901001;Granada;58.6;PP;39.6;223;39.6;130;23.1;48;8.5;76;13.5;0;0.0;ANDALUCISTAS-PA;20;3.6;;0;0.0;;0;0.0;;0;0.0;;0;0.0
1811901002;Granada;68.0;PP;37.9;189;37.9;118;23.6;56;11.2;12;2.4;0;0.0;PCPA;40;8.0;ESCAÑOS EN BLANCO;33;6.6;;0;0.0;;0;0.0;;0;0.0
1812001001;Granada;67.8;PSOE-A;46.5;40;20.2;92;46.5;33;16.7;0;0.0;0;0.0;JUFUDI;27;13.6;PACMA;4;2.0;;0;0.0;;0;0.0;;0;0.0
1812101001;Granada;56.8;PSOE-A;41.8;14;20.9;28;41.8;7;10.4;1;1.5;0;0.0;ANDALUCISTAS-PA;13;19.4;MUNDO+JUSTO;2;3.0;;0;0.0;;0;0.0;;0;0.0
1812201001;Granada;48.4;PSOE-A;31.9;69;26.5;83;31.9;34;13.1;7;2.7;0;0.0;SALF;37;14.2;MUNDO+JUSTO;17;6.5;;0;0.0;;0;0.0;;0;0.0
1812201002;Granada;63.5;PP;35.5;312;35.5;222;25.3;107;12.2;15;1.7;30;3.4;MUNDO+JUSTO;79;9.0;PACMA;40;4.6;;0;0.0;;0;0.0;;0;0.0
1812201003;Granada;52.5;PP;32.0;155;32.0;124;25.6;41;8.5;34;7.0;0;0.0;NA;56;11.6;MUNDO+JUSTO;39;8.1;;0;0.0;;0;0.0;;0;0.0
1812202001;Granada;61.3;PP;61.6;270;61.6;54;12.3;24;5.5;35;8.0;0;0.0;MUNDO+JUSTO;36;8.2;;0;0.0;;0;0.0;;0;0.0;;0;0.0
1812202002;Granada;60.0;PP;41.8;251;41.8;150;25.0;32;5.3;44;7.3;48;8.0;;0;0.0;;0;0.0;;0;0.0;;0;0.0;;0;0.0
1812202003;Granada;62.0;PP;38.7;301;38.7;195;25.1;120;15.4;31;4.0;0;0.0;PACMA;42;5.4;;0;0.0;;0;0.0;;0;0.0;;0;0.0
1812202004;Granada;62.3;PP;50.9;374;50.9;150;20.4;30;4.1;56;7.6;0;0.0;MUNDO+JUSTO;50;6.8;PCTE;43;5.8;;0;0.0;;0;0.0;;0;0.0
1812202005;Granada;58.7;PP;36.2;219;36.2;123;20.3;70;11.6;22;3.6;0;0.0;MUNDO+JUSTO;51;8.4;PCPA;48;7.9;;0;0.0;;0;0.0;;0;0.0
1812203001;Granada;58.8;PP;41.7;216;41.7;112;21.6;85;16.4;0;0.0;0;0.0;IZAR;71;13.7;MUNDO+JUSTO;12;2.3;;0;0.0;;0;0.0;;0;0.0
1812203002;Granada;29.8;PP;49.0;96;49.0;22;11.2;5;2.6;0;0.0;0;0.0;ANDALUCISTAS-PA;44;22.4;ESCAÑOS EN BLANCO;11;5.6;MUNDO+JUSTO;10;5.1;;0;0.0;;0;0.0
1812203003;Granada;46.8;PSOE-A;34.7;88;28.6;107;34.7;20;6.5;10;3.2;0;0.0;ANDALUCISTAS-PA;47;15.3;IZAR;20;6.5;;0;0.0;;0;0.0;;0;0.0
1812203004;Granada;55.0;PP;40.4;378;40.4;181;19.3;144;15.4;64;6.8;0;0.0;NA;61;6.5;;0;0.0;;0;0.0;;0;0.0;;0;0.0
1812204001;Granada;61.1;PSOE-A;36.9;114;32.6;129;36.9;19;5.4;9;2.6;31;8.9;PACMA;13;3.7;;0;0.0;;0;0.0;;0;0.0;;0;0.0
1812204002;Granada;68.5;PP;42.1;205;42.1;121;24.8;57;11.7;2;0.4;0;0.0;IZAR;55;11.3;MUNDO+JUSTO;21;4.3;;0;0.0;;0;0.0;;0;0.0
1812204003;Granada;57.9;PP;39.6;120;39.6;57;18.8;69;22.8;0;0.0;0;0.0;JUFUDI;25;8.2;NA;6;2.0;;0;0.0;;0;0.0;;0;0.0
1812205001;Granada;68.3;PP;46.5;220;46.5;97;20.5;52;11.0;0;0.0;0;0.0;NA;61;12.9;IZAR;16;3.4;;0;0.0;;0;0.0;;0;0.0
1812205002;Granada;60.5;PP;40.0;335;40.0;119;14.2;120;14.3;95;11.3;49;5.8;IZAR;52;6.2;;0;0.0;;0;0.0;;0;0.0;;0;0.0
1812301001;Granada;65.9;PSOE-A;35.2;40;22.7;62;35.2;17;9.7;4;2.3;0;0.0;FE de las JONS;33;18.8;PCPA;7;4.0;;0;0.0;;0;0.0;;0;0.0
1812401001;Granada;58.3;PP;47.7;93;47.7;14;7.2;37;19.0;0;0.0;39;20.0;MUNDO+JUSTO;9;4.6;;0;0.0;;0;0.0;;0;0.0;;0;0.0
1812601001;Granada;55.4;PSOE-A;27.9;201;23.6;238;27.9;72;8.4;132;15.5;0;0.0;IZAR;104;12.2;;0;0.0;;0;0.0;;0;0.0;;0;0.0
1812701001;Granada;63.7;PP;30.0;218;30.0;180;24.7;104;14.3;72;9.9;55;7.6;;0;0.0;;0;0.0;;0;0.0;;0;0.0;;0;0.0
1812701002;Granada;52.0;PP;36.4;228;36.4;218;34.8;33;5.3;59;9.4;0;0.0;PCPA;36;5.7;;0;0.0;;0;0.0;;0;0.0;;0;0.0
1812701003;Granada;59.7;PP;39.5;379;39.5;172;17.9;91;9.5;80;8.3;0;0.0;PCPA;55;5.7;;0;0.0;;0;0.0;;0;0.0;;0;0.0
1812701004;Granada;55.2;PP;33.4;289;33.4;242;28.0;67;7.8;93;10.8;0;0.0;PCPA;81;9.4;;0;0.0;;0;0.0;;0;0.0;;0;0.0
1812701005;Granada;62.0;PP;26.5;275;26.5;262;25.2;252;24.3;107;10.3;0;0.0;JUFUDI;101;9.7;;0;0.0;;0;0.0;;0;0.0;;0;0.0
1812701006;Granada;57.6;PP;43.6;179;43.6;40;9.7;7;1.7;57;13.9;0;0.0;PACMA;78;19.0;PCPA;23;5.6;;0;0.0;;0;0.0;;0;0.0
1812701007;Granada;61.7;PP;35.8;143;35.8;80;20.0;24;6.0;30;7.5;0;0.0;NA;81;20.2;;0;0.0;;0;0.0;;0;0.0;;0;0.0
1812702001;Granada;52.0;PP;29.0;258;29.0;246;27.6;125;14.0;73;8.2;0;0.0;NA;49;5.5;;0;0.0;;0;0.0;;0;0.0;;0;0.0
1812702002;Granada;54.3;PP;39.8;239;39.8;118;19.7;88;14.7;106;17.7;0;0.0;PCTE;24;4.0;;0;0.0;;0;0.0;;0;0.0;;0;0.0
1812702003;Granada;65.7;PSOE-A;38.5;183;30.0;235;38.5;109;17.8;0;0.0;0;0.0;MUNDO+JUSTO;51;8.4;PCPA;24;3.9;;0;0.0;;0;0.0;;0;0.0
1812702004;Granada;61.3;PP;26.6;238;26.6;215;24.0;28;3.1;117;13.1;0;0.0;NA;144;16.1;PCPA;69;7.7;;0;0.0;;0;0.0;;0;0.0
1812702005;Granada;62.2;PP;33.0;370;33.0;193;17.2;171;15.2;74;6.6;0;0.0;PACMA;85;7.6;ANDALUCISTAS-PA;81;7.2;;0;0.0;;0;0.0;;0;0.0
1812702006;Granada;66.2;PP;42.0;225;42.0;96;17.9;55;10.3;8;1.5;0;0.0;NA;87;16.2;PACMA;27;5.0;;0;0.0;;0;0.0;;0;0.0
1812702007;Granada;56.7;PP;29.4;146;29.4;113;22.7;10;2.0;55;11.1;0;0.0;IZAR;98;19.7;PCTE;32;6.4;;0;0.0;;0;0.0;;0;0.0
1812801001;Granada;62.6;PP;45.7;96;45.7;26;12.4;14;6.7;4;1.9;0;0.0;NA;35;16.7;ESCAÑOS EN BLANCO;11;5.2;;0;0.0;;0;0.0;;0;0.0
1813201001;Granada;66.9;PSOE-A;42.3;208;22.0;400;42.3;28;3.0;20;2.1;0;0.0;PCPA;94;9.9;NA;52;5.5;MUNDO+JUSTO;48;5.1;;0;0.0;;0;0.0
1813202001;Granada;74.6;PSOE-A;58.9;16;2.9;323;58.9;17;3.1;27;4.9;0;0.0;PACMA;121;22.1;;0;0.0;;0;0.0;;0;0.0;;0;0.0
1813202002;Granada;67.4;PSOE-A;40.2;99;20.4;195;40.2;0;0.0;86;17.7;0;0.0;PCPA;93;19.2;;0;0.0;;0;0.0;;0;0.0;;0;0.0
1813301001;Granada;64.0;PP;33.2;237;33.2;184;25.7;107;15.0;21;2.9;42;5.9;NA;82;11.5;;0;0.0;;0;0.0;;0;0.0;;0;0.0
1813301002;Granada;61.2;PP;36.6;201;36.6;112;20.4;136;24.8;0;0.0;0;0.0;IZAR;48;8.7;PCPA;17;3.1;;0;0.0;;0;0.0;;0;0.0
1813401001;Granada;53.6;PP;30.3;235;30.3;159;20.5;54;7.0;161;20.8;0;0.0;PCTE;80;10.3;;0;0.0;;0;0.0;;0;0.0;;0;0.0
1813402001;Granada;54.2;PP;37.2;305;37.2;117;14.3;90;11.0;65;7.9;0;0.0;MUNDO+JUSTO;106;12.9;;0;0.0;;0;0.0;;0;0.0;;0;0.0
1813402002;Granada;57.4;PP;36.9;338;36.9;86;9.4;161;17.6;140;15.3;0;0.0;PCTE;53;5.8;;0;0.0;;0;0.0;;0;0.0;;0;0.0
1813402003;Granada;60.4;PP;36.7;300;36.7;169;20.7;125;15.3;55;6.7;56;6.8;;0;0.0;;0;0.0;;0;0.0;;0;0.0;;0;0.0
1813402004;Granada;62.1;VOX;30.5;141;29.5;46;9.6;146;30.5;49;10.2;0;0.0;PCPA;80;16.7;;0;0.0;;0;0.0;;0;0.0;;0;0.0
1813501001;Granada;53.6;PSOE-A;47.0;136;34.3;186;47.0;36;9.1;0;0.0;0;0.0;NA;21;5.3;IZAR;10;2.5;;0;0.0;;0;0.0;;0;0.0
1813501002;Granada;48.1;PSOE-A;42.4;83;26.4;133;42.4;36;11.5;0;0.0;0;0.0;PACMA;46;14.6;PCTE;9;2.9;;0;0.0;;0;0.0;;0;0.0
1813501003;Granada;58.2;PP;39.4;355;39.4;215;23.9;104;11.6;17;1.9;21;2.3;PACMA;100;11.1;ESCAÑOS EN BLANCO;32;3.6;;0;0.0;;0;0.0;;0;0.0
1813502001;Granada;50.3;PP;34.0;181;34.0;134;25.2;61;11.5;19;3.6;0;0.0;IZAR;50;9.4;ANDALUCISTAS-PA;29;5.4;;0;0.0;;0;0.0;;0;0.0
1813601001;Granada;61.6;PSOE-A;47.5;228;22.9;473;47.5;55;5.5;71;7.1;0;0.0;ESCAÑOS EN BLANCO;92;9.2;;0;0.0;;0;0.0;;0;0.0;;0;0.0
1813701001;Granada;69.5;PP;48.6;284;48.6;141;24.1;78;13.4;14;2.4;0;0.0;MUNDO+JUSTO;45;7.7;;0;0.0;;0;0.0;;0;0.0;;0;0.0
1813801001;Granada;49.2;PP;23.7;170;23.7;160;22.4;127;17.7;66;9.2;0;0.0;IZAR;88;12.3;;0;0.0;;0;0.0;;0;0.0;;0;0.0
1813801002;Granada;51.8;PSOE-A;27.6;140;25.6;151;27.6;75;13.7;40;7.3;0;0.0;ANDALUCISTAS-PA;81;14.8;;0;0.0;;0;0.0;;0;0.0;;0;0.0
1814001001;Granada;63.5;PP;41.2;365;41.2;109;12.3;101;11.4;88;9.9;0;0.0;SALF;73;8.2;;0;0.0;;0;0.0;;0;0.0;;0;0.0
1814001002;Granada;61.4;PP;42.2;219;42.2;72;13.9;27;5.2;64;12.3;0;0.0;SALF;85;16.4;PACMA;38;7.3;;0;0.0;;0;0.0;;0;0.0
1814001003;Granada;56.0;PP;36.9;284;36.9;132;17.2;190;24.7;35;4.6;0;0.0;PCTE;91;11.8;;0;0.0;;0;0.0;;0;0.0;;0;0.0
1814001004;Granada;63.2;PP;39.2;455;39.2;250;21.5;81;7.0;126;10.8;0;0.0;ESCAÑOS EN BLANCO;67;5.8;;0;0.0;;0;0.0;;0;0.0;;0;0.0
1814002001;Granada;58.3;PP;46.0;437;46.0;213;22.4;130;13.7;35;3.7;0;0.0;SALF;59;6.2;;0;0.0;;0;0.0;;0;0.0;;0;0.0
1814002002;Granada;52.0;PP;26.8;227;26.8;213;25.1;191;22.5;114;13.4;0;0.0;MUNDO+JUSTO;28;3.3;;0;0.0;;0;0.0;;0;0.0;;0;0.0
1814002003;Granada;37.2;PP;27.4;114;27.4;101;24.3;87;20.9;11;2.6;0;0.0;FE de las JONS;30;7.2;MUNDO+JUSTO;24;5.8;;0;0.0;;0;0.0;;0;0.0
1814002004;Granada;59.7;PP;37.7;294;37.7;183;23.5;107;13.7;21;2.7;0;0.0;ANDALUCISTAS-PA;73;9.4;PACMA;31;4.0;;0;0.0;;0;0.0;;0;0.0
1814002005;Granada;30.2;PSOE-A;35.7;45;14.8;109;35.7;40;13.1;19;6.2;0;0.0;FE de las JONS;29;9.5;PACMA;25;8.2;;0;0.0;;0;0.0;;0;0.0
1814002006;Granada;61.7;PP;43.2;354;43.2;115;14.0;138;16.8;25;3.0;0;0.0;PACMA;61;7.4;FE de las JONS;53;6.5;;0;0.0;;0;0.0;;0;0.0
1814002007;Granada;52.5;PP;43.2;322;43.2;124;16.6;87;11.7;57;7.6;0;0.0;ANDALUCISTAS-PA;64;8.6;;0;0.0;;0;0.0;;0;0.0;;0;0.0
1814003001;Granada;66.7;PP;58.9;267;58.9;20;4.4;16;3.5;44;9.7;0;0.0;MUNDO+JUSTO;64;14.1;PCPA;22;4.9;;0;0.0;;0;0.0;;0;0.0
1814003002;Granada;66.6;PP;37.0;227;37.0;110;17.9;56;9.1;19;3.1;0;0.0;PCTE;154;25.1;IZAR;24;3.9;;0;0.0;;0;0.0;;0;0.0
1814003003;Granada;58.9;PP;57.8;477;57.8;87;10.5;129;15.6;29;3.5;0;0.0;MUNDO+JUSTO;34;4.1;;0;0.0;;0;0.0;;0;0.0;;0;0.0
1814003004;Granada;67.4;PP;53.8;397;53.8;109;14.8;54;7.3;0;0.0;0;0.0;NA;69;9.4;PCTE;46;6.2;;0;0.0;;0;0.0;;0;0.0
1814004001;Granada;49.2;PSOE-A;31.2;150;21.7;216;31.2;84;12.1;27;3.9;39;5.6;ESCAÑOS EN BLANCO;91;13.2;;0;0.0;;0;0.0;;0;0.0;;0;0.0
1814004002;Granada;48.0;PSOE-A;37.0;63;15.3;152;37.0;124;30.2;46;11.2;0;0.0;PACMA;12;2.9;;0;0.0;;0;0.0;;0;0.0;;0;0.0
1814004003;Granada;50.8;PP;32.1;229;32.1;116;16.3;121;17.0;37;5.2;0;0.0;FE de las JONS;61;8.6;NA;43;6.0;;0;0.0;;0;0.0;;0;0.0
1814004004;Granada;55.0;PP;33.2;267;33.2;147;18.3;31;3.9;80;10.0;0;0.0;JUFUDI;80;10.0;NA;71;8.8;;0;0.0;;0;0.0;;0;0.0
1814004005;Granada;36.9;PSOE-A;46.4;55;15.4;166;46.4;41;11.4;5;1.4;0;0.0;PCPA;40;11.2;JUFUDI;23;6.4;;0;0.0;;0;0.0;;0;0.0
1814004006;Granada;47.3;PP;26.3;206;26.3;191;24.4;74;9.5;60;7.7;0;0.0;MUNDO+JUSTO;69;8.8;;0;0.0;;0;0.0;;0;0.0;;0;0.0
1814004007;Granada;51.2;PP;37.1;227;37.1;135;22.1;60;9.8;41;6.7;0;0.0;MUNDO+JUSTO;40;6.5;;0;0.0;;0;0.0;;0;0.0;;0;0.0
1814004008;Granada;41.8;PSOE-A;40.7;194;26.6;297;40.7;117;16.0;28;3.8;0;0.0;PCTE;31;4.2;;0;0.0;;0;0.0;;0;0.0;;0;0.0
1814004009;Granada;53.7;PP;38.4;253;38.4;154;23.4;54;8.2;34;5.2;72;10.9;;0;0.0;;0;0.0;;0;0.0;;0;0.0;;0;0.0
1814004010;Granada;45.6;PSOE-A;30.6;232;27.7;256;30.6;120;14.3;14;1.7;0;0.0;ANDALUCISTAS-PA;61;7.3;SALF;48;5.7;;0;0.0;;0;0.0;;0;0.0
1814004011;Granada;58.6;PP;40.0;304;40.0;115;15.1;83;10.9;41;5.4;0;0.0;MUNDO+JUSTO;95;12.5;PACMA;65;8.5;;0;0.0;;0;0.0;;0;0.0
1814004012;Granada;50.3;PSOE-A;33.9;144;25.7;190;33.9;55;9.8;35;6.2;0;0.0;NA;55;9.8;;0;0.0;;0;0.0;;0;0.0;;0;0.0
1814004013;Granada;47.9;PP;40.3;217;40.3;86;16.0;62;11.5;51;9.5;0;0.0;ESCAÑOS EN BLANCO;46;8.5;;0;0.0;;0;0.0;;0;0.0;;0;0.0
1814004014;Granada;53.4;PP;42.7;212;42.7;30;6.0;62;12.5;21;4.2;0;0.0;IZAR;116;23.4;ESCAÑOS EN BLANCO;35;7.1;;0;0.0;;0;0.0;;0;0.0
1814005001;Granada;53.6;PP;35.1;243;35.1;162;23.4;74;10.7;64;9.2;0;0.0;PACMA;48;6.9;;0;0.0;;0;0.0;;0;0.0;;0;0.0
1814005003;Granada;41.6;PSOE-A;33.9;105;22.7;157;33.9;69;14.9;11;2.4;15;3.2;ANDALUCISTAS-PA;29;6.3;PCPA;27;5.8;;0;0.0;;0;0.0;;0;0.0
1814005004;Granada;49.8;PP;39.6;389;39.6;201;20.5;125;12.7;65;6.6;0;0.0;ESCAÑOS EN BLANCO;66;6.7;;0;0.0;;0;0.0;;0;0.0;;0;0.0
1814005005;Granada;54.2;PP;36.3;306;36.3;121;14.3;158;18.7;3;0.4;0;0.0;MUNDO+JUSTO;103;12.2;JUFUDI;68;8.1;;0;0.0;;0;0.0;;0;0.0
1814005006;Granada;52.6;IZAR;29.5;112;23.0;50;10.2;119;24.4;51;10.4;0;0.0;IZAR;144;29.5;;0;0.0;;0;0.0;;0;0.0;;0;0.0
1814101001;Granada;57.3;PP;51.3;100;51.3;12;6.2;54;27.7;4;2.0;0;0.0;NA;13;6.7;PACMA;7;3.6;;0;0.0;;0;0.0;;0;0.0
1814301001;Granada;64.1;PSOE-A;29.0;141;23.5;174;29.0;6;1.0;113;18.9;0;0.0;IZAR;63;10.5;MUNDO+JUSTO;34;5.7;;0;0.0;;0;0.0;;0;0.0
1814401001;Granada;61.8;PP;38.2;205;38.2;88;16.4;65;12.1;14;2.6;0;0.0;JUFUDI;62;11.6;FE de las JONS;41;7.6;;0;0.0;;0;0.0;;0;0.0
1814501001;Granada;67.0;PP;39.3;332;39.3;126;14.9;139;16.4;46;5.4;0;0.0;ESCAÑOS EN BLANCO;93;11.0;NA;50;5.9;;0;0.0;;0;0.0;;0;0.0
1814501002;Granada;62.5;PP;39.6;328;39.6;133;16.1;114;13.8;37;4.5;31;3.7;PCTE;61;7.4;;0;0.0;;0;0.0;;0;0.0;;0;0.0
1814501003;Granada;58.7;PP;43.7;415;43.7;260;27.4;166;17.5;8;0.8;0;0.0;PCPA;39;4.1;NA;26;2.7;;0;0.0;;0;0.0;;0;0.0
1814501004;Granada;63.6;PP;47.4;417;47.4;128;14.6;77;8.8;5;0.6;0;0.0;ESCAÑOS EN BLANCO;139;15.8;MUNDO+JUSTO;67;7.6;;0;0.0;;0;0.0;;0;0.0
1814501005;Granada;60.3;PSOE-A;30.4;180;30.1;182;30.4;23;3.8;67;11.2;0;0.0;PACMA;68;11.4;MUNDO+JUSTO;45;7.5;;0;0.0;;0;0.0;;0;0.0
1814501006;Granada;62.6;PP;39.3;476;39.3;167;13.8;131;10.8;65;5.4;0;0.0;ANDALUCISTAS-PA;130;10.7;IZAR;89;7.3;;0;0.0;;0;0.0;;0;0.0
1814501007;Granada;60.5;PP;37.1;266;37.1;106;14.8;79;11.0;50;7.0;0;0.0;JUFUDI;66;9.2;SALF;51;7.1;;0;0.0;;0;0.0;;0;0.0
1814501008;Granada;72.0;PP;47.6;194;47.6;48;11.8;118;28.9;9;2.2;0;0.0;NA;25;6.1;PCPA;10;2.4;;0;0.0;;0;0.0;;0;0.0
1814501009;Granada;70.2;PP;45.7;274;45.7;89;14.8;47;7.8;63;10.5;0;0.0;ESCAÑOS EN BLANCO;60;10.0;MUNDO+JUSTO;52;8.7;;0;0.0;;0;0.0;;0;0.0
1814501010;Granada;61.7;PP;45.3;203;45.3;51;11.4;35;7.8;53;11.8;0;0.0;MUNDO+JUSTO;35;7.8;;0;0.0;;0;0.0;;0;0.0;;0;0.0
1814601001;Granada;54.6;PP;35.3;166;35.3;121;25.7;50;10.6;9;1.9;43;9.2;MUNDO+JUSTO;32;6.8;;0;0.0;;0;0.0;;0;0.0;;0;0.0
1814701001;Granada;53.6;PP;41.6;234;41.6;94;16.7;35;6.2;45;8.0;0;0.0;PCTE;82;14.6;ESCAÑOS EN BLANCO;42;7.5;;0;0.0;;0;0.0;;0;0.0
1814701002;Granada;49.5;PACMA;26.4;103;25.4;105;25.9;10;2.5;64;15.8;0;0.0;PACMA;107;26.4;;0;0.0;;0;0.0;;0;0.0;;0;0.0
1814702001;Granada;52.0;PP;33.9;303;33.9;229;25.6;99;11.1;70;7.8;31;3.5;ANDALUCISTAS-PA;66;7.4;;0;0.0;;0;0.0;;0;0.0;;0;0.0
1814801001;Granada;71.9;PP;44.4;244;44.4;127;23.1;19;3.5;41;7.5;0;0.0;ANDALUCISTAS-PA;81;14.8;MUNDO+JUSTO;25;4.6;;0;0.0;;0;0.0;;0;0.0
1814901001;Granada;63.4;PP;35.2;388;35.2;387;35.2;224;20.4;23;2.1;0;0.0;PACMA;25;2.3;;0;0.0;;0;0.0;;0;0.0;;0;0.0
1814901002;Granada;67.0;PSOE-A;34.6;322;29.1;383;34.6;106;9.6;64;5.8;0;0.0;JUFUDI;97;8.8;;0;0.0;;0;0.0;;0;0.0;;0;0.0
1814901003;Granada;62.1;PP;41.8;446;41.8;78;7.3;314;29.4;31;2.9;0;0.0;ESCAÑOS EN BLANCO;90;8.4;;0;0.0;;0;0.0;;0;0.0;;0;0.0
1814901004;Granada;70.5;PP;53.9;331;53.9;54;8.8;42;6.8;51;8.3;0;0.0;ANDALUCISTAS-PA;58;9.4;;0;0.0;;0;0.0;;0;0.0;;0;0.0
1815001001;Granada;53.6;PP;39.1;316;39.1;160;19.8;84;10.4;124;15.3;0;0.0;FE de las JONS;40;4.9;;0;0.0;;0;0.0;;0;0.0;;0;0.0
1815001002;Granada;51.2;PP;32.8;300;32.8;160;17.5;54;5.9;179;19.6;0;0.0;ESCAÑOS EN BLANCO;76;8.3;PACMA;59;6.5;;0;0.0;;0;0.0;;0;0.0
1815002001;Granada;67.3;PP;36.3;368;36.3;244;24.1;166;16.4;15;1.5;0;0.0;PCPA;79;7.8;MUNDO+JUSTO;71;7.0;;0;0.0;;0;0.0;;0;0.0
1815002002;Granada;57.8;PP;44.4;432;44.4;179;18.4;38;3.9;180;18.5;0;0.0;PACMA;36;3.7;;0;0.0;;0;0.0;;0;0.0;;0;0.0
1815002003;Granada;64.5;PP;49.8;357;49.8;108;15.1;84;11.7;32;4.5;0;0.0;PACMA;59;8.2;;0;0.0;;0;0.0;;0;0.0;;0;0.0
1815101001;Granada;63.8;PSOE-A;38.4;42;25.6;63;38.4;5;3.0;12;7.3;0;0.0;ANDALUCISTAS-PA;34;20.7;;0;0.0;;0;0.0;;0;0.0;;0;0.0
1815201001;Granada;67.8;PSOE-A;70.1;45;7.4;426;70.1;0;0.0;15;2.5;0;0.0;ESCAÑOS EN BLANCO;57;9.4;IZAR;31;5.1;;0;0.0;;0;0.0;;0;0.0
1815301001;Granada;56.8;PP;32.0;280;32.0;147;16.8;113;12.9;176;20.1;0;0.0;MUNDO+JUSTO;67;7.7;;0;0.0;;0;0.0;;0;0.0;;0;0.0
1815301002;Granada;52.5;PP;34.4;240;34.4;167;24.0;31;4.4;112;16.1;0;0.0;PCPA;54;7.8;SALF;52;7.5;;0;0.0;;0;0.0;;0;0.0
1815301003;Granada;51.3;PP;37.5;278;37.5;83;11.2;89;12.0;131;17.6;0;0.0;IZAR;100;13.5;;0;0.0;;0;0.0;;0;0.0;;0;0.0
1815301004;Granada;52.9;PP;36.2;322;36.2;107;12.0;98;11.0;90;10.1;0;0.0;IZAR;81;9.1;;0;0.0;;0;0.0;;0;0.0;;0;0.0
1815301005;Granada;62.9;PP;37.7;425;37.7;143;12.7;162;14.4;71;6.3;0;0.0;PCPA;267;23.7;;0;0.0;;0;0.0;;0;0.0;;0;0.0
1815301006;Granada;64.7;PP;34.7;175;34.7;110;21.8;85;16.9;13;2.6;0;0.0;NA;69;13.7;MUNDO+JUSTO;33;6.6;;0;0.0;;0;0.0;;0;0.0
1815301007;Granada;63.9;PP;38.1;162;38.1;46;10.8;93;21.9;6;1.4;0;0.0;IZAR;37;8.7;PCTE;31;7.3;;0;0.0;;0;0.0;;0;0.0
1815401001;Granada;59.5;PP;42.8;230;42.8;132;24.5;88;16.4;37;6.9;0;0.0;NA;16;3.0;;0;0.0;;0;0.0;;0;0.0;;0;0.0
1815701001;Granada;63.4;PP;43.8;348;43.8;99;12.4;143;18.0;32;4.0;0;0.0;PCPA;71;8.9;SALF;39;4.9;;0;0.0;;0;0.0;;0;0.0
1815801001;Granada;58.8;PP;33.0;372;33.0;295;26.2;136;12.1;82;7.3;39;3.5;MUNDO+JUSTO;70;6.2;;0;0.0;;0;0.0;;0;0.0;;0;0.0
1815801002;Granada;43.9;PSOE-A;33.5;107;21.6;166;33.5;11;2.2;64;12.9;0;0.0;PCPA;77;15.5;JUFUDI;20;4.0;;0;0.0;;0;0.0;;0;0.0
1815801003;Granada;37.2;PSOE-A;32.4;150;26.3;185;32.4;69;12.1;23;4.0;0;0.0;IZAR;66;11.6;MUNDO+JUSTO;24;4.2;;0;0.0;;0;0.0;;0;0.0
1815802002;Granada;28.8;PSOE-A;37.4;49;19.5;94;37.4;79;31.5;8;3.2;0;0.0;PCTE;9;3.6;;0;0.0;;0;0.0;;0;0.0;;0;0.0
1815803001;Granada;58.4;PSOE-A;43.3;152;21.3;309;43.3;93;13.0;0;0.0;0;0.0;PACMA;107;15.0;ESCAÑOS EN BLANCO;24;3.4;;0;0.0;;0;0.0;;0;0.0
1815803002;Granada;60.4;PSOE-A;35.4;196;32.1;216;35.4;56;9.2;40;6.6;0;0.0;ESCAÑOS EN BLANCO;34;5.6;;0;0.0;;0;0.0;;0;0.0;;0;0.0
1815901001;Granada;62.4;PorA;28.8;126;23.4;136;25.2;43;8.0;155;28.8;0;0.0;PCTE;36;6.7;;0;0.0;;0;0.0;;0;0.0;;0;0.0
1816101001;Granada;70.5;PP;48.0;71;48.0;29;19.6;15;10.1;0;0.0;0;0.0;ESCAÑOS EN BLANCO;27;18.2;NA;2;1.4;;0;0.0;;0;0.0;;0;0.0
1816201001;Granada;65.2;PSOE-A;34.9;211;33.3;221;34.9;81;12.8;11;1.7;0;0.0;PACMA;38;6.0;ESCAÑOS EN BLANCO;24;3.8;;0;0.0;;0;0.0;;0;0.0
1816301001;Granada;67.0;PP;49.5;100;49.5;25;12.4;13;6.4;31;15.4;0;0.0;MUNDO+JUSTO;20;9.9;;0;0.0;;0;0.0;;0;0.0;;0;0.0
1816401001;Granada;63.3;PP;54.9;346;54.9;70;11.1;64;10.2;9;1.4;0;0.0;ANDALUCISTAS-PA;59;9.4;PACMA;34;5.4;;0;0.0;;0;0.0;;0;0.0
1816401002;Granada;43.3;PP;41.1;124;41.1;74;24.5;30;9.9;9;3.0;0;0.0;NA;60;19.9;;0;0.0;;0;0.0;;0;0.0;;0;0.0
1816501001;Granada;49.6;PSOE-A;29.6;185;25.8;212;29.6;115;16.1;0;0.0;0;0.0;PCTE;52;7.3;ANDALUCISTAS-PA;45;6.3;;0;0.0;;0;0.0;;0;0.0
1816501002;Granada;56.3;PSOE-A;30.2;220;26.6;250;30.2;128;15.5;53;6.4;0;0.0;ESCAÑOS EN BLANCO;52;6.3;;0;0.0;;0;0.0;;0;0.0;;0;0.0
1816501003;Granada;53.9;PP;32.1;264;32.1;149;18.1;78;9.5;106;12.9;0;0.0;ANDALUCISTAS-PA;72;8.8;;0;0.0;;0;0.0;;0;0.0;;0;0.0
1816701001;Granada;56.3;PSOE-A;32.7;309;29.0;348;32.7;68;6.4;81;7.6;0;0.0;PCTE;82;7.7;;0;0.0;;0;0.0;;0;0.0;;0;0.0
1816801001;Granada;55.2;PP;30.1;128;30.1;88;20.7;39;9.2;27;6.4;62;14.6;MUNDO+JUSTO;64;15.1;;0;0.0;;0;0.0;;0;0.0;;0;0.0
1817001001;Granada;57.4;PP;33.5;61;33.5;42;23.1;18;9.9;4;2.2;0;0.0;ANDALUCISTAS-PA;28;15.4;NA;11;6.0;;0;0.0;;0;0.0;;0;0.0
1817101001;Granada;69.2;PSOE-A;30.3;89;20.4;132;30.3;100;22.9;3;0.7;0;0.0;MUNDO+JUSTO;56;12.8;NA;33;7.6;;0;0.0;;0;0.0;;0;0.0
1817101002;Granada;62.4;PSOE-A;28.4;188;22.1;242;28.4;79;9.3;178;20.9;49;5.8;PCPA;55;6.5;;0;0.0;;0;0.0;;0;0.0;;0;0.0
1817301001;Granada;57.6;PP;31.4;101;31.4;85;26.4;11;3.4;20;6.2;0;0.0;PACMA;68;21.1;IZAR;19;5.9;;0;0.0;;0;0.0;;0;0.0
1817301002;Granada;59.0;PSOE-A;27.8;210;24.4;239;27.8;106;12.3;80;9.3;117;13.6;;0;0.0;;0;0.0;;0;0.0;;0;0.0;;0;0.0
1817301003;Granada;50.6;PSOE-A;32.2;131;20.3;208;32.2;117;18.1;15;2.3;0;0.0;FE de las JONS;72;11.2;SALF;53;8.2;;0;0.0;;0;0.0;;0;0.0
1817301004;Granada;55.6;PP;31.9;128;31.9;46;11.5;30;7.5;75;18.7;0;0.0;IZAR;83;20.7;;0;0.0;;0;0.0;;0;0.0;;0;0.0
1817301005;Granada;54.8;PP;35.8;242;35.8;166;24.5;98;14.5;25;3.7;0;0.0;MUNDO+JUSTO;70;10.3;PCTE;31;4.6;;0;0.0;;0;0.0;;0;0.0
1817301006;Granada;58.0;PSOE-A;27.8;280;24.8;315;27.8;154;13.6;60;5.3;105;9.3;PACMA;89;7.9;;0;0.0;;0;0.0;;0;0.0;;0;0.0
1817301007;Granada;53.6;PP;29.1;203;29.1;166;23.8;105;15.0;38;5.4;0;0.0;IZAR;64;9.2;NA;54;7.7;;0;0.0;;0;0.0;;0;0.0
1817302001;Granada;54.2;PSOE-A;32.5;135;27.3;161;32.5;30;6.1;51;10.3;0;0.0;NA;41;8.3;MUNDO+JUSTO;37;7.5;;0;0.0;;0;0.0;;0;0.0
1817401001;Granada;70.8;PSOE-A;43.2;75;25.3;128;43.2;31;10.5;6;2.0;0;0.0;IZAR;48;16.2;;0;0.0;;0;0.0;;0;0.0;;0;0.0
1817501001;Granada;59.7;PP;36.6;273;36.6;191;25.6;109;14.6;12;1.6;0;0.0;PCTE;63;8.4;IZAR;41;5.5;;0;0.0;;0;0.0;;0;0.0
1817501002;Granada;49.6;PP;30.7;104;30.7;83;24.5;87;25.7;20;5.9;0;0.0;IZAR;19;5.6;;0;0.0;;0;0.0;;0;0.0;;0;0.0
1817501003;Granada;66.6;PP;34.3;297;34.3;174;20.1;148;17.1;49;5.6;29;3.3;JUFUDI;42;4.8;;0;0.0;;0;0.0;;0;0.0;;0;0.0
1817501004;Granada;53.0;PSOE-A;33.4;228;26.5;288;33.4;139;16.1;7;0.8;0;0.0;IZAR;66;7.7;PCTE;51;5.9;;0;0.0;;0;0.0;;0;0.0
1817501005;Granada;53.3;PP;29.9;290;29.9;268;27.6;60;6.2;133;13.7;0;0.0;PACMA;68;7.0;;0;0.0;;0;0.0;;0;0.0;;0;0.0
1817501006;Granada;66.7;PP;43.2;298;43.2;101;14.7;51;7.4;63;9.1;0;0.0;PCPA;142;20.6;;0;0.0;;0;0.0;;0;0.0;;0;0.0
1817501007;Granada;53.2;PP;38.2;126;38.2;84;25.4;32;9.7;7;2.1;0;0.0;ANDALUCISTAS-PA;41;12.4;MUNDO+JUSTO;18;5.4;;0;0.0;;0;0.0;;0;0.0
1817501008;Granada;58.9;PP;39.6;375;39.6;151;16.0;267;28.2;0;0.0;0;0.0;JUFUDI;74;7.8;PACMA;28;3.0;;0;0.0;;0;0.0;;0;0.0
1817501009;Granada;61.9;PP;49.3;335;49.3;96;14.1;63;9.3;20;3.0;0;0.0;NA;69;10.2;PCPA;30;4.4;;0;0.0;;0;0.0;;0;0.0
1817502001;Granada;68.1;PP;38.9;277;38.9;120;16.8;99;13.9;27;3.8;0;0.0;IZAR;114;16.0;MUNDO+JUSTO;32;4.5;;0;0.0;;0;0.0;;0;0.0
1817601001;Granada;54.2;PSOE-A;74.2;24;20.0;89;74.2;3;2.5;0;0.0;0;0.0;PACMA;4;3.3;;0;0.0;;0;0.0;;0;0.0;;0;0.0
1817701001;Granada;53.4;PP;60.5;118;60.5;49;25.1;5;2.6;0;0.0;0;0.0;NA;11;5.6;IZAR;11;5.6;;0;0.0;;0;0.0;;0;0.0
1817801001;Granada;61.6;PP;41.9;155;41.9;108;29.2;23;6.2;0;0.0;61;16.5;IZAR;8;2.2;;0;0.0;;0;0.0;;0;0.0;;0;0.0
1817901001;Granada;56.7;PP;42.9;102;42.9;58;24.4;62;26.0;0;0.0;0;0.0;NA;9;3.8;PACMA;6;2.5;;0;0.0;;0;0.0;;0;0.0
1818001001;Granada;51.7;PP;34.3;102;34.3;80;26.9;28;9.4;9;3.0;0;0.0;PCPA;22;7.4;ESCAÑOS EN BLANCO;18;6.1;;0;0.0;;0;0.0;;0;0.0
1818101001;Granada;55.2;PP;54.1;46;54.1;10;11.8;9;10.6;0;0.0;0;0.0;FE de las JONS;9;10.6;NA;3;3.5;;0;0.0;;0;0.0;;0;0.0
1818201001;Granada;58.2;PP;51.3;176;51.3;53;15.4;6;1.8;2;0.6;0;0.0;PCTE;43;12.5;MUNDO+JUSTO;21;6.1;NA;17;5.0;;0;0.0;;0;0.0
1818201002;Granada;51.6;PP;40.4;262;40.4;209;32.2;52;8.0;30;4.6;44;6.8;;0;0.0;;0;0.0;;0;0.0;;0;0.0;;0;0.0
1818301001;Granada;59.3;PSOE-A;34.8;86;24.7;121;34.8;64;18.4;0;0.0;0;0.0;ANDALUCISTAS-PA;50;14.4;PACMA;15;4.3;;0;0.0;;0;0.0;;0;0.0
1818401001;Granada;64.0;PP;30.3;263;30.3;242;27.9;115;13.2;81;9.3;0;0.0;MUNDO+JUSTO;81;9.3;;0;0.0;;0;0.0;;0;0.0;;0;0.0
1818401002;Granada;55.2;PSOE-A;30.9;150;27.6;168;30.9;51;9.4;24;4.4;40;7.4;PACMA;43;7.9;;0;0.0;;0;0.0;;0;0.0;;0;0.0
1818501001;Granada;71.9;VOX;41.2;141;36.1;59;15.1;161;41.2;0;0.0;0;0.0;MUNDO+JUSTO;11;2.8;ESCAÑOS EN BLANCO;11;2.8;;0;0.0;;0;0.0;;0;0.0
1818701001;Granada;59.9;PSOE-A;52.9;30;11.7;136;52.9;26;10.1;21;8.2;0;0.0;PCPA;13;5.1;;0;0.0;;0;0.0;;0;0.0;;0;0.0
1818801001;Granada;65.7;PP;36.4;217;36.4;180;30.2;12;2.0;36;6.0;0;0.0;IZAR;94;15.8;PCPA;32;5.4;;0;0.0;;0;0.0;;0;0.0
1818801002;Granada;67.9;PSOE-A;39.3;137;28.4;190;39.3;50;10.4;45;9.3;0;0.0;PACMA;31;6.4;;0;0.0;;0;0.0;;0;0.0;;0;0.0
1818901001;Granada;66.0;PP;36.4;193;36.4;153;28.8;58;10.9;65;12.2;0;0.0;MUNDO+JUSTO;36;6.8;;0;0.0;;0;0.0;;0;0.0;;0;0.0
1819201001;Granada;68.8;PSOE-A;34.9;217;23.3;326;34.9;159;17.0;10;1.1;32;3.4;NA;74;7.9;MUNDO+JUSTO;35;3.8;;0;0.0;;0;0.0;;0;0.0
1819301001;Granada;54.8;PP;37.0;373;37.0;139;13.8;110;10.9;65;6.4;0;0.0;PCPA;149;14.8;MUNDO+JUSTO;99;9.8;;0;0.0;;0;0.0;;0;0.0
1819301002;Granada;64.8;PP;50.4;268;50.4;49;9.2;144;27.1;28;5.3;0;0.0;IZAR;18;3.4;;0;0.0;;0;0.0;;0;0.0;;0;0.0
1819301003;Granada;53.6;PSOE-A;31.0;241;30.4;246;31.0;75;9.5;150;18.9;0;0.0;PCPA;40;5.0;;0;0.0;;0;0.0;;0;0.0;;0;0.0
1819301004;Granada;62.3;PP;31.7;306;31.7;230;23.9;140;14.5;50;5.2;0;0.0;MUNDO+JUSTO;91;9.4;PACMA;88;9.1;;0;0.0;;0;0.0;;0;0.0
1819301005;Granada;59.4;PP;38.5;312;38.5;163;20.1;165;20.4;6;0.7;40;4.9;MUNDO+JUSTO;50;6.2;;0;0.0;;0;0.0;;0;0.0;;0;0.0
1819301006;Granada;56.7;PP;34.2;377;34.2;257;23.3;70;6.3;151;13.7;0;0.0;PCPA;82;7.4;;0;0.0;;0;0.0;;0;0.0;;0;0.0
1819301007;Granada;62.0;PP;41.4;478;41.4;239;20.7;141;12.2;121;10.5;0;0.0;MUNDO+JUSTO;55;4.8;;0;0.0;;0;0.0;;0;0.0;;0;0.0
1819301008;Granada;52.2;PP;35.6;233;35.6;117;17.9;43;6.6;84;12.8;0;0.0;ESCAÑOS EN BLANCO;62;9.5;NA;52;8.0;;0;0.0;;0;0.0;;0;0.0
1819301009;Granada;54.2;PP;50.4;413;50.4;177;21.6;91;11.1;67;8.2;0;0.0;MUNDO+JUSTO;20;2.4;;0;0.0;;0;0.0;;0;0.0;;0;0.0
1819301010;Granada;54.7;PP;39.1;343;39.1;105;12.0;74;8.4;107;12.2;0;0.0;ESCAÑOS EN BLANCO;111;12.6;;0;0.0;;0;0.0;;0;0.0;;0;0.0
1819301011;Granada;64.5;PP;43.6;236;43.6;141;26.1;62;11.5;0;0.0;0;0.0;MUNDO+JUSTO;32;5.9;PCTE;29;5.4;;0;0.0;;0;0.0;;0;0.0
1819401001;Granada;50.6;PSOE-A;34.1;187;29.8;214;34.1;100;15.9;2;0.3;0;0.0;NA;36;5.7;PACMA;36;5.7;;0;0.0;;0;0.0;;0;0.0
1819401002;Granada;53.0;PSOE-A;37.3;88;23.5;140;37.3;35;9.3;0;0.0;0;0.0;PCPA;87;23.2;IZAR;15;4.0;;0;0.0;;0;0.0;;0;0.0
1890101001;Granada;55.5;PP;51.4;149;51.4;40;13.8;37;12.8;20;6.9;0;0.0;MUNDO+JUSTO;14;4.8;;0;0.0;;0;0.0;;0;0.0;;0;0.0
1890201001;Granada;71.1;PP;36.4;184;36.4;148;29.3;53;10.5;9;1.8;0;0.0;ESCAÑOS EN BLANCO;34;6.7;JUFUDI;31;6.1;;0;0.0;;0;0.0;;0;0.0
1890301001;Granada;61.2;PP;37.3;191;37.3;128;25.0;64;12.5;19;3.7;0;0.0;PCPA;38;7.4;MUNDO+JUSTO;30;5.9;;0;0.0;;0;0.0;;0;0.0
1890401001;Granada;66.2;PSOE-A;30.2;122;27.7;133;30.2;56;12.7;43;9.8;29;6.6;;0;0.0;;0;0.0;;0;0.0;;0;0.0;;0;0.0
1890501001;Granada;57.8;PP;47.1;377;47.1;158;19.7;77;9.6;39;4.9;0;0.0;NA;54;6.7;ESCAÑOS EN BLANCO;44;5.5;;0;0.0;;0;0.0;;0;0.0
1890501002;Granada;59.2;PP;43.5;312;43.5;101;14.1;77;10.7;23;3.2;0;0.0;MUNDO+JUSTO;78;10.9;ANDALUCISTAS-PA;54;7.5;;0;0.0;;0;0.0;;0;0.0
1890501003;Granada;53.8;PP;50.8;366;50.8;81;11.2;79;11.0;69;9.6;0;0.0;NA;69;9.6;;0;0.0;;0;0.0;;0;0.0;;0;0.0
1890501004;Granada;52.6;PP;37.8;359;37.8;179;18.8;161;16.9;14;1.5;0;0.0;MUNDO+JUSTO;86;9.0;NA;73;7.7;;0;0.0;;0;0.0;;0;0.0
1890501005;Granada;54.1;PP;38.9;380;38.9;265;27.1;209;21.4;38;3.9;0;0.0;PCPA;35;3.6;;0;0.0;;0;0.0;;0;0.0;;0;0.0
1890501006;Granada;57.8;PP;35.1;285;35.1;151;18.6;26;3.2;124;15.3;0;0.0;PCPA;97;12.0;PACMA;73;9.0;;0;0.0;;0;0.0;;0;0.0
1890501007;Granada;53.8;PP;42.6;274;42.6;128;19.9;75;11.6;35;5.4;0;0.0;IZAR;64;9.9;;0;0.0;;0;0.0;;0;0.0;;0;0.0
1890501008;Granada;54.7;PP;33.8;209;33.8;116;18.7;67;10.8;50;8.1;0;0.0;PCPA;62;10.0;;0;0.0;;0;0.0;;0;0.0;;0;0.0
1890501009;Granada;51.8;PP;42.7;317;42.7;79;10.6;136;18.3;2;0.3;63;8.5;SALF;56;7.6;;0;0.0;;0;0.0;;0;0.0;;0;0.0
1890501010;Granada;54.1;PP;31.5;298;31.5;73;7.7;192;20.3;108;11.4;0;0.0;PACMA;81;8.6;;0;0.0;;0;0.0;;0;0.0;;0;0.0
1890501011;Granada;59.8;PP;36.1;262;36.1;86;11.8;124;17.1;75;10.3;0;0.0;PACMA;61;8.4;;0;0.0;;0;0.0;;0;0.0;;0;0.0
1890501012;Granada;55.2;PP;46.7;222;46.7;70;14.7;18;3.8;30;6.3;69;14.5;PACMA;42;8.8;;0;0.0;;0;0.0;;0;0.0;;0;0.0
1890501013;Granada;65.5;PP;51.7;231;51.7;44;9.8;65;14.5;16;3.6;0;0.0;JUFUDI;61;13.6;ESCAÑOS EN BLANCO;19;4.2;;0;0.0;;0;0.0;;0;0.0
1890501014;Granada;53.4;PP;38.6;207;38.6;66;12.3;56;10.4;75;14.0;0;0.0;PACMA;73;13.6;;0;0.0;;0;0.0;;0;0.0;;0;0.0
1890601001;Granada;70.0;PP;42.8;259;42.8;107;17.7;59;9.8;16;2.6;31;5.1;IZAR;25;4.1;;0;0.0;;0;0.0;;0;0.0;;0;0.0
1890701001;Granada;64.6;PP;38.4;239;38.4;172;27.6;93;14.9;72;11.6;0;0.0;ESCAÑOS EN BLANCO;18;2.9;;0;0.0;;0;0.0;;0;0.0;;0;0.0
1890701002;Granada;69.2;PP;31.4;168;31.4;120;22.4;98;18.3;5;0.9;0;0.0;PCTE;59;11.0;ESCAÑOS EN BLANCO;48;9.0;;0;0.0;;0;0.0;;0;0.0
1890801001;Granada;59.8;PP;29.8;143;29.8;139;29.0;63;13.1;9;1.9;43;9.0;ESCAÑOS EN BLANCO;33;6.9;;0;0.0;;0;0.0;;0;0.0;;0;0.0
1890901001;Granada;65.6;PSOE-A;41.5;91;28.6;132;41.5;9;2.8;24;7.6;0;0.0;ANDALUCISTAS-PA;36;11.3;MUNDO+JUSTO;14;4.4;;0;0.0;;0;0.0;;0;0.0
1891001001;Granada;58.6;PSOE-A;35.9;116;29.5;141;35.9;32;8.1;26;6.6;0;0.0;PCTE;58;14.8;;0;0.0;;0;0.0;;0;0.0;;0;0.0
1891101001;Granada;58.6;PP;36.7;396;36.7;273;25.3;185;17.2;13;1.2;0;0.0;IZAR;88;8.2;PCTE;45;4.2;;0;0.0;;0;0.0;;0;0.0
1891101002;Granada;57.5;PP;31.6;251;31.6;138;17.4;154;19.4;24;3.0;0;0.0;IZAR;89;11.2;FE de las JONS;72;9.1;;0;0.0;;0;0.0;;0;0.0
1891101003;Granada;57.6;PP;34.1;288;34.1;94;11.1;176;20.8;68;8.1;0;0.0;MUNDO+JUSTO;112;13.3;;0;0.0;;0;0.0;;0;0.0;;0;0.0
1891101004;Granada;50.2;PP;32.7;259;32.7;112;14.2;193;24.4;40;5.1;0;0.0;PCTE;60;7.6;MUNDO+JUSTO;46;5.8;;0;0.0;;0;0.0;;0;0.0
1891101005;Granada;55.5;PP;45.5;477;45.5;101;9.6;237;22.6;55;5.2;0;0.0;PCTE;53;5.1;;0;0.0;;0;0.0;;0;0.0;;0;0.0
1891101006;Granada;57.9;PP;31.7;176;31.7;103;18.6;115;20.7;7;1.3;0;0.0;PACMA;71;12.8;IZAR;67;12.1;;0;0.0;;0;0.0;;0;0.0
1891201001;Granada;63.6;PSOE-A;38.0;125;29.3;162;38.0;2;0.5;21;4.9;0;0.0;FE de las JONS;72;16.9;IZAR;29;6.8;;0;0.0;;0;0.0;;0;0.0
1891201002;Granada;66.6;PSOE-A;38.0;130;32.3;153;38.0;7;1.7;0;0.0;0;0.0;ESCAÑOS EN BLANCO;72;17.9;MUNDO+JUSTO;26;6.4;PACMA;14;3.5;;0;0.0;;0;0.0
1891301001;Granada;62.1;PP;56.1;226;56.1;6;1.5;81;20.1;75;18.6;0;0.0;PCTE;15;3.7;;0;0.0;;0;0.0;;0;0.0;;0;0.0
1891401001;Granada;65.5;PSOE-A;36.2;290;26.2;400;36.2;102;9.2;106;9.6;0;0.0;IZAR;120;10.9;;0;0.0;;0;0.0;;0;0.0;;0;0.0
1891501001;Granada;58.0;PSOE-A;54.6;107;27.6;212;54.6;9;2.3;16;4.1;0;0.0;PCTE;16;4.1;IZAR;13;3.4;;0;0.0;;0;0.0;;0;0.0
1891601001;Granada;44.5;PP;30.0;153;30.0;138;27.1;95;18.6;24;4.7;0;0.0;FE de las JONS;32;6.3;;0;0.0;;0;0.0;;0;0.0;;0;0.0
1891601002;Granada;50.1;PSOE-A;36.7;150;28.2;195;36.7;79;14.9;19;3.6;0;0.0;PCPA;66;12.4;;0;0.0;;0;0.0;;0;0.0;;0;0.0
2100101001;Huelva;56.0;PSOE-A;35.5;79;22.4;125;35.5;0;0.0;103;29.3;0;0.0;ANDALUCISTAS-PA;23;6.5;PACMA;21;6.0;;0;0.0;;0;0.0;;0;0.0
2100201001;Huelva;52.2;PP;37.4;216;37.4;128;22.2;62;10.7;32;5.5;0;0.0;ANDALUCISTAS-PA;44;7.6;;0;0.0;;0;0.0;;0;0.0;;0;0.0
2100201002;Huelva;50.2;PP;45.2;408;45.2;98;10.9;145;16.1;53;5.9;82;9.1;;0;0.0;;0;0.0;;0;0.0;;0;0.0;;0;0.0
2100201003;Huelva;51.0;PP;34.5;256;34.5;135;18.2;99;13.3;56;7.6;123;16.6;;0;0.0;;0;0.0;;0;0.0;;0;0.0;;0;0.0
2100201004;Huelva;52.9;PP;30.8;285;30.8;172;18.6;208;22.5;27;2.9;0;0.0;PACMA;61;6.6;ESCAÑOS EN BLANCO;59;6.4;;0;0.0;;0;0.0;;0;0.0
2100201005;Huelva;62.3;PP;35.3;220;35.3;146;23.4;49;7.8;52;8.3;0;0.0;PACMA;47;7.5;;0;0.0;;0;0.0;;0;0.0;;0;0.0
2100201006;Huelva;61.0;PP;36.4;215;36.4;100;16.9;112;19.0;21;3.6;79;13.4;MUNDO+JUSTO;23;3.9;;0;0.0;;0;0.0;;0;0.0;;0;0.0
2100201007;Huelva;59.5;PP;38.7;222;38.7;99;17.2;134;23.3;29;5.0;0;0.0;ANDALUCISTAS-PA;75;13.1;;0;0.0;;0;0.0;;0;0.0;;0;0.0
2100202001;Huelva;60.5;PP;33.2;211;33.2;97;15.2;136;21.4;51;8.0;0;0.0;HE>;39;6.1;;0;0.0;;0;0.0;;0;0.0;;0;0.0
2100202002;Huelva;67.3;PP;27.6;281;27.6;267;26.2;85;8.3;110;10.8;84;8.2;;0;0.0;;0;0.0;;0;0.0;;0;0.0;;0;0.0
2100202003;Huelva;69.2;PP;40.8;298;40.8;119;16.3;59;8.1;90;12.3;0;0.0;ANDALUCISTAS-PA;72;9.9;MUNDO+JUSTO;71;9.7;;0;0.0;;0;0.0;;0;0.0
2100202004;Huelva;70.8;PP;57.3;490;57.3;80;9.4;51;6.0;60;7.0;0;0.0;MUNDO+JUSTO;72;8.4;PACMA;57;6.7;;0;0.0;;0;0.0;;0;0.0
2100202005;Huelva;52.1;VOX;29.0;236;28.3;212;25.4;242;29.0;14;1.7;0;0.0;ANDALUCISTAS-PA;36;4.3;FE de las JONS;36;4.3;;0;0.0;;0;0.0;;0;0.0
2100202006;Huelva;61.5;PP;42.5;239;42.5;102;18.2;56;10.0;73;13.0;0;0.0;ANDALUCISTAS-PA;42;7.5;;0;0.0;;0;0.0;;0;0.0;;0;0.0
2100202007;Huelva;59.6;PSOE-A;28.3;227;27.7;232;28.3;162;19.8;12;1.5;0;0.0;ANDALUCISTAS-PA;70;8.5;MUNDO+JUSTO;53;6.5;;0;0.0;;0;0.0;;0;0.0
2100301001;Huelva;56.8;PSOE-A;63.7;16;4.3;237;63.7;27;7.3;13;3.5;0;0.0;PACMA;28;7.5;MUNDO+JUSTO;21;5.6;;0;0.0;;0;0.0;;0;0.0
2100401001;Huelva;54.7;PSOE-A;37.4;160;33.6;178;37.4;15;3.2;60;12.6;0;0.0;IZAR;22;4.6;;0;0.0;;0;0.0;;0;0.0;;0;0.0
2100402001;Huelva;55.1;PSOE-A;46.3;66;20.5;149;46.3;34;10.6;7;2.2;0;0.0;SALF;25;7.8;PACMA;19;5.9;;0;0.0;;0;0.0;;0;0.0
2100501001;Huelva;52.5;PP;43.3;299;43.3;126;18.2;22;3.2;175;25.3;0;0.0;ANDALUCISTAS-PA;30;4.3;PACMA;25;3.6;;0;0.0;;0;0.0;;0;0.0
2100501002;Huelva;34.0;PP;35.6;123;35.6;79;22.9;41;11.9;17;4.9;0;0.0;MUNDO+JUSTO;33;9.6;;0;0.0;;0;0.0;;0;0.0;;0;0.0
2100501003;Huelva;57.7;PP;47.8;394;47.8;156;18.9;105;12.7;26;3.2;0;0.0;FE de las JONS;75;9.1;NA;28;3.4;;0;0.0;;0;0.0;;0;0.0
2100501004;Huelva;44.6;PP;34.8;252;34.8;207;28.6;89;12.3;33;4.6;0;0.0;PACMA;46;6.4;FE de las JONS;39;5.4;;0;0.0;;0;0.0;;0;0.0
2100502001;Huelva;49.7;PP;44.0;149;44.0;86;25.4;24;7.1;26;7.7;0;0.0;IZAR;28;8.3;;0;0.0;;0;0.0;;0;0.0;;0;0.0
2100502002;Huelva;55.1;PP;41.0;192;41.0;129;27.6;31;6.6;72;15.4;0;0.0;NA;21;4.5;;0;0.0;;0;0.0;;0;0.0;;0;0.0
2100502003;Huelva;53.2;PP;45.6;292;45.6;148;23.1;109;17.0;0;0.0;0;0.0;SALF;26;4.1;FE de las JONS;24;3.7;;0;0.0;;0;0.0;;0;0.0
2100503001;Huelva;44.3;PSOE-A;44.5;113;25.4;198;44.5;50;11.2;24;5.4;0;0.0;ESCAÑOS EN BLANCO;33;7.4;;0;0.0;;0;0.0;;0;0.0;;0;0.0
2100503002;Huelva;39.6;PP;40.0;261;40.0;173;26.5;50;7.7;60;9.2;0;0.0;MUNDO+JUSTO;31;4.8;;0;0.0;;0;0.0;;0;0.0;;0;0.0
2100503003;Huelva;54.7;PP;43.1;314;43.1;152;20.9;173;23.8;0;0.0;0;0.0;SALF;34;4.7;PACMA;28;3.8;;0;0.0;;0;0.0;;0;0.0
2100503004;Huelva;48.5;PP;35.4;138;35.4;113;29.0;64;16.4;5;1.3;40;10.3;PACMA;18;4.6;;0;0.0;;0;0.0;;0;0.0;;0;0.0
2100503005;Huelva;53.8;PP;31.8;138;31.8;121;27.9;44;10.1;0;0.0;0;0.0;NA;80;18.4;MUNDO+JUSTO;28;6.4;;0;0.0;;0;0.0;;0;0.0
2100503006;Huelva;35.5;PP;40.9;174;40.9;99;23.3;53;12.5;25;5.9;17;4.0;ANDALUCISTAS-PA;39;9.2;;0;0.0;;0;0.0;;0;0.0;;0;0.0
2100503007;Huelva;53.3;PP;37.7;304;37.7;200;24.8;63;7.8;94;11.6;0;0.0;PCPA;46;5.7;;0;0.0;;0;0.0;;0;0.0;;0;0.0
2100601001;Huelva;56.5;PP;44.5;201;44.5;90;19.9;77;17.0;12;2.6;0;0.0;NA;32;7.1;ANDALUCISTAS-PA;17;3.8;;0;0.0;;0;0.0;;0;0.0
2100601002;Huelva;47.6;PSOE-A;39.0;125;28.2;173;39.0;80;18.0;27;6.1;0;0.0;PACMA;28;6.3;;0;0.0;;0;0.0;;0;0.0;;0;0.0
2100602001;Huelva;57.3;PSOE-A;48.3;50;15.8;153;48.3;38;12.0;0;0.0;46;14.5;FE de las JONS;18;5.7;;0;0.0;;0;0.0;;0;0.0;;0;0.0
2100602002;Huelva;59.5;PSOE-A;55.1;74;15.0;271;55.1;10;2.0;31;6.3;0;0.0;NA;37;7.5;ANDALUCISTAS-PA;33;6.7;;0;0.0;;0;0.0;;0;0.0
2100701001;Huelva;57.7;PP;37.9;223;37.9;157;26.7;33;5.6;48;8.2;0;0.0;FE de las JONS;51;8.7;ANDALUCISTAS-PA;43;7.3;;0;0.0;;0;0.0;;0;0.0
2100701002;Huelva;46.0;PSOE-A;45.4;45;15.4;133;45.4;3;1.0;40;13.6;0;0.0;FE de las JONS;43;14.7;NA;20;6.8;;0;0.0;;0;0.0;;0;0.0
2100702001;Huelva;58.9;PSOE-A;34.2;88;25.1;120;34.2;20;5.7;53;15.1;0;0.0;NA;44;12.5;;0;0.0;;0;0.0;;0;0.0;;0;0.0
2100703001;Huelva;59.6;PP;34.5;193;34.5;169;30.2;63;11.3;25;4.5;0;0.0;MUNDO+JUSTO;93;16.6;;0;0.0;;0;0.0;;0;0.0;;0;0.0
2100703002;Huelva;65.6;PP;45.9;293;45.9;75;11.8;34;5.3;72;11.3;0;0.0;NA;65;10.2;;0;0.0;;0;0.0;;0;0.0;;0;0.0
2100703003;Huelva;62.4;PP;41.7;300;41.7;122;16.9;34;4.7;27;3.8;72;10.0;MUNDO+JUSTO;109;15.1;;0;0.0;;0;0.0;;0;0.0;;0;0.0
2100703004;Huelva;54.6;PP;33.6;221;33.6;113;17.2;96;14.6;119;18.1;11;1.7;NA;31;4.7;;0;0.0;;0;0.0;;0;0.0;;0;0.0
2100801001;Huelva;56.1;PP;43.3;199;43.3;133;28.9;23;5.0;12;2.6;0;0.0;ESCAÑOS EN BLANCO;28;6.1;NA;25;5.4;;0;0.0;;0;0.0;;0;0.0
2100802001;Huelva;53.2;PSOE-A;41.9;191;34.5;232;41.9;36;6.5;48;8.7;0;0.0;NA;24;4.3;;0;0.0;;0;0.0;;0;0.0;;0;0.0
2100803001;Huelva;53.3;PSOE-A;48.7;65;21.1;150;48.7;3;1.0;0;0.0;0;0.0;PACMA;59;19.2;FE de las JONS;16;5.2;MUNDO+JUSTO;12;3.9;;0;0.0;;0;0.0
2100901001;Huelva;51.1;PP;39.0;152;39.0;114;29.2;44;11.3;22;5.6;0;0.0;PACMA;48;12.3;;0;0.0;;0;0.0;;0;0.0;;0;0.0
2101001001;Huelva;58.7;PP;56.9;226;56.9;54;13.6;0;0.0;54;13.6;0;0.0;PCPA;27;6.8;NA;27;6.8;;0;0.0;;0;0.0;;0;0.0
2101001002;Huelva;47.1;PP;46.2;249;46.2;106;19.7;45;8.4;24;4.4;0;0.0;NA;65;12.1;;0;0.0;;0;0.0;;0;0.0;;0;0.0
2101001003;Huelva;49.2;PP;39.5;377;39.5;267;28.0;64;6.7;39;4.1;19;2.0;HE>;52;5.4;FE de las JONS;43;4.5;;0;0.0;;0;0.0;;0;0.0
2101001004;Huelva;49.9;PP;46.9;244;46.9;90;17.3;31;6.0;87;16.7;0;0.0;PACMA;34;6.5;;0;0.0;;0;0.0;;0;0.0;;0;0.0
2101001005;Huelva;51.5;PP;40.0;371;40.0;161;17.4;155;16.7;64;6.9;0;0.0;NA;49;5.3;;0;0.0;;0;0.0;;0;0.0;;0;0.0
2101002001;Huelva;50.0;PP;34.6;132;34.6;129;33.8;36;9.4;9;2.4;0;0.0;ANDALUCISTAS-PA;50;13.1;NA;21;5.5;;0;0.0;;0;0.0;;0;0.0
2101002002;Huelva;40.2;PP;38.6;117;38.6;102;33.7;42;13.9;22;7.3;13;4.3;;0;0.0;;0;0.0;;0;0.0;;0;0.0;;0;0.0
2101002003;Huelva;46.8;PP;49.4;312;49.4;95;15.1;17;2.7;74;11.7;0;0.0;ANDALUCISTAS-PA;62;9.8;IZAR;60;9.5;;0;0.0;;0;0.0;;0;0.0
2101002004;Huelva;46.6;PP;42.6;118;42.6;71;25.6;0;0.0;39;14.1;0;0.0;SALF;34;12.3;ANDALUCISTAS-PA;13;4.7;;0;0.0;;0;0.0;;0;0.0
2101002005;Huelva;46.5;PP;38.7;232;38.7;172;28.7;58;9.7;38;6.3;0;0.0;PACMA;46;7.7;;0;0.0;;0;0.0;;0;0.0;;0;0.0
2101003001;Huelva;41.0;PP;47.1;211;47.1;70;15.6;47;10.5;12;2.7;0;0.0;MUNDO+JUSTO;72;16.1;HE>;18;4.0;;0;0.0;;0;0.0;;0;0.0
2101003002;Huelva;46.3;PP;36.2;206;36.2;189;33.2;40;7.0;31;5.4;0;0.0;PCPA;39;6.8;ESCAÑOS EN BLANCO;35;6.2;;0;0.0;;0;0.0;;0;0.0
2101003003;Huelva;41.8;PP;44.5;243;44.5;82;15.0;35;6.4;9;1.6;0;0.0;HE>;68;12.4;NA;43;7.9;MUNDO+JUSTO;41;7.5;;0;0.0;;0;0.0
2101003004;Huelva;57.8;PP;45.8;220;45.8;81;16.9;76;15.8;0;0.0;0;0.0;ESCAÑOS EN BLANCO;52;10.8;NA;23;4.8;;0;0.0;;0;0.0;;0;0.0
2101101001;Huelva;56.5;PP;37.4;325;37.4;263;30.3;78;9.0;7;0.8;0;0.0;IZAR;45;5.2;PACMA;40;4.6;;0;0.0;;0;0.0;;0;0.0
2101101002;Huelva;63.6;PSOE-A;43.6;164;29.8;240;43.6;74;13.4;3;0.6;0;0.0;ANDALUCISTAS-PA;23;4.2;FE de las JONS;19;3.4;;0;0.0;;0;0.0;;0;0.0
2101101003;Huelva;52.1;PP;37.1;212;37.1;132;23.1;68;11.9;44;7.7;16;2.8;MUNDO+JUSTO;43;7.5;;0;0.0;;0;0.0;;0;0.0;;0;0.0
2101201001;Huelva;75.9;PSOE-A;45.9;60;30.6;90;45.9;10;5.1;18;9.2;0;0.0;NA;13;6.6;;0;0.0;;0;0.0;;0;0.0;;0;0.0
2101301001;Huelva;59.6;PP;44.3;419;44.3;189;20.0;140;14.8;11;1.2;0;0.0;MUNDO+JUSTO;94;10.0;NA;38;4.0;;0;0.0;;0;0.0;;0;0.0
2101301002;Huelva;61.9;PP;32.4;110;32.4;105;30.9;37;10.9;34;10.0;0;0.0;PACMA;20;5.9;;0;0.0;;0;0.0;;0;0.0;;0;0.0
2101302001;Huelva;58.6;PSOE-A;29.7;143;26.6;160;29.7;15;2.8;70;13.0;30;5.6;ESCAÑOS EN BLANCO;67;12.4;;0;0.0;;0;0.0;;0;0.0;;0;0.0
2101302002;Huelva;57.5;PSOE-A;36.0;210;28.6;264;36.0;121;16.5;0;0.0;0;0.0;MUNDO+JUSTO;49;6.7;ANDALUCISTAS-PA;33;4.5;;0;0.0;;0;0.0;;0;0.0
2101303001;Huelva;52.6;PP;37.0;207;37.0;136;24.3;94;16.8;25;4.5;3;0.5;PACMA;66;11.8;MUNDO+JUSTO;26;4.6;;0;0.0;;0;0.0;;0;0.0
2101303002;Huelva;46.7;PSOE-A;37.5;220;25.3;326;37.5;89;10.2;55;6.3;0;0.0;MUNDO+JUSTO;53;6.1;;0;0.0;;0;0.0;;0;0.0;;0;0.0
2101304001;Huelva;61.4;PP;45.8;450;45.8;207;21.1;102;10.4;54;5.5;0;0.0;FE de las JONS;63;6.4;;0;0.0;;0;0.0;;0;0.0;;0;0.0
2101305001;Huelva;63.1;PP;37.3;364;37.3;279;28.6;88;9.0;27;2.8;0;0.0;NA;99;10.1;MUNDO+JUSTO;49;5.0;;0;0.0;;0;0.0;;0;0.0
2101401001;Huelva;72.2;PP;40.9;415;40.9;395;39.0;97;9.6;65;6.4;0;0.0;FE de las JONS;23;2.3;;0;0.0;;0;0.0;;0;0.0;;0;0.0
2101401002;Huelva;66.6;PP;35.7;353;35.7;338;34.1;6;0.6;78;7.9;0;0.0;PACMA;58;5.9;MUNDO+JUSTO;51;5.2;;0;0.0;;0;0.0;;0;0.0
2101401003;Huelva;65.8;PSOE-A;41.7;217;27.1;334;41.7;52;6.5;23;2.9;0;0.0;IZAR;54;6.7;ANDALUCISTAS-PA;34;4.2;;0;0.0;;0;0.0;;0;0.0
2101501001;Huelva;45.6;PSOE-A;38.6;74;26.7;107;38.6;21;7.6;12;4.3;0;0.0;HE>;40;14.4;;0;0.0;;0;0.0;;0;0.0;;0;0.0
2101601001;Huelva;61.4;PSOE-A;55.7;108;19.5;309;55.7;61;11.0;26;4.7;0;0.0;ESCAÑOS EN BLANCO;20;3.6;;0;0.0;;0;0.0;;0;0.0;;0;0.0
2101701001;Huelva;51.6;PP;38.1;161;38.1;136;32.2;46;10.9;14;3.3;0;0.0;PACMA;29;6.9;ANDALUCISTAS-PA;26;6.2;;0;0.0;;0;0.0;;0;0.0
2101701002;Huelva;58.4;PP;44.5;367;44.5;209;25.3;48;5.8;27;3.3;0;0.0;IZAR;62;7.5;NA;37;4.5;;0;0.0;;0;0.0;;0;0.0
2101801001;Huelva;52.9;PSOE-A;53.2;92;19.3;254;53.2;48;10.1;2;0.4;0;0.0;NA;30;6.3;PCPA;23;4.8;;0;0.0;;0;0.0;;0;0.0
2101802001;Huelva;55.3;PSOE-A;40.3;126;29.7;171;40.3;57;13.4;0;0.0;26;6.1;PACMA;32;7.6;;0;0.0;;0;0.0;;0;0.0;;0;0.0
2101901001;Huelva;62.7;PSOE-A;44.4;89;24.4;162;44.4;41;11.2;20;5.5;0;0.0;PACMA;17;4.7;;0;0.0;;0;0.0;;0;0.0;;0;0.0
2102001001;Huelva;52.3;PP;35.8;64;35.8;38;21.2;39;21.8;0;0.0;0;0.0;FE de las JONS;12;6.7;MUNDO+JUSTO;11;6.2;;0;0.0;;0;0.0;;0;0.0
2102101001;Huelva;57.8;PP;50.1;222;50.1;43;9.7;65;14.7;42;9.5;0;0.0;MUNDO+JUSTO;41;9.3;;0;0.0;;0;0.0;;0;0.0;;0;0.0
2102101002;Huelva;38.0;PSOE-A;30.0;101;25.5;119;30.0;82;20.7;12;3.0;0;0.0;SALF;34;8.6;HE>;29;7.3;;0;0.0;;0;0.0;;0;0.0
2102101003;Huelva;51.3;PP;37.1;184;37.1;85;17.1;90;18.2;5;1.0;0;0.0;ESCAÑOS EN BLANCO;46;9.3;MUNDO+JUSTO;23;4.6;;0;0.0;;0;0.0;;0;0.0
2102101004;Huelva;46.8;PP;32.1;251;32.1;175;22.4;195;25.0;0;0.0;0;0.0;MUNDO+JUSTO;42;5.4;HE>;41;5.2;;0;0.0;;0;0.0;;0;0.0
2102101005;Huelva;45.4;VOX;28.9;111;28.7;101;26.1;112;28.9;1;0.3;0;0.0;SALF;27;7.0;NA;14;3.6;;0;0.0;;0;0.0;;0;0.0
2102102001;Huelva;49.5;PP;37.0;216;37.0;83;14.2;139;23.8;37;6.4;0;0.0;SALF;40;6.9;;0;0.0;;0;0.0;;0;0.0;;0;0.0
2102102002;Huelva;56.1;PP;42.8;196;42.8;14;3.1;101;22.0;51;11.1;0;0.0;MUNDO+JUSTO;40;8.7;PACMA;33;7.2;;0;0.0;;0;0.0;;0;0.0
2102102003;Huelva;51.3;PP;31.4;132;31.4;54;12.9;98;23.3;1;0.2;0;0.0;PACMA;36;8.6;MUNDO+JUSTO;34;8.1;;0;0.0;;0;0.0;;0;0.0
2102102004;Huelva;47.9;PP;41.5;271;41.5;68;10.4;148;22.7;24;3.7;29;4.4;MUNDO+JUSTO;76;11.6;;0;0.0;;0;0.0;;0;0.0;;0;0.0
2102102005;Huelva;63.4;PP;41.5;474;41.5;181;15.8;194;17.0;43;3.8;0;0.0;MUNDO+JUSTO;80;7.0;NA;56;4.9;;0;0.0;;0;0.0;;0;0.0
2102102006;Huelva;63.6;PP;44.2;345;44.2;110;14.1;127;16.3;45;5.8;0;0.0;MUNDO+JUSTO;95;12.2;;0;0.0;;0;0.0;;0;0.0;;0;0.0
2102102007;Huelva;48.3;PP;42.8;166;42.8;89;22.9;56;14.4;0;0.0;0;0.0;PCPA;52;13.4;PACMA;17;4.4;;0;0.0;;0;0.0;;0;0.0
2102201001;Huelva;61.5;PP;43.1;47;43.1;17;15.6;4;3.7;9;8.3;21;19.3;MUNDO+JUSTO;6;5.5;;0;0.0;;0;0.0;;0;0.0;;0;0.0
2102301001;Huelva;51.8;PP;32.8;177;32.8;172;31.9;46;8.5;53;9.8;0;0.0;ANDALUCISTAS-PA;41;7.6;;0;0.0;;0;0.0;;0;0.0;;0;0.0
2102301002;Huelva;51.5;PSOE-A;41.4;157;36.5;178;41.4;16;3.7;34;7.9;0;0.0;ANDALUCISTAS-PA;20;4.6;;0;0.0;;0;0.0;;0;0.0;;0;0.0
2102401001;Huelva;61.7;PP;33.0;94;33.0;82;28.8;0;0.0;44;15.4;0;0.0;PCPA;49;17.2;MUNDO+JUSTO;14;4.9;;0;0.0;;0;0.0;;0;0.0
2102501001;Huelva;53.7;PP;47.4;139;47.4;59;20.1;20;6.8;58;19.8;0;0.0;NA;11;3.8;;0;0.0;;0;0.0;;0;0.0;;0;0.0
2102501002;Huelva;45.5;PP;49.4;241;49.4;161;33.0;43;8.8;13;2.7;0;0.0;PACMA;16;3.3;;0;0.0;;0;0.0;;0;0.0;;0;0.0
2102501003;Huelva;58.5;PP;41.8;243;41.8;148;25.4;21;3.6;32;5.5;0;0.0;PACMA;81;13.9;ANDALUCISTAS-PA;27;4.6;;0;0.0;;0;0.0;;0;0.0
2102502001;Huelva;56.0;PP;45.8;281;45.8;106;17.3;27;4.4;45;7.3;0;0.0;MUNDO+JUSTO;67;10.9;FE de las JONS;32;5.2;;0;0.0;;0;0.0;;0;0.0
2102601001;Huelva;54.5;PP;31.8;43;31.8;42;31.1;21;15.6;0;0.0;0;0.0;NA;26;19.3;MUNDO+JUSTO;1;0.7;;0;0.0;;0;0.0;;0;0.0
2102701001;Huelva;64.0;PP;75.0;24;75.0;0;0.0;8;25.0;0;0.0;0;0.0;;0;0.0;;0;0.0;;0;0.0;;0;0.0;;0;0.0
2102801001;Huelva;63.9;PP;46.3;95;46.3;47;22.9;1;0.5;0;0.0;0;0.0;PCPA;25;12.2;MUNDO+JUSTO;15;7.3;FE de las JONS;13;6.3;;0;0.0;;0;0.0
2102901001;Huelva;58.8;PP;48.0;220;48.0;125;27.3;11;2.4;35;7.6;0;0.0;SALF;44;9.6;MUNDO+JUSTO;12;2.6;;0;0.0;;0;0.0;;0;0.0
2102902001;Huelva;55.6;PP;46.0;157;46.0;70;20.5;16;4.7;4;1.2;11;3.2;PACMA;27;7.9;MUNDO+JUSTO;24;7.0;FE de las JONS;19;5.6;;0;0.0;;0;0.0
2103001001;Huelva;78.7;PSOE-A;50.2;374;25.0;751;50.2;200;13.4;40;2.7;0;0.0;PACMA;46;3.1;;0;0.0;;0;0.0;;0;0.0;;0;0.0
2103101001;Huelva;57.3;PP;40.3;245;40.3;187;30.8;39;6.4;28;4.6;0;0.0;NA;63;10.4;FE de las JONS;28;4.6;;0;0.0;;0;0.0;;0;0.0
2103201001;Huelva;63.8;PSOE-A;46.2;292;25.2;536;46.2;109;9.4;20;1.7;0;0.0;ANDALUCISTAS-PA;68;5.9;FE de las JONS;45;3.9;;0;0.0;;0;0.0;;0;0.0
2103301001;Huelva;61.4;PP;34.3;131;34.3;81;21.2;35;9.2;68;17.8;0;0.0;MUNDO+JUSTO;49;12.8;;0;0.0;;0;0.0;;0;0.0;;0;0.0
2103401001;Huelva;59.3;PP;38.6;256;38.6;171;25.8;52;7.8;0;0.0;0;0.0;ESCAÑOS EN BLANCO;73;11.0;MUNDO+JUSTO;63;9.5;;0;0.0;;0;0.0;;0;0.0
2103501001;Huelva;63.2;PP;51.0;368;51.0;146;20.2;84;11.6;0;0.0;16;2.2;ESCAÑOS EN BLANCO;30;4.2;PACMA;26;3.6;;0;0.0;;0;0.0;;0;0.0
2103501002;Huelva;54.8;PP;39.7;405;39.7;368;36.0;2;0.2;103;10.1;0;0.0;FE de las JONS;56;5.5;NA;37;3.6;;0;0.0;;0;0.0;;0;0.0
2103501003;Huelva;50.9;PSOE-A;36.6;306;34.1;329;36.6;65;7.2;33;3.7;0;0.0;ESCAÑOS EN BLANCO;59;6.6;PACMA;41;4.6;;0;0.0;;0;0.0;;0;0.0
2103502001;Huelva;49.3;PP;41.2;225;41.2;143;26.2;50;9.2;37;6.8;0;0.0;NA;33;6.0;;0;0.0;;0;0.0;;0;0.0;;0;0.0
2103502002;Huelva;50.4;PP;32.4;167;32.4;161;31.3;67;13.0;47;9.1;0;0.0;PCPA;34;6.6;;0;0.0;;0;0.0;;0;0.0;;0;0.0
2103502003;Huelva;46.9;PSOE-A;56.1;70;25.2;156;56.1;13;4.7;0;0.0;0;0.0;PACMA;14;5.0;ANDALUCISTAS-PA;11;4.0;;0;0.0;;0;0.0;;0;0.0
2103502004;Huelva;49.6;PSOE-A;34.7;311;34.3;314;34.7;57;6.3;73;8.1;0;0.0;IZAR;45;5.0;;0;0.0;;0;0.0;;0;0.0;;0;0.0
2103502005;Huelva;50.8;PP;37.1;175;37.1;168;35.6;9;1.9;48;10.2;0;0.0;FE de las JONS;33;7.0;NA;14;3.0;;0;0.0;;0;0.0;;0;0.0
2103601001;Huelva;43.8;PP;39.3;33;39.3;28;33.3;15;17.9;0;0.0;0;0.0;PACMA;5;6.0;NA;3;3.6;;0;0.0;;0;0.0;;0;0.0
2103701001;Huelva;62.1;PSOE-A;56.8;19;7.3;147;56.8;0;0.0;12;4.6;0;0.0;ESCAÑOS EN BLANCO;55;21.2;FE de las JONS;15;5.8;;0;0.0;;0;0.0;;0;0.0
2103801001;Huelva;62.7;PP;49.6;337;49.6;139;20.4;23;3.4;49;7.2;0;0.0;FE de las JONS;45;6.6;MUNDO+JUSTO;41;6.0;;0;0.0;;0;0.0;;0;0.0
2103901001;Huelva;56.4;PP;45.6;72;45.6;38;24.0;0;0.0;0;0.0;0;0.0;ESCAÑOS EN BLANCO;29;18.4;MUNDO+JUSTO;11;7.0;FE de las JONS;3;1.9;;0;0.0;;0;0.0
2104001001;Huelva;59.1;PP;34.9;282;34.9;238;29.5;81;10.0;57;7.0;0;0.0;IZAR;63;7.8;;0;0.0;;0;0.0;;0;0.0;;0;0.0
2104002001;Huelva;57.5;PP;37.4;387;37.4;360;34.8;59;5.7;6;0.6;0;0.0;ESCAÑOS EN BLANCO;90;8.7;MUNDO+JUSTO;48;4.6;;0;0.0;;0;0.0;;0;0.0
2104101001;Huelva;71.2;PP;52.7;674;52.7;174;13.6;170;13.3;7;0.6;35;2.7;NA;86;6.7;ESCAÑOS EN BLANCO;41;3.2;;0;0.0;;0;0.0;;0;0.0
2104101002;Huelva;67.7;PP;58.2;641;58.2;67;6.1;148;13.4;44;4.0;41;3.7;MUNDO+JUSTO;50;4.5;ESCAÑOS EN BLANCO;44;4.0;;0;0.0;;0;0.0;;0;0.0
2104101003;Huelva;76.0;PP;51.9;674;51.9;113;8.7;161;12.4;66;5.1;0;0.0;PCPA;91;7.0;MUNDO+JUSTO;71;5.5;;0;0.0;;0;0.0;;0;0.0
2104101004;Huelva;72.1;PP;38.0;254;38.0;119;17.8;70;10.5;47;7.0;0;0.0;NA;66;9.9;ESCAÑOS EN BLANCO;49;7.3;;0;0.0;;0;0.0;;0;0.0
2104101005;Huelva;71.6;PP;55.8;467;55.8;150;17.9;76;9.1;0;0.0;0;0.0;MUNDO+JUSTO;89;10.6;PACMA;24;2.9;;0;0.0;;0;0.0;;0;0.0
2104101006;Huelva;68.8;PP;55.7;341;55.7;34;5.6;126;20.6;8;1.3;0;0.0;PACMA;39;6.4;SALF;27;4.4;;0;0.0;;0;0.0;;0;0.0
2104101007;Huelva;65.9;PP;46.5;302;46.5;123;18.9;52;8.0;9;1.4;0;0.0;NA;38;5.8;ANDALUCISTAS-PA;34;5.2;;0;0.0;;0;0.0;;0;0.0
2104101008;Huelva;73.0;PP;56.3;375;56.3;39;5.9;75;11.3;49;7.4;0;0.0;MUNDO+JUSTO;43;6.5;;0;0.0;;0;0.0;;0;0.0;;0;0.0
2104101009;Huelva;65.1;PP;38.1;415;38.1;212;19.5;119;10.9;77;7.1;0;0.0;ANDALUCISTAS-PA;108;9.9;;0;0.0;;0;0.0;;0;0.0;;0;0.0
2104101010;Huelva;55.8;PP;40.9;181;40.9;150;33.9;64;14.4;21;4.7;0;0.0;PACMA;17;3.8;;0;0.0;;0;0.0;;0;0.0;;0;0.0
2104101011;Huelva;74.0;PP;49.0;298;49.0;93;15.3;103;16.9;0;0.0;0;0.0;MUNDO+JUSTO;42;6.9;FE de las JONS;39;6.4;;0;0.0;;0;0.0;;0;0.0
2104101012;Huelva;63.6;PP;44.4;177;44.4;35;8.8;62;15.5;47;11.8;0;0.0;ANDALUCISTAS-PA;43;10.8;;0;0.0;;0;0.0;;0;0.0;;0;0.0
2104101013;Huelva;65.0;PP;50.8;524;50.8;168;16.3;98;9.5;39;3.8;0;0.0;MUNDO+JUSTO;65;6.3;FE de las JONS;50;4.8;;0;0.0;;0;0.0;;0;0.0
2104102001;Huelva;61.7;PP;35.0;404;35.0;266;23.1;154;13.4;135;11.7;0;0.0;MUNDO+JUSTO;74;6.4;;0;0.0;;0;0.0;;0;0.0;;0;0.0
2104102002;Huelva;60.0;PP;39.9;282;39.9;104;14.7;81;11.5;62;8.8;0;0.0;MUNDO+JUSTO;110;15.6;;0;0.0;;0;0.0;;0;0.0;;0;0.0
2104102003;Huelva;58.3;PP;36.2;286;36.2;141;17.8;37;4.7;113;14.3;0;0.0;NA;69;8.7;PACMA;52;6.6;;0;0.0;;0;0.0;;0;0.0
2104102004;Huelva;53.2;PP;29.6;215;29.6;193;26.6;160;22.0;61;8.4;0;0.0;PACMA;26;3.6;;0;0.0;;0;0.0;;0;0.0;;0;0.0
2104102005;Huelva;47.7;PP;40.8;240;40.8;111;18.8;83;14.1;39;6.6;10;1.7;PACMA;24;4.1;;0;0.0;;0;0.0;;0;0.0;;0;0.0
2104102006;Huelva;52.2;Empate;28.3;171;28.3;171;28.3;134;22.2;25;4.1;0;0.0;ANDALUCISTAS-PA;40;6.6;PACMA;26;4.3;;0;0.0;;0;0.0;;0;0.0
2104102007;Huelva;53.9;PP;41.1;230;41.1;92;16.5;122;21.8;7;1.2;0;0.0;ANDALUCISTAS-PA;70;12.5;PACMA;27;4.8;;0;0.0;;0;0.0;;0;0.0
2104102008;Huelva;32.1;PSOE-A;40.1;73;35.3;83;40.1;39;18.8;6;2.9;0;0.0;ANDALUCISTAS-PA;2;1.0;;0;0.0;;0;0.0;;0;0.0;;0;0.0
2104102009;Huelva;74.3;PP;29.1;317;29.1;271;24.9;52;4.8;158;14.5;14;1.3;FE de las JONS;109;10.0;MUNDO+JUSTO;71;6.5;;0;0.0;;0;0.0;;0;0.0
2104102010;Huelva;63.0;PP;41.2;347;41.2;103;12.2;92;10.9;48;5.7;0;0.0;PACMA;65;7.7;MUNDO+JUSTO;63;7.5;;0;0.0;;0;0.0;;0;0.0
2104103001;Huelva;66.2;PP;58.0;426;58.0;64;8.7;69;9.4;57;7.8;0;0.0;FE de las JONS;34;4.6;;0;0.0;;0;0.0;;0;0.0;;0;0.0
2104103002;Huelva;64.5;PP;46.8;407;46.8;92;10.6;157;18.1;7;0.8;0;0.0;NA;71;8.2;ANDALUCISTAS-PA;46;5.3;;0;0.0;;0;0.0;;0;0.0
2104103003;Huelva;62.8;PP;46.3;316;46.3;114;16.7;101;14.8;76;11.1;0;0.0;ANDALUCISTAS-PA;30;4.4;;0;0.0;;0;0.0;;0;0.0;;0;0.0
2104103004;Huelva;64.9;PP;39.0;160;39.0;61;14.9;76;18.5;2;0.5;0;0.0;IZAR;86;21.0;FE de las JONS;23;5.6;;0;0.0;;0;0.0;;0;0.0
2104103005;Huelva;57.8;PP;41.2;183;41.2;80;18.0;9;2.0;71;16.0;0;0.0;MUNDO+JUSTO;77;17.3;NA;19;4.3;;0;0.0;;0;0.0;;0;0.0
2104103006;Huelva;52.7;PP;38.9;156;38.9;79;19.7;34;8.5;35;8.7;0;0.0;MUNDO+JUSTO;51;12.7;;0;0.0;;0;0.0;;0;0.0;;0;0.0
2104103007;Huelva;57.7;PP;48.0;211;48.0;57;13.0;65;14.8;22;5.0;0;0.0;HE>;25;5.7;MUNDO+JUSTO;23;5.2;;0;0.0;;0;0.0;;0;0.0
2104103008;Huelva;54.8;PSOE-A;29.3;119;26.4;132;29.3;24;5.3;52;11.6;0;0.0;ANDALUCISTAS-PA;59;13.1;PACMA;34;7.6;;0;0.0;;0;0.0;;0;0.0
2104103009;Huelva;63.8;PP;39.2;267;39.2;144;21.2;35;5.1;69;10.1;78;11.4;;0;0.0;;0;0.0;;0;0.0;;0;0.0;;0;0.0
2104103010;Huelva;72.5;PP;56.4;467;56.4;105;12.7;55;6.6;65;7.8;0;0.0;ANDALUCISTAS-PA;79;9.5;;0;0.0;;0;0.0;;0;0.0;;0;0.0
2104103011;Huelva;54.2;PP;34.0;173;34.0;129;25.3;58;11.4;40;7.9;0;0.0;ANDALUCISTAS-PA;47;9.2;;0;0.0;;0;0.0;;0;0.0;;0;0.0
2104104001;Huelva;59.2;PP;34.0;195;34.0;107;18.7;42;7.3;63;11.0;0;0.0;PCPA;60;10.5;;0;0.0;;0;0.0;;0;0.0;;0;0.0
2104104002;Huelva;59.2;PP;42.8;163;42.8;61;16.0;37;9.7;34;8.9;59;15.5;;0;0.0;;0;0.0;;0;0.0;;0;0.0;;0;0.0
2104104003;Huelva;56.4;PP;37.7;120;37.7;69;21.7;59;18.6;0;0.0;0;0.0;MUNDO+JUSTO;29;9.1;ANDALUCISTAS-PA;25;7.9;;0;0.0;;0;0.0;;0;0.0
2104104004;Huelva;41.4;PP;31.7;98;31.7;87;28.2;26;8.4;26;8.4;0;0.0;NA;35;11.3;MUNDO+JUSTO;31;10.0;;0;0.0;;0;0.0;;0;0.0
2104104005;Huelva;52.3;PP;50.9;191;50.9;17;4.5;16;4.3;49;13.1;0;0.0;ANDALUCISTAS-PA;50;13.3;PACMA;27;7.2;NA;21;5.6;;0;0.0;;0;0.0
2104104006;Huelva;62.5;PP;53.4;249;53.4;21;4.5;58;12.4;15;3.2;48;10.3;PACMA;36;7.7;MUNDO+JUSTO;34;7.3;;0;0.0;;0;0.0;;0;0.0
2104104007;Huelva;53.7;PSOE-A;31.3;127;28.8;138;31.3;79;17.9;53;12.0;0;0.0;ANDALUCISTAS-PA;20;4.5;;0;0.0;;0;0.0;;0;0.0;;0;0.0
2104104008;Huelva;60.2;PP;39.3;321;39.3;147;18.0;24;2.9;186;22.8;0;0.0;ANDALUCISTAS-PA;45;5.5;PACMA;34;4.2;;0;0.0;;0;0.0;;0;0.0
2104104009;Huelva;61.6;PP;33.8;173;33.8;107;20.9;31;6.0;43;8.4;0;0.0;MUNDO+JUSTO;125;24.4;;0;0.0;;0;0.0;;0;0.0;;0;0.0
2104104010;Huelva;61.6;PP;41.4;218;41.4;147;27.9;69;13.1;24;4.6;0;0.0;MUNDO+JUSTO;59;11.2;;0;0.0;;0;0.0;;0;0.0;;0;0.0
2104104011;Huelva;60.1;PP;33.0;229;33.0;159;22.9;104;15.0;58;8.4;0;0.0;PACMA;128;18.5;;0;0.0;;0;0.0;;0;0.0;;0;0.0
2104104012;Huelva;56.1;PP;44.1;219;44.1;93;18.7;79;15.9;19;3.8;0;0.0;NA;24;4.8;;0;0.0;;0;0.0;;0;0.0;;0;0.0
2104104013;Huelva;66.6;PP;38.1;257;38.1;144;21.4;59;8.8;61;9.0;0;0.0;ANDALUCISTAS-PA;69;10.2;;0;0.0;;0;0.0;;0;0.0;;0;0.0
2104104014;Huelva;70.2;PP;53.8;609;53.8;130;11.5;151;13.3;30;2.6;0;0.0;PACMA;61;5.4;NA;55;4.8;;0;0.0;;0;0.0;;0;0.0
2104105001;Huelva;51.1;PP;36.1;112;36.1;77;24.8;62;20.0;0;0.0;0;0.0;MUNDO+JUSTO;27;8.7;PACMA;17;5.5;;0;0.0;;0;0.0;;0;0.0
2104105002;Huelva;51.9;PP;34.0;273;34.0;169;21.1;116;14.5;36;4.5;0;0.0;IZAR;85;10.6;ANDALUCISTAS-PA;71;8.8;;0;0.0;;0;0.0;;0;0.0
2104105003;Huelva;50.4;PP;31.9;146;31.9;107;23.4;44;9.6;29;6.3;0;0.0;ANDALUCISTAS-PA;52;11.4;HE>;36;7.9;;0;0.0;;0;0.0;;0;0.0
2104105004;Huelva;51.7;PP;35.9;156;35.9;104;23.9;46;10.6;19;4.4;0;0.0;PCPA;22;5.1;ANDALUCISTAS-PA;21;4.8;;0;0.0;;0;0.0;;0;0.0
2104105005;Huelva;56.8;PP;36.6;172;36.6;120;25.5;40;8.5;59;12.6;32;6.8;;0;0.0;;0;0.0;;0;0.0;;0;0.0;;0;0.0
2104105006;Huelva;56.5;PP;41.0;218;41.0;104;19.6;71;13.4;19;3.6;0;0.0;MUNDO+JUSTO;41;7.7;ESCAÑOS EN BLANCO;30;5.6;;0;0.0;;0;0.0;;0;0.0
2104105007;Huelva;60.9;PP;41.1;246;41.1;79;13.2;12;2.0;83;13.9;0;0.0;FE de las JONS;58;9.7;ESCAÑOS EN BLANCO;48;8.0;;0;0.0;;0;0.0;;0;0.0
2104105008;Huelva;56.6;PP;30.4;200;30.4;141;21.5;92;14.0;35;5.3;0;0.0;MUNDO+JUSTO;127;19.3;;0;0.0;;0;0.0;;0;0.0;;0;0.0
2104105009;Huelva;52.8;PP;39.9;182;39.9;77;16.9;17;3.7;54;11.8;0;0.0;MUNDO+JUSTO;60;13.2;ANDALUCISTAS-PA;38;8.3;;0;0.0;;0;0.0;;0;0.0
2104105010;Huelva;59.3;PP;32.2;306;32.2;159;16.7;194;20.4;82;8.6;0;0.0;FE de las JONS;55;5.8;;0;0.0;;0;0.0;;0;0.0;;0;0.0
2104105011;Huelva;31.4;PSOE-A;45.9;36;14.9;111;45.9;16;6.6;21;8.7;0;0.0;ESCAÑOS EN BLANCO;52;21.5;;0;0.0;;0;0.0;;0;0.0;;0;0.0
2104105012;Huelva;45.5;PP;29.4;91;29.4;86;27.8;7;2.3;77;24.9;0;0.0;PACMA;25;8.1;FE de las JONS;14;4.5;;0;0.0;;0;0.0;;0;0.0
2104105013;Huelva;56.8;PP;42.2;237;42.2;102;18.2;63;11.2;48;8.5;0;0.0;HE>;56;10.0;;0;0.0;;0;0.0;;0;0.0;;0;0.0
2104105014;Huelva;51.8;PP;44.2;181;44.2;54;13.2;65;15.8;1;0.2;0;0.0;ANDALUCISTAS-PA;43;10.5;FE de las JONS;41;10.0;;0;0.0;;0;0.0;;0;0.0
2104106001;Huelva;56.6;PP;29.7;125;29.7;116;27.6;38;9.0;53;12.6;0;0.0;ANDALUCISTAS-PA;82;19.5;;0;0.0;;0;0.0;;0;0.0;;0;0.0
2104106002;Huelva;49.8;PP;30.1;219;30.1;185;25.4;107;14.7;38;5.2;0;0.0;PACMA;110;15.1;;0;0.0;;0;0.0;;0;0.0;;0;0.0
2104106003;Huelva;41.1;PP;41.5;112;41.5;63;23.3;6;2.2;30;11.1;0;0.0;ESCAÑOS EN BLANCO;27;10.0;PACMA;22;8.2;;0;0.0;;0;0.0;;0;0.0
2104106004;Huelva;36.8;PSOE-A;34.0;58;24.4;81;34.0;21;8.8;33;13.9;0;0.0;FE de las JONS;27;11.3;;0;0.0;;0;0.0;;0;0.0;;0;0.0
2104106005;Huelva;57.5;PP;31.0;120;31.0;109;28.2;63;16.3;10;2.6;0;0.0;ANDALUCISTAS-PA;26;6.7;FE de las JONS;26;6.7;;0;0.0;;0;0.0;;0;0.0
2104106006;Huelva;52.9;PSOE-A;36.2;63;20.4;112;36.2;3;1.0;53;17.2;0;0.0;PACMA;26;8.4;FE de las JONS;23;7.4;;0;0.0;;0;0.0;;0;0.0
2104106007;Huelva;50.2;PP;35.5;283;35.5;143;17.9;81;10.2;74;9.3;0;0.0;ANDALUCISTAS-PA;101;12.7;;0;0.0;;0;0.0;;0;0.0;;0;0.0
2104106008;Huelva;48.4;PP;30.2;145;30.2;106;22.0;37;7.7;52;10.8;0;0.0;HE>;50;10.4;;0;0.0;;0;0.0;;0;0.0;;0;0.0
2104106009;Huelva;55.2;PSOE-A;40.6;122;31.1;159;40.6;53;13.5;23;5.9;0;0.0;ANDALUCISTAS-PA;16;4.1;;0;0.0;;0;0.0;;0;0.0;;0;0.0
2104107001;Huelva;60.2;PP;40.7;284;40.7;123;17.6;71;10.2;33;4.7;0;0.0;HE>;98;14.0;ANDALUCISTAS-PA;52;7.4;;0;0.0;;0;0.0;;0;0.0
2104107002;Huelva;62.6;PP;33.3;148;33.3;78;17.6;32;7.2;48;10.8;0;0.0;PACMA;79;17.8;FE de las JONS;34;7.7;;0;0.0;;0;0.0;;0;0.0
2104107003;Huelva;61.5;PP;40.2;204;40.2;98;19.3;64;12.6;19;3.7;0;0.0;FE de las JONS;47;9.2;ANDALUCISTAS-PA;28;5.5;;0;0.0;;0;0.0;;0;0.0
2104107004;Huelva;53.8;PP;42.3;427;42.3;169;16.8;122;12.1;66;6.5;0;0.0;SALF;76;7.5;;0;0.0;;0;0.0;;0;0.0;;0;0.0
2104107005;Huelva;46.5;PP;32.9;164;32.9;109;21.9;86;17.3;44;8.8;0;0.0;MUNDO+JUSTO;42;8.4;;0;0.0;;0;0.0;;0;0.0;;0;0.0
2104107006;Huelva;35.1;PP;40.9;103;40.9;41;16.3;74;29.4;4;1.6;0;0.0;ANDALUCISTAS-PA;22;8.7;PACMA;6;2.4;;0;0.0;;0;0.0;;0;0.0
2104107007;Huelva;37.3;PP;37.5;87;37.5;48;20.7;35;15.1;0;0.0;0;0.0;PCPA;23;9.9;PACMA;22;9.5;;0;0.0;;0;0.0;;0;0.0
2104107008;Huelva;30.5;PSOE-A;36.4;54;24.6;80;36.4;19;8.6;23;10.4;0;0.0;PACMA;41;18.6;;0;0.0;;0;0.0;;0;0.0;;0;0.0
2104107009;Huelva;58.4;PP;28.6;196;28.6;179;26.1;102;14.9;27;3.9;0;0.0;ANDALUCISTAS-PA;55;8.0;PACMA;47;6.9;;0;0.0;;0;0.0;;0;0.0
2104107010;Huelva;54.7;PP;35.3;161;35.3;110;24.1;19;4.2;65;14.2;0;0.0;NA;59;12.9;;0;0.0;;0;0.0;;0;0.0;;0;0.0
2104107011;Huelva;33.7;PSOE-A;35.8;58;20.6;101;35.8;3;1.1;67;23.8;0;0.0;ANDALUCISTAS-PA;29;10.3;PACMA;13;4.6;;0;0.0;;0;0.0;;0;0.0
2104107012;Huelva;24.8;PSOE-A;53.7;12;8.0;80;53.7;21;14.1;0;0.0;0;0.0;HE>;12;8.0;MUNDO+JUSTO;10;6.7;;0;0.0;;0;0.0;;0;0.0
2104107013;Huelva;24.7;PSOE-A;28.4;51;17.2;84;28.4;48;16.2;25;8.4;0;0.0;MUNDO+JUSTO;28;9.5;;0;0.0;;0;0.0;;0;0.0;;0;0.0
2104107014;Huelva;44.5;PSOE-A;26.6;140;25.9;144;26.6;78;14.4;24;4.4;0;0.0;MUNDO+JUSTO;45;8.3;IZAR;38;7.0;;0;0.0;;0;0.0;;0;0.0
2104107015;Huelva;52.4;PSOE-A;28.5;119;23.4;145;28.5;72;14.2;97;19.1;0;0.0;ANDALUCISTAS-PA;44;8.6;;0;0.0;;0;0.0;;0;0.0;;0;0.0
2104107016;Huelva;53.0;Empate;25.4;154;25.4;149;24.6;154;25.4;32;5.3;0;0.0;ANDALUCISTAS-PA;51;8.4;MUNDO+JUSTO;34;5.6;;0;0.0;;0;0.0;;0;0.0
2104107017;Huelva;52.4;PP;42.2;218;42.2;137;26.6;66;12.8;5;1.0;0;0.0;MUNDO+JUSTO;27;5.2;NA;20;3.9;;0;0.0;;0;0.0;;0;0.0
2104107018;Huelva;50.6;PSOE-A;27.1;143;24.0;162;27.1;73;12.2;94;15.8;0;0.0;MUNDO+JUSTO;48;8.0;;0;0.0;;0;0.0;;0;0.0;;0;0.0
2104107019;Huelva;67.4;PP;34.7;226;34.7;127;19.5;32;4.9;101;15.5;0;0.0;PCPA;57;8.8;IZAR;41;6.3;;0;0.0;;0;0.0;;0;0.0
2104107020;Huelva;56.5;PP;36.4;406;36.4;205;18.4;170;15.2;89;8.0;0;0.0;IZAR;74;6.6;;0;0.0;;0;0.0;;0;0.0;;0;0.0
2104107021;Huelva;46.1;PP;24.3;184;24.3;179;23.7;147;19.4;29;3.8;54;7.1;ANDALUCISTAS-PA;59;7.8;;0;0.0;;0;0.0;;0;0.0;;0;0.0
2104107022;Huelva;53.7;PP;28.9;167;28.9;118;20.4;96;16.6;90;15.6;41;7.1;ANDALUCISTAS-PA;43;7.4;;0;0.0;;0;0.0;;0;0.0;;0;0.0
2104108001;Huelva;30.9;PSOE-A;26.5;137;25.9;140;26.5;83;15.7;31;5.9;35;6.6;PACMA;35;6.6;;0;0.0;;0;0.0;;0;0.0;;0;0.0
2104108002;Huelva;34.1;PSOE-A;32.0;94;29.8;101;32.0;46;14.6;22;7.0;0;0.0;SALF;23;7.3;;0;0.0;;0;0.0;;0;0.0;;0;0.0
2104108003;Huelva;35.3;PSOE-A;37.4;52;21.4;91;37.4;29;11.9;29;11.9;0;0.0;MUNDO+JUSTO;17;7.0;;0;0.0;;0;0.0;;0;0.0;;0;0.0
2104108004;Huelva;37.7;PP;32.4;66;32.4;49;24.0;25;12.2;1;0.5;0;0.0;ESCAÑOS EN BLANCO;37;18.1;MUNDO+JUSTO;21;10.3;;0;0.0;;0;0.0;;0;0.0
2104108005;Huelva;57.8;PSOE-A;39.1;176;26.2;263;39.1;16;2.4;64;9.5;0;0.0;ANDALUCISTAS-PA;63;9.4;SALF;31;4.6;;0;0.0;;0;0.0;;0;0.0
2104108006;Huelva;56.7;PP;39.1;180;39.1;69;15.0;17;3.7;54;11.7;0;0.0;MUNDO+JUSTO;97;21.1;FE de las JONS;27;5.9;;0;0.0;;0;0.0;;0;0.0
2104108007;Huelva;42.1;PSOE-A;30.1;113;28.6;119;30.1;43;10.9;27;6.8;0;0.0;MUNDO+JUSTO;28;7.1;;0;0.0;;0;0.0;;0;0.0;;0;0.0
2104108008;Huelva;40.7;PP;30.4;82;30.4;69;25.6;60;22.2;46;17.0;0;0.0;MUNDO+JUSTO;10;3.7;;0;0.0;;0;0.0;;0;0.0;;0;0.0
2104108009;Huelva;30.0;PSOE-A;40.2;48;16.5;117;40.2;46;15.8;22;7.6;0;0.0;FE de las JONS;24;8.2;;0;0.0;;0;0.0;;0;0.0;;0;0.0
2104108010;Huelva;42.9;PSOE-A;34.8;111;29.4;131;34.8;56;14.8;17;4.5;0;0.0;MUNDO+JUSTO;21;5.6;;0;0.0;;0;0.0;;0;0.0;;0;0.0
2104108011;Huelva;54.7;PP;42.6;191;42.6;79;17.6;20;4.5;65;14.5;0;0.0;PACMA;35;7.8;FE de las JONS;25;5.6;;0;0.0;;0;0.0;;0;0.0
2104108012;Huelva;42.2;PP;37.7;142;37.7;113;30.0;24;6.4;18;4.8;0;0.0;IZAR;30;8.0;PACMA;19;5.0;;0;0.0;;0;0.0;;0;0.0
2104108013;Huelva;46.2;PP;32.0;117;32.0;91;24.9;54;14.8;8;2.2;0;0.0;ESCAÑOS EN BLANCO;40;11.0;MUNDO+JUSTO;27;7.4;;0;0.0;;0;0.0;;0;0.0
2104108014;Huelva;47.8;PP;40.5;217;40.5;124;23.1;43;8.0;42;7.8;0;0.0;SALF;46;8.6;;0;0.0;;0;0.0;;0;0.0;;0;0.0
2104108015;Huelva;49.9;PP;49.8;263;49.8;168;31.8;33;6.2;45;8.5;0;0.0;PACMA;10;1.9;;0;0.0;;0;0.0;;0;0.0;;0;0.0
2104108016;Huelva;48.7;PSOE-A;29.8;108;28.3;114;29.8;20;5.2;56;14.7;0;0.0;ANDALUCISTAS-PA;40;10.5;PACMA;36;9.4;;0;0.0;;0;0.0;;0;0.0
2104201001;Huelva;40.1;PP;67.1;424;67.1;45;7.1;79;12.5;21;3.3;0;0.0;PACMA;31;4.9;;0;0.0;;0;0.0;;0;0.0;;0;0.0
2104202001;Huelva;41.2;PP;51.1;142;51.1;22;7.9;18;6.5;30;10.8;0;0.0;MUNDO+JUSTO;28;10.1;IZAR;22;7.9;;0;0.0;;0;0.0;;0;0.0
2104202002;Huelva;45.1;PP;43.1;239;43.1;96;17.3;72;13.0;30;5.4;0;0.0;HE>;38;6.8;;0;0.0;;0;0.0;;0;0.0;;0;0.0
2104202003;Huelva;51.9;PP;48.8;442;48.8;151;16.7;108;11.9;40;4.4;0;0.0;PACMA;44;4.9;NA;44;4.9;;0;0.0;;0;0.0;;0;0.0
2104202004;Huelva;36.1;PP;47.8;330;47.8;82;11.9;134;19.4;44;6.4;0;0.0;PACMA;31;4.5;;0;0.0;;0;0.0;;0;0.0;;0;0.0
2104202005;Huelva;41.6;PP;32.7;100;32.7;58;19.0;70;22.9;5;1.6;0;0.0;IZAR;40;13.1;ANDALUCISTAS-PA;17;5.6;;0;0.0;;0;0.0;;0;0.0
2104203001;Huelva;36.9;PP;39.1;249;39.1;126;19.8;87;13.7;29;4.6;20;3.1;ANDALUCISTAS-PA;39;6.1;;0;0.0;;0;0.0;;0;0.0;;0;0.0
2104203002;Huelva;33.4;PP;48.1;205;48.1;75;17.6;27;6.3;33;7.8;0;0.0;FE de las JONS;35;8.2;;0;0.0;;0;0.0;;0;0.0;;0;0.0
2104203003;Huelva;38.9;PP;52.0;354;52.0;44;6.5;47;6.9;38;5.6;0;0.0;PACMA;77;11.3;ANDALUCISTAS-PA;52;7.6;;0;0.0;;0;0.0;;0;0.0
2104203004;Huelva;19.8;PSOE-A;35.6;32;31.7;36;35.6;2;2.0;0;0.0;0;0.0;ANDALUCISTAS-PA;17;16.8;PACMA;6;5.9;FE de las JONS;6;5.9;;0;0.0;;0;0.0
2104203005;Huelva;37.3;PP;39.8;247;39.8;127;20.5;144;23.2;20;3.2;58;9.4;;0;0.0;;0;0.0;;0;0.0;;0;0.0;;0;0.0
2104204001;Huelva;48.7;PP;45.4;265;45.4;71;12.2;127;21.8;32;5.5;22;3.8;PACMA;28;4.8;;0;0.0;;0;0.0;;0;0.0;;0;0.0
2104301001;Huelva;72.0;PSOE-A;49.4;156;21.1;365;49.4;88;11.9;0;0.0;0;0.0;NA;46;6.2;FE de las JONS;42;5.7;;0;0.0;;0;0.0;;0;0.0
2104301002;Huelva;56.9;PP;36.8;154;36.8;144;34.4;59;14.1;3;0.7;0;0.0;IZAR;25;6.0;FE de las JONS;24;5.7;;0;0.0;;0;0.0;;0;0.0
2104401001;Huelva;64.2;PP;63.2;444;63.2;63;9.0;45;6.4;62;8.8;0;0.0;IZAR;56;8.0;;0;0.0;;0;0.0;;0;0.0;;0;0.0
2104401002;Huelva;58.8;PP;50.6;304;50.6;126;21.0;34;5.7;33;5.5;17;2.8;IZAR;35;5.8;MUNDO+JUSTO;34;5.7;;0;0.0;;0;0.0;;0;0.0
2104401003;Huelva;42.6;PP;47.1;244;47.1;116;22.4;88;17.0;2;0.4;0;0.0;ANDALUCISTAS-PA;30;5.8;FE de las JONS;26;5.0;;0;0.0;;0;0.0;;0;0.0
2104401004;Huelva;49.0;PP;52.3;343;52.3;111;16.9;87;13.3;41;6.2;0;0.0;PACMA;25;3.8;;0;0.0;;0;0.0;;0;0.0;;0;0.0
2104401005;Huelva;49.1;PP;43.7;299;43.7;83;12.1;148;21.6;29;4.2;0;0.0;MUNDO+JUSTO;34;5.0;FE de las JONS;31;4.5;;0;0.0;;0;0.0;;0;0.0
2104401006;Huelva;47.9;PP;44.8;223;44.8;108;21.7;89;17.9;22;4.4;0;0.0;FE de las JONS;23;4.6;;0;0.0;;0;0.0;;0;0.0;;0;0.0
2104401007;Huelva;50.4;PP;42.7;260;42.7;108;17.7;131;21.5;51;8.4;0;0.0;ANDALUCISTAS-PA;18;3.0;;0;0.0;;0;0.0;;0;0.0;;0;0.0
2104402001;Huelva;49.4;PP;49.1;350;49.1;79;11.1;159;22.3;3;0.4;58;8.1;MUNDO+JUSTO;28;3.9;;0;0.0;;0;0.0;;0;0.0;;0;0.0
2104402002;Huelva;58.3;PP;57.5;384;57.5;39;5.8;166;24.8;0;0.0;0;0.0;NA;35;5.2;ANDALUCISTAS-PA;26;3.9;;0;0.0;;0;0.0;;0;0.0
2104402003;Huelva;54.6;PP;54.0;415;54.0;123;16.0;89;11.6;29;3.8;0;0.0;MUNDO+JUSTO;36;4.7;;0;0.0;;0;0.0;;0;0.0;;0;0.0
2104402004;Huelva;44.8;PP;47.7;229;47.7;99;20.6;89;18.5;4;0.8;0;0.0;NA;27;5.6;MUNDO+JUSTO;11;2.3;;0;0.0;;0;0.0;;0;0.0
2104403001;Huelva;49.6;PP;45.9;202;45.9;60;13.6;66;15.0;1;0.2;0;0.0;SALF;25;5.7;MUNDO+JUSTO;23;5.2;;0;0.0;;0;0.0;;0;0.0
2104403002;Huelva;50.6;PP;60.0;339;60.0;72;12.7;75;13.3;4;0.7;45;8.0;FE de las JONS;17;3.0;;0;0.0;;0;0.0;;0;0.0;;0;0.0
2104403003;Huelva;45.4;PP;47.1;342;47.1;37;5.1;97;13.4;98;13.5;25;3.4;NA;40;5.5;;0;0.0;;0;0.0;;0;0.0;;0;0.0
2104403004;Huelva;51.0;PP;44.2;209;44.2;70;14.8;88;18.6;1;0.2;0;0.0;MUNDO+JUSTO;46;9.7;PACMA;27;5.7;;0;0.0;;0;0.0;;0;0.0
2104403005;Huelva;50.6;PP;48.2;289;48.2;78;13.0;120;20.0;10;1.7;0;0.0;PACMA;41;6.8;MUNDO+JUSTO;29;4.8;;0;0.0;;0;0.0;;0;0.0
2104501001;Huelva;58.0;PSOE-A;40.9;25;19.7;52;40.9;19;15.0;21;16.5;0;0.0;NA;8;6.3;;0;0.0;;0;0.0;;0;0.0;;0;0.0
2104601001;Huelva;63.5;PP;61.2;648;61.2;119;11.2;93;8.8;63;6.0;0;0.0;ANDALUCISTAS-PA;78;7.4;;0;0.0;;0;0.0;;0;0.0;;0;0.0
2104701001;Huelva;53.3;PP;36.8;141;36.8;124;32.4;33;8.6;30;7.8;0;0.0;ESCAÑOS EN BLANCO;52;13.6;;0;0.0;;0;0.0;;0;0.0;;0;0.0
2104702001;Huelva;39.1;PSOE-A;38.4;145;35.4;157;38.4;34;8.3;15;3.7;0;0.0;PCPA;28;6.8;MUNDO+JUSTO;16;3.9;;0;0.0;;0;0.0;;0;0.0
2104801001;Huelva;57.5;PP;43.9;86;43.9;49;25.0;16;8.2;3;1.5;0;0.0;ESCAÑOS EN BLANCO;18;9.2;ANDALUCISTAS-PA;15;7.6;;0;0.0;;0;0.0;;0;0.0
2104901001;Huelva;49.1;PP;35.9;109;35.9;96;31.6;28;9.2;24;7.9;0;0.0;SALF;15;4.9;;0;0.0;;0;0.0;;0;0.0;;0;0.0
2104901002;Huelva;49.8;PSOE-A;38.9;104;26.6;152;38.9;18;4.6;40;10.2;0;0.0;HE>;36;9.2;FE de las JONS;29;7.4;;0;0.0;;0;0.0;;0;0.0
2104901003;Huelva;58.8;PP;39.8;237;39.8;161;27.0;1;0.2;86;14.4;43;7.2;MUNDO+JUSTO;34;5.7;;0;0.0;;0;0.0;;0;0.0;;0;0.0
2104902001;Huelva;41.3;PSOE-A;53.2;38;15.3;132;53.2;17;6.8;23;9.3;0;0.0;SALF;16;6.4;;0;0.0;;0;0.0;;0;0.0;;0;0.0
2105001001;Huelva;50.9;PP;34.2;238;34.2;195;28.0;135;19.4;22;3.2;0;0.0;SALF;61;8.8;MUNDO+JUSTO;28;4.0;;0;0.0;;0;0.0;;0;0.0
2105001002;Huelva;59.5;PP;53.2;336;53.2;111;17.6;58;9.2;27;4.3;0;0.0;ANDALUCISTAS-PA;44;7.0;MUNDO+JUSTO;29;4.6;;0;0.0;;0;0.0;;0;0.0
2105001003;Huelva;52.2;PSOE-A;34.6;286;29.5;335;34.6;134;13.8;40;4.1;0;0.0;MUNDO+JUSTO;52;5.4;;0;0.0;;0;0.0;;0;0.0;;0;0.0
2105002001;Huelva;59.1;PP;33.9;228;33.9;218;32.4;68;10.1;33;4.9;0;0.0;NA;39;5.8;ESCAÑOS EN BLANCO;35;5.2;;0;0.0;;0;0.0;;0;0.0
2105002002;Huelva;62.8;PP;39.7;240;39.7;167;27.6;93;15.4;0;0.0;0;0.0;ANDALUCISTAS-PA;36;6.0;PACMA;25;4.1;;0;0.0;;0;0.0;;0;0.0
2105002003;Huelva;58.2;PP;46.0;240;46.0;182;34.9;45;8.6;20;3.8;0;0.0;NA;16;3.1;;0;0.0;;0;0.0;;0;0.0;;0;0.0
2105003001;Huelva;55.7;PP;42.2;307;42.2;191;26.2;110;15.1;24;3.3;0;0.0;PACMA;34;4.7;FE de las JONS;26;3.6;;0;0.0;;0;0.0;;0;0.0
2105003002;Huelva;53.7;PP;47.8;478;47.8;213;21.3;196;19.6;9;0.9;3;0.3;FE de las JONS;32;3.2;MUNDO+JUSTO;21;2.1;;0;0.0;;0;0.0;;0;0.0
2105003003;Huelva;64.6;PP;38.2;345;38.2;227;25.2;94;10.4;76;8.4;0;0.0;MUNDO+JUSTO;92;10.2;;0;0.0;;0;0.0;;0;0.0;;0;0.0
2105003004;Huelva;56.8;PP;35.5;221;35.5;113;18.1;73;11.7;78;12.5;0;0.0;IZAR;65;10.4;;0;0.0;;0;0.0;;0;0.0;;0;0.0
2105101001;Huelva;70.4;PSOE-A;40.2;32;20.1;64;40.2;30;18.9;10;6.3;9;5.7;;0;0.0;;0;0.0;;0;0.0;;0;0.0;;0;0.0
2105201001;Huelva;56.5;PP;34.5;138;34.5;95;23.8;31;7.8;32;8.0;0;0.0;SALF;67;16.8;;0;0.0;;0;0.0;;0;0.0;;0;0.0
2105201002;Huelva;52.6;PP;33.2;121;33.2;109;29.9;0;0.0;52;14.2;0;0.0;ANDALUCISTAS-PA;51;14.0;MUNDO+JUSTO;27;7.4;;0;0.0;;0;0.0;;0;0.0
2105202001;Huelva;52.4;PSOE-A;35.5;141;21.9;228;35.5;109;17.0;15;2.3;0;0.0;ANDALUCISTAS-PA;89;13.8;IZAR;50;7.8;;0;0.0;;0;0.0;;0;0.0
2105203001;Huelva;50.1;PSOE-A;52.0;45;16.6;141;52.0;13;4.8;35;12.9;0;0.0;MUNDO+JUSTO;22;8.1;NA;15;5.5;;0;0.0;;0;0.0;;0;0.0
2105203002;Huelva;23.4;PSOE-A;48.5;30;15.0;97;48.5;5;2.5;26;13.0;0;0.0;MUNDO+JUSTO;17;8.5;ESCAÑOS EN BLANCO;16;8.0;;0;0.0;;0;0.0;;0;0.0
2105301001;Huelva;0.0;;0.0;0;0.0;0;0.0;0;0.0;0;0.0;0;0.0;;0;0.0;;0;0.0;;0;0.0;;0;0.0;;0;0.0
2105302001;Huelva;0.0;;0.0;0;0.0;0;0.0;0;0.0;0;0.0;0;0.0;;0;0.0;;0;0.0;;0;0.0;;0;0.0;;0;0.0
2105303001;Huelva;0.0;;0.0;0;0.0;0;0.0;0;0.0;0;0.0;0;0.0;;0;0.0;;0;0.0;;0;0.0;;0;0.0;;0;0.0
2105401001;Huelva;0.0;;0.0;0;0.0;0;0.0;0;0.0;0;0.0;0;0.0;;0;0.0;;0;0.0;;0;0.0;;0;0.0;;0;0.0
2105401002;Huelva;0.0;;0.0;0;0.0;0;0.0;0;0.0;0;0.0;0;0.0;;0;0.0;;0;0.0;;0;0.0;;0;0.0;;0;0.0
2105401003;Huelva;0.0;;0.0;0;0.0;0;0.0;0;0.0;0;0.0;0;0.0;;0;0.0;;0;0.0;;0;0.0;;0;0.0;;0;0.0
2105401004;Huelva;0.0;;0.0;0;0.0;0;0.0;0;0.0;0;0.0;0;0.0;;0;0.0;;0;0.0;;0;0.0;;0;0.0;;0;0.0
2105401005;Huelva;0.0;;0.0;0;0.0;0;0.0;0;0.0;0;0.0;0;0.0;;0;0.0;;0;0.0;;0;0.0;;0;0.0;;0;0.0
2105401006;Huelva;0.0;;0.0;0;0.0;0;0.0;0;0.0;0;0.0;0;0.0;;0;0.0;;0;0.0;;0;0.0;;0;0.0;;0;0.0
2105501001;Huelva;0.0;;0.0;0;0.0;0;0.0;0;0.0;0;0.0;0;0.0;;0;0.0;;0;0.0;;0;0.0;;0;0.0;;0;0.0
2105501002;Huelva;0.0;;0.0;0;0.0;0;0.0;0;0.0;0;0.0;0;0.0;;0;0.0;;0;0.0;;0;0.0;;0;0.0;;0;0.0
2105501003;Huelva;0.0;;0.0;0;0.0;0;0.0;0;0.0;0;0.0;0;0.0;;0;0.0;;0;0.0;;0;0.0;;0;0.0;;0;0.0
2105501004;Huelva;0.0;;0.0;0;0.0;0;0.0;0;0.0;0;0.0;0;0.0;;0;0.0;;0;0.0;;0;0.0;;0;0.0;;0;0.0
2105501005;Huelva;0.0;;0.0;0;0.0;0;0.0;0;0.0;0;0.0;0;0.0;;0;0.0;;0;0.0;;0;0.0;;0;0.0;;0;0.0
2105501006;Huelva;31.8;PP;47.7;174;47.7;77;21.1;30;8.2;0;0.0;0;0.0;NA;52;14.2;MUNDO+JUSTO;16;4.4;;0;0.0;;0;0.0;;0;0.0
2105601001;Huelva;64.3;PSOE-A;46.2;174;29.0;277;46.2;8;1.3;98;16.4;0;0.0;NA;19;3.2;MUNDO+JUSTO;13;2.2;;0;0.0;;0;0.0;;0;0.0
2105601002;Huelva;57.5;PSOE-A;50.0;103;27.0;191;50.0;17;4.4;23;6.0;0;0.0;NA;30;7.8;;0;0.0;;0;0.0;;0;0.0;;0;0.0
2105602001;Huelva;65.7;PP;36.8;259;36.8;235;33.4;36;5.1;64;9.1;0;0.0;PACMA;47;6.7;HE>;39;5.5;;0;0.0;;0;0.0;;0;0.0
2105701001;Huelva;48.0;PSOE-A;46.8;122;27.2;210;46.8;4;0.9;12;2.7;0;0.0;ESCAÑOS EN BLANCO;26;5.8;MUNDO+JUSTO;22;4.9;NA;18;4.0;;0;0.0;;0;0.0
2105801001;Huelva;59.8;PSOE-A;58.0;42;7.7;317;58.0;59;10.8;31;5.7;17;3.1;MUNDO+JUSTO;67;12.2;;0;0.0;;0;0.0;;0;0.0;;0;0.0
2105802001;Huelva;56.8;PSOE-A;39.6;292;32.0;361;39.6;65;7.1;29;3.2;0;0.0;FE de las JONS;68;7.5;PACMA;31;3.4;;0;0.0;;0;0.0;;0;0.0
2105901001;Huelva;59.0;PSOE-A;53.6;21;16.8;67;53.6;8;6.4;0;0.0;0;0.0;HE>;21;16.8;NA;6;4.8;;0;0.0;;0;0.0;;0;0.0
2106001001;Huelva;59.3;PP;42.2;479;42.2;190;16.7;249;21.9;47;4.1;0;0.0;MUNDO+JUSTO;49;4.3;;0;0.0;;0;0.0;;0;0.0;;0;0.0
2106001002;Huelva;52.6;PP;38.1;225;38.1;146;24.8;101;17.1;7;1.2;0;0.0;IZAR;32;5.4;SALF;25;4.2;;0;0.0;;0;0.0;;0;0.0
2106001003;Huelva;56.3;PP;44.2;352;44.2;177;22.2;92;11.5;28;3.5;0;0.0;FE de las JONS;60;7.5;;0;0.0;;0;0.0;;0;0.0;;0;0.0
2106001004;Huelva;45.2;PP;47.5;290;47.5;114;18.7;35;5.7;4;0.7;0;0.0;MUNDO+JUSTO;73;12.0;HE>;39;6.4;;0;0.0;;0;0.0;;0;0.0
2106001005;Huelva;62.6;PP;45.5;446;45.5;95;9.7;148;15.1;33;3.4;0;0.0;ANDALUCISTAS-PA;156;15.9;FE de las JONS;39;4.0;;0;0.0;;0;0.0;;0;0.0
2106001006;Huelva;51.9;PP;51.6;254;51.6;55;11.2;24;4.9;50;10.2;0;0.0;MUNDO+JUSTO;47;9.6;SALF;32;6.5;;0;0.0;;0;0.0;;0;0.0
2106001007;Huelva;60.1;PP;33.4;270;33.4;157;19.4;94;11.6;107;13.2;0;0.0;HE>;85;10.5;;0;0.0;;0;0.0;;0;0.0;;0;0.0
2106001008;Huelva;51.8;PP;44.4;185;44.4;79;18.9;21;5.0;61;14.6;0;0.0;MUNDO+JUSTO;62;14.9;;0;0.0;;0;0.0;;0;0.0;;0;0.0
2106001009;Huelva;43.7;PP;40.3;223;40.3;118;21.3;64;11.6;37;6.7;0;0.0;PACMA;46;8.3;;0;0.0;;0;0.0;;0;0.0;;0;0.0
2106001010;Huelva;39.0;PP;43.2;276;43.2;115;18.0;41;6.4;27;4.2;0;0.0;HE>;64;10.0;ANDALUCISTAS-PA;40;6.3;;0;0.0;;0;0.0;;0;0.0
2106101001;Huelva;57.6;PP;52.5;269;52.5;66;12.9;59;11.5;0;0.0;0;0.0;NA;58;11.3;MUNDO+JUSTO;16;3.1;;0;0.0;;0;0.0;;0;0.0
2106101002;Huelva;56.8;PP;45.8;418;45.8;220;24.1;89;9.8;32;3.5;0;0.0;PACMA;60;6.6;MUNDO+JUSTO;32;3.5;;0;0.0;;0;0.0;;0;0.0
2106102001;Huelva;53.3;PP;56.2;281;56.2;84;16.8;33;6.6;13;2.6;0;0.0;MUNDO+JUSTO;26;5.2;ESCAÑOS EN BLANCO;25;5.0;;0;0.0;;0;0.0;;0;0.0
2106102002;Huelva;50.0;PP;35.6;267;35.6;227;30.3;115;15.3;6;0.8;0;0.0;SALF;42;5.6;MUNDO+JUSTO;42;5.6;;0;0.0;;0;0.0;;0;0.0
2106201001;Huelva;46.1;PP;37.2;234;37.2;173;27.5;62;9.9;10;1.6;0;0.0;MUNDO+JUSTO;74;11.8;ANDALUCISTAS-PA;45;7.2;;0;0.0;;0;0.0;;0;0.0
2106301001;Huelva;67.1;PSOE-A;43.1;204;31.5;279;43.1;36;5.6;7;1.1;0;0.0;ANDALUCISTAS-PA;41;6.3;NA;37;5.7;;0;0.0;;0;0.0;;0;0.0
2106301002;Huelva;66.7;PSOE-A;46.3;294;27.9;488;46.3;108;10.2;95;9.0;0;0.0;ANDALUCISTAS-PA;22;2.1;;0;0.0;;0;0.0;;0;0.0;;0;0.0
2106401001;Huelva;52.5;PP;42.0;354;42.0;232;27.6;90;10.7;4;0.5;0;0.0;PCPA;42;5.0;NA;40;4.8;;0;0.0;;0;0.0;;0;0.0
2106401002;Huelva;53.5;PP;35.8;206;35.8;171;29.7;71;12.4;32;5.6;0;0.0;ANDALUCISTAS-PA;27;4.7;;0;0.0;;0;0.0;;0;0.0;;0;0.0
2106402001;Huelva;54.5;PSOE-A;45.0;157;28.5;248;45.0;24;4.4;33;6.0;0;0.0;FE de las JONS;39;7.1;MUNDO+JUSTO;25;4.5;;0;0.0;;0;0.0;;0;0.0
2106402002;Huelva;56.3;PSOE-A;39.4;285;27.1;415;39.4;144;13.7;44;4.2;0;0.0;NA;60;5.7;;0;0.0;;0;0.0;;0;0.0;;0;0.0
2106402003;Huelva;52.8;PSOE-A;30.5;212;27.9;232;30.5;107;14.1;37;4.9;0;0.0;PCPA;49;6.4;PACMA;44;5.8;;0;0.0;;0;0.0;;0;0.0
2106501001;Huelva;56.1;PP;48.1;75;48.1;34;21.8;18;11.5;1;0.6;17;10.9;PACMA;7;4.5;;0;0.0;;0;0.0;;0;0.0;;0;0.0
2106601001;Huelva;76.9;PSOE-A;60.2;75;19.6;230;60.2;25;6.5;0;0.0;0;0.0;HE>;24;6.3;ANDALUCISTAS-PA;19;5.0;;0;0.0;;0;0.0;;0;0.0
2106701001;Huelva;59.5;PSOE-A;45.7;45;18.5;111;45.7;5;2.1;37;15.2;0;0.0;PACMA;16;6.6;MUNDO+JUSTO;11;4.5;;0;0.0;;0;0.0;;0;0.0
2106801001;Huelva;50.5;PSOE-A;46.8;142;29.5;225;46.8;46;9.6;3;0.6;0;0.0;MUNDO+JUSTO;24;5.0;PACMA;17;3.5;;0;0.0;;0;0.0;;0;0.0
2106901001;Huelva;55.9;PP;37.8;122;37.8;111;34.4;7;2.2;0;0.0;0;0.0;PACMA;45;13.9;MUNDO+JUSTO;22;6.8;FE de las JONS;10;3.1;;0;0.0;;0;0.0
2106901002;Huelva;58.1;PSOE-A;36.8;201;31.3;236;36.8;31;4.8;30;4.7;0;0.0;ANDALUCISTAS-PA;67;10.4;MUNDO+JUSTO;34;5.3;;0;0.0;;0;0.0;;0;0.0
2107001001;Huelva;63.2;PP;42.3;361;42.3;197;23.1;31;3.6;116;13.6;0;0.0;NA;60;7.0;;0;0.0;;0;0.0;;0;0.0;;0;0.0
2107001002;Huelva;47.9;PSOE-A;50.1;157;20.0;394;50.1;103;13.1;23;2.9;16;2.0;ANDALUCISTAS-PA;43;5.5;;0;0.0;;0;0.0;;0;0.0;;0;0.0
2107001003;Huelva;50.6;PSOE-A;37.5;119;21.4;209;37.5;38;6.8;49;8.8;0;0.0;FE de las JONS;43;7.7;HE>;41;7.4;;0;0.0;;0;0.0;;0;0.0
2107002001;Huelva;53.5;PP;32.9;148;32.9;142;31.6;64;14.2;10;2.2;14;3.1;MUNDO+JUSTO;28;6.2;PCPA;24;5.3;;0;0.0;;0;0.0;;0;0.0
2107002002;Huelva;53.6;PP;41.6;323;41.6;212;27.3;27;3.5;64;8.2;0;0.0;PACMA;41;5.3;FE de las JONS;35;4.5;;0;0.0;;0;0.0;;0;0.0
2107101001;Huelva;70.2;PP;33.3;48;33.3;34;23.6;0;0.0;21;14.6;0;0.0;ANDALUCISTAS-PA;21;14.6;NA;9;6.2;;0;0.0;;0;0.0;;0;0.0
2107201001;Huelva;68.4;PP;45.2;239;45.2;131;24.8;0;0.0;65;12.3;0;0.0;ESCAÑOS EN BLANCO;69;13.0;FE de las JONS;13;2.5;;0;0.0;;0;0.0;;0;0.0
2107201002;Huelva;62.0;PSOE-A;42.3;130;30.2;182;42.3;35;8.1;21;4.9;0;0.0;MUNDO+JUSTO;36;8.4;;0;0.0;;0;0.0;;0;0.0;;0;0.0
2107201003;Huelva;65.6;PSOE-A;35.7;224;33.4;239;35.7;46;6.9;83;12.4;0;0.0;NA;26;3.9;;0;0.0;;0;0.0;;0;0.0;;0;0.0
2107201004;Huelva;60.5;PP;47.4;175;47.4;85;23.0;5;1.4;22;6.0;0;0.0;PCPA;36;9.8;ANDALUCISTAS-PA;23;6.2;;0;0.0;;0;0.0;;0;0.0
2107202001;Huelva;64.3;PP;54.5;226;54.5;131;31.6;28;6.8;11;2.6;0;0.0;ANDALUCISTAS-PA;19;4.6;;0;0.0;;0;0.0;;0;0.0;;0;0.0
2107202002;Huelva;60.0;PSOE-A;35.2;290;31.7;322;35.2;108;11.8;0;0.0;0;0.0;FE de las JONS;84;9.2;IZAR;44;4.8;;0;0.0;;0;0.0;;0;0.0
2107203001;Huelva;65.2;PP;45.4;263;45.4;157;27.1;62;10.7;34;5.9;0;0.0;ANDALUCISTAS-PA;26;4.5;;0;0.0;;0;0.0;;0;0.0;;0;0.0
2107203002;Huelva;63.4;PP;39.7;367;39.7;295;31.9;90;9.7;96;10.4;0;0.0;ANDALUCISTAS-PA;37;4.0;;0;0.0;;0;0.0;;0;0.0;;0;0.0
2107203003;Huelva;64.3;PP;35.2;320;35.2;267;29.4;23;2.5;53;5.8;0;0.0;HE>;82;9.0;PACMA;66;7.3;;0;0.0;;0;0.0;;0;0.0
2107203004;Huelva;62.3;PP;43.2;262;43.2;195;32.2;50;8.2;0;0.0;0;0.0;ESCAÑOS EN BLANCO;52;8.6;PACMA;17;2.8;;0;0.0;;0;0.0;;0;0.0
2107301001;Huelva;43.6;PP;43.1;159;43.1;106;28.7;2;0.5;37;10.0;0;0.0;IZAR;37;10.0;NA;13;3.5;;0;0.0;;0;0.0;;0;0.0
2107301002;Huelva;46.6;PP;47.8;256;47.8;168;31.3;10;1.9;21;3.9;0;0.0;NA;50;9.3;MUNDO+JUSTO;27;5.0;;0;0.0;;0;0.0;;0;0.0
2107401001;Huelva;66.3;PP;48.0;194;48.0;127;31.4;13;3.2;50;12.4;0;0.0;MUNDO+JUSTO;11;2.7;;0;0.0;;0;0.0;;0;0.0;;0;0.0
2107401002;Huelva;61.1;PP;48.5;209;48.5;140;32.5;0;0.0;56;13.0;0;0.0;IZAR;20;4.6;NA;1;0.2;;0;0.0;;0;0.0;;0;0.0
2107401003;Huelva;63.4;PP;46.3;405;46.3;242;27.7;45;5.2;1;0.1;0;0.0;PACMA;73;8.4;FE de las JONS;48;5.5;;0;0.0;;0;0.0;;0;0.0
2107501001;Huelva;67.1;PP;39.1;77;39.1;69;35.0;0;0.0;0;0.0;0;0.0;SALF;29;14.7;NA;8;4.1;MUNDO+JUSTO;7;3.6;;0;0.0;;0;0.0
2107601001;Huelva;57.2;PSOE-A;40.5;188;26.3;289;40.5;76;10.6;22;3.1;0;0.0;SALF;57;8.0;MUNDO+JUSTO;28;3.9;;0;0.0;;0;0.0;;0;0.0
2107602001;Huelva;57.4;PSOE-A;37.2;170;34.0;186;37.2;25;5.0;6;1.2;0;0.0;NA;82;16.4;ANDALUCISTAS-PA;26;5.2;;0;0.0;;0;0.0;;0;0.0
2107701001;Huelva;63.7;PP;46.6;164;46.6;102;29.0;24;6.8;10;2.8;0;0.0;MUNDO+JUSTO;29;8.2;FE de las JONS;12;3.4;;0;0.0;;0;0.0;;0;0.0
2107702001;Huelva;68.4;PP;44.7;351;44.7;258;32.8;49;6.2;67;8.5;0;0.0;PACMA;29;3.7;;0;0.0;;0;0.0;;0;0.0;;0;0.0
2107801001;Huelva;50.8;PSOE-A;43.9;88;32.5;119;43.9;15;5.5;27;10.0;0;0.0;PACMA;12;4.4;;0;0.0;;0;0.0;;0;0.0;;0;0.0
2107801002;Huelva;54.9;PSOE-A;37.0;110;23.0;177;37.0;37;7.7;73;15.2;0;0.0;ANDALUCISTAS-PA;51;10.6;;0;0.0;;0;0.0;;0;0.0;;0;0.0
2107802001;Huelva;58.5;PSOE-A;34.4;96;30.0;110;34.4;0;0.0;28;8.8;0;0.0;MUNDO+JUSTO;72;22.5;PACMA;12;3.8;;0;0.0;;0;0.0;;0;0.0
2107802002;Huelva;52.3;PSOE-A;44.0;57;20.2;124;44.0;2;0.7;67;23.8;0;0.0;FE de las JONS;16;5.7;NA;8;2.8;;0;0.0;;0;0.0;;0;0.0
2107901001;Huelva;57.9;PSOE-A;42.0;101;28.9;147;42.0;29;8.3;20;5.7;0;0.0;PACMA;31;8.9;;0;0.0;;0;0.0;;0;0.0;;0;0.0
2190201001;Huelva;54.4;PSOE-A;52.9;89;15.8;298;52.9;5;0.9;66;11.7;0;0.0;FE de las JONS;35;6.2;MUNDO+JUSTO;31;5.5;;0;0.0;;0;0.0;;0;0.0
2300101001;Jaén;0.0;;0.0;0;0.0;0;0.0;0;0.0;0;0.0;0;0.0;;0;0.0;;0;0.0;;0;0.0;;0;0.0;;0;0.0
2300201001;Jaén;0.0;;0.0;0;0.0;0;0.0;0;0.0;0;0.0;0;0.0;;0;0.0;;0;0.0;;0;0.0;;0;0.0;;0;0.0
2300201002;Jaén;0.0;;0.0;0;0.0;0;0.0;0;0.0;0;0.0;0;0.0;;0;0.0;;0;0.0;;0;0.0;;0;0.0;;0;0.0
2300201003;Jaén;0.0;;0.0;0;0.0;0;0.0;0;0.0;0;0.0;0;0.0;;0;0.0;;0;0.0;;0;0.0;;0;0.0;;0;0.0
2300202001;Jaén;0.0;;0.0;0;0.0;0;0.0;0;0.0;0;0.0;0;0.0;;0;0.0;;0;0.0;;0;0.0;;0;0.0;;0;0.0
2300202002;Jaén;0.0;;0.0;0;0.0;0;0.0;0;0.0;0;0.0;0;0.0;;0;0.0;;0;0.0;;0;0.0;;0;0.0;;0;0.0
2300202004;Jaén;0.0;;0.0;0;0.0;0;0.0;0;0.0;0;0.0;0;0.0;;0;0.0;;0;0.0;;0;0.0;;0;0.0;;0;0.0
2300203001;Jaén;0.0;;0.0;0;0.0;0;0.0;0;0.0;0;0.0;0;0.0;;0;0.0;;0;0.0;;0;0.0;;0;0.0;;0;0.0
2300203002;Jaén;33.1;PP;73.6;349;73.6;16;3.4;74;15.6;2;0.4;0;0.0;ESCAÑOS EN BLANCO;23;4.8;NA;8;1.7;;0;0.0;;0;0.0;;0;0.0
2300203003;Jaén;65.9;PP;30.9;178;30.9;159;27.6;61;10.6;7;1.2;0;0.0;MUNDO+JUSTO;78;13.5;PCPA;47;8.2;;0;0.0;;0;0.0;;0;0.0
2300204001;Jaén;65.5;PP;41.6;247;41.6;124;20.9;87;14.6;17;2.9;0;0.0;MUNDO+JUSTO;51;8.6;PACMA;25;4.2;;0;0.0;;0;0.0;;0;0.0
2300204002;Jaén;74.6;PP;59.5;762;59.5;131;10.2;148;11.6;8;0.6;0;0.0;FE de las JONS;90;7.0;MUNDO+JUSTO;60;4.7;;0;0.0;;0;0.0;;0;0.0
2300204003;Jaén;63.7;PP;35.8;213;35.8;161;27.1;90;15.1;13;2.2;0;0.0;MUNDO+JUSTO;75;12.6;PCPA;19;3.2;;0;0.0;;0;0.0;;0;0.0
2300204005;Jaén;66.6;PP;40.7;253;40.7;128;20.6;137;22.1;38;6.1;0;0.0;NA;22;3.5;;0;0.0;;0;0.0;;0;0.0;;0;0.0
2300205001;Jaén;62.5;PP;35.7;240;35.7;187;27.8;113;16.8;37;5.5;0;0.0;ESCAÑOS EN BLANCO;29;4.3;;0;0.0;;0;0.0;;0;0.0;;0;0.0
2300205002;Jaén;61.0;PP;45.8;458;45.8;144;14.4;188;18.8;61;6.1;0;0.0;ANDALUCISTAS - PA;68;6.8;;0;0.0;;0;0.0;;0;0.0;;0;0.0
2300205003;Jaén;58.6;PSOE-A;29.2;121;25.6;138;29.2;24;5.1;92;19.4;0;0.0;ANDALUCISTAS - PA;39;8.2;PACMA;29;6.1;;0;0.0;;0;0.0;;0;0.0
2300301001;Jaén;51.9;PSOE-A;43.0;60;19.0;136;43.0;39;12.3;45;14.2;0;0.0;PCPA;17;5.4;;0;0.0;;0;0.0;;0;0.0;;0;0.0
2300301002;Jaén;58.7;PSOE-A;43.0;128;32.6;169;43.0;52;13.2;0;0.0;0;0.0;MUNDO+JUSTO;19;4.8;PACMA;11;2.8;;0;0.0;;0;0.0;;0;0.0
2300301003;Jaén;55.2;PSOE-A;46.9;233;29.2;374;46.9;65;8.2;30;3.8;0;0.0;PACMA;65;8.2;;0;0.0;;0;0.0;;0;0.0;;0;0.0
2300301004;Jaén;64.2;PP;55.6;315;55.6;73;12.9;61;10.8;0;0.0;0;0.0;PACMA;66;11.6;ESCAÑOS EN BLANCO;34;6.0;;0;0.0;;0;0.0;;0;0.0
2300301005;Jaén;63.2;PP;34.9;282;34.9;237;29.3;129;16.0;52;6.4;0;0.0;NA;53;6.6;;0;0.0;;0;0.0;;0;0.0;;0;0.0
2300301007;Jaén;63.8;PP;46.6;535;46.6;217;18.9;163;14.2;15;1.3;0;0.0;SALF;68;5.9;PACMA;64;5.6;;0;0.0;;0;0.0;;0;0.0
2300302001;Jaén;79.3;PSOE-A;42.7;154;29.7;221;42.7;38;7.3;0;0.0;0;0.0;NA;46;8.9;MUNDO+JUSTO;27;5.2;;0;0.0;;0;0.0;;0;0.0
2300303001;Jaén;74.8;PSOE-A;40.2;218;34.1;257;40.2;34;5.3;0;0.0;0;0.0;MUNDO+JUSTO;59;9.2;SALF;47;7.4;;0;0.0;;0;0.0;;0;0.0
2300401001;Jaén;73.2;PSOE-A;30.8;41;14.3;88;30.8;57;19.9;28;9.8;0;0.0;MUNDO+JUSTO;41;14.3;;0;0.0;;0;0.0;;0;0.0;;0;0.0
2300501001;Jaén;64.5;PP;38.0;352;38.0;215;23.2;133;14.4;67;7.2;0;0.0;PCPA;61;6.6;;0;0.0;;0;0.0;;0;0.0;;0;0.0
2300501002;Jaén;66.2;PP;45.8;256;45.8;88;15.7;52;9.3;25;4.5;0;0.0;MUNDO+JUSTO;76;13.6;;0;0.0;;0;0.0;;0;0.0;;0;0.0
2300501003;Jaén;60.7;PP;44.2;315;44.2;92;12.9;92;12.9;82;11.5;0;0.0;ANDALUCISTAS - PA;30;4.2;;0;0.0;;0;0.0;;0;0.0;;0;0.0
2300501004;Jaén;66.3;PP;53.2;464;53.2;117;13.4;109;12.5;22;2.5;0;0.0;MUNDO+JUSTO;114;13.1;FE de las JONS;35;4.0;;0;0.0;;0;0.0;;0;0.0
2300501005;Jaén;54.3;PP;33.9;158;33.9;135;29.0;77;16.5;3;0.6;0;0.0;MUNDO+JUSTO;45;9.7;NA;16;3.4;;0;0.0;;0;0.0;;0;0.0
2300501006;Jaén;69.2;PP;58.6;336;58.6;85;14.8;91;15.9;19;3.3;0;0.0;FE de las JONS;20;3.5;;0;0.0;;0;0.0;;0;0.0;;0;0.0
2300502001;Jaén;42.2;PP;42.9;164;42.9;44;11.5;40;10.5;39;10.2;0;0.0;NA;46;12.0;MUNDO+JUSTO;43;11.3;;0;0.0;;0;0.0;;0;0.0
2300502002;Jaén;61.1;PP;48.2;351;48.2;81;11.1;55;7.5;12;1.6;77;10.6;MUNDO+JUSTO;70;9.6;;0;0.0;;0;0.0;;0;0.0;;0;0.0
2300502003;Jaén;53.8;PP;45.3;148;45.3;55;16.8;42;12.8;1;0.3;16;4.9;ESCAÑOS EN BLANCO;26;8.0;;0;0.0;;0;0.0;;0;0.0;;0;0.0
2300502004;Jaén;54.1;PP;43.1;310;43.1;137;19.0;123;17.1;31;4.3;0;0.0;PACMA;53;7.4;;0;0.0;;0;0.0;;0;0.0;;0;0.0
2300502005;Jaén;68.5;PP;64.1;401;64.1;87;13.9;18;2.9;42;6.7;41;6.6;PACMA;23;3.7;;0;0.0;;0;0.0;;0;0.0;;0;0.0
2300502006;Jaén;55.6;PP;31.3;178;31.3;161;28.3;80;14.1;23;4.0;0;0.0;FE de las JONS;55;9.7;NA;44;7.7;;0;0.0;;0;0.0;;0;0.0
2300502007;Jaén;60.0;PP;34.5;285;34.5;201;24.3;158;19.1;1;0.1;0;0.0;FE de las JONS;79;9.6;ANDALUCISTAS - PA;76;9.2;;0;0.0;;0;0.0;;0;0.0
2300502008;Jaén;67.0;PP;42.2;310;42.2;101;13.8;174;23.7;36;4.9;0;0.0;SALF;47;6.4;;0;0.0;;0;0.0;;0;0.0;;0;0.0
2300502009;Jaén;61.8;PP;40.5;224;40.5;97;17.5;90;16.3;12;2.2;0;0.0;NA;47;8.5;MUNDO+JUSTO;36;6.5;;0;0.0;;0;0.0;;0;0.0
2300503001;Jaén;61.0;PP;39.4;301;39.4;156;20.4;127;16.6;34;4.4;0;0.0;FE de las JONS;66;8.6;;0;0.0;;0;0.0;;0;0.0;;0;0.0
2300503002;Jaén;53.7;PP;33.6;190;33.6;149;26.3;48;8.5;55;9.7;0;0.0;ESCAÑOS EN BLANCO;40;7.1;;0;0.0;;0;0.0;;0;0.0;;0;0.0
2300503003;Jaén;58.9;PP;50.7;425;50.7;105;12.5;79;9.4;2;0.2;0;0.0;PCPA;81;9.7;MUNDO+JUSTO;49;5.8;;0;0.0;;0;0.0;;0;0.0
2300503004;Jaén;64.0;PP;39.4;333;39.4;219;25.9;21;2.5;99;11.7;0;0.0;ESCAÑOS EN BLANCO;65;7.7;PCPA;45;5.3;;0;0.0;;0;0.0;;0;0.0
2300503005;Jaén;52.0;PP;32.0;162;32.0;105;20.7;71;14.0;21;4.1;0;0.0;NA;61;12.0;PCPA;43;8.5;;0;0.0;;0;0.0;;0;0.0
2300503006;Jaén;56.5;PP;46.8;321;46.8;87;12.7;115;16.8;57;8.3;0;0.0;NA;72;10.5;;0;0.0;;0;0.0;;0;0.0;;0;0.0
2300503007;Jaén;62.7;PP;60.7;431;60.7;74;10.4;85;12.0;53;7.5;0;0.0;PACMA;23;3.2;;0;0.0;;0;0.0;;0;0.0;;0;0.0
2300503008;Jaén;48.8;PP;33.1;235;33.1;202;28.4;139;19.6;0;0.0;0;0.0;PCPA;45;6.3;MUNDO+JUSTO;31;4.4;;0;0.0;;0;0.0;;0;0.0
2300503009;Jaén;63.9;PP;42.5;413;42.5;247;25.4;75;7.7;59;6.1;0;0.0;MUNDO+JUSTO;54;5.6;;0;0.0;;0;0.0;;0;0.0;;0;0.0
2300504001;Jaén;55.9;PP;44.5;303;44.5;98;14.4;147;21.6;20;2.9;0;0.0;MUNDO+JUSTO;26;3.8;ESCAÑOS EN BLANCO;24;3.5;;0;0.0;;0;0.0;;0;0.0
2300504002;Jaén;59.4;PP;46.2;219;46.2;84;17.7;46;9.7;34;7.2;22;4.6;MUNDO+JUSTO;45;9.5;;0;0.0;;0;0.0;;0;0.0;;0;0.0
2300601001;Jaén;74.8;PSOE-A;43.2;142;30.1;204;43.2;11;2.3;7;1.5;0;0.0;ESCAÑOS EN BLANCO;33;7.0;PACMA;33;7.0;NA;33;7.0;;0;0.0;;0;0.0
2300601002;Jaén;75.5;PSOE-A;39.8;261;26.1;398;39.8;66;6.6;70;7.0;0;0.0;ESCAÑOS EN BLANCO;97;9.7;;0;0.0;;0;0.0;;0;0.0;;0;0.0
2300601003;Jaén;66.6;PSOE-A;45.7;218;32.6;306;45.7;17;2.5;91;13.6;0;0.0;ESCAÑOS EN BLANCO;13;1.9;;0;0.0;;0;0.0;;0;0.0;;0;0.0
2300602001;Jaén;70.1;PSOE-A;40.3;143;27.8;207;40.3;59;11.5;0;0.0;0;0.0;JM+;39;7.6;PCPA;31;6.0;;0;0.0;;0;0.0;;0;0.0
2300602002;Jaén;65.0;PSOE-A;50.5;84;20.2;210;50.5;50;12.0;0;0.0;0;0.0;PACMA;61;14.7;ESCAÑOS EN BLANCO;8;1.9;;0;0.0;;0;0.0;;0;0.0
2300701001;Jaén;69.4;PSOE-A;42.3;224;26.1;363;42.3;31;3.6;24;2.8;0;0.0;MUNDO+JUSTO;103;12.0;NA;33;3.8;PCPA;31;3.6;;0;0.0;;0;0.0
2300701002;Jaén;68.5;PP;38.5;142;38.5;115;31.2;61;16.5;0;0.0;0;0.0;MUNDO+JUSTO;27;7.3;PCPA;16;4.3;;0;0.0;;0;0.0;;0;0.0
2300702001;Jaén;64.3;PP;53.1;206;53.1;62;16.0;13;3.4;22;5.7;0;0.0;PCPA;73;18.8;;0;0.0;;0;0.0;;0;0.0;;0;0.0
2300702002;Jaén;67.4;PP;39.1;135;39.1;73;21.2;9;2.6;5;1.4;64;18.6;MUNDO+JUSTO;30;8.7;ESCAÑOS EN BLANCO;23;6.7;;0;0.0;;0;0.0;;0;0.0
2300801001;Jaén;60.9;PSOE-A;43.5;254;30.5;362;43.5;89;10.7;5;0.6;0;0.0;ANDALUCISTAS - PA;49;5.9;MUNDO+JUSTO;33;4.0;;0;0.0;;0;0.0;;0;0.0
2300901001;Jaén;70.0;PP;37.8;211;37.8;164;29.3;36;6.4;53;9.5;0;0.0;MUNDO+JUSTO;35;6.3;;0;0.0;;0;0.0;;0;0.0;;0;0.0
2300901002;Jaén;68.6;PP;43.9;330;43.9;104;13.8;136;18.1;0;0.0;0;0.0;SALF;49;6.5;FE de las JONS;34;4.5;;0;0.0;;0;0.0;;0;0.0
2300901003;Jaén;72.7;PP;52.0;339;52.0;62;9.5;210;32.2;0;0.0;0;0.0;PACMA;18;2.8;NA;17;2.6;;0;0.0;;0;0.0;;0;0.0
2300901004;Jaén;69.3;PP;36.5;266;36.5;147;20.2;104;14.3;36;5.0;65;8.9;NA;82;11.3;;0;0.0;;0;0.0;;0;0.0;;0;0.0
2300902001;Jaén;72.9;PP;67.8;405;67.8;77;12.9;36;6.0;0;0.0;0;0.0;ESCAÑOS EN BLANCO;26;4.4;PACMA;22;3.7;;0;0.0;;0;0.0;;0;0.0
2300902002;Jaén;71.4;PP;32.1;323;32.1;266;26.4;55;5.5;25;2.5;0;0.0;SALF;102;10.1;MUNDO+JUSTO;81;8.0;JM+;58;5.8;;0;0.0;;0;0.0
2300902003;Jaén;66.7;PP;44.9;266;44.9;105;17.7;33;5.6;49;8.3;0;0.0;FE de las JONS;53;9.0;ESCAÑOS EN BLANCO;43;7.3;;0;0.0;;0;0.0;;0;0.0
2300902004;Jaén;70.2;PSOE-A;38.0;159;24.7;245;38.0;113;17.6;26;4.0;0;0.0;FE de las JONS;35;5.4;;0;0.0;;0;0.0;;0;0.0;;0;0.0
2300902005;Jaén;59.4;PP;43.8;281;43.8;127;19.8;46;7.2;44;6.9;0;0.0;FE de las JONS;68;10.6;PACMA;51;8.0;;0;0.0;;0;0.0;;0;0.0
2300903001;Jaén;69.1;PP;40.3;291;40.3;180;24.9;76;10.5;37;5.1;0;0.0;JM+;47;6.5;;0;0.0;;0;0.0;;0;0.0;;0;0.0
2300903002;Jaén;65.2;PP;55.1;221;55.1;11;2.7;44;11.0;0;0.0;0;0.0;ANDALUCISTAS - PA;54;13.5;MUNDO+JUSTO;36;9.0;FE de las JONS;20;5.0;;0;0.0;;0;0.0
2300904001;Jaén;63.1;PP;43.6;304;43.6;102;14.6;96;13.8;42;6.0;0;0.0;ESCAÑOS EN BLANCO;53;7.6;ANDALUCISTAS - PA;51;7.3;;0;0.0;;0;0.0;;0;0.0
2300905001;Jaén;74.8;PP;34.4;187;34.4;129;23.7;90;16.5;48;8.8;0;0.0;FE de las JONS;27;5.0;;0;0.0;;0;0.0;;0;0.0;;0;0.0
2301001001;Jaén;59.1;PP;50.3;519;50.3;142;13.8;133;12.9;71;6.9;0;0.0;ANDALUCISTAS - PA;48;4.7;;0;0.0;;0;0.0;;0;0.0;;0;0.0
2301001002;Jaén;55.3;PP;47.5;418;47.5;146;16.6;113;12.8;0;0.0;110;12.5;MUNDO+JUSTO;34;3.9;;0;0.0;;0;0.0;;0;0.0;;0;0.0
2301002001;Jaén;55.7;PP;43.8;283;43.8;113;17.5;97;15.0;55;8.5;0;0.0;MUNDO+JUSTO;34;5.3;;0;0.0;;0;0.0;;0;0.0;;0;0.0
2301002002;Jaén;59.0;PSOE-A;42.1;173;35.7;204;42.1;80;16.5;0;0.0;0;0.0;MUNDO+JUSTO;16;3.3;PCPA;7;1.4;;0;0.0;;0;0.0;;0;0.0
2301002003;Jaén;45.5;PP;39.3;221;39.3;168;29.9;63;11.2;15;2.7;0;0.0;SALF;32;5.7;NA;26;4.6;;0;0.0;;0;0.0;;0;0.0
2301003001;Jaén;56.6;PP;39.1;229;39.1;151;25.8;136;23.2;0;0.0;0;0.0;PCPA;25;4.3;NA;22;3.8;;0;0.0;;0;0.0;;0;0.0
2301003002;Jaén;61.5;PP;39.8;315;39.8;183;23.1;59;7.4;39;4.9;0;0.0;PCPA;91;11.5;ANDALUCISTAS - PA;45;5.7;;0;0.0;;0;0.0;;0;0.0
2301003003;Jaén;53.9;PP;49.0;239;49.0;124;25.4;28;5.7;32;6.6;0;0.0;FE de las JONS;37;7.6;;0;0.0;;0;0.0;;0;0.0;;0;0.0
2301003004;Jaén;63.8;PP;56.4;340;56.4;56;9.3;28;4.6;84;13.9;26;4.3;;0;0.0;;0;0.0;;0;0.0;;0;0.0;;0;0.0
2301003005;Jaén;59.0;PP;47.9;350;47.9;114;15.6;102;14.0;2;0.3;0;0.0;MUNDO+JUSTO;63;8.6;SALF;42;5.8;;0;0.0;;0;0.0;;0;0.0
2301003006;Jaén;62.4;PP;43.8;256;43.8;112;19.2;58;9.9;16;2.7;0;0.0;SALF;64;10.9;PCPA;57;9.7;;0;0.0;;0;0.0;;0;0.0
2301003007;Jaén;64.4;PP;44.4;288;44.4;112;17.3;69;10.6;139;21.4;0;0.0;ESCAÑOS EN BLANCO;31;4.8;;0;0.0;;0;0.0;;0;0.0;;0;0.0
2301101001;Jaén;64.1;PSOE-A;35.6;279;30.4;327;35.6;141;15.3;22;2.4;0;0.0;ESCAÑOS EN BLANCO;71;7.7;PACMA;22;2.4;;0;0.0;;0;0.0;;0;0.0
2301101002;Jaén;65.6;PSOE-A;33.6;113;27.1;140;33.6;57;13.7;0;0.0;0;0.0;JM+;65;15.6;PACMA;16;3.8;;0;0.0;;0;0.0;;0;0.0
2301201001;Jaén;67.8;PP;38.2;280;38.2;181;24.7;147;20.0;21;2.9;0;0.0;JM+;41;5.6;;0;0.0;;0;0.0;;0;0.0;;0;0.0
2301201002;Jaén;59.7;PP;31.9;130;31.9;125;30.6;58;14.2;6;1.5;0;0.0;FE de las JONS;55;13.5;PACMA;24;5.9;;0;0.0;;0;0.0;;0;0.0
2301201003;Jaén;68.8;PP;38.9;177;38.9;78;17.1;40;8.8;9;2.0;0;0.0;PCPA;106;23.3;PACMA;22;4.8;;0;0.0;;0;0.0;;0;0.0
2301201004;Jaén;61.4;PP;44.1;169;44.1;84;21.9;76;19.8;19;5.0;0;0.0;ESCAÑOS EN BLANCO;17;4.4;;0;0.0;;0;0.0;;0;0.0;;0;0.0
2301201005;Jaén;46.1;PSOE-A;37.2;96;25.5;140;37.2;62;16.5;9;2.4;0;0.0;FE de las JONS;36;9.6;MUNDO+JUSTO;17;4.5;;0;0.0;;0;0.0;;0;0.0
2301401001;Jaén;60.9;PP;41.9;257;41.9;141;23.0;59;9.6;6;1.0;0;0.0;MUNDO+JUSTO;59;9.6;ANDALUCISTAS - PA;30;4.9;;0;0.0;;0;0.0;;0;0.0
2301401002;Jaén;71.0;PP;35.3;348;35.3;280;28.4;64;6.5;69;7.0;0;0.0;MUNDO+JUSTO;114;11.6;;0;0.0;;0;0.0;;0;0.0;;0;0.0
2301501001;Jaén;69.2;PSOE-A;39.3;138;29.5;184;39.3;42;9.0;0;0.0;0;0.0;FE de las JONS;56;12.0;MUNDO+JUSTO;32;6.8;;0;0.0;;0;0.0;;0;0.0
2301501002;Jaén;68.4;PSOE-A;35.0;103;30.8;117;35.0;35;10.5;2;0.6;0;0.0;ANDALUCISTAS - PA;60;18.0;NA;17;5.1;;0;0.0;;0;0.0;;0;0.0
2301601001;Jaén;78.3;PP;34.2;93;34.2;82;30.2;22;8.1;13;4.8;0;0.0;SALF;30;11.0;;0;0.0;;0;0.0;;0;0.0;;0;0.0
2301701001;Jaén;70.3;PSOE-A;48.7;150;28.4;257;48.7;18;3.4;30;5.7;0;0.0;PACMA;56;10.6;;0;0.0;;0;0.0;;0;0.0;;0;0.0
2301702001;Jaén;68.4;PSOE-A;39.2;156;39.0;157;39.2;22;5.5;33;8.2;0;0.0;PCPA;14;3.5;;0;0.0;;0;0.0;;0;0.0;;0;0.0
2301801001;Jaén;58.9;PSOE-A;47.1;233;27.4;400;47.1;86;10.1;33;3.9;0;0.0;MUNDO+JUSTO;73;8.6;;0;0.0;;0;0.0;;0;0.0;;0;0.0
2301802001;Jaén;60.2;PSOE-A;39.8;84;21.9;153;39.8;17;4.4;40;10.4;0;0.0;ANDALUCISTAS - PA;53;13.8;FE de las JONS;25;6.5;;0;0.0;;0;0.0;;0;0.0
2301901001;Jaén;64.0;PP;45.1;230;45.1;103;20.2;86;16.9;0;0.0;0;0.0;MUNDO+JUSTO;67;13.1;PACMA;14;2.8;;0;0.0;;0;0.0;;0;0.0
2301901002;Jaén;72.8;PSOE-A;37.8;122;31.2;148;37.8;44;11.2;47;12.0;0;0.0;FE de las JONS;15;3.8;;0;0.0;;0;0.0;;0;0.0;;0;0.0
2302001001;Jaén;76.1;PP;33.1;220;33.1;87;13.1;45;6.8;154;23.2;0;0.0;SALF;107;16.1;;0;0.0;;0;0.0;;0;0.0;;0;0.0
2302001002;Jaén;79.5;PP;33.9;141;33.9;79;19.0;0;0.0;124;29.8;0;0.0;JM+;46;11.1;MUNDO+JUSTO;25;6.0;;0;0.0;;0;0.0;;0;0.0
2302101001;Jaén;63.1;PP;37.4;110;37.4;93;31.6;34;11.6;5;1.7;0;0.0;FE de las JONS;31;10.5;PCPA;16;5.4;;0;0.0;;0;0.0;;0;0.0
2302401001;Jaén;39.5;PSOE-A;34.4;104;31.7;113;34.4;25;7.6;27;8.2;0;0.0;FE de las JONS;39;11.9;;0;0.0;;0;0.0;;0;0.0;;0;0.0
2302401002;Jaén;58.8;PP;37.7;209;37.7;201;36.3;43;7.8;28;5.0;0;0.0;SALF;46;8.3;;0;0.0;;0;0.0;;0;0.0;;0;0.0
2302401003;Jaén;61.8;PP;33.4;190;33.4;186;32.8;81;14.3;35;6.2;0;0.0;ANDALUCISTAS - PA;30;5.3;;0;0.0;;0;0.0;;0;0.0;;0;0.0
2302401004;Jaén;68.9;PP;50.8;373;50.8;115;15.7;76;10.4;20;2.7;0;0.0;FE de las JONS;66;9.0;SALF;51;7.0;;0;0.0;;0;0.0;;0;0.0
2302401005;Jaén;57.0;PP;39.9;389;39.9;223;22.9;72;7.4;10;1.0;0;0.0;JM+;94;9.6;PACMA;83;8.5;;0;0.0;;0;0.0;;0;0.0
2302402001;Jaén;72.2;PP;44.7;306;44.7;150;21.9;77;11.2;2;0.3;0;0.0;MUNDO+JUSTO;63;9.2;PCPA;37;5.4;;0;0.0;;0;0.0;;0;0.0
2302402002;Jaén;73.2;PP;45.8;205;45.8;97;21.6;66;14.7;10;2.2;0;0.0;FE de las JONS;32;7.1;PACMA;23;5.1;;0;0.0;;0;0.0;;0;0.0
2302402003;Jaén;68.5;PP;53.3;441;53.3;72;8.7;116;14.0;2;0.2;0;0.0;PACMA;99;12.0;MUNDO+JUSTO;36;4.4;;0;0.0;;0;0.0;;0;0.0
2302403001;Jaén;67.3;PSOE-A;33.2;189;32.9;191;33.2;69;12.0;0;0.0;31;5.4;JM+;28;4.9;;0;0.0;;0;0.0;;0;0.0;;0;0.0
2302403002;Jaén;69.1;PP;41.2;323;41.2;146;18.6;91;11.6;56;7.2;0;0.0;PCPA;52;6.6;;0;0.0;;0;0.0;;0;0.0;;0;0.0
2302403004;Jaén;72.2;PP;35.2;386;35.2;325;29.7;88;8.0;52;4.8;0;0.0;FE de las JONS;76;6.9;MUNDO+JUSTO;60;5.5;;0;0.0;;0;0.0;;0;0.0
2302501001;Jaén;60.8;PP;50.3;152;50.3;71;23.5;60;19.9;0;0.0;0;0.0;MUNDO+JUSTO;17;5.6;FE de las JONS;1;0.3;;0;0.0;;0;0.0;;0;0.0
2302501002;Jaén;55.4;PSOE-A;41.0;161;26.4;250;41.0;101;16.6;20;3.3;0;0.0;FE de las JONS;35;5.8;;0;0.0;;0;0.0;;0;0.0;;0;0.0
2302501003;Jaén;65.3;PP;39.0;226;39.0;96;16.6;124;21.4;60;10.3;0;0.0;MUNDO+JUSTO;45;7.8;;0;0.0;;0;0.0;;0;0.0;;0;0.0
2302601001;Jaén;66.1;PSOE-A;40.9;256;38.8;270;40.9;46;7.0;5;0.8;0;0.0;FE de las JONS;76;11.5;;0;0.0;;0;0.0;;0;0.0;;0;0.0
2302601003;Jaén;65.1;PP;41.0;224;41.0;163;29.8;4;0.7;52;9.5;0;0.0;SALF;31;5.7;MUNDO+JUSTO;21;3.8;;0;0.0;;0;0.0;;0;0.0
2302601004;Jaén;62.4;PP;37.6;268;37.6;237;33.3;47;6.6;21;3.0;0;0.0;NA;52;7.3;PACMA;51;7.2;;0;0.0;;0;0.0;;0;0.0
2302701001;Jaén;76.4;PP;38.0;182;38.0;168;35.1;73;15.2;5;1.0;0;0.0;NA;24;5.0;PACMA;16;3.3;;0;0.0;;0;0.0;;0;0.0
2302801001;Jaén;64.9;PSOE-A;37.4;121;27.1;167;37.4;24;5.4;7;1.6;0;0.0;NA;118;26.4;FE de las JONS;10;2.2;;0;0.0;;0;0.0;;0;0.0
2302801002;Jaén;66.1;PP;42.2;458;42.2;275;25.4;117;10.8;30;2.8;0;0.0;SALF;51;4.7;ANDALUCISTAS - PA;46;4.2;;0;0.0;;0;0.0;;0;0.0
2302801003;Jaén;67.8;PP;37.3;212;37.3;157;27.6;31;5.4;23;4.0;0;0.0;SALF;100;17.6;MUNDO+JUSTO;35;6.2;;0;0.0;;0;0.0;;0;0.0
2302802001;Jaén;58.5;PP;37.2;220;37.2;160;27.0;2;0.3;84;14.2;0;0.0;PCPA;44;7.4;SALF;32;5.4;;0;0.0;;0;0.0;;0;0.0
2302802002;Jaén;61.6;PP;33.4;196;33.4;170;29.0;72;12.3;2;0.3;0;0.0;ESCAÑOS EN BLANCO;61;10.4;PACMA;46;7.8;;0;0.0;;0;0.0;;0;0.0
2302803001;Jaén;60.2;PSOE-A;45.5;67;20.6;148;45.5;27;8.3;5;1.5;23;7.1;NA;36;11.1;;0;0.0;;0;0.0;;0;0.0;;0;0.0
2302901001;Jaén;69.5;PP;42.6;195;42.6;133;29.0;8;1.8;42;9.2;68;14.8;;0;0.0;;0;0.0;;0;0.0;;0;0.0;;0;0.0
2303001001;Jaén;77.1;PSOE-A;51.5;195;23.6;425;51.5;40;4.8;10;1.2;0;0.0;ESCAÑOS EN BLANCO;72;8.7;PCPA;39;4.7;;0;0.0;;0;0.0;;0;0.0
2303101001;Jaén;78.1;PSOE-A;41.2;115;20.8;228;41.2;0;0.0;127;23.0;0;0.0;PCPA;30;5.4;ESCAÑOS EN BLANCO;25;4.5;;0;0.0;;0;0.0;;0;0.0
2303201001;Jaén;72.6;PSOE-A;58.7;66;18.0;215;58.7;6;1.6;30;8.2;0;0.0;PCPA;21;5.7;NA;19;5.2;;0;0.0;;0;0.0;;0;0.0
2303301001;Jaén;66.3;PP;48.8;405;48.8;152;18.3;83;10.0;25;3.0;0;0.0;NA;52;6.3;FE de las JONS;41;5.0;;0;0.0;;0;0.0;;0;0.0
2303401001;Jaén;68.5;PSOE-A;36.4;220;36.2;221;36.4;126;20.7;9;1.5;0;0.0;ESCAÑOS EN BLANCO;14;2.3;FE de las JONS;10;1.6;;0;0.0;;0;0.0;;0;0.0
2303402001;Jaén;70.3;PP;32.9;336;32.9;325;31.9;194;19.0;22;2.2;0;0.0;PCPA;69;6.8;ESCAÑOS EN BLANCO;36;3.5;;0;0.0;;0;0.0;;0;0.0
2303501001;Jaén;73.7;PSOE-A;35.2;231;29.2;278;35.2;24;3.0;37;4.7;0;0.0;MUNDO+JUSTO;70;8.8;PCPA;58;7.3;JM+;41;5.2;;0;0.0;;0;0.0
2303701001;Jaén;65.2;PP;31.3;96;31.3;89;29.0;3;1.0;34;11.1;0;0.0;PCPA;56;18.2;NA;16;5.2;;0;0.0;;0;0.0;;0;0.0
2303801001;Jaén;67.9;PP;34.0;258;34.0;206;27.2;52;6.9;37;4.9;0;0.0;ANDALUCISTAS - PA;83;11.0;JM+;69;9.1;;0;0.0;;0;0.0;;0;0.0
2303801002;Jaén;73.4;PSOE-A;43.1;98;25.4;166;43.1;35;9.1;2;0.5;0;0.0;PACMA;48;12.5;MUNDO+JUSTO;22;5.7;;0;0.0;;0;0.0;;0;0.0
2303801003;Jaén;74.3;PP;38.3;294;38.3;131;17.1;102;13.3;41;5.3;0;0.0;PACMA;69;9.0;NA;69;9.0;;0;0.0;;0;0.0;;0;0.0
2303801004;Jaén;70.3;VOX;40.8;360;32.4;101;9.1;454;40.8;0;0.0;0;0.0;MUNDO+JUSTO;80;7.2;PACMA;63;5.7;;0;0.0;;0;0.0;;0;0.0
2303901001;Jaén;51.7;PP;39.8;247;39.8;158;25.4;24;3.9;46;7.4;0;0.0;ESCAÑOS EN BLANCO;103;16.6;;0;0.0;;0;0.0;;0;0.0;;0;0.0
2303901002;Jaén;62.3;PSOE-A;35.8;173;31.6;196;35.8;19;3.5;18;3.3;0;0.0;MUNDO+JUSTO;74;13.5;PACMA;36;6.6;NA;29;5.3;;0;0.0;;0;0.0
2304001001;Jaén;73.1;PP;33.3;198;33.3;173;29.1;68;11.4;99;16.7;0;0.0;JM+;26;4.4;;0;0.0;;0;0.0;;0;0.0;;0;0.0
2304001002;Jaén;71.0;PSOE-A;39.6;76;19.7;153;39.6;0;0.0;87;22.5;0;0.0;PCPA;45;11.7;MUNDO+JUSTO;11;2.8;;0;0.0;;0;0.0;;0;0.0
2304101001;Jaén;69.7;PP;37.8;122;37.8;85;26.3;16;5.0;0;0.0;0;0.0;PACMA;32;9.9;MUNDO+JUSTO;28;8.7;ESCAÑOS EN BLANCO;23;7.1;;0;0.0;;0;0.0
2304201001;Jaén;70.9;PP;47.6;88;47.6;35;18.9;39;21.1;4;2.2;0;0.0;PACMA;11;6.0;PCPA;5;2.7;;0;0.0;;0;0.0;;0;0.0
2304301001;Jaén;68.5;PP;43.6;143;43.6;68;20.7;83;25.3;0;0.0;0;0.0;FE de las JONS;12;3.7;MUNDO+JUSTO;10;3.0;;0;0.0;;0;0.0;;0;0.0
2304401001;Jaén;63.6;PP;43.2;393;43.2;261;28.7;25;2.8;144;15.8;0;0.0;MUNDO+JUSTO;33;3.6;;0;0.0;;0;0.0;;0;0.0;;0;0.0
2304402001;Jaén;65.7;PP;36.6;310;36.6;246;29.1;76;9.0;80;9.5;0;0.0;PCPA;73;8.6;;0;0.0;;0;0.0;;0;0.0;;0;0.0
2304402002;Jaén;74.4;PP;43.4;247;43.4;113;19.9;59;10.4;15;2.6;0;0.0;ANDALUCISTAS - PA;46;8.1;MUNDO+JUSTO;34;6.0;;0;0.0;;0;0.0;;0;0.0
2304402003;Jaén;73.3;PP;41.8;287;41.8;165;24.0;16;2.3;96;14.0;0;0.0;FE de las JONS;55;8.0;PACMA;21;3.1;;0;0.0;;0;0.0;;0;0.0
2304501001;Jaén;55.7;PP;31.5;198;31.5;186;29.6;107;17.0;25;4.0;0;0.0;MUNDO+JUSTO;66;10.5;;0;0.0;;0;0.0;;0;0.0;;0;0.0
2304501002;Jaén;47.7;PP;37.1;141;37.1;105;27.6;30;7.9;36;9.5;0;0.0;FE de las JONS;42;11.0;;0;0.0;;0;0.0;;0;0.0;;0;0.0
2304601001;Jaén;76.9;PSOE-A;40.8;194;27.3;290;40.8;86;12.1;86;12.1;0;0.0;PACMA;19;2.7;;0;0.0;;0;0.0;;0;0.0;;0;0.0
2304601002;Jaén;76.9;PSOE-A;46.7;227;22.9;464;46.7;59;5.9;49;4.9;0;0.0;FE de las JONS;87;8.8;MUNDO+JUSTO;72;7.2;;0;0.0;;0;0.0;;0;0.0
2304701001;Jaén;68.7;PSOE-A;39.1;132;28.5;181;39.1;10;2.2;16;3.5;0;0.0;FE de las JONS;80;17.3;MUNDO+JUSTO;29;6.3;;0;0.0;;0;0.0;;0;0.0
2304701002;Jaén;68.0;PP;34.9;200;34.9;173;30.2;84;14.7;11;1.9;25;4.4;ESCAÑOS EN BLANCO;29;5.1;;0;0.0;;0;0.0;;0;0.0;;0;0.0
2304801001;Jaén;72.3;PP;49.1;257;49.1;41;7.8;94;18.0;29;5.5;0;0.0;ESCAÑOS EN BLANCO;39;7.5;;0;0.0;;0;0.0;;0;0.0;;0;0.0
2304901001;Jaén;62.1;PP;35.3;159;35.3;157;34.9;62;13.8;0;0.0;0;0.0;FE de las JONS;52;11.6;MUNDO+JUSTO;6;1.3;;0;0.0;;0;0.0;;0;0.0
2304902001;Jaén;49.0;PSOE-A;31.1;90;20.4;137;31.1;41;9.3;87;19.8;0;0.0;MUNDO+JUSTO;33;7.5;;0;0.0;;0;0.0;;0;0.0;;0;0.0
2305001001;Jaén;62.0;PP;32.3;105;32.3;37;11.4;53;16.3;0;0.0;80;24.6;FE de las JONS;20;6.2;;0;0.0;;0;0.0;;0;0.0;;0;0.0
2305001002;Jaén;62.4;PP;56.8;324;56.8;109;19.1;26;4.6;18;3.2;0;0.0;NA;60;10.5;FE de las JONS;24;4.2;;0;0.0;;0;0.0;;0;0.0
2305001003;Jaén;54.9;PSOE-A;50.1;104;27.4;190;50.1;20;5.3;0;0.0;0;0.0;ESCAÑOS EN BLANCO;30;7.9;PACMA;28;7.4;;0;0.0;;0;0.0;;0;0.0
2305001004;Jaén;53.3;PP;63.0;226;63.0;58;16.2;22;6.1;2;0.6;0;0.0;PACMA;26;7.2;PCPA;23;6.4;;0;0.0;;0;0.0;;0;0.0
2305001005;Jaén;58.1;PP;40.1;245;40.1;51;8.4;80;13.1;14;2.3;0;0.0;MUNDO+JUSTO;143;23.4;ANDALUCISTAS - PA;49;8.0;;0;0.0;;0;0.0;;0;0.0
2305001006;Jaén;64.4;PP;26.7;151;26.7;100;17.7;54;9.6;49;8.7;0;0.0;JM+;97;17.2;NA;75;13.3;;0;0.0;;0;0.0;;0;0.0
2305001007;Jaén;61.9;PP;31.4;332;31.4;162;15.3;128;12.1;6;0.6;0;0.0;FE de las JONS;195;18.5;ANDALUCISTAS - PA;135;12.8;;0;0.0;;0;0.0;;0;0.0
2305001008;Jaén;65.7;PP;40.1;264;40.1;229;34.8;22;3.3;32;4.9;0;0.0;ANDALUCISTAS - PA;81;12.3;;0;0.0;;0;0.0;;0;0.0;;0;0.0
2305002001;Jaén;73.3;PP;52.4;367;52.4;65;9.3;98;14.0;13;1.9;0;0.0;PCPA;67;9.6;MUNDO+JUSTO;35;5.0;;0;0.0;;0;0.0;;0;0.0
2305002002;Jaén;65.5;PP;52.3;249;52.3;5;1.0;53;11.1;29;6.1;0;0.0;FE de las JONS;107;22.5;PACMA;13;2.7;;0;0.0;;0;0.0;;0;0.0
2305002003;Jaén;55.8;PP;45.0;325;45.0;29;4.0;115;15.9;53;7.3;0;0.0;PACMA;124;17.2;MUNDO+JUSTO;50;6.9;;0;0.0;;0;0.0;;0;0.0
2305002004;Jaén;72.2;PP;44.0;281;44.0;73;11.4;84;13.2;35;5.5;0;0.0;MUNDO+JUSTO;102;16.0;;0;0.0;;0;0.0;;0;0.0;;0;0.0
2305002005;Jaén;58.2;PP;35.8;138;35.8;59;15.3;35;9.1;47;12.2;0;0.0;FE de las JONS;72;18.7;;0;0.0;;0;0.0;;0;0.0;;0;0.0
2305002006;Jaén;70.0;PP;56.4;508;56.4;87;9.7;98;10.9;51;5.7;0;0.0;ESCAÑOS EN BLANCO;78;8.7;;0;0.0;;0;0.0;;0;0.0;;0;0.0
2305002007;Jaén;68.2;PP;51.7;398;51.7;38;4.9;110;14.3;41;5.3;8;1.0;PACMA;68;8.8;;0;0.0;;0;0.0;;0;0.0;;0;0.0
2305003001;Jaén;66.4;PP;37.1;281;37.1;124;16.4;164;21.6;93;12.3;0;0.0;MUNDO+JUSTO;48;6.3;;0;0.0;;0;0.0;;0;0.0;;0;0.0
2305003002;Jaén;68.1;PP;44.4;535;44.4;118;9.8;149;12.4;69;5.7;0;0.0;PACMA;114;9.5;SALF;106;8.8;;0;0.0;;0;0.0;;0;0.0
2305003003;Jaén;67.5;PP;37.2;391;37.2;337;32.1;68;6.5;9;0.9;0;0.0;ANDALUCISTAS - PA;137;13.0;ESCAÑOS EN BLANCO;34;3.2;;0;0.0;;0;0.0;;0;0.0
2305003004;Jaén;70.8;PP;42.3;159;42.3;61;16.2;2;0.5;13;3.5;0;0.0;ANDALUCISTAS - PA;102;27.1;ESCAÑOS EN BLANCO;23;6.1;PACMA;16;4.3;;0;0.0;;0;0.0
2305003005;Jaén;50.6;PP;42.3;138;42.3;105;32.2;35;10.7;0;0.0;0;0.0;PACMA;19;5.8;ESCAÑOS EN BLANCO;18;5.5;;0;0.0;;0;0.0;;0;0.0
2305003006;Jaén;42.6;PSOE-A;33.8;60;19.5;104;33.8;60;19.5;32;10.4;0;0.0;FE de las JONS;25;8.1;;0;0.0;;0;0.0;;0;0.0;;0;0.0
2305003007;Jaén;69.9;PP;56.0;197;56.0;25;7.1;21;6.0;0;0.0;0;0.0;ESCAÑOS EN BLANCO;83;23.6;PACMA;24;6.8;;0;0.0;;0;0.0;;0;0.0
2305003008;Jaén;69.2;PP;31.5;266;31.5;138;16.3;226;26.8;4;0.5;0;0.0;NA;120;14.2;PCPA;46;5.4;;0;0.0;;0;0.0;;0;0.0
2305003009;Jaén;42.4;PP;46.8;146;46.8;100;32.0;26;8.3;11;3.5;0;0.0;PACMA;25;8.0;;0;0.0;;0;0.0;;0;0.0;;0;0.0
2305003010;Jaén;53.2;PSOE-A;32.0;71;24.4;93;32.0;7;2.4;13;4.5;0;0.0;SALF;63;21.6;PCPA;19;6.5;FE de las JONS;18;6.2;;0;0.0;;0;0.0
2305003011;Jaén;59.1;Empate;32.5;105;32.5;84;26.0;7;2.2;4;1.2;0;0.0;NA;105;32.5;PACMA;18;5.6;;0;0.0;;0;0.0;;0;0.0
2305003012;Jaén;68.5;PP;45.5;249;45.5;56;10.2;68;12.4;0;0.0;0;0.0;NA;101;18.5;MUNDO+JUSTO;51;9.3;;0;0.0;;0;0.0;;0;0.0
2305003013;Jaén;69.6;PP;34.6;236;34.6;104;15.2;41;6.0;23;3.4;195;28.6;FE de las JONS;32;4.7;;0;0.0;;0;0.0;;0;0.0;;0;0.0
2305003014;Jaén;71.9;PP;41.3;212;41.3;50;9.8;61;11.9;6;1.2;0;0.0;SALF;142;27.7;NA;36;7.0;;0;0.0;;0;0.0;;0;0.0
2305003015;Jaén;52.5;PSOE-A;46.7;178;20.4;407;46.7;41;4.7;0;0.0;0;0.0;SALF;159;18.2;PCPA;37;4.2;;0;0.0;;0;0.0;;0;0.0
2305004001;Jaén;78.4;PP;46.1;306;46.1;0;0.0;158;23.8;183;27.6;0;0.0;MUNDO+JUSTO;9;1.4;ESCAÑOS EN BLANCO;6;0.9;;0;0.0;;0;0.0;;0;0.0
2305004002;Jaén;61.2;PP;42.6;133;42.6;43;13.8;35;11.2;24;7.7;0;0.0;MUNDO+JUSTO;49;15.7;;0;0.0;;0;0.0;;0;0.0;;0;0.0
2305004003;Jaén;76.1;PP;52.7;323;52.7;75;12.2;107;17.5;24;3.9;0;0.0;MUNDO+JUSTO;45;7.3;;0;0.0;;0;0.0;;0;0.0;;0;0.0
2305004004;Jaén;65.0;PP;38.9;300;38.9;179;23.2;125;16.2;15;2.0;0;0.0;SALF;73;9.5;PACMA;35;4.5;;0;0.0;;0;0.0;;0;0.0
2305004006;Jaén;69.9;PP;41.6;353;41.6;94;11.1;71;8.4;58;6.8;0;0.0;ESCAÑOS EN BLANCO;148;17.4;;0;0.0;;0;0.0;;0;0.0;;0;0.0
2305004007;Jaén;64.2;PP;27.0;285;27.0;204;19.3;53;5.0;61;5.8;0;0.0;PCPA;147;13.9;ANDALUCISTAS - PA;108;10.2;JM+;86;8.2;;0;0.0;;0;0.0
2305004008;Jaén;73.8;PP;31.2;327;31.2;228;21.7;159;15.2;61;5.8;0;0.0;SALF;123;11.7;ESCAÑOS EN BLANCO;108;10.3;;0;0.0;;0;0.0;;0;0.0
2305004009;Jaén;54.8;PP;36.9;278;36.9;146;19.4;32;4.2;16;2.1;120;15.9;SALF;93;12.3;;0;0.0;;0;0.0;;0;0.0;;0;0.0
2305004010;Jaén;73.7;PP;40.2;372;40.2;50;5.4;153;16.5;80;8.6;0;0.0;PACMA;139;15.0;ANDALUCISTAS - PA;107;11.6;;0;0.0;;0;0.0;;0;0.0
2305004011;Jaén;71.2;PP;39.7;481;39.7;209;17.2;185;15.3;108;8.9;0;0.0;PCPA;114;9.4;;0;0.0;;0;0.0;;0;0.0;;0;0.0
2305004012;Jaén;73.1;PP;36.4;481;36.4;89;6.7;359;27.2;52;3.9;0;0.0;NA;120;9.1;ESCAÑOS EN BLANCO;112;8.5;;0;0.0;;0;0.0;;0;0.0
2305004013;Jaén;70.6;PP;51.9;332;51.9;28;4.4;90;14.1;1;0.2;40;6.2;JM+;87;13.6;FE de las JONS;32;5.0;;0;0.0;;0;0.0;;0;0.0
2305004014;Jaén;73.8;PP;31.9;245;31.9;198;25.8;130;16.9;33;4.3;0;0.0;JM+;76;9.9;MUNDO+JUSTO;48;6.2;;0;0.0;;0;0.0;;0;0.0
2305004015;Jaén;72.0;PP;44.5;502;44.5;95;8.4;246;21.8;38;3.4;92;8.2;NA;60;5.3;;0;0.0;;0;0.0;;0;0.0;;0;0.0
2305004016;Jaén;66.1;PP;35.8;302;35.8;97;11.5;100;11.8;5;0.6;0;0.0;PACMA;156;18.5;ANDALUCISTAS - PA;85;10.1;;0;0.0;;0;0.0;;0;0.0
2305004017;Jaén;66.1;PP;27.8;174;27.8;65;10.4;96;15.4;135;21.6;0;0.0;SALF;122;19.5;;0;0.0;;0;0.0;;0;0.0;;0;0.0
2305004018;Jaén;64.5;PP;44.5;285;44.5;102;15.9;110;17.2;35;5.5;0;0.0;ESCAÑOS EN BLANCO;67;10.4;;0;0.0;;0;0.0;;0;0.0;;0;0.0
2305005001;Jaén;73.4;PP;43.5;244;43.5;74;13.2;27;4.8;47;8.4;0;0.0;JM+;138;24.6;ESCAÑOS EN BLANCO;28;5.0;;0;0.0;;0;0.0;;0;0.0
2305005002;Jaén;75.8;PP;56.0;401;56.0;98;13.7;25;3.5;16;2.2;0;0.0;PACMA;100;14.0;PCPA;33;4.6;;0;0.0;;0;0.0;;0;0.0
2305005003;Jaén;70.1;PP;54.2;256;54.2;85;18.0;15;3.2;34;7.2;31;6.6;PCPA;25;5.3;;0;0.0;;0;0.0;;0;0.0;;0;0.0
2305005004;Jaén;66.4;PP;32.4;237;32.4;136;18.6;52;7.1;35;4.8;0;0.0;ANDALUCISTAS - PA;128;17.5;FE de las JONS;87;11.9;;0;0.0;;0;0.0;;0;0.0
2305005005;Jaén;61.2;PP;28.2;254;28.2;208;23.1;93;10.3;14;1.6;0;0.0;MUNDO+JUSTO;155;17.2;PACMA;110;12.2;;0;0.0;;0;0.0;;0;0.0
2305005006;Jaén;69.9;PP;31.4;219;31.4;80;11.5;136;19.5;37;5.3;0;0.0;NA;114;16.3;;0;0.0;;0;0.0;;0;0.0;;0;0.0
2305005007;Jaén;60.8;PP;35.6;191;35.6;71;13.2;90;16.8;11;2.0;85;15.8;ANDALUCISTAS - PA;54;10.1;;0;0.0;;0;0.0;;0;0.0;;0;0.0
2305005008;Jaén;64.7;PP;43.2;279;43.2;143;22.1;60;9.3;26;4.0;0;0.0;NA;78;12.1;PACMA;40;6.2;;0;0.0;;0;0.0;;0;0.0
2305005009;Jaén;56.9;PP;35.4;234;35.4;106;16.0;152;23.0;47;7.1;0;0.0;PACMA;72;10.9;;0;0.0;;0;0.0;;0;0.0;;0;0.0
2305005010;Jaén;45.9;PP;24.8;121;24.8;105;21.6;60;12.3;26;5.3;0;0.0;PCPA;81;16.6;NA;47;9.6;;0;0.0;;0;0.0;;0;0.0
2305005011;Jaén;55.2;PP;25.4;123;25.4;94;19.4;86;17.7;37;7.6;0;0.0;PACMA;64;13.2;FE de las JONS;59;12.2;;0;0.0;;0;0.0;;0;0.0
2305005012;Jaén;47.2;PP;36.4;132;36.4;64;17.6;48;13.2;1;0.3;84;23.1;NA;27;7.4;;0;0.0;;0;0.0;;0;0.0;;0;0.0
2305005013;Jaén;63.8;PP;27.2;245;27.2;165;18.3;99;11.0;201;22.3;0;0.0;ANDALUCISTAS - PA;149;16.6;;0;0.0;;0;0.0;;0;0.0;;0;0.0
2305005014;Jaén;66.4;PP;39.0;233;39.0;90;15.0;44;7.4;8;1.3;0;0.0;FE de las JONS;127;21.2;PCPA;52;8.7;;0;0.0;;0;0.0;;0;0.0
2305005015;Jaén;64.0;PP;34.9;227;34.9;128;19.7;68;10.4;16;2.5;0;0.0;PACMA;85;13.1;PCPA;60;9.2;;0;0.0;;0;0.0;;0;0.0
2305005016;Jaén;68.3;PP;41.0;427;41.0;199;19.1;54;5.2;48;4.6;0;0.0;JM+;188;18.0;FE de las JONS;54;5.2;;0;0.0;;0;0.0;;0;0.0
2305005017;Jaén;71.0;PP;27.3;291;27.3;231;21.7;181;17.0;92;8.6;0;0.0;NA;211;19.8;;0;0.0;;0;0.0;;0;0.0;;0;0.0
2305005018;Jaén;65.6;PP;32.3;280;32.3;130;15.0;41;4.7;39;4.5;0;0.0;PCPA;208;24.0;ESCAÑOS EN BLANCO;131;15.1;;0;0.0;;0;0.0;;0;0.0
2305005019;Jaén;75.8;PP;48.7;473;48.7;79;8.1;132;13.6;0;0.0;0;0.0;PACMA;157;16.2;ESCAÑOS EN BLANCO;69;7.1;;0;0.0;;0;0.0;;0;0.0
2305005020;Jaén;72.5;PP;36.8;170;36.8;67;14.5;16;3.5;19;4.1;0;0.0;JM+;153;33.1;NA;27;5.8;;0;0.0;;0;0.0;;0;0.0
2305005021;Jaén;70.6;PP;29.9;178;29.9;151;25.4;47;7.9;19;3.2;0;0.0;NA;111;18.7;PCPA;34;5.7;;0;0.0;;0;0.0;;0;0.0
2305006001;Jaén;64.6;PSOE-A;42.0;131;28.5;193;42.0;70;15.2;43;9.4;0;0.0;PCPA;13;2.8;;0;0.0;;0;0.0;;0;0.0;;0;0.0
2305006002;Jaén;58.7;PP;32.9;193;32.9;118;20.1;119;20.3;34;5.8;76;13.0;;0;0.0;;0;0.0;;0;0.0;;0;0.0;;0;0.0
2305006003;Jaén;57.0;PP;25.8;177;25.8;133;19.4;116;16.9;105;15.3;0;0.0;NA;80;11.6;;0;0.0;;0;0.0;;0;0.0;;0;0.0
2305006004;Jaén;34.3;PP;28.0;98;28.0;83;23.7;33;9.4;2;0.6;0;0.0;ESCAÑOS EN BLANCO;53;15.1;ANDALUCISTAS - PA;49;14.0;;0;0.0;;0;0.0;;0;0.0
2305006005;Jaén;37.7;PSOE-A;38.5;36;16.3;85;38.5;21;9.5;16;7.2;43;19.5;;0;0.0;;0;0.0;;0;0.0;;0;0.0;;0;0.0
2305006006;Jaén;61.5;PP;38.6;168;38.6;47;10.8;26;6.0;125;28.7;0;0.0;MUNDO+JUSTO;41;9.4;;0;0.0;;0;0.0;;0;0.0;;0;0.0
2305007001;Jaén;43.3;PP;35.9;137;35.9;120;31.4;34;8.9;4;1.0;0;0.0;PCPA;54;14.1;PACMA;23;6.0;;0;0.0;;0;0.0;;0;0.0
2305007002;Jaén;58.2;PP;38.8;164;38.8;40;9.5;36;8.5;24;5.7;0;0.0;ANDALUCISTAS - PA;139;32.9;;0;0.0;;0;0.0;;0;0.0;;0;0.0
2305007003;Jaén;66.3;PP;37.4;224;37.4;86;14.4;41;6.8;3;0.5;0;0.0;JM+;120;20.0;ESCAÑOS EN BLANCO;64;10.7;;0;0.0;;0;0.0;;0;0.0
2305007004;Jaén;69.4;PP;46.8;361;46.8;152;19.7;65;8.4;49;6.4;0;0.0;PACMA;106;13.7;;0;0.0;;0;0.0;;0;0.0;;0;0.0
2305008001;Jaén;71.8;PP;55.1;288;55.1;23;4.4;79;15.1;9;1.7;0;0.0;PACMA;82;15.7;NA;20;3.8;;0;0.0;;0;0.0;;0;0.0
2305008002;Jaén;62.6;PP;53.3;220;53.3;93;22.5;53;12.8;1;0.2;0;0.0;ESCAÑOS EN BLANCO;33;8.0;MUNDO+JUSTO;9;2.2;;0;0.0;;0;0.0;;0;0.0
2305008003;Jaén;66.5;PP;34.5;245;34.5;155;21.8;58;8.2;14;2.0;82;11.6;JM+;104;14.6;;0;0.0;;0;0.0;;0;0.0;;0;0.0
2305008004;Jaén;58.9;PSOE-A;26.7;162;23.5;184;26.7;42;6.1;30;4.4;96;13.9;JM+;116;16.8;;0;0.0;;0;0.0;;0;0.0;;0;0.0
2305009001;Jaén;59.9;PSOE-A;26.8;94;17.7;142;26.8;51;9.6;120;22.6;0;0.0;ANDALUCISTAS - PA;64;12.1;;0;0.0;;0;0.0;;0;0.0;;0;0.0
2305009002;Jaén;61.1;PP;41.5;262;41.5;134;21.2;67;10.6;0;0.0;0;0.0;SALF;93;14.7;MUNDO+JUSTO;24;3.8;;0;0.0;;0;0.0;;0;0.0
2305009003;Jaén;57.2;PP;24.0;122;24.0;113;22.2;80;15.7;84;16.5;0;0.0;NA;66;13.0;;0;0.0;;0;0.0;;0;0.0;;0;0.0
2305009004;Jaén;58.5;VOX;44.6;132;33.2;58;14.6;177;44.6;0;0.0;0;0.0;PCPA;10;2.5;FE de las JONS;10;2.5;;0;0.0;;0;0.0;;0;0.0
2305009005;Jaén;53.5;PP;26.1;176;26.1;174;25.8;86;12.7;37;5.5;0;0.0;FE de las JONS;100;14.8;PACMA;51;7.6;;0;0.0;;0;0.0;;0;0.0
2305009006;Jaén;59.8;PP;29.3;183;29.3;177;28.3;71;11.4;100;16.0;0;0.0;SALF;61;9.8;;0;0.0;;0;0.0;;0;0.0;;0;0.0
2305101001;Jaén;69.2;PP;41.9;267;41.9;182;28.6;53;8.3;8;1.3;0;0.0;MUNDO+JUSTO;63;9.9;PACMA;35;5.5;;0;0.0;;0;0.0;;0;0.0
2305101002;Jaén;70.3;PP;54.7;666;54.7;215;17.6;34;2.8;73;6.0;0;0.0;ESCAÑOS EN BLANCO;73;6.0;PCPA;68;5.6;;0;0.0;;0;0.0;;0;0.0
2305201001;Jaén;77.2;PP;41.1;308;41.1;256;34.2;23;3.1;22;2.9;0;0.0;ESCAÑOS EN BLANCO;67;9.0;JM+;29;3.9;PACMA;24;3.2;;0;0.0;;0;0.0
2305301001;Jaén;50.2;PorA;28.3;84;18.3;110;24.0;31;6.8;130;28.3;0;0.0;MUNDO+JUSTO;57;12.4;;0;0.0;;0;0.0;;0;0.0;;0;0.0
2305301002;Jaén;53.7;PSOE-A;40.7;192;26.3;297;40.7;35;4.8;84;11.5;0;0.0;ESCAÑOS EN BLANCO;31;4.2;;0;0.0;;0;0.0;;0;0.0;;0;0.0
2305301003;Jaén;52.8;PSOE-A;48.0;206;30.4;325;48.0;32;4.7;61;9.0;0;0.0;NA;19;2.8;;0;0.0;;0;0.0;;0;0.0;;0;0.0
2305301004;Jaén;57.7;PP;42.0;372;42.0;237;26.8;54;6.1;110;12.4;0;0.0;NA;39;4.4;;0;0.0;;0;0.0;;0;0.0;;0;0.0
2305301005;Jaén;48.9;PSOE-A;29.4;154;20.8;218;29.4;23;3.1;151;20.4;0;0.0;MUNDO+JUSTO;63;8.5;FE de las JONS;47;6.3;;0;0.0;;0;0.0;;0;0.0
2305301006;Jaén;50.2;PorA;39.1;157;26.0;151;25.0;2;0.3;236;39.1;0;0.0;NA;23;3.8;MUNDO+JUSTO;13;2.2;;0;0.0;;0;0.0;;0;0.0
2305301007;Jaén;45.0;PSOE-A;31.6;104;17.9;184;31.6;36;6.2;120;20.6;0;0.0;ANDALUCISTAS - PA;44;7.6;;0;0.0;;0;0.0;;0;0.0;;0;0.0
2305401001;Jaén;68.9;PSOE-A;40.7;96;39.8;98;40.7;0;0.0;24;10.0;0;0.0;PCPA;9;3.7;ESCAÑOS EN BLANCO;7;2.9;;0;0.0;;0;0.0;;0;0.0
2305501001;Jaén;53.7;PP;41.8;302;41.8;131;18.1;146;20.2;8;1.1;0;0.0;FE de las JONS;46;6.4;PCPA;29;4.0;;0;0.0;;0;0.0;;0;0.0
2305501002;Jaén;58.3;PP;58.4;456;58.4;60;7.7;120;15.4;0;0.0;0;0.0;JM+;72;9.2;PACMA;29;3.7;;0;0.0;;0;0.0;;0;0.0
2305501003;Jaén;48.2;PP;34.8;258;34.8;247;33.3;126;17.0;3;0.4;0;0.0;ANDALUCISTAS - PA;51;6.9;MUNDO+JUSTO;26;3.5;;0;0.0;;0;0.0;;0;0.0
2305501004;Jaén;51.9;PP;30.8;188;30.8;153;25.0;95;15.6;51;8.4;0;0.0;PCPA;72;11.8;;0;0.0;;0;0.0;;0;0.0;;0;0.0
2305501005;Jaén;42.9;PP;44.0;131;44.0;84;28.2;62;20.8;0;0.0;0;0.0;ESCAÑOS EN BLANCO;16;5.4;PACMA;3;1.0;;0;0.0;;0;0.0;;0;0.0
2305501006;Jaén;55.8;PP;38.6;246;38.6;107;16.8;114;17.9;40;6.3;0;0.0;MUNDO+JUSTO;55;8.6;PCPA;40;6.3;;0;0.0;;0;0.0;;0;0.0
2305501007;Jaén;66.0;PP;45.8;199;45.8;76;17.5;18;4.2;47;10.8;0;0.0;ESCAÑOS EN BLANCO;47;10.8;NA;31;7.1;;0;0.0;;0;0.0;;0;0.0
2305501008;Jaén;65.2;PP;41.1;411;41.1;182;18.2;169;16.9;82;8.2;0;0.0;FE de las JONS;40;4.0;;0;0.0;;0;0.0;;0;0.0;;0;0.0
2305501009;Jaén;63.8;PP;49.3;345;49.3;85;12.1;100;14.3;21;3.0;45;6.4;ESCAÑOS EN BLANCO;68;9.7;;0;0.0;;0;0.0;;0;0.0;;0;0.0
2305502001;Jaén;64.3;PP;46.7;362;46.7;137;17.7;29;3.7;61;7.9;0;0.0;SALF;60;7.7;ANDALUCISTAS - PA;57;7.4;;0;0.0;;0;0.0;;0;0.0
2305502002;Jaén;53.2;PP;41.2;284;41.2;106;15.4;107;15.5;1;0.1;0;0.0;NA;135;19.6;ESCAÑOS EN BLANCO;26;3.8;;0;0.0;;0;0.0;;0;0.0
2305502003;Jaén;43.3;PP;42.4;171;42.4;96;23.8;54;13.4;5;1.2;0;0.0;JM+;32;7.9;MUNDO+JUSTO;14;3.5;;0;0.0;;0;0.0;;0;0.0
2305503001;Jaén;65.6;PP;51.3;301;51.3;75;12.8;104;17.7;59;10.0;0;0.0;MUNDO+JUSTO;22;3.8;;0;0.0;;0;0.0;;0;0.0;;0;0.0
2305503002;Jaén;41.9;PP;39.6;108;39.6;66;24.2;24;8.8;10;3.7;0;0.0;SALF;24;8.8;FE de las JONS;19;7.0;;0;0.0;;0;0.0;;0;0.0
2305503003;Jaén;50.1;PSOE-A;45.4;81;16.0;230;45.4;40;7.9;37;7.3;0;0.0;FE de las JONS;47;9.3;;0;0.0;;0;0.0;;0;0.0;;0;0.0
2305503004;Jaén;42.1;PP;34.8;171;34.8;139;28.2;76;15.4;12;2.4;0;0.0;NA;59;12.0;;0;0.0;;0;0.0;;0;0.0;;0;0.0
2305503005;Jaén;36.3;PSOE-A;31.5;104;28.0;117;31.5;68;18.3;0;0.0;0;0.0;MUNDO+JUSTO;23;6.2;FE de las JONS;21;5.7;;0;0.0;;0;0.0;;0;0.0
2305503006;Jaén;63.4;PP;47.2;288;47.2;83;13.6;20;3.3;68;11.2;22;3.6;SALF;42;6.9;FE de las JONS;36;5.9;;0;0.0;;0;0.0;;0;0.0
2305504001;Jaén;66.6;PP;49.8;309;49.8;25;4.0;119;19.2;60;9.7;0;0.0;FE de las JONS;40;6.4;ANDALUCISTAS - PA;39;6.3;;0;0.0;;0;0.0;;0;0.0
2305504002;Jaén;61.9;PP;59.3;441;59.3;43;5.8;57;7.7;50;6.7;0;0.0;ESCAÑOS EN BLANCO;52;7.0;PACMA;49;6.6;;0;0.0;;0;0.0;;0;0.0
2305504003;Jaén;63.7;PP;52.1;480;52.1;66;7.2;86;9.3;102;11.1;60;6.5;;0;0.0;;0;0.0;;0;0.0;;0;0.0;;0;0.0
2305504004;Jaén;62.7;PSOE-A;37.6;208;31.3;250;37.6;130;19.6;19;2.9;0;0.0;PACMA;18;2.7;;0;0.0;;0;0.0;;0;0.0;;0;0.0
2305504005;Jaén;61.0;PP;35.3;225;35.3;143;22.4;26;4.1;91;14.3;0;0.0;PACMA;46;7.2;FE de las JONS;44;6.9;;0;0.0;;0;0.0;;0;0.0
2305504006;Jaén;63.0;PP;62.0;340;62.0;7;1.3;14;2.6;63;11.5;0;0.0;PCPA;46;8.4;NA;43;7.8;FE de las JONS;24;4.4;;0;0.0;;0;0.0
2305504007;Jaén;63.7;PP;43.7;441;43.7;235;23.3;262;25.9;11;1.1;0;0.0;MUNDO+JUSTO;24;2.4;PCPA;23;2.3;;0;0.0;;0;0.0;;0;0.0
2305504008;Jaén;61.9;PP;47.2;454;47.2;132;13.7;115;12.0;38;4.0;0;0.0;SALF;56;5.8;PACMA;45;4.7;;0;0.0;;0;0.0;;0;0.0
2305505001;Jaén;63.3;PP;49.1;319;49.1;106;16.3;86;13.2;15;2.3;0;0.0;NA;68;10.5;PCPA;20;3.1;;0;0.0;;0;0.0;;0;0.0
2305505002;Jaén;62.1;PP;42.8;383;42.8;152;17.0;73;8.2;40;4.5;0;0.0;SALF;91;10.2;PCPA;51;5.7;;0;0.0;;0;0.0;;0;0.0
2305505003;Jaén;53.0;PP;31.6;264;31.6;204;24.4;129;15.4;50;6.0;0;0.0;NA;74;8.9;MUNDO+JUSTO;61;7.3;;0;0.0;;0;0.0;;0;0.0
2305505004;Jaén;63.9;PP;41.6;172;41.6;129;31.2;5;1.2;62;15.0;0;0.0;PCPA;24;5.8;MUNDO+JUSTO;14;3.4;;0;0.0;;0;0.0;;0;0.0
2305506001;Jaén;64.5;PP;47.6;338;47.6;171;24.1;122;17.2;16;2.2;0;0.0;MUNDO+JUSTO;28;3.9;FE de las JONS;22;3.1;;0;0.0;;0;0.0;;0;0.0
2305506002;Jaén;66.3;PP;44.8;484;44.8;136;12.6;87;8.1;89;8.2;96;8.9;ESCAÑOS EN BLANCO;93;8.6;;0;0.0;;0;0.0;;0;0.0;;0;0.0
2305506003;Jaén;53.7;PSOE-A;30.9;86;24.4;109;30.9;26;7.4;50;14.2;0;0.0;SALF;36;10.2;;0;0.0;;0;0.0;;0;0.0;;0;0.0
2305506004;Jaén;56.7;PP;35.3;183;35.3;141;27.2;88;17.0;27;5.2;0;0.0;ESCAÑOS EN BLANCO;40;7.7;;0;0.0;;0;0.0;;0;0.0;;0;0.0
2305506005;Jaén;49.9;PorA;34.3;77;29.1;62;23.4;0;0.0;91;34.3;0;0.0;NA;18;6.8;FE de las JONS;9;3.4;;0;0.0;;0;0.0;;0;0.0
2305507001;Jaén;62.2;PP;47.6;576;47.6;221;18.3;119;9.8;62;5.1;97;8.0;;0;0.0;;0;0.0;;0;0.0;;0;0.0;;0;0.0
2305507002;Jaén;61.1;PP;46.2;412;46.2;145;16.3;63;7.1;45;5.0;47;5.3;MUNDO+JUSTO;61;6.8;;0;0.0;;0;0.0;;0;0.0;;0;0.0
2305507004;Jaén;62.5;PP;42.3;303;42.3;92;12.8;120;16.8;74;10.3;0;0.0;MUNDO+JUSTO;84;11.7;;0;0.0;;0;0.0;;0;0.0;;0;0.0
2305508001;Jaén;55.1;PSOE-A;29.3;158;28.3;164;29.3;73;13.1;24;4.3;0;0.0;ESCAÑOS EN BLANCO;38;6.8;FE de las JONS;27;4.8;;0;0.0;;0;0.0;;0;0.0
2305601001;Jaén;63.2;PSOE-A;32.1;209;27.4;245;32.1;54;7.1;96;12.6;0;0.0;ANDALUCISTAS - PA;52;6.8;;0;0.0;;0;0.0;;0;0.0;;0;0.0
2305601003;Jaén;72.0;PP;33.4;213;33.4;152;23.8;41;6.4;95;14.9;0;0.0;FE de las JONS;61;9.6;ESCAÑOS EN BLANCO;52;8.2;;0;0.0;;0;0.0;;0;0.0
2305601004;Jaén;61.2;PSOE-A;24.5;110;24.1;112;24.5;28;6.1;75;16.4;0;0.0;MUNDO+JUSTO;57;12.5;NA;30;6.6;;0;0.0;;0;0.0;;0;0.0
2305701001;Jaén;70.3;PP;37.0;172;37.0;115;24.7;25;5.4;116;25.0;0;0.0;PCPA;14;3.0;;0;0.0;;0;0.0;;0;0.0;;0;0.0
2305801001;Jaén;65.5;PP;35.6;214;35.6;156;25.9;18;3.0;45;7.5;0;0.0;MUNDO+JUSTO;41;6.8;SALF;36;6.0;;0;0.0;;0;0.0;;0;0.0
2305801002;Jaén;71.1;PP;40.8;336;40.8;176;21.4;77;9.3;27;3.3;0;0.0;MUNDO+JUSTO;85;10.3;SALF;77;9.3;;0;0.0;;0;0.0;;0;0.0
2305801003;Jaén;61.9;PP;40.4;310;40.4;168;21.9;1;0.1;8;1.0;69;9.0;FE de las JONS;110;14.3;PACMA;36;4.7;;0;0.0;;0;0.0;;0;0.0
2305801004;Jaén;65.7;PSOE-A;35.7;224;31.1;257;35.7;94;13.1;72;10.0;0;0.0;ESCAÑOS EN BLANCO;41;5.7;;0;0.0;;0;0.0;;0;0.0;;0;0.0
2305801005;Jaén;64.5;PP;37.6;231;37.6;135;22.0;13;2.1;39;6.3;0;0.0;ESCAÑOS EN BLANCO;74;12.0;MUNDO+JUSTO;44;7.2;;0;0.0;;0;0.0;;0;0.0
2305802001;Jaén;71.8;PP;54.5;616;54.5;157;13.9;196;17.3;0;0.0;0;0.0;MUNDO+JUSTO;66;5.8;ESCAÑOS EN BLANCO;38;3.4;;0;0.0;;0;0.0;;0;0.0
2305802002;Jaén;62.8;PP;40.6;312;40.6;205;26.7;100;13.0;28;3.6;0;0.0;MUNDO+JUSTO;41;5.3;;0;0.0;;0;0.0;;0;0.0;;0;0.0
2305803001;Jaén;48.9;PSOE-A;35.3;83;21.8;134;35.3;16;4.2;45;11.8;17;4.5;FE de las JONS;58;15.3;;0;0.0;;0;0.0;;0;0.0;;0;0.0
2305901001;Jaén;71.0;PP;42.3;231;42.3;122;22.3;68;12.4;26;4.8;41;7.5;MUNDO+JUSTO;38;7.0;;0;0.0;;0;0.0;;0;0.0;;0;0.0
2305901002;Jaén;73.5;PSOE-A;37.3;169;29.9;211;37.3;139;24.6;7;1.2;0;0.0;NA;29;5.1;;0;0.0;;0;0.0;;0;0.0;;0;0.0
2305901003;Jaén;65.2;PP;35.2;186;35.2;180;34.0;51;9.6;9;1.7;0;0.0;PCPA;31;5.9;JM+;27;5.1;;0;0.0;;0;0.0;;0;0.0
2305902001;Jaén;71.8;PP;37.1;331;37.1;263;29.5;76;8.5;22;2.5;0;0.0;SALF;58;6.5;MUNDO+JUSTO;35;3.9;;0;0.0;;0;0.0;;0;0.0
2305902002;Jaén;71.0;PP;35.7;437;35.7;429;35.0;68;5.6;52;4.2;0;0.0;PACMA;73;6.0;;0;0.0;;0;0.0;;0;0.0;;0;0.0
2306001001;Jaén;55.2;PSOE-A;34.9;232;24.0;337;34.9;116;12.0;43;4.4;0;0.0;NA;76;7.9;ESCAÑOS EN BLANCO;65;6.7;;0;0.0;;0;0.0;;0;0.0
2306001002;Jaén;44.1;PSOE-A;42.6;85;21.2;171;42.6;36;9.0;35;8.7;0;0.0;JM+;35;8.7;;0;0.0;;0;0.0;;0;0.0;;0;0.0
2306001003;Jaén;43.1;PSOE-A;41.3;141;25.8;226;41.3;73;13.4;0;0.0;0;0.0;MUNDO+JUSTO;42;7.7;PCPA;29;5.3;;0;0.0;;0;0.0;;0;0.0
2306002004;Jaén;64.9;PP;37.4;339;37.4;248;27.4;109;12.0;88;9.7;0;0.0;MUNDO+JUSTO;42;4.6;;0;0.0;;0;0.0;;0;0.0;;0;0.0
2306003001;Jaén;61.9;PP;36.2;351;36.2;249;25.6;155;16.0;8;0.8;0;0.0;ANDALUCISTAS - PA;76;7.8;NA;36;3.7;;0;0.0;;0;0.0;;0;0.0
2306003002;Jaén;68.9;PP;42.8;505;42.8;262;22.2;154;13.1;30;2.5;0;0.0;PACMA;83;7.0;MUNDO+JUSTO;64;5.4;;0;0.0;;0;0.0;;0;0.0
2306003003;Jaén;66.0;PP;44.8;356;44.8;144;18.1;153;19.2;6;0.8;0;0.0;FE de las JONS;84;10.6;MUNDO+JUSTO;27;3.4;;0;0.0;;0;0.0;;0;0.0
2306003004;Jaén;62.2;PP;41.1;402;41.1;224;22.9;93;9.5;18;1.8;0;0.0;PACMA;96;9.8;NA;83;8.5;;0;0.0;;0;0.0;;0;0.0
2306003005;Jaén;66.1;PP;33.3;285;33.3;211;24.7;54;6.3;40;4.7;0;0.0;SALF;72;8.4;MUNDO+JUSTO;56;6.6;;0;0.0;;0;0.0;;0;0.0
2306003006;Jaén;65.7;PP;35.5;356;35.5;242;24.2;117;11.7;14;1.4;0;0.0;PACMA;81;8.1;FE de las JONS;75;7.5;;0;0.0;;0;0.0;;0;0.0
2306003007;Jaén;69.1;PP;39.3;371;39.3;188;19.9;109;11.6;2;0.2;0;0.0;MUNDO+JUSTO;137;14.5;PACMA;45;4.8;;0;0.0;;0;0.0;;0;0.0
2306003008;Jaén;68.9;PP;45.6;559;45.6;212;17.3;149;12.2;107;8.7;0;0.0;MUNDO+JUSTO;135;11.0;;0;0.0;;0;0.0;;0;0.0;;0;0.0
2306003009;Jaén;61.3;PP;42.3;241;42.3;135;23.7;79;13.9;0;0.0;22;3.9;NA;46;8.1;FE de las JONS;25;4.4;;0;0.0;;0;0.0;;0;0.0
2306004001;Jaén;53.7;PP;39.5;176;39.5;103;23.1;17;3.8;19;4.3;0;0.0;FE de las JONS;54;12.1;PACMA;47;10.5;ANDALUCISTAS - PA;20;4.5;;0;0.0;;0;0.0
2306101001;Jaén;66.0;PP;54.7;576;54.7;181;17.2;148;14.1;6;0.6;0;0.0;PACMA;44;4.2;MUNDO+JUSTO;38;3.6;;0;0.0;;0;0.0;;0;0.0
2306101002;Jaén;61.6;PP;47.0;382;47.0;186;22.9;107;13.2;0;0.0;0;0.0;ESCAÑOS EN BLANCO;49;6.0;PCPA;24;3.0;;0;0.0;;0;0.0;;0;0.0
2306101003;Jaén;62.3;PP;47.6;218;47.6;99;21.6;7;1.5;6;1.3;0;0.0;MUNDO+JUSTO;107;23.4;ESCAÑOS EN BLANCO;13;2.8;;0;0.0;;0;0.0;;0;0.0
2306101004;Jaén;62.3;PP;47.0;388;47.0;151;18.3;119;14.4;26;3.2;0;0.0;ANDALUCISTAS - PA;73;8.8;PACMA;29;3.5;;0;0.0;;0;0.0;;0;0.0
2306102001;Jaén;55.1;PP;40.1;311;40.1;244;31.4;85;11.0;39;5.0;0;0.0;MUNDO+JUSTO;52;6.7;;0;0.0;;0;0.0;;0;0.0;;0;0.0
2306102002;Jaén;53.5;PP;45.2;337;45.2;202;27.1;28;3.8;35;4.7;0;0.0;ESCAÑOS EN BLANCO;43;5.8;FE de las JONS;36;4.8;;0;0.0;;0;0.0;;0;0.0
2306201001;Jaén;78.3;PP;39.2;246;39.2;217;34.6;49;7.8;59;9.4;0;0.0;ESCAÑOS EN BLANCO;23;3.7;;0;0.0;;0;0.0;;0;0.0;;0;0.0
2306201002;Jaén;66.9;PSOE-A;46.8;95;28.5;156;46.8;37;11.1;2;0.6;0;0.0;MUNDO+JUSTO;40;12.0;PCPA;3;0.9;;0;0.0;;0;0.0;;0;0.0
2306301001;Jaén;65.2;PSOE-A;30.5;154;29.6;159;30.5;74;14.2;13;2.5;43;8.2;MUNDO+JUSTO;29;5.6;;0;0.0;;0;0.0;;0;0.0;;0;0.0
2306301002;Jaén;69.6;PP;53.8;203;53.8;20;5.3;17;4.5;34;9.0;0;0.0;PCPA;70;18.6;MUNDO+JUSTO;23;6.1;;0;0.0;;0;0.0;;0;0.0
2306301003;Jaén;50.1;PSOE-A;38.8;280;36.6;297;38.8;107;14.0;0;0.0;0;0.0;MUNDO+JUSTO;53;6.9;PACMA;17;2.2;;0;0.0;;0;0.0;;0;0.0
2306301005;Jaén;59.5;PP;36.7;146;36.7;95;23.9;83;20.8;0;0.0;0;0.0;MUNDO+JUSTO;31;7.8;FE de las JONS;20;5.0;;0;0.0;;0;0.0;;0;0.0
2306401001;Jaén;75.6;PP;59.1;305;59.1;122;23.6;29;5.6;30;5.8;0;0.0;FE de las JONS;14;2.7;;0;0.0;;0;0.0;;0;0.0;;0;0.0
2306402001;Jaén;72.0;PP;38.5;222;38.5;179;31.1;11;1.9;41;7.1;0;0.0;JM+;99;17.2;ESCAÑOS EN BLANCO;21;3.6;;0;0.0;;0;0.0;;0;0.0
2306501001;Jaén;64.4;PSOE-A;37.5;147;33.4;165;37.5;8;1.8;22;5.0;0;0.0;MUNDO+JUSTO;39;8.9;SALF;25;5.7;;0;0.0;;0;0.0;;0;0.0
2306502001;Jaén;69.7;PP;34.5;167;34.5;129;26.6;60;12.4;6;1.2;0;0.0;NA;70;14.5;PCPA;33;6.8;;0;0.0;;0;0.0;;0;0.0
2306601001;Jaén;80.5;PP;39.8;341;39.8;210;24.5;51;6.0;100;11.7;0;0.0;ESCAÑOS EN BLANCO;39;4.6;;0;0.0;;0;0.0;;0;0.0;;0;0.0
2306601002;Jaén;77.4;PSOE-A;34.8;281;34.2;286;34.8;108;13.2;19;2.3;51;6.2;NA;24;2.9;;0;0.0;;0;0.0;;0;0.0;;0;0.0
2306602001;Jaén;80.7;PP;50.2;555;50.2;319;28.8;26;2.4;99;9.0;0;0.0;ESCAÑOS EN BLANCO;49;4.4;MUNDO+JUSTO;37;3.4;;0;0.0;;0;0.0;;0;0.0
2306603001;Jaén;77.5;PP;44.6;237;44.6;121;22.7;22;4.1;22;4.1;0;0.0;PCPA;94;17.7;;0;0.0;;0;0.0;;0;0.0;;0;0.0
2306701001;Jaén;62.2;PP;31.2;142;31.2;122;26.8;50;11.0;13;2.9;0;0.0;ANDALUCISTAS - PA;52;11.4;PCPA;32;7.0;;0;0.0;;0;0.0;;0;0.0
2306702001;Jaén;64.9;PSOE-A;35.8;154;27.1;204;35.8;46;8.1;86;15.1;0;0.0;PACMA;28;4.9;;0;0.0;;0;0.0;;0;0.0;;0;0.0
2306702002;Jaén;65.7;PP;33.0;152;33.0;120;26.0;42;9.1;9;2.0;0;0.0;PACMA;117;25.4;ESCAÑOS EN BLANCO;11;2.4;;0;0.0;;0;0.0;;0;0.0
2306901001;Jaén;79.3;MUNDO+JUSTO;31.0;177;24.8;148;20.7;51;7.1;26;3.6;0;0.0;MUNDO+JUSTO;221;31.0;FE de las JONS;28;3.9;;0;0.0;;0;0.0;;0;0.0
2306901002;Jaén;77.9;PP;33.8;181;33.8;150;28.0;51;9.5;22;4.1;0;0.0;MUNDO+JUSTO;111;20.8;;0;0.0;;0;0.0;;0;0.0;;0;0.0
2306901003;Jaén;74.9;MUNDO+JUSTO;34.2;129;16.9;125;16.3;56;7.3;29;3.8;0;0.0;MUNDO+JUSTO;262;34.2;ANDALUCISTAS - PA;87;11.4;;0;0.0;;0;0.0;;0;0.0
2306902001;Jaén;77.2;PSOE-A;30.7;206;22.3;283;30.7;67;7.3;5;0.5;0;0.0;MUNDO+JUSTO;252;27.3;PCPA;33;3.6;;0;0.0;;0;0.0;;0;0.0
2306903001;Jaén;75.8;PSOE-A;29.5;211;26.6;234;29.5;9;1.1;42;5.3;44;5.6;MUNDO+JUSTO;194;24.5;;0;0.0;;0;0.0;;0;0.0;;0;0.0
2307001001;Jaén;55.4;PP;38.3;114;38.3;60;20.1;20;6.7;17;5.7;0;0.0;PCPA;56;18.8;MUNDO+JUSTO;20;6.7;;0;0.0;;0;0.0;;0;0.0
2307001002;Jaén;44.3;PP;51.1;115;51.1;30;13.3;41;18.2;0;0.0;0;0.0;ANDALUCISTAS - PA;21;9.3;NA;10;4.4;;0;0.0;;0;0.0;;0;0.0
2307002001;Jaén;54.6;PP;58.0;369;58.0;77;12.1;80;12.6;59;9.3;0;0.0;MUNDO+JUSTO;17;2.7;;0;0.0;;0;0.0;;0;0.0;;0;0.0
2307002002;Jaén;58.4;PP;43.0;354;43.0;219;26.6;74;9.0;23;2.8;27;3.3;NA;54;6.6;MUNDO+JUSTO;36;4.4;;0;0.0;;0;0.0;;0;0.0
2307101001;Jaén;69.4;PP;38.4;439;38.4;232;20.3;292;25.6;25;2.2;0;0.0;FE de las JONS;58;5.1;ANDALUCISTAS - PA;33;2.9;;0;0.0;;0;0.0;;0;0.0
2307201001;Jaén;59.8;PP;38.7;140;38.7;117;32.3;34;9.4;6;1.7;0;0.0;MUNDO+JUSTO;27;7.5;ESCAÑOS EN BLANCO;20;5.5;;0;0.0;;0;0.0;;0;0.0
2307201002;Jaén;72.9;PSOE-A;38.2;267;31.6;323;38.2;86;10.2;41;4.8;0;0.0;PACMA;48;5.7;ANDALUCISTAS - PA;47;5.6;;0;0.0;;0;0.0;;0;0.0
2307301001;Jaén;69.7;PP;36.4;228;36.4;200;31.9;42;6.7;62;9.9;0;0.0;SALF;35;5.6;;0;0.0;;0;0.0;;0;0.0;;0;0.0
2307302001;Jaén;63.7;PSOE-A;44.8;165;38.7;191;44.8;2;0.5;37;8.7;0;0.0;ESCAÑOS EN BLANCO;20;4.7;FE de las JONS;8;1.9;;0;0.0;;0;0.0;;0;0.0
2307302002;Jaén;69.2;PSOE-A;31.9;167;31.3;170;31.9;149;28.0;0;0.0;0;0.0;FE de las JONS;21;3.9;MUNDO+JUSTO;15;2.8;;0;0.0;;0;0.0;;0;0.0
2307303001;Jaén;65.1;PSOE-A;35.0;194;30.0;226;35.0;38;5.9;27;4.2;45;7.0;PCPA;42;6.5;;0;0.0;;0;0.0;;0;0.0;;0;0.0
2307303002;Jaén;60.6;PSOE-A;37.0;123;29.7;153;37.0;22;5.3;28;6.8;0;0.0;PCPA;36;8.7;MUNDO+JUSTO;25;6.0;;0;0.0;;0;0.0;;0;0.0
2307401001;Jaén;68.0;PP;41.5;419;41.5;243;24.1;57;5.6;52;5.2;0;0.0;FE de las JONS;79;7.8;MUNDO+JUSTO;74;7.3;;0;0.0;;0;0.0;;0;0.0
2307402001;Jaén;68.6;PSOE-A;34.6;271;30.3;309;34.6;43;4.8;64;7.2;0;0.0;ESCAÑOS EN BLANCO;85;9.5;JM+;65;7.3;;0;0.0;;0;0.0;;0;0.0
2307501001;Jaén;71.1;PSOE-A;44.6;131;30.5;192;44.6;5;1.2;26;6.0;0;0.0;ANDALUCISTAS - PA;44;10.2;ESCAÑOS EN BLANCO;24;5.6;;0;0.0;;0;0.0;;0;0.0
2307501002;Jaén;73.1;PP;49.7;393;49.7;201;25.4;56;7.1;47;5.9;0;0.0;NA;40;5.1;;0;0.0;;0;0.0;;0;0.0;;0;0.0
2307502001;Jaén;69.3;PP;35.5;352;35.5;323;32.6;106;10.7;47;4.7;0;0.0;MUNDO+JUSTO;70;7.1;;0;0.0;;0;0.0;;0;0.0;;0;0.0
2307601001;Jaén;75.3;PSOE-A;36.1;202;35.8;204;36.1;31;5.5;0;0.0;0;0.0;PACMA;84;14.9;MUNDO+JUSTO;20;3.5;;0;0.0;;0;0.0;;0;0.0
2307701001;Jaén;77.8;PSOE-A;40.0;125;29.4;170;40.0;62;14.6;12;2.8;0;0.0;ESCAÑOS EN BLANCO;32;7.5;FE de las JONS;16;3.8;;0;0.0;;0;0.0;;0;0.0
2307901001;Jaén;65.7;PP;38.1;303;38.1;255;32.1;93;11.7;10;1.3;0;0.0;JM+;43;5.4;NA;40;5.0;;0;0.0;;0;0.0;;0;0.0
2307901002;Jaén;63.5;PP;52.7;206;52.7;73;18.7;41;10.5;4;1.0;56;14.3;;0;0.0;;0;0.0;;0;0.0;;0;0.0;;0;0.0
2307902001;Jaén;56.0;PP;36.2;124;36.2;111;32.4;61;17.8;0;0.0;0;0.0;PCPA;37;10.8;FE de las JONS;7;2.0;;0;0.0;;0;0.0;;0;0.0
2307903001;Jaén;68.3;PP;38.2;268;38.2;190;27.1;100;14.3;26;3.7;47;6.7;ESCAÑOS EN BLANCO;44;6.3;;0;0.0;;0;0.0;;0;0.0;;0;0.0
2308001001;Jaén;64.4;PSOE-A;51.6;89;26.4;174;51.6;20;5.9;0;0.0;0;0.0;FE de las JONS;50;14.8;MUNDO+JUSTO;4;1.2;;0;0.0;;0;0.0;;0;0.0
2308002001;Jaén;67.7;PSOE-A;38.5;216;29.1;286;38.5;103;13.9;0;0.0;0;0.0;FE de las JONS;71;9.6;ESCAÑOS EN BLANCO;37;5.0;;0;0.0;;0;0.0;;0;0.0
2308101001;Jaén;57.8;PP;31.9;110;31.9;95;27.5;33;9.6;4;1.2;0;0.0;PACMA;53;15.4;MUNDO+JUSTO;32;9.3;;0;0.0;;0;0.0;;0;0.0
2308101002;Jaén;63.8;PP;29.4;146;29.4;124;25.0;93;18.7;37;7.4;0;0.0;JM+;30;6.0;;0;0.0;;0;0.0;;0;0.0;;0;0.0
2308201001;Jaén;68.3;PP;49.2;339;49.2;191;27.7;25;3.6;41;6.0;0;0.0;MUNDO+JUSTO;37;5.4;;0;0.0;;0;0.0;;0;0.0;;0;0.0
2308201002;Jaén;55.5;PSOE-A;37.6;125;32.6;144;37.6;14;3.7;32;8.4;0;0.0;ESCAÑOS EN BLANCO;43;11.2;FE de las JONS;19;5.0;;0;0.0;;0;0.0;;0;0.0
2308401001;Jaén;65.4;PSOE-A;37.0;128;24.7;192;37.0;79;15.2;20;3.8;0;0.0;JM+;34;6.6;ANDALUCISTAS - PA;26;5.0;;0;0.0;;0;0.0;;0;0.0
2308501001;Jaén;62.9;PSOE-A;46.4;232;38.5;279;46.4;8;1.3;24;4.0;0;0.0;FE de las JONS;20;3.3;NA;18;3.0;;0;0.0;;0;0.0;;0;0.0
2308501002;Jaén;54.2;PSOE-A;42.4;72;23.2;132;42.4;15;4.8;8;2.6;0;0.0;FE de las JONS;34;10.9;MUNDO+JUSTO;23;7.4;PACMA;21;6.8;;0;0.0;;0;0.0
2308501003;Jaén;62.1;PSOE-A;35.0;103;31.3;115;35.0;7;2.1;38;11.6;0;0.0;ESCAÑOS EN BLANCO;26;7.9;PACMA;17;5.2;;0;0.0;;0;0.0;;0;0.0
2308601001;Jaén;63.3;PSOE-A;34.4;191;29.0;227;34.4;35;5.3;31;4.7;0;0.0;PCPA;66;10.0;;0;0.0;;0;0.0;;0;0.0;;0;0.0
2308601002;Jaén;53.6;PSOE-A;39.0;105;27.8;147;39.0;49;13.0;0;0.0;0;0.0;JM+;36;9.6;PACMA;22;5.8;;0;0.0;;0;0.0;;0;0.0
2308601003;Jaén;58.4;PP;49.4;224;49.4;59;13.0;71;15.7;0;0.0;0;0.0;SALF;49;10.8;NA;22;4.9;;0;0.0;;0;0.0;;0;0.0
2308601004;Jaén;52.8;PP;33.9;153;33.9;133;29.5;6;1.3;25;5.5;0;0.0;ESCAÑOS EN BLANCO;54;12.0;PACMA;27;6.0;;0;0.0;;0;0.0;;0;0.0
2308601005;Jaén;66.3;PP;38.4;184;38.4;138;28.8;16;3.3;67;14.0;0;0.0;MUNDO+JUSTO;30;6.3;NA;27;5.6;;0;0.0;;0;0.0;;0;0.0
2308601006;Jaén;60.1;PP;34.5;139;34.5;108;26.8;3;0.7;0;0.0;0;0.0;SALF;96;23.8;MUNDO+JUSTO;26;6.4;PACMA;20;5.0;;0;0.0;;0;0.0
2308601007;Jaén;69.2;PP;44.5;339;44.5;83;10.9;72;9.4;24;3.2;0;0.0;ESCAÑOS EN BLANCO;102;13.4;SALF;98;12.9;;0;0.0;;0;0.0;;0;0.0
2308601008;Jaén;67.2;PP;43.1;312;43.1;204;28.2;104;14.4;0;0.0;0;0.0;MUNDO+JUSTO;32;4.4;ESCAÑOS EN BLANCO;25;3.4;;0;0.0;;0;0.0;;0;0.0
2308601009;Jaén;67.2;PP;44.2;538;44.2;183;15.0;70;5.8;56;4.6;0;0.0;FE de las JONS;148;12.2;ESCAÑOS EN BLANCO;110;9.0;;0;0.0;;0;0.0;;0;0.0
2308601010;Jaén;63.2;PSOE-A;38.1;232;35.1;252;38.1;94;14.2;23;3.5;0;0.0;PACMA;29;4.4;;0;0.0;;0;0.0;;0;0.0;;0;0.0
2308601011;Jaén;57.4;PP;41.6;286;41.6;186;27.0;53;7.7;55;8.0;0;0.0;NA;35;5.1;;0;0.0;;0;0.0;;0;0.0;;0;0.0
2308701001;Jaén;67.2;PP;60.8;240;60.8;0;0.0;3;0.8;51;12.9;0;0.0;SALF;66;16.7;MUNDO+JUSTO;17;4.3;ESCAÑOS EN BLANCO;7;1.8;;0;0.0;;0;0.0
2308701002;Jaén;69.4;PP;46.7;279;46.7;64;10.7;43;7.2;65;10.9;64;10.7;MUNDO+JUSTO;55;9.2;;0;0.0;;0;0.0;;0;0.0;;0;0.0
2308702001;Jaén;61.6;PP;36.0;155;36.0;105;24.4;56;13.0;32;7.4;0;0.0;PACMA;32;7.4;MUNDO+JUSTO;32;7.4;;0;0.0;;0;0.0;;0;0.0
2308702002;Jaén;63.0;PP;44.1;189;44.1;59;13.8;30;7.0;66;15.4;0;0.0;MUNDO+JUSTO;77;18.0;;0;0.0;;0;0.0;;0;0.0;;0;0.0
2308702003;Jaén;78.7;PP;56.2;342;56.2;102;16.8;13;2.1;70;11.5;0;0.0;PACMA;42;6.9;FE de las JONS;31;5.1;;0;0.0;;0;0.0;;0;0.0
2308703001;Jaén;67.0;PP;33.1;233;33.1;106;15.1;109;15.5;121;17.2;0;0.0;PCPA;58;8.2;;0;0.0;;0;0.0;;0;0.0;;0;0.0
2308703002;Jaén;57.1;PP;45.6;225;45.6;67;13.6;6;1.2;85;17.2;0;0.0;PCPA;101;20.5;NA;8;1.6;;0;0.0;;0;0.0;;0;0.0
2308703003;Jaén;67.8;PP;37.4;453;37.4;171;14.1;191;15.8;131;10.8;0;0.0;FE de las JONS;113;9.3;;0;0.0;;0;0.0;;0;0.0;;0;0.0
2308704001;Jaén;68.9;PP;33.1;301;33.1;196;21.6;53;5.8;135;14.8;0;0.0;PCPA;107;11.8;SALF;54;5.9;;0;0.0;;0;0.0;;0;0.0
2308704002;Jaén;62.3;PP;26.3;146;26.3;102;18.4;54;9.7;124;22.3;0;0.0;NA;74;13.3;;0;0.0;;0;0.0;;0;0.0;;0;0.0
2308704003;Jaén;64.6;PP;51.9;435;51.9;97;11.6;69;8.2;144;17.2;0;0.0;MUNDO+JUSTO;41;4.9;;0;0.0;;0;0.0;;0;0.0;;0;0.0
2308801001;Jaén;69.6;PP;40.4;186;40.4;102;22.1;56;12.2;36;7.8;0;0.0;FE de las JONS;57;12.4;;0;0.0;;0;0.0;;0;0.0;;0;0.0
2308801002;Jaén;61.7;PSOE-A;31.3;86;19.8;136;31.3;29;6.7;57;13.1;0;0.0;PACMA;53;12.2;MUNDO+JUSTO;39;9.0;;0;0.0;;0;0.0;;0;0.0
2308802001;Jaén;63.0;PSOE-A;36.6;55;15.6;129;36.6;0;0.0;75;21.3;0;0.0;ANDALUCISTAS - PA;46;13.1;MUNDO+JUSTO;18;5.1;;0;0.0;;0;0.0;;0;0.0
2308802002;Jaén;61.3;PP;44.1;157;44.1;67;18.8;46;12.9;0;0.0;0;0.0;NA;55;15.4;FE de las JONS;21;5.9;;0;0.0;;0;0.0;;0;0.0
2308803001;Jaén;62.2;PP;31.8;172;31.8;133;24.6;47;8.7;55;10.2;0;0.0;ANDALUCISTAS - PA;48;8.9;;0;0.0;;0;0.0;;0;0.0;;0;0.0
2308803002;Jaén;65.4;PP;36.9;257;36.9;143;20.5;100;14.4;110;15.8;0;0.0;PACMA;37;5.3;;0;0.0;;0;0.0;;0;0.0;;0;0.0
2308803003;Jaén;69.2;PSOE-A;40.3;242;25.0;389;40.3;113;11.7;121;12.5;0;0.0;NA;30;3.1;;0;0.0;;0;0.0;;0;0.0;;0;0.0
2309001001;Jaén;65.3;PSOE-A;43.8;89;26.9;145;43.8;28;8.5;0;0.0;0;0.0;SALF;42;12.7;ESCAÑOS EN BLANCO;16;4.8;;0;0.0;;0;0.0;;0;0.0
2309002001;Jaén;70.8;PP;45.0;186;45.0;92;22.3;5;1.2;0;0.0;0;0.0;MUNDO+JUSTO;127;30.8;FE de las JONS;2;0.5;;0;0.0;;0;0.0;;0;0.0
2309101001;Jaén;69.5;PSOE-A;41.3;127;29.3;179;41.3;19;4.4;0;0.0;0;0.0;SALF;54;12.5;PACMA;27;6.2;;0;0.0;;0;0.0;;0;0.0
2309201001;Jaén;63.6;PP;43.1;277;43.1;104;16.2;74;11.5;39;6.1;0;0.0;ANDALUCISTAS - PA;45;7.0;;0;0.0;;0;0.0;;0;0.0;;0;0.0
2309201002;Jaén;66.5;PP;46.8;382;46.8;103;12.6;118;14.4;32;3.9;0;0.0;JM+;72;8.8;MUNDO+JUSTO;49;6.0;;0;0.0;;0;0.0;;0;0.0
2309201003;Jaén;71.0;PP;55.2;280;55.2;55;10.8;7;1.4;50;9.9;0;0.0;MUNDO+JUSTO;90;17.8;PCPA;12;2.4;;0;0.0;;0;0.0;;0;0.0
2309201004;Jaén;70.1;PP;47.0;303;47.0;136;21.1;40;6.2;23;3.6;0;0.0;JM+;42;6.5;FE de las JONS;37;5.8;;0;0.0;;0;0.0;;0;0.0
2309201005;Jaén;61.8;PP;40.1;247;40.1;133;21.6;70;11.4;0;0.0;0;0.0;ESCAÑOS EN BLANCO;54;8.8;MUNDO+JUSTO;42;6.8;;0;0.0;;0;0.0;;0;0.0
2309201006;Jaén;67.1;PP;49.6;285;49.6;125;21.7;34;5.9;29;5.0;0;0.0;ESCAÑOS EN BLANCO;70;12.2;;0;0.0;;0;0.0;;0;0.0;;0;0.0
2309201007;Jaén;71.4;PP;52.6;504;52.6;145;15.1;108;11.3;0;0.0;0;0.0;MUNDO+JUSTO;74;7.7;FE de las JONS;45;4.7;;0;0.0;;0;0.0;;0;0.0
2309201008;Jaén;68.0;PP;47.6;376;47.6;71;9.0;81;10.2;108;13.7;94;11.9;;0;0.0;;0;0.0;;0;0.0;;0;0.0;;0;0.0
2309201009;Jaén;65.9;PP;45.1;506;45.1;190;16.9;101;9.0;70;6.2;0;0.0;PCPA;92;8.2;;0;0.0;;0;0.0;;0;0.0;;0;0.0
2309201010;Jaén;66.8;PP;46.7;378;46.7;128;15.8;173;21.4;6;0.7;0;0.0;NA;24;3.0;PACMA;23;2.8;;0;0.0;;0;0.0;;0;0.0
2309201011;Jaén;62.7;PP;50.0;209;50.0;104;24.9;48;11.5;4;1.0;0;0.0;MUNDO+JUSTO;24;5.7;FE de las JONS;18;4.3;;0;0.0;;0;0.0;;0;0.0
2309202001;Jaén;60.7;PP;47.0;271;47.0;128;22.2;74;12.8;45;7.8;0;0.0;ESCAÑOS EN BLANCO;21;3.6;;0;0.0;;0;0.0;;0;0.0;;0;0.0
2309202003;Jaén;63.5;PP;38.3;253;38.3;169;25.6;31;4.7;57;8.6;0;0.0;ANDALUCISTAS - PA;52;7.9;;0;0.0;;0;0.0;;0;0.0;;0;0.0
2309203001;Jaén;61.4;PP;35.6;150;35.6;96;22.8;43;10.2;24;5.7;63;14.9;;0;0.0;;0;0.0;;0;0.0;;0;0.0;;0;0.0
2309203002;Jaén;60.6;PP;36.5;270;36.5;162;21.9;116;15.7;8;1.1;0;0.0;MUNDO+JUSTO;104;14.0;PACMA;57;7.7;;0;0.0;;0;0.0;;0;0.0
2309203003;Jaén;60.0;PSOE-A;28.2;210;25.8;229;28.2;73;9.0;62;7.6;82;10.1;;0;0.0;;0;0.0;;0;0.0;;0;0.0;;0;0.0
2309203004;Jaén;43.3;PSOE-A;37.8;45;18.3;93;37.8;53;21.5;0;0.0;0;0.0;ANDALUCISTAS - PA;22;8.9;FE de las JONS;13;5.3;;0;0.0;;0;0.0;;0;0.0
2309203005;Jaén;51.1;PP;30.4;160;30.4;150;28.5;45;8.6;6;1.1;0;0.0;NA;91;17.3;JM+;51;9.7;;0;0.0;;0;0.0;;0;0.0
2309203006;Jaén;50.7;PP;36.0;167;36.0;114;24.6;45;9.7;13;2.8;0;0.0;PACMA;72;15.5;MUNDO+JUSTO;27;5.8;;0;0.0;;0;0.0;;0;0.0
2309203007;Jaén;50.0;PP;32.0;126;32.0;121;30.7;63;16.0;0;0.0;0;0.0;PACMA;66;16.8;NA;10;2.5;;0;0.0;;0;0.0;;0;0.0
2309203008;Jaén;41.5;PSOE-A;50.9;97;29.4;168;50.9;0;0.0;32;9.7;0;0.0;MUNDO+JUSTO;22;6.7;FE de las JONS;5;1.5;;0;0.0;;0;0.0;;0;0.0
2309204001;Jaén;70.5;PP;50.9;416;50.9;95;11.6;98;12.0;29;3.6;22;2.7;MUNDO+JUSTO;72;8.8;;0;0.0;;0;0.0;;0;0.0;;0;0.0
2309204002;Jaén;58.3;PP;34.0;190;34.0;166;29.8;52;9.3;22;3.9;0;0.0;NA;56;10.0;ESCAÑOS EN BLANCO;26;4.7;;0;0.0;;0;0.0;;0;0.0
2309204003;Jaén;58.9;PSOE-A;35.9;122;22.6;194;35.9;36;6.6;39;7.2;0;0.0;ESCAÑOS EN BLANCO;45;8.3;ANDALUCISTAS - PA;41;7.6;;0;0.0;;0;0.0;;0;0.0
2309204004;Jaén;59.9;PP;32.4;148;32.4;126;27.6;51;11.2;16;3.5;0;0.0;NA;53;11.6;MUNDO+JUSTO;35;7.7;;0;0.0;;0;0.0;;0;0.0
2309204005;Jaén;66.1;PP;51.6;428;51.6;98;11.8;60;7.2;8;1.0;0;0.0;ANDALUCISTAS - PA;73;8.8;NA;57;6.9;;0;0.0;;0;0.0;;0;0.0
2309205001;Jaén;57.7;PSOE-A;39.7;110;26.6;164;39.7;52;12.6;6;1.4;0;0.0;NA;28;6.8;FE de las JONS;26;6.3;;0;0.0;;0;0.0;;0;0.0
2309301001;Jaén;62.1;PP;37.2;261;37.2;190;27.1;6;0.9;95;13.6;0;0.0;NA;67;9.6;MUNDO+JUSTO;48;6.8;;0;0.0;;0;0.0;;0;0.0
2309302001;Jaén;65.6;PP;40.7;186;40.7;124;27.1;35;7.7;15;3.3;0;0.0;JM+;47;10.3;NA;29;6.4;;0;0.0;;0;0.0;;0;0.0
2309303001;Jaén;59.8;PSOE-A;54.3;109;17.7;334;54.3;51;8.3;20;3.2;0;0.0;SALF;32;5.2;ANDALUCISTAS - PA;21;3.4;;0;0.0;;0;0.0;;0;0.0
2309401001;Jaén;68.6;PSOE-A;40.9;168;20.5;336;40.9;55;6.7;62;7.6;92;11.2;;0;0.0;;0;0.0;;0;0.0;;0;0.0;;0;0.0
2309401003;Jaén;68.1;PP;34.1;154;34.1;153;33.8;50;11.1;6;1.3;0;0.0;FE de las JONS;71;15.7;PCPA;15;3.3;;0;0.0;;0;0.0;;0;0.0
2309401004;Jaén;73.3;PSOE-A;34.8;295;25.4;404;34.8;3;0.3;204;17.6;0;0.0;PACMA;102;8.8;NA;90;7.8;;0;0.0;;0;0.0;;0;0.0
2309501001;Jaén;64.9;PP;49.1;165;49.1;30;8.9;100;29.8;0;0.0;0;0.0;FE de las JONS;21;6.2;MUNDO+JUSTO;12;3.6;;0;0.0;;0;0.0;;0;0.0
2309501002;Jaén;69.9;PP;59.4;346;59.4;76;13.0;21;3.6;46;7.9;0;0.0;JM+;73;12.5;;0;0.0;;0;0.0;;0;0.0;;0;0.0
2309502001;Jaén;65.8;PP;52.5;349;52.5;157;23.6;68;10.2;9;1.4;0;0.0;PCPA;45;6.8;NA;21;3.2;;0;0.0;;0;0.0;;0;0.0
2309502002;Jaén;67.9;PP;46.5;429;46.5;165;17.9;135;14.6;9;1.0;0;0.0;PCPA;72;7.8;FE de las JONS;41;4.4;;0;0.0;;0;0.0;;0;0.0
2309502003;Jaén;62.0;PSOE-A;32.2;278;28.1;319;32.2;152;15.4;73;7.4;0;0.0;PCPA;65;6.6;;0;0.0;;0;0.0;;0;0.0;;0;0.0
2309503001;Jaén;60.5;PP;46.1;236;46.1;129;25.2;14;2.7;31;6.0;0;0.0;PACMA;64;12.5;MUNDO+JUSTO;18;3.5;;0;0.0;;0;0.0;;0;0.0
2309503002;Jaén;65.9;PP;45.3;281;45.3;94;15.2;101;16.3;115;18.6;0;0.0;ESCAÑOS EN BLANCO;14;2.3;;0;0.0;;0;0.0;;0;0.0;;0;0.0
2309504001;Jaén;57.6;PP;35.9;217;35.9;157;26.0;85;14.1;9;1.5;0;0.0;SALF;89;14.7;MUNDO+JUSTO;17;2.8;;0;0.0;;0;0.0;;0;0.0
2309601001;Jaén;74.9;PSOE-A;46.3;175;21.7;373;46.3;16;2.0;67;8.3;41;5.1;JM+;48;6.0;;0;0.0;;0;0.0;;0;0.0;;0;0.0
2309601002;Jaén;72.3;PP;37.3;187;37.3;176;35.1;29;5.8;17;3.4;0;0.0;PACMA;36;7.2;FE de las JONS;31;6.2;;0;0.0;;0;0.0;;0;0.0
2309601003;Jaén;70.1;PSOE-A;41.9;101;24.2;175;41.9;4;1.0;24;5.7;0;0.0;ANDALUCISTAS - PA;37;8.8;MUNDO+JUSTO;30;7.2;;0;0.0;;0;0.0;;0;0.0
2309701001;Jaén;55.5;PP;42.0;193;42.0;96;20.9;98;21.3;0;0.0;0;0.0;PCPA;28;6.1;MUNDO+JUSTO;23;5.0;;0;0.0;;0;0.0;;0;0.0
2309701002;Jaén;56.3;PP;38.3;151;38.3;93;23.6;78;19.8;1;0.2;0;0.0;PACMA;59;15.0;MUNDO+JUSTO;12;3.0;;0;0.0;;0;0.0;;0;0.0
2309701003;Jaén;59.7;PP;42.7;250;42.7;88;15.0;101;17.2;26;4.4;0;0.0;MUNDO+JUSTO;58;9.9;ESCAÑOS EN BLANCO;28;4.8;;0;0.0;;0;0.0;;0;0.0
2309702001;Jaén;51.7;PP;56.5;200;56.5;45;12.7;47;13.3;0;0.0;0;0.0;NA;28;7.9;PACMA;22;6.2;;0;0.0;;0;0.0;;0;0.0
2309702002;Jaén;57.2;PP;59.3;284;59.3;101;21.1;48;10.0;2;0.4;0;0.0;PCPA;28;5.8;ESCAÑOS EN BLANCO;14;2.9;;0;0.0;;0;0.0;;0;0.0
2309702003;Jaén;59.5;PP;33.3;195;33.3;94;16.1;120;20.5;22;3.8;0;0.0;NA;35;6.0;MUNDO+JUSTO;35;6.0;;0;0.0;;0;0.0;;0;0.0
2309702004;Jaén;49.4;PP;40.1;173;40.1;36;8.4;91;21.1;27;6.3;43;10.0;ESCAÑOS EN BLANCO;27;6.3;;0;0.0;;0;0.0;;0;0.0;;0;0.0
2309801001;Jaén;78.2;PP;43.8;267;43.8;237;38.8;68;11.2;0;0.0;0;0.0;PACMA;32;5.2;ESCAÑOS EN BLANCO;4;0.7;;0;0.0;;0;0.0;;0;0.0
2309901001;Jaén;64.4;PP;35.9;222;35.9;186;30.1;104;16.8;41;6.6;0;0.0;ESCAÑOS EN BLANCO;21;3.4;;0;0.0;;0;0.0;;0;0.0;;0;0.0
2309901002;Jaén;65.1;PP;42.7;230;42.7;127;23.6;52;9.6;36;6.7;0;0.0;NA;41;7.6;;0;0.0;;0;0.0;;0;0.0;;0;0.0
2309901003;Jaén;65.7;PP;31.1;308;31.1;212;21.4;190;19.2;18;1.8;0;0.0;PACMA;123;12.4;FE de las JONS;70;7.1;;0;0.0;;0;0.0;;0;0.0
2309901004;Jaén;62.5;PP;35.4;364;35.4;226;22.0;99;9.6;58;5.6;126;12.3;ESCAÑOS EN BLANCO;60;5.8;;0;0.0;;0;0.0;;0;0.0;;0;0.0
2310101001;Jaén;56.6;PP;37.6;67;37.6;41;23.0;22;12.4;0;0.0;0;0.0;SALF;29;16.3;FE de las JONS;11;6.2;;0;0.0;;0;0.0;;0;0.0
2390101001;Jaén;73.9;PSOE-A;33.0;236;30.2;258;33.0;116;14.8;13;1.7;0;0.0;ESCAÑOS EN BLANCO;46;5.9;NA;37;4.7;;0;0.0;;0;0.0;;0;0.0
2390201001;Jaén;75.6;PSOE-A;49.4;128;23.8;265;49.4;31;5.8;11;2.0;0;0.0;PACMA;30;5.6;ESCAÑOS EN BLANCO;24;4.5;;0;0.0;;0;0.0;;0;0.0
2390201002;Jaén;67.0;PSOE-A;49.5;131;31.8;204;49.5;1;0.2;1;0.2;0;0.0;FE de las JONS;44;10.7;PCPA;26;6.3;;0;0.0;;0;0.0;;0;0.0
2390202001;Jaén;72.9;PSOE-A;44.2;160;27.7;255;44.2;61;10.6;7;1.2;0;0.0;SALF;69;12.0;ESCAÑOS EN BLANCO;13;2.2;;0;0.0;;0;0.0;;0;0.0
2390301001;Jaén;18.5;PP;39.8;103;39.8;82;31.7;47;18.2;1;0.4;0;0.0;PACMA;12;4.6;FE de las JONS;6;2.3;;0;0.0;;0;0.0;;0;0.0
2390301002;Jaén;0.0;;0.0;0;0.0;0;0.0;0;0.0;0;0.0;0;0.0;;0;0.0;;0;0.0;;0;0.0;;0;0.0;;0;0.0
2390302001;Jaén;0.0;;0.0;0;0.0;0;0.0;0;0.0;0;0.0;0;0.0;;0;0.0;;0;0.0;;0;0.0;;0;0.0;;0;0.0
2390302002;Jaén;0.0;;0.0;0;0.0;0;0.0;0;0.0;0;0.0;0;0.0;;0;0.0;;0;0.0;;0;0.0;;0;0.0;;0;0.0
2390401001;Jaén;0.0;;0.0;0;0.0;0;0.0;0;0.0;0;0.0;0;0.0;;0;0.0;;0;0.0;;0;0.0;;0;0.0;;0;0.0
2390401002;Jaén;0.0;;0.0;0;0.0;0;0.0;0;0.0;0;0.0;0;0.0;;0;0.0;;0;0.0;;0;0.0;;0;0.0;;0;0.0
2390501001;Jaén;0.0;;0.0;0;0.0;0;0.0;0;0.0;0;0.0;0;0.0;;0;0.0;;0;0.0;;0;0.0;;0;0.0;;0;0.0
2390501002;Jaén;0.0;;0.0;0;0.0;0;0.0;0;0.0;0;0.0;0;0.0;;0;0.0;;0;0.0;;0;0.0;;0;0.0;;0;0.0
2900101001;Málaga;0.0;;0.0;0;0.0;0;0.0;0;0.0;0;0.0;0;0.0;;0;0.0;;0;0.0;;0;0.0;;0;0.0;;0;0.0
2900101002;Málaga;0.0;;0.0;0;0.0;0;0.0;0;0.0;0;0.0;0;0.0;;0;0.0;;0;0.0;;0;0.0;;0;0.0;;0;0.0
2900101003;Málaga;0.0;;0.0;0;0.0;0;0.0;0;0.0;0;0.0;0;0.0;;0;0.0;;0;0.0;;0;0.0;;0;0.0;;0;0.0
2900101004;Málaga;0.0;;0.0;0;0.0;0;0.0;0;0.0;0;0.0;0;0.0;;0;0.0;;0;0.0;;0;0.0;;0;0.0;;0;0.0
2900201001;Málaga;0.0;;0.0;0;0.0;0;0.0;0;0.0;0;0.0;0;0.0;;0;0.0;;0;0.0;;0;0.0;;0;0.0;;0;0.0
2900301001;Málaga;64.7;PSOE-A;41.2;117;21.4;226;41.2;2;0.4;80;14.6;0;0.0;SALF;82;15.0;ESCAÑOS EN BLANCO;23;4.2;;0;0.0;;0;0.0;;0;0.0
2900401001;Málaga;62.7;PP;34.9;60;34.9;55;32.0;6;3.5;9;5.2;0;0.0;MUNDO+JUSTO;32;18.6;;0;0.0;;0;0.0;;0;0.0;;0;0.0
2900501001;Málaga;54.4;PP;46.6;265;46.6;75;13.2;89;15.7;0;0.0;0;0.0;NA;75;13.2;MUNDO+JUSTO;27;4.8;;0;0.0;;0;0.0;;0;0.0
2900501002;Málaga;56.2;PP;39.7;248;39.7;118;18.9;96;15.4;0;0.0;0;0.0;PACMA;81;13.0;NA;28;4.5;;0;0.0;;0;0.0;;0;0.0
2900501003;Málaga;60.5;PP;44.6;299;44.6;97;14.5;112;16.7;11;1.6;0;0.0;SALF;51;7.6;MUNDO+JUSTO;30;4.5;;0;0.0;;0;0.0;;0;0.0
2900501004;Málaga;61.1;PP;33.6;341;33.6;228;22.5;164;16.2;102;10.1;0;0.0;FE de las JONS;70;6.9;;0;0.0;;0;0.0;;0;0.0;;0;0.0
2900601001;Málaga;57.8;PP;54.7;198;54.7;50;13.8;28;7.7;13;3.6;0;0.0;ESCAÑOS EN BLANCO;45;12.4;MUNDO+JUSTO;22;6.1;;0;0.0;;0;0.0;;0;0.0
2900701001;Málaga;53.3;PP;45.1;406;45.1;95;10.5;115;12.8;31;3.4;0;0.0;29;104;11.5;CONECTA;86;9.5;;0;0.0;;0;0.0;;0;0.0
2900701002;Málaga;58.5;PP;45.2;248;45.2;40;7.3;110;20.0;40;7.3;0;0.0;PARTIDO AUTÓNOMOS;84;15.3;;0;0.0;;0;0.0;;0;0.0;;0;0.0
2900701003;Málaga;56.6;PP;49.8;422;49.8;58;6.8;62;7.3;73;8.6;0;0.0;PARTIDO AUTÓNOMOS;62;7.3;;0;0.0;;0;0.0;;0;0.0;;0;0.0
2900701004;Málaga;55.4;PP;46.9;526;46.9;191;17.0;109;9.7;10;0.9;0;0.0;PACMA;63;5.6;ESCAÑOS EN BLANCO;56;5.0;;0;0.0;;0;0.0;;0;0.0
2900701005;Málaga;52.4;PP;45.7;287;45.7;87;13.8;54;8.6;22;3.5;0;0.0;NA;63;10.0;PACMA;46;7.3;;0;0.0;;0;0.0;;0;0.0
2900701006;Málaga;65.0;PP;38.9;300;38.9;121;15.7;47;6.1;74;9.6;108;14.0;PARTIDO AUTÓNOMOS;48;6.2;;0;0.0;;0;0.0;;0;0.0;;0;0.0
2900701007;Málaga;56.7;PP;39.0;421;39.0;144;13.3;108;10.0;115;10.6;86;8.0;;0;0.0;;0;0.0;;0;0.0;;0;0.0;;0;0.0
2900701008;Málaga;52.0;PP;42.2;239;42.2;102;18.0;89;15.7;4;0.7;0;0.0;CONECTA;39;6.9;PCPA;33;5.8;;0;0.0;;0;0.0;;0;0.0
2900701009;Málaga;57.7;PP;48.9;460;48.9;81;8.6;53;5.6;66;7.0;0;0.0;ANDALUCISTAS-PA;130;13.8;PACMA;55;5.8;;0;0.0;;0;0.0;;0;0.0
2900701010;Málaga;59.8;PP;46.3;565;46.3;162;13.3;136;11.1;81;6.6;0;0.0;FE de las JONS;95;7.8;;0;0.0;;0;0.0;;0;0.0;;0;0.0
2900701011;Málaga;56.7;PP;44.9;454;44.9;154;15.2;123;12.2;115;11.4;0;0.0;29;60;5.9;;0;0.0;;0;0.0;;0;0.0;;0;0.0
2900701012;Málaga;63.3;PP;52.7;327;52.7;59;9.5;60;9.7;47;7.6;0;0.0;SOCIEDAD UNIDA;50;8.0;;0;0.0;;0;0.0;;0;0.0;;0;0.0
2900701013;Málaga;68.7;PP;44.6;318;44.6;73;10.2;100;14.0;29;4.1;47;6.6;PARTIDO AUTÓNOMOS;55;7.7;MUNDO+JUSTO;55;7.7;;0;0.0;;0;0.0;;0;0.0
2900701014;Málaga;55.9;PP;39.8;437;39.8;163;14.8;160;14.6;86;7.8;0;0.0;PCPA;77;7.0;;0;0.0;;0;0.0;;0;0.0;;0;0.0
2900701015;Málaga;69.1;PP;53.6;446;53.6;70;8.4;42;5.0;97;11.7;0;0.0;FE de las JONS;84;10.1;;0;0.0;;0;0.0;;0;0.0;;0;0.0
2900701016;Málaga;58.9;PP;48.0;551;48.0;96;8.4;142;12.4;61;5.3;0;0.0;FE de las JONS;116;10.1;NA;78;6.8;;0;0.0;;0;0.0;;0;0.0
2900701017;Málaga;64.8;PP;51.2;457;51.2;89;10.0;160;17.9;25;2.8;0;0.0;MUNDO+JUSTO;38;4.3;PACMA;34;3.8;;0;0.0;;0;0.0;;0;0.0
2900701018;Málaga;72.0;PP;47.8;467;47.8;89;9.1;111;11.4;117;12.0;0;0.0;PACMA;60;6.1;;0;0.0;;0;0.0;;0;0.0;;0;0.0
2900701019;Málaga;48.1;PP;40.0;352;40.0;87;9.9;213;24.2;64;7.3;0;0.0;29;87;9.9;;0;0.0;;0;0.0;;0;0.0;;0;0.0
2900701020;Málaga;66.1;PP;39.6;297;39.6;112;14.9;115;15.3;12;1.6;0;0.0;PCPA;99;13.2;ANDALUCISTAS-PA;86;11.5;;0;0.0;;0;0.0;;0;0.0
2900701021;Málaga;57.3;PP;45.0;301;45.0;149;22.3;122;18.2;24;3.6;0;0.0;PACMA;24;3.6;;0;0.0;;0;0.0;;0;0.0;;0;0.0
2900701022;Málaga;55.8;PP;52.5;260;52.5;30;6.1;20;4.0;62;12.5;0;0.0;NA;63;12.7;MUNDO+JUSTO;30;6.1;;0;0.0;;0;0.0;;0;0.0
2900701023;Málaga;59.8;PP;40.2;254;40.2;95;15.1;66;10.5;42;6.7;0;0.0;PCPA;65;10.3;;0;0.0;;0;0.0;;0;0.0;;0;0.0
2900801001;Málaga;53.3;PP;57.2;269;57.2;63;13.4;19;4.0;34;7.2;0;0.0;FE de las JONS;51;10.8;MUNDO+JUSTO;21;4.5;;0;0.0;;0;0.0;;0;0.0
2900801002;Málaga;61.8;PP;56.8;525;56.8;145;15.7;97;10.5;11;1.2;0;0.0;ESCAÑOS EN BLANCO;89;9.6;PCPA;19;2.0;;0;0.0;;0;0.0;;0;0.0
2900801003;Málaga;54.1;PP;56.8;538;56.8;60;6.3;181;19.1;3;0.3;0;0.0;PCPA;70;7.4;PACMA;47;5.0;;0;0.0;;0;0.0;;0;0.0
2900801004;Málaga;63.9;PP;55.5;268;55.5;62;12.8;29;6.0;47;9.7;0;0.0;NA;27;5.6;;0;0.0;;0;0.0;;0;0.0;;0;0.0
2900801006;Málaga;58.4;PP;48.1;328;48.1;93;13.6;102;15.0;4;0.6;0;0.0;MUNDO+JUSTO;44;6.4;FE de las JONS;38;5.6;;0;0.0;;0;0.0;;0;0.0
2900801007;Málaga;63.7;PP;52.8;356;52.8;74;11.0;90;13.4;0;0.0;0;0.0;PARTIDO AUTÓNOMOS;52;7.7;ANDALUCISTAS-PA;34;5.0;;0;0.0;;0;0.0;;0;0.0
2900801008;Málaga;58.3;PP;54.0;369;54.0;78;11.4;49;7.2;87;12.7;0;0.0;NA;37;5.4;;0;0.0;;0;0.0;;0;0.0;;0;0.0
2900802001;Málaga;59.6;PP;56.0;352;56.0;8;1.3;72;11.5;40;6.4;0;0.0;PARTIDO AUTÓNOMOS;44;7.0;SALF;43;6.8;;0;0.0;;0;0.0;;0;0.0
2900802003;Málaga;59.3;PP;59.3;579;59.3;75;7.7;188;19.3;4;0.4;0;0.0;FE de las JONS;36;3.7;NA;30;3.1;;0;0.0;;0;0.0;;0;0.0
2900802004;Málaga;57.2;PP;54.0;417;54.0;86;11.1;79;10.2;9;1.2;46;6.0;NA;50;6.5;;0;0.0;;0;0.0;;0;0.0;;0;0.0
2900803001;Málaga;56.3;PP;55.5;309;55.5;63;11.3;23;4.1;39;7.0;0;0.0;MUNDO+JUSTO;74;13.3;;0;0.0;;0;0.0;;0;0.0;;0;0.0
2900803002;Málaga;55.6;PP;53.7;435;53.7;98;12.1;116;14.3;0;0.0;0;0.0;MUNDO+JUSTO;71;8.8;PACMA;44;5.4;;0;0.0;;0;0.0;;0;0.0
2900803003;Málaga;60.3;PP;49.5;308;49.5;57;9.2;125;20.1;18;2.9;0;0.0;FE de las JONS;31;5.0;PARTIDO AUTÓNOMOS;31;5.0;;0;0.0;;0;0.0;;0;0.0
2900803004;Málaga;58.5;PP;46.9;336;46.9;114;15.9;59;8.2;35;4.9;0;0.0;29;99;13.8;PARTIDO AUTÓNOMOS;38;5.3;;0;0.0;;0;0.0;;0;0.0
2900901001;Málaga;58.5;PSOE-A;30.7;188;23.5;245;30.7;12;1.5;144;18.0;0;0.0;NA;74;9.3;CONECTA;53;6.6;;0;0.0;;0;0.0;;0;0.0
2901001001;Málaga;67.8;PP;43.8;291;43.8;217;32.6;82;12.3;5;0.8;0;0.0;PARTIDO AUTÓNOMOS;50;7.5;FE de las JONS;7;1.0;;0;0.0;;0;0.0;;0;0.0
2901001002;Málaga;70.1;PP;44.9;168;44.9;107;28.6;28;7.5;2;0.5;0;0.0;PACMA;41;11.0;NA;11;2.9;;0;0.0;;0;0.0;;0;0.0
2901101001;Málaga;65.5;PP;41.9;173;41.9;87;21.1;30;7.3;0;0.0;0;0.0;MUNDO+JUSTO;85;20.6;ESCAÑOS EN BLANCO;19;4.6;;0;0.0;;0;0.0;;0;0.0
2901101002;Málaga;60.4;PP;34.5;276;34.5;223;27.8;118;14.7;19;2.4;51;6.4;MUNDO+JUSTO;40;5.0;;0;0.0;;0;0.0;;0;0.0;;0;0.0
2901101003;Málaga;25.8;PP;30.3;47;30.3;41;26.4;0;0.0;25;16.1;0;0.0;ANDALUCISTAS-PA;27;17.4;PACMA;6;3.9;;0;0.0;;0;0.0;;0;0.0
2901101004;Málaga;33.6;PP;55.6;114;55.6;20;9.8;20;9.8;9;4.4;0;0.0;CONECTA;23;11.2;ESCAÑOS EN BLANCO;10;4.9;;0;0.0;;0;0.0;;0;0.0
2901201001;Málaga;60.5;PP;42.3;241;42.3;132;23.2;10;1.8;38;6.7;0;0.0;PCPA;54;9.5;PARTIDO AUTÓNOMOS;35;6.1;;0;0.0;;0;0.0;;0;0.0
2901201002;Málaga;56.4;PSOE-A;35.2;230;35.1;231;35.2;53;8.1;56;8.5;0;0.0;ESCAÑOS EN BLANCO;26;4.0;;0;0.0;;0;0.0;;0;0.0;;0;0.0
2901201003;Málaga;60.5;PP;43.1;348;43.1;115;14.2;64;7.9;49;6.1;68;8.4;;0;0.0;;0;0.0;;0;0.0;;0;0.0;;0;0.0
2901202001;Málaga;57.9;PP;70.5;387;70.5;57;10.4;30;5.5;24;4.4;0;0.0;PCPA;23;4.2;;0;0.0;;0;0.0;;0;0.0;;0;0.0
2901202002;Málaga;53.4;PSOE-A;31.2;131;27.1;151;31.2;0;0.0;69;14.3;0;0.0;PCPA;51;10.5;PACMA;33;6.8;;0;0.0;;0;0.0;;0;0.0
2901202003;Málaga;67.0;PP;53.8;265;53.8;51;10.3;72;14.6;11;2.2;0;0.0;PARTIDO AUTÓNOMOS;70;14.2;NA;22;4.5;;0;0.0;;0;0.0;;0;0.0
2901203001;Málaga;54.1;PP;37.5;318;37.5;169;20.0;151;17.8;32;3.8;0;0.0;ANDALUCISTAS-PA;90;10.6;SOCIEDAD UNIDA;62;7.3;;0;0.0;;0;0.0;;0;0.0
2901203002;Málaga;57.5;PSOE-A;40.8;166;35.1;193;40.8;61;12.9;0;0.0;0;0.0;NA;36;7.6;PCPA;9;1.9;;0;0.0;;0;0.0;;0;0.0
2901204001;Málaga;51.3;PP;32.5;259;32.5;220;27.6;83;10.4;21;2.6;0;0.0;PCPA;96;12.0;PACMA;74;9.3;;0;0.0;;0;0.0;;0;0.0
2901301001;Málaga;69.3;PSOE-A;35.8;121;23.3;186;35.8;9;1.7;59;11.4;0;0.0;PARTIDO AUTÓNOMOS;58;11.2;ESCAÑOS EN BLANCO;38;7.3;;0;0.0;;0;0.0;;0;0.0
2901301002;Málaga;60.2;PSOE-A;33.7;141;28.8;165;33.7;72;14.7;6;1.2;0;0.0;FE de las JONS;31;6.3;PACMA;24;4.9;;0;0.0;;0;0.0;;0;0.0
2901401001;Málaga;53.3;PP;44.2;46;44.2;15;14.4;5;4.8;28;26.9;0;0.0;ESCAÑOS EN BLANCO;7;6.7;;0;0.0;;0;0.0;;0;0.0;;0;0.0
2901501001;Málaga;60.3;PP;48.0;226;48.0;75;15.9;7;1.5;43;9.1;0;0.0;MUNDO+JUSTO;52;11.0;PCPA;30;6.4;;0;0.0;;0;0.0;;0;0.0
2901501002;Málaga;66.3;PP;51.0;359;51.0;95;13.5;50;7.1;25;3.6;0;0.0;ANDALUCISTAS-PA;64;9.1;29;43;6.1;;0;0.0;;0;0.0;;0;0.0
2901501003;Málaga;67.4;PP;63.1;409;63.1;21;3.2;83;12.8;0;0.0;0;0.0;ESCAÑOS EN BLANCO;111;17.1;PCPA;24;3.7;;0;0.0;;0;0.0;;0;0.0
2901501004;Málaga;54.7;PP;50.7;316;50.7;55;8.8;67;10.8;1;0.2;0;0.0;FE de las JONS;82;13.2;SALF;46;7.4;;0;0.0;;0;0.0;;0;0.0
2901501005;Málaga;65.1;PP;46.1;465;46.1;176;17.4;139;13.8;4;0.4;0;0.0;FE de las JONS;86;8.5;SALF;54;5.4;;0;0.0;;0;0.0;;0;0.0
2901501006;Málaga;57.7;PP;42.9;252;42.9;114;19.4;34;5.8;65;11.1;0;0.0;FE de las JONS;55;9.4;PACMA;38;6.5;;0;0.0;;0;0.0;;0;0.0
2901501007;Málaga;57.2;PP;46.3;155;46.3;36;10.8;38;11.3;0;0.0;0;0.0;CONECTA;50;14.9;MUNDO+JUSTO;23;6.9;;0;0.0;;0;0.0;;0;0.0
2901501008;Málaga;67.5;PP;58.4;357;58.4;58;9.5;31;5.1;0;0.0;0;0.0;MUNDO+JUSTO;76;12.4;PARTIDO AUTÓNOMOS;45;7.4;;0;0.0;;0;0.0;;0;0.0
2901501009;Málaga;61.2;PP;48.1;488;48.1;128;12.6;114;11.2;14;1.4;0;0.0;PARTIDO AUTÓNOMOS;48;4.7;CONECTA;45;4.4;;0;0.0;;0;0.0;;0;0.0
2901501010;Málaga;49.2;PP;34.8;130;34.8;121;32.4;52;13.9;0;0.0;0;0.0;PACMA;22;5.9;ESCAÑOS EN BLANCO;16;4.3;;0;0.0;;0;0.0;;0;0.0
2901501011;Málaga;69.1;PP;43.7;423;43.7;156;16.1;110;11.4;29;3.0;99;10.2;ANDALUCISTAS-PA;77;8.0;;0;0.0;;0;0.0;;0;0.0;;0;0.0
2901502001;Málaga;54.8;PP;47.5;346;47.5;142;19.5;85;11.7;10;1.4;0;0.0;MUNDO+JUSTO;46;6.3;29;34;4.7;;0;0.0;;0;0.0;;0;0.0
2901502002;Málaga;43.2;PSOE-A;43.1;89;25.7;149;43.1;48;13.9;4;1.2;0;0.0;SOCIEDAD UNIDA;41;11.8;;0;0.0;;0;0.0;;0;0.0;;0;0.0
2901502003;Málaga;68.5;PP;61.7;531;61.7;86;10.0;93;10.8;0;0.0;0;0.0;PACMA;82;9.5;FE de las JONS;29;3.4;;0;0.0;;0;0.0;;0;0.0
2901502004;Málaga;57.6;PP;44.8;195;44.8;92;21.2;2;0.5;39;9.0;0;0.0;29;62;14.2;FE de las JONS;31;7.1;;0;0.0;;0;0.0;;0;0.0
2901502005;Málaga;51.7;PP;34.8;155;34.8;129;29.0;9;2.0;7;1.6;0;0.0;PACMA;48;10.8;PCPA;30;6.7;PARTIDO AUTÓNOMOS;30;6.7;;0;0.0;;0;0.0
2901502006;Málaga;54.4;PP;38.8;212;38.8;138;25.2;7;1.3;59;10.8;0;0.0;FE de las JONS;44;8.0;SALF;26;4.8;;0;0.0;;0;0.0;;0;0.0
2901503001;Málaga;54.8;PP;38.8;210;38.8;126;23.2;31;5.7;9;1.7;0;0.0;MUNDO+JUSTO;109;20.1;NA;27;5.0;;0;0.0;;0;0.0;;0;0.0
2901503002;Málaga;48.5;PP;33.6;210;33.6;188;30.1;98;15.7;0;0.0;22;3.5;MUNDO+JUSTO;27;4.3;PARTIDO AUTÓNOMOS;23;3.7;;0;0.0;;0;0.0;;0;0.0
2901503003;Málaga;45.6;PSOE-A;39.4;171;29.3;230;39.4;26;4.5;37;6.4;0;0.0;PARTIDO AUTÓNOMOS;41;7.0;;0;0.0;;0;0.0;;0;0.0;;0;0.0
2901503004;Málaga;66.2;PP;64.2;690;64.2;96;8.9;47;4.4;29;2.7;0;0.0;PCPA;96;8.9;ESCAÑOS EN BLANCO;45;4.2;;0;0.0;;0;0.0;;0;0.0
2901503005;Málaga;64.9;PP;46.8;423;46.8;174;19.2;110;12.2;116;12.8;0;0.0;NA;27;3.0;;0;0.0;;0;0.0;;0;0.0;;0;0.0
2901503006;Málaga;66.5;PP;52.3;447;52.3;118;13.8;79;9.2;55;6.4;0;0.0;PACMA;45;5.3;;0;0.0;;0;0.0;;0;0.0;;0;0.0
2901503007;Málaga;51.2;PP;39.4;224;39.4;106;18.7;74;13.0;25;4.4;0;0.0;ESCAÑOS EN BLANCO;48;8.4;PACMA;38;6.7;;0;0.0;;0;0.0;;0;0.0
2901503008;Málaga;60.7;PP;51.0;303;51.0;65;10.9;124;20.9;0;0.0;0;0.0;PARTIDO AUTÓNOMOS;35;5.9;PCPA;29;4.9;;0;0.0;;0;0.0;;0;0.0
2901504001;Málaga;53.9;PP;46.0;237;46.0;124;24.1;56;10.9;26;5.0;0;0.0;ESCAÑOS EN BLANCO;24;4.7;;0;0.0;;0;0.0;;0;0.0;;0;0.0
2901504002;Málaga;57.5;PP;40.3;229;40.3;75;13.2;103;18.1;36;6.3;0;0.0;PARTIDO AUTÓNOMOS;57;10.0;;0;0.0;;0;0.0;;0;0.0;;0;0.0
2901505004;Málaga;57.7;PP;44.7;193;44.7;71;16.4;39;9.0;9;2.1;0;0.0;MUNDO+JUSTO;64;14.8;PACMA;23;5.3;;0;0.0;;0;0.0;;0;0.0
2901506002;Málaga;64.4;PP;43.4;241;43.4;109;19.6;51;9.2;51;9.2;0;0.0;CONECTA;43;7.7;;0;0.0;;0;0.0;;0;0.0;;0;0.0
2901506003;Málaga;62.3;PSOE-A;51.8;73;11.1;341;51.8;59;9.0;5;0.8;44;6.7;ESCAÑOS EN BLANCO;50;7.6;;0;0.0;;0;0.0;;0;0.0;;0;0.0
2901601001;Málaga;60.9;PP;52.6;82;52.6;22;14.1;10;6.4;25;16.0;0;0.0;ESCAÑOS EN BLANCO;9;5.8;;0;0.0;;0;0.0;;0;0.0;;0;0.0
2901701001;Málaga;58.1;PP;32.4;273;32.4;226;26.8;0;0.0;139;16.5;0;0.0;SALF;89;10.6;FE de las JONS;61;7.2;;0;0.0;;0;0.0;;0;0.0
2901701002;Málaga;67.3;PP;32.4;182;32.4;152;27.0;15;2.7;75;13.4;0;0.0;PARTIDO AUTÓNOMOS;122;21.7;;0;0.0;;0;0.0;;0;0.0;;0;0.0
2901701003;Málaga;66.7;PP;31.7;165;31.7;144;27.7;84;16.2;21;4.0;0;0.0;MUNDO+JUSTO;49;9.4;PACMA;23;4.4;;0;0.0;;0;0.0;;0;0.0
2901701004;Málaga;70.3;PP;35.1;285;35.1;231;28.4;37;4.6;61;7.5;0;0.0;MUNDO+JUSTO;84;10.3;NA;47;5.8;;0;0.0;;0;0.0;;0;0.0
2901702002;Málaga;62.5;PSOE-A;32.3;242;30.6;256;32.3;7;0.9;116;14.6;0;0.0;SALF;66;8.3;NA;24;3.0;;0;0.0;;0;0.0;;0;0.0
2901703001;Málaga;57.0;PSOE-A;38.2;122;25.9;180;38.2;51;10.8;18;3.8;0;0.0;PARTIDO AUTÓNOMOS;48;10.2;29;18;3.8;;0;0.0;;0;0.0;;0;0.0
2901801001;Málaga;54.3;PP;29.5;195;29.5;170;25.7;53;8.0;34;5.1;0;0.0;PCPA;102;15.4;PACMA;47;7.1;;0;0.0;;0;0.0;;0;0.0
2901801002;Málaga;68.5;PP;31.4;157;31.4;111;22.2;35;7.0;30;6.0;0;0.0;ESCAÑOS EN BLANCO;69;13.8;MUNDO+JUSTO;56;11.2;PACMA;35;7.0;;0;0.0;;0;0.0
2901901001;Málaga;58.4;PorA;30.9;97;19.0;68;13.3;50;9.8;158;30.9;0;0.0;NA;98;19.2;;0;0.0;;0;0.0;;0;0.0;;0;0.0
2902001001;Málaga;65.1;PP;31.8;265;31.8;190;22.8;34;4.1;169;20.3;52;6.2;PARTIDO AUTÓNOMOS;54;6.5;;0;0.0;;0;0.0;;0;0.0;;0;0.0
2902001002;Málaga;61.6;PorA;30.5;218;27.1;124;15.4;54;6.7;245;30.5;0;0.0;SALF;55;6.8;;0;0.0;;0;0.0;;0;0.0;;0;0.0
2902001003;Málaga;55.2;PP;30.1;113;30.1;96;25.6;32;8.5;49;13.1;0;0.0;PACMA;69;18.4;;0;0.0;;0;0.0;;0;0.0;;0;0.0
2902101001;Málaga;62.1;PP;40.0;38;40.0;20;21.0;6;6.3;0;0.0;0;0.0;PCPA;19;20.0;ESCAÑOS EN BLANCO;4;4.2;;0;0.0;;0;0.0;;0;0.0
2902201001;Málaga;57.4;PSOE-A;29.9;28;28.9;29;29.9;6;6.2;21;21.6;0;0.0;ESCAÑOS EN BLANCO;7;7.2;;0;0.0;;0;0.0;;0;0.0;;0;0.0
2902301001;Málaga;46.2;PP;46.3;431;46.3;72;7.7;115;12.4;6;0.6;121;13.0;MUNDO+JUSTO;44;4.7;;0;0.0;;0;0.0;;0;0.0;;0;0.0
2902301002;Málaga;52.4;PP;53.5;252;53.5;40;8.5;83;17.6;0;0.0;0;0.0;PCPA;57;12.1;ESCAÑOS EN BLANCO;14;3.0;;0;0.0;;0;0.0;;0;0.0
2902401001;Málaga;56.3;PP;44.5;89;44.5;34;17.0;37;18.5;1;0.5;0;0.0;ANDALUCISTAS-PA;16;8.0;FE de las JONS;13;6.5;;0;0.0;;0;0.0;;0;0.0
2902501001;Málaga;57.9;PP;60.6;337;60.6;28;5.0;88;15.8;0;0.0;0;0.0;FE de las JONS;64;11.5;ESCAÑOS EN BLANCO;23;4.1;;0;0.0;;0;0.0;;0;0.0
2902501002;Málaga;56.4;PP;39.9;279;39.9;108;15.4;165;23.6;10;1.4;0;0.0;ESCAÑOS EN BLANCO;56;8.0;PARTIDO AUTÓNOMOS;27;3.9;;0;0.0;;0;0.0;;0;0.0
2902501003;Málaga;55.5;PP;40.5;458;40.5;179;15.8;297;26.2;1;0.1;0;0.0;NA;65;5.7;PCPA;53;4.7;;0;0.0;;0;0.0;;0;0.0
2902501004;Málaga;57.8;PP;37.6;319;37.6;107;12.6;121;14.3;102;12.0;0;0.0;MUNDO+JUSTO;59;7.0;;0;0.0;;0;0.0;;0;0.0;;0;0.0
2902501005;Málaga;52.3;PP;38.6;212;38.6;76;13.8;57;10.4;24;4.4;0;0.0;ESCAÑOS EN BLANCO;87;15.8;PACMA;41;7.4;;0;0.0;;0;0.0;;0;0.0
2902502001;Málaga;54.1;PP;38.1;138;38.1;106;29.3;67;18.5;6;1.7;0;0.0;FE de las JONS;28;7.7;PCPA;8;2.2;;0;0.0;;0;0.0;;0;0.0
2902502002;Málaga;50.1;PP;36.5;150;36.5;114;27.7;1;0.2;66;16.1;0;0.0;29;30;7.3;MUNDO+JUSTO;22;5.4;;0;0.0;;0;0.0;;0;0.0
2902502003;Málaga;48.1;PP;33.2;230;33.2;126;18.2;97;14.0;18;2.6;0;0.0;MUNDO+JUSTO;84;12.1;FE de las JONS;71;10.2;;0;0.0;;0;0.0;;0;0.0
2902502004;Málaga;59.3;PP;40.7;266;40.7;100;15.3;36;5.5;53;8.1;0;0.0;ANDALUCISTAS-PA;76;11.6;;0;0.0;;0;0.0;;0;0.0;;0;0.0
2902502005;Málaga;42.6;PSOE-A;32.0;77;19.5;126;32.0;36;9.1;17;4.3;0;0.0;MUNDO+JUSTO;61;15.5;PACMA;30;7.6;;0;0.0;;0;0.0;;0;0.0
2902502006;Málaga;56.1;PP;29.9;197;29.9;162;24.6;59;9.0;54;8.2;0;0.0;MUNDO+JUSTO;67;10.2;PCPA;61;9.3;;0;0.0;;0;0.0;;0;0.0
2902502007;Málaga;50.2;PP;41.1;131;41.1;55;17.2;3;0.9;37;11.6;0;0.0;PARTIDO AUTÓNOMOS;63;19.8;NA;19;6.0;;0;0.0;;0;0.0;;0;0.0
2902502008;Málaga;58.6;PP;43.6;342;43.6;107;13.6;115;14.6;56;7.1;0;0.0;ESCAÑOS EN BLANCO;41;5.2;;0;0.0;;0;0.0;;0;0.0;;0;0.0
2902502009;Málaga;60.2;PP;35.2;170;35.2;96;19.9;33;6.8;24;5.0;0;0.0;FE de las JONS;86;17.8;ESCAÑOS EN BLANCO;31;6.4;;0;0.0;;0;0.0;;0;0.0
2902502010;Málaga;53.7;PP;33.0;197;33.0;135;22.6;48;8.0;77;12.9;0;0.0;CONECTA;49;8.2;;0;0.0;;0;0.0;;0;0.0;;0;0.0
2902502011;Málaga;58.4;PP;45.5;269;45.5;120;20.3;64;10.8;43;7.3;0;0.0;FE de las JONS;28;4.7;;0;0.0;;0;0.0;;0;0.0;;0;0.0
2902502012;Málaga;57.8;PP;38.6;386;38.6;194;19.4;83;8.3;81;8.1;85;8.5;;0;0.0;;0;0.0;;0;0.0;;0;0.0;;0;0.0
2902502013;Málaga;53.5;PP;45.7;256;45.7;67;12.0;81;14.5;26;4.6;0;0.0;PCPA;37;6.6;PACMA;27;4.8;;0;0.0;;0;0.0;;0;0.0
2902502014;Málaga;53.2;PP;43.6;242;43.6;60;10.8;47;8.5;21;3.8;0;0.0;ANDALUCISTAS-PA;64;11.5;PCPA;55;9.9;;0;0.0;;0;0.0;;0;0.0
2902502015;Málaga;58.2;PP;42.6;487;42.6;163;14.2;146;12.8;76;6.6;0;0.0;NA;78;6.8;;0;0.0;;0;0.0;;0;0.0;;0;0.0
2902502016;Málaga;62.7;PP;51.0;421;51.0;85;10.3;136;16.5;41;5.0;0;0.0;SALF;30;3.6;;0;0.0;;0;0.0;;0;0.0;;0;0.0
2902502017;Málaga;53.5;PP;49.7;520;49.7;62;5.9;121;11.6;136;13.0;0;0.0;PACMA;66;6.3;;0;0.0;;0;0.0;;0;0.0;;0;0.0
2902502018;Málaga;43.9;PP;48.7;286;48.7;60;10.2;49;8.4;23;3.9;0;0.0;CONECTA;63;10.7;MUNDO+JUSTO;47;8.0;;0;0.0;;0;0.0;;0;0.0
2902502019;Málaga;57.4;PP;34.6;248;34.6;137;19.1;122;17.0;11;1.5;0;0.0;MUNDO+JUSTO;82;11.4;SOCIEDAD UNIDA;48;6.7;;0;0.0;;0;0.0;;0;0.0
2902502020;Málaga;53.6;PP;34.8;193;34.8;170;30.6;20;3.6;80;14.4;0;0.0;PACMA;34;6.1;MUNDO+JUSTO;30;5.4;;0;0.0;;0;0.0;;0;0.0
2902503001;Málaga;48.6;PP;49.0;411;49.0;163;19.4;100;11.9;9;1.1;0;0.0;PARTIDO AUTÓNOMOS;61;7.3;29;38;4.5;;0;0.0;;0;0.0;;0;0.0
2902503002;Málaga;55.9;PP;42.8;439;42.8;139;13.6;203;19.8;48;4.7;0;0.0;SOCIEDAD UNIDA;56;5.5;PARTIDO AUTÓNOMOS;48;4.7;;0;0.0;;0;0.0;;0;0.0
2902503003;Málaga;47.6;PP;39.9;269;39.9;124;18.4;64;9.5;44;6.5;0;0.0;ESCAÑOS EN BLANCO;74;11.0;;0;0.0;;0;0.0;;0;0.0;;0;0.0
2902503004;Málaga;47.6;PP;35.4;186;35.4;147;28.0;74;14.1;4;0.8;0;0.0;ESCAÑOS EN BLANCO;70;13.3;MUNDO+JUSTO;24;4.6;;0;0.0;;0;0.0;;0;0.0
2902503005;Málaga;50.3;PP;46.9;329;46.9;83;11.8;93;13.3;1;0.1;67;9.6;29;44;6.3;;0;0.0;;0;0.0;;0;0.0;;0;0.0
2902503006;Málaga;52.8;PP;46.7;373;46.7;82;10.3;142;17.8;60;7.5;0;0.0;PACMA;39;4.9;;0;0.0;;0;0.0;;0;0.0;;0;0.0
2902503007;Málaga;49.7;PP;43.3;312;43.3;107;14.8;62;8.6;39;5.4;0;0.0;29;60;8.3;ANDALUCISTAS-PA;60;8.3;;0;0.0;;0;0.0;;0;0.0
2902503008;Málaga;49.6;PP;43.9;313;43.9;104;14.6;61;8.6;13;1.8;0;0.0;MUNDO+JUSTO;86;12.1;PARTIDO AUTÓNOMOS;41;5.8;;0;0.0;;0;0.0;;0;0.0
2902503009;Málaga;43.7;PSOE-A;31.4;131;31.1;132;31.4;69;16.4;9;2.1;0;0.0;PARTIDO AUTÓNOMOS;31;7.4;PCPA;29;6.9;;0;0.0;;0;0.0;;0;0.0
2902503010;Málaga;53.4;PP;42.8;254;42.8;61;10.3;112;18.9;2;0.3;0;0.0;ESCAÑOS EN BLANCO;96;16.2;MUNDO+JUSTO;26;4.4;;0;0.0;;0;0.0;;0;0.0
2902503011;Málaga;55.2;PP;40.7;214;40.7;23;4.4;74;14.1;58;11.0;0;0.0;CONECTA;117;22.2;PACMA;26;4.9;;0;0.0;;0;0.0;;0;0.0
2902503012;Málaga;62.2;PP;52.8;235;52.8;42;9.4;29;6.5;33;7.4;0;0.0;MUNDO+JUSTO;56;12.6;;0;0.0;;0;0.0;;0;0.0;;0;0.0
2902601001;Málaga;59.8;PSOE-A;34.1;174;30.2;197;34.1;38;6.6;71;12.3;0;0.0;ESCAÑOS EN BLANCO;54;9.4;;0;0.0;;0;0.0;;0;0.0;;0;0.0
2902701001;Málaga;59.1;PP;39.0;282;39.0;145;20.0;154;21.3;81;11.2;0;0.0;PARTIDO AUTÓNOMOS;23;3.2;;0;0.0;;0;0.0;;0;0.0;;0;0.0
2902701002;Málaga;55.8;PP;30.9;197;30.9;141;22.1;48;7.5;73;11.4;0;0.0;FE de las JONS;76;11.9;PACMA;67;10.5;;0;0.0;;0;0.0;;0;0.0
2902801001;Málaga;55.6;PP;34.0;221;34.0;199;30.6;5;0.8;45;6.9;0;0.0;CONECTA;84;12.9;SOCIEDAD UNIDA;46;7.1;;0;0.0;;0;0.0;;0;0.0
2902901001;Málaga;64.0;PP;41.8;100;41.8;40;16.7;21;8.8;5;2.1;0;0.0;ESCAÑOS EN BLANCO;27;11.3;NA;14;5.9;;0;0.0;;0;0.0;;0;0.0
2903001001;Málaga;75.9;PSOE-A;36.2;42;7.2;211;36.2;1;0.2;189;32.4;77;13.2;FE de las JONS;24;4.1;;0;0.0;;0;0.0;;0;0.0;;0;0.0
2903101001;Málaga;52.9;PSOE-A;28.4;216;28.3;217;28.4;14;1.8;116;15.2;0;0.0;CONECTA;78;10.2;SALF;48;6.3;;0;0.0;;0;0.0;;0;0.0
2903201001;Málaga;64.9;PP;29.4;294;29.4;292;29.2;34;3.4;186;18.6;0;0.0;NA;59;5.9;PARTIDO AUTÓNOMOS;40;4.0;;0;0.0;;0;0.0;;0;0.0
2903201002;Málaga;66.3;PP;45.1;358;45.1;166;20.9;51;6.4;68;8.6;0;0.0;FE de las JONS;59;7.4;;0;0.0;;0;0.0;;0;0.0;;0;0.0
2903201003;Málaga;64.9;PSOE-A;25.4;147;24.6;152;25.4;4;0.7;112;18.7;104;17.4;MUNDO+JUSTO;32;5.4;;0;0.0;;0;0.0;;0;0.0;;0;0.0
2903201004;Málaga;72.0;PP;44.2;224;44.2;101;19.9;5;1.0;55;10.8;0;0.0;29;61;12.0;MUNDO+JUSTO;29;5.7;;0;0.0;;0;0.0;;0;0.0
2903201005;Málaga;55.7;PSOE-A;31.2;182;25.6;222;31.2;18;2.5;159;22.3;0;0.0;CONECTA;60;8.4;PARTIDO AUTÓNOMOS;22;3.1;;0;0.0;;0;0.0;;0;0.0
2903201006;Málaga;64.5;PSOE-A;26.8;188;26.7;189;26.8;54;7.7;81;11.5;0;0.0;ESCAÑOS EN BLANCO;75;10.6;;0;0.0;;0;0.0;;0;0.0;;0;0.0
2903301001;Málaga;54.0;PP;40.8;254;40.8;132;21.2;63;10.1;0;0.0;0;0.0;29;60;9.6;FE de las JONS;28;4.5;;0;0.0;;0;0.0;;0;0.0
2903401001;Málaga;67.1;PP;64.5;196;64.5;8;2.6;18;5.9;0;0.0;0;0.0;PARTIDO AUTÓNOMOS;33;10.9;NA;18;5.9;MUNDO+JUSTO;18;5.9;;0;0.0;;0;0.0
2903501001;Málaga;56.2;PSOE-A;33.8;94;26.7;119;33.8;12;3.4;26;7.4;0;0.0;NA;55;15.6;ESCAÑOS EN BLANCO;17;4.8;;0;0.0;;0;0.0;;0;0.0
2903501002;Málaga;58.0;PSOE-A;32.2;120;28.4;136;32.2;20;4.7;25;5.9;0;0.0;NA;45;10.6;PARTIDO AUTÓNOMOS;28;6.6;;0;0.0;;0;0.0;;0;0.0
2903601001;Málaga;53.9;PP;52.8;181;52.8;75;21.9;17;5.0;33;9.6;0;0.0;PACMA;29;8.4;;0;0.0;;0;0.0;;0;0.0;;0;0.0
2903701001;Málaga;62.2;PP;55.4;72;55.4;21;16.2;0;0.0;1;0.8;25;19.2;PARTIDO AUTÓNOMOS;7;5.4;NA;3;2.3;;0;0.0;;0;0.0;;0;0.0
2903801001;Málaga;55.3;PP;41.8;308;41.8;195;26.5;88;12.0;31;4.2;0;0.0;PARTIDO AUTÓNOMOS;25;3.4;;0;0.0;;0;0.0;;0;0.0;;0;0.0
2903801002;Málaga;49.8;PP;37.6;232;37.6;197;31.9;32;5.2;51;8.3;0;0.0;ANDALUCISTAS-PA;45;7.3;PARTIDO AUTÓNOMOS;36;5.8;;0;0.0;;0;0.0;;0;0.0
2903801003;Málaga;54.7;PP;48.7;362;48.7;77;10.4;110;14.8;32;4.3;36;4.8;PCPA;34;4.6;;0;0.0;;0;0.0;;0;0.0;;0;0.0
2903801004;Málaga;61.4;PP;41.6;387;41.6;128;13.8;124;13.3;50;5.4;154;16.5;;0;0.0;;0;0.0;;0;0.0;;0;0.0;;0;0.0
2903801005;Málaga;51.3;PP;39.6;284;39.6;83;11.6;144;20.1;120;16.7;0;0.0;ESCAÑOS EN BLANCO;20;2.8;;0;0.0;;0;0.0;;0;0.0;;0;0.0
2903801006;Málaga;44.9;PSOE-A;27.1;162;21.4;205;27.1;118;15.6;38;5.0;0;0.0;SALF;51;6.7;CONECTA;49;6.5;;0;0.0;;0;0.0;;0;0.0
2903802001;Málaga;48.1;PP;40.5;405;40.5;118;11.8;220;22.0;25;2.5;0;0.0;MUNDO+JUSTO;109;10.9;PARTIDO AUTÓNOMOS;29;2.9;;0;0.0;;0;0.0;;0;0.0
2903802003;Málaga;47.1;PP;47.8;429;47.8;106;11.8;158;17.6;33;3.7;0;0.0;NA;38;4.2;PCPA;36;4.0;;0;0.0;;0;0.0;;0;0.0
2903802004;Málaga;51.0;PP;44.9;450;44.9;155;15.4;147;14.7;66;6.6;0;0.0;SOCIEDAD UNIDA;73;7.3;;0;0.0;;0;0.0;;0;0.0;;0;0.0
2903802005;Málaga;55.6;PP;40.4;380;40.4;239;25.4;30;3.2;101;10.7;0;0.0;ESCAÑOS EN BLANCO;85;9.0;NA;65;6.9;;0;0.0;;0;0.0;;0;0.0
2903802006;Málaga;53.3;PP;37.4;183;37.4;114;23.3;74;15.1;0;0.0;0;0.0;PACMA;62;12.7;PCPA;34;7.0;;0;0.0;;0;0.0;;0;0.0
2903802007;Málaga;54.1;PP;38.8;200;38.8;141;27.3;84;16.3;0;0.0;0;0.0;SOCIEDAD UNIDA;42;8.1;ESCAÑOS EN BLANCO;28;5.4;;0;0.0;;0;0.0;;0;0.0
2903802008;Málaga;53.5;PP;47.1;410;47.1;94;10.8;100;11.5;121;13.9;0;0.0;NA;46;5.3;;0;0.0;;0;0.0;;0;0.0;;0;0.0
2903802009;Málaga;56.1;PP;42.4;406;42.4;183;19.1;187;19.5;19;2.0;0;0.0;PARTIDO AUTÓNOMOS;54;5.6;ANDALUCISTAS-PA;52;5.4;;0;0.0;;0;0.0;;0;0.0
2903901001;Málaga;65.2;PP;34.3;346;34.3;37;3.7;163;16.2;333;33.0;0;0.0;ANDALUCISTAS-PA;53;5.2;;0;0.0;;0;0.0;;0;0.0;;0;0.0
2903901002;Málaga;54.9;PorA;28.6;207;25.1;125;15.2;33;4.0;236;28.6;0;0.0;ESCAÑOS EN BLANCO;92;11.2;NA;67;8.1;;0;0.0;;0;0.0;;0;0.0
2904001001;Málaga;66.0;PP;43.3;315;43.3;230;31.6;2;0.3;48;6.6;43;5.9;MUNDO+JUSTO;26;3.6;;0;0.0;;0;0.0;;0;0.0;;0;0.0
2904001002;Málaga;62.8;PP;35.7;191;35.7;120;22.4;102;19.1;0;0.0;0;0.0;NA;68;12.7;PACMA;39;7.3;;0;0.0;;0;0.0;;0;0.0
2904101001;Málaga;53.1;PP;31.8;150;31.8;10;2.1;138;29.2;124;26.3;0;0.0;FE de las JONS;18;3.8;PARTIDO AUTÓNOMOS;17;3.6;;0;0.0;;0;0.0;;0;0.0
2904101002;Málaga;49.7;PP;28.2;131;28.2;78;16.8;104;22.4;128;27.6;0;0.0;NA;12;2.6;;0;0.0;;0;0.0;;0;0.0;;0;0.0
2904101003;Málaga;55.2;PP;36.3;185;36.3;74;14.5;1;0.2;102;20.0;0;0.0;ESCAÑOS EN BLANCO;97;19.0;PACMA;15;2.9;;0;0.0;;0;0.0;;0;0.0
2904101004;Málaga;49.8;PP;40.4;415;40.4;120;11.7;148;14.4;108;10.5;0;0.0;29;72;7.0;;0;0.0;;0;0.0;;0;0.0;;0;0.0
2904201001;Málaga;35.9;PP;40.2;96;40.2;45;18.8;41;17.2;0;0.0;0;0.0;MUNDO+JUSTO;33;13.8;PCPA;8;3.4;;0;0.0;;0;0.0;;0;0.0
2904201002;Málaga;51.0;PP;42.4;258;42.4;66;10.9;81;13.3;13;2.1;0;0.0;PARTIDO AUTÓNOMOS;53;8.7;ANDALUCISTAS-PA;49;8.1;;0;0.0;;0;0.0;;0;0.0
2904201003;Málaga;56.0;PP;45.9;263;45.9;72;12.6;62;10.8;30;5.2;0;0.0;SOCIEDAD UNIDA;108;18.8;;0;0.0;;0;0.0;;0;0.0;;0;0.0
2904202001;Málaga;56.9;PP;50.7;223;50.7;60;13.6;56;12.7;6;1.4;0;0.0;FE de las JONS;54;12.3;MUNDO+JUSTO;27;6.1;;0;0.0;;0;0.0;;0;0.0
2904202002;Málaga;61.8;PP;45.0;450;45.0;119;11.9;96;9.6;28;2.8;0;0.0;PCPA;106;10.6;MUNDO+JUSTO;70;7.0;;0;0.0;;0;0.0;;0;0.0
2904202003;Málaga;55.2;PP;51.2;334;51.2;57;8.7;61;9.4;25;3.8;0;0.0;PCPA;114;17.5;;0;0.0;;0;0.0;;0;0.0;;0;0.0
2904203001;Málaga;60.2;PP;65.1;203;65.1;35;11.2;6;1.9;0;0.0;0;0.0;PCPA;25;8.0;MUNDO+JUSTO;19;6.1;PARTIDO AUTÓNOMOS;11;3.5;;0;0.0;;0;0.0
2904203002;Málaga;56.2;PP;46.8;497;46.8;202;19.0;86;8.1;47;4.4;0;0.0;MUNDO+JUSTO;63;5.9;;0;0.0;;0;0.0;;0;0.0;;0;0.0
2904203003;Málaga;55.9;PP;59.2;391;59.2;28;4.2;17;2.6;62;9.4;0;0.0;29;81;12.3;MUNDO+JUSTO;34;5.2;;0;0.0;;0;0.0;;0;0.0
2904203004;Málaga;48.6;PP;35.6;118;35.6;18;5.4;68;20.5;43;13.0;0;0.0;PARTIDO AUTÓNOMOS;63;19.0;PACMA;20;6.0;;0;0.0;;0;0.0;;0;0.0
2904204001;Málaga;56.0;PP;42.8;420;42.8;12;1.2;154;15.7;106;10.8;0;0.0;PACMA;108;11.0;NA;57;5.8;;0;0.0;;0;0.0;;0;0.0
2904204002;Málaga;48.1;PP;31.7;234;31.7;56;7.6;198;26.8;49;6.6;0;0.0;PACMA;162;21.9;;0;0.0;;0;0.0;;0;0.0;;0;0.0
2904204003;Málaga;56.1;PP;48.7;319;48.7;33;5.0;57;8.7;49;7.5;0;0.0;NA;67;10.2;PARTIDO AUTÓNOMOS;62;9.5;;0;0.0;;0;0.0;;0;0.0
2904204004;Málaga;63.0;PP;52.1;378;52.1;42;5.8;89;12.3;29;4.0;43;5.9;PARTIDO AUTÓNOMOS;31;4.3;;0;0.0;;0;0.0;;0;0.0;;0;0.0
2904301001;Málaga;58.9;PP;35.1;370;35.1;299;28.3;54;5.1;97;9.2;0;0.0;SALF;55;5.2;;0;0.0;;0;0.0;;0;0.0;;0;0.0
2904301002;Málaga;46.9;PSOE-A;30.6;93;27.7;103;30.6;25;7.4;27;8.0;0;0.0;NA;47;14.0;;0;0.0;;0;0.0;;0;0.0;;0;0.0
2904401001;Málaga;61.5;PP;56.7;251;56.7;88;19.9;52;11.7;8;1.8;0;0.0;ESCAÑOS EN BLANCO;9;2.0;MUNDO+JUSTO;9;2.0;;0;0.0;;0;0.0;;0;0.0
2904501001;Málaga;49.0;PP;53.6;202;53.6;37;9.8;17;4.5;36;9.6;0;0.0;FE de las JONS;64;17.0;;0;0.0;;0;0.0;;0;0.0;;0;0.0
2904501002;Málaga;59.7;PP;59.5;303;59.5;59;11.6;8;1.6;101;19.8;0;0.0;PACMA;30;5.9;;0;0.0;;0;0.0;;0;0.0;;0;0.0
2904601001;Málaga;60.1;PP;37.4;328;37.4;249;28.4;48;5.5;35;4.0;0;0.0;ESCAÑOS EN BLANCO;56;6.4;MUNDO+JUSTO;55;6.3;;0;0.0;;0;0.0;;0;0.0
2904601002;Málaga;57.6;PP;44.6;229;44.6;106;20.6;30;5.8;34;6.6;0;0.0;PACMA;62;12.1;;0;0.0;;0;0.0;;0;0.0;;0;0.0
2904701001;Málaga;67.6;PSOE-A;32.2;209;29.8;226;32.2;33;4.7;175;25.0;0;0.0;MUNDO+JUSTO;35;5.0;;0;0.0;;0;0.0;;0;0.0;;0;0.0
2904801001;Málaga;67.8;PSOE-A;41.2;118;13.3;365;41.2;24;2.7;179;20.2;0;0.0;PACMA;117;13.2;NA;28;3.2;;0;0.0;;0;0.0;;0;0.0
2904901001;Málaga;59.3;PSOE-A;37.7;108;26.8;152;37.7;6;1.5;22;5.5;0;0.0;FE de las JONS;84;20.8;PACMA;23;5.7;;0;0.0;;0;0.0;;0;0.0
2904901002;Málaga;59.0;PSOE-A;34.6;158;25.9;211;34.6;26;4.3;76;12.5;0;0.0;ANDALUCISTAS-PA;51;8.4;PARTIDO AUTÓNOMOS;46;7.5;;0;0.0;;0;0.0;;0;0.0
2904902001;Málaga;62.3;PSOE-A;37.0;143;20.5;258;37.0;19;2.7;117;16.8;0;0.0;FE de las JONS;65;9.3;MUNDO+JUSTO;33;4.7;;0;0.0;;0;0.0;;0;0.0
2905001001;Málaga;51.0;PSOE-A;31.9;53;25.6;66;31.9;2;1.0;18;8.7;0;0.0;PACMA;19;9.2;CONECTA;16;7.7;;0;0.0;;0;0.0;;0;0.0
2905101001;Málaga;51.6;PP;43.8;429;43.8;188;19.2;115;11.7;37;3.8;0;0.0;MUNDO+JUSTO;125;12.8;SALF;42;4.3;;0;0.0;;0;0.0;;0;0.0
2905101002;Málaga;55.3;PP;49.5;252;49.5;79;15.5;74;14.5;8;1.6;0;0.0;ESCAÑOS EN BLANCO;67;13.2;PACMA;12;2.4;;0;0.0;;0;0.0;;0;0.0
2905101003;Málaga;57.5;PP;46.2;204;46.2;8;1.8;73;16.5;37;8.4;0;0.0;PACMA;95;21.5;NA;20;4.5;;0;0.0;;0;0.0;;0;0.0
2905101004;Málaga;55.6;PP;37.7;132;37.7;84;24.0;57;16.3;6;1.7;0;0.0;SALF;35;10.0;PCPA;13;3.7;;0;0.0;;0;0.0;;0;0.0
2905101005;Málaga;56.7;PP;43.7;250;43.7;75;13.1;117;20.4;0;0.0;0;0.0;29;47;8.2;PACMA;44;7.7;;0;0.0;;0;0.0;;0;0.0
2905101006;Málaga;49.5;PP;39.5;158;39.5;100;25.0;58;14.5;0;0.0;41;10.2;FE de las JONS;18;4.5;;0;0.0;;0;0.0;;0;0.0;;0;0.0
2905101007;Málaga;54.9;PP;37.0;225;37.0;142;23.3;94;15.4;0;0.0;44;7.2;FE de las JONS;32;5.2;;0;0.0;;0;0.0;;0;0.0;;0;0.0
2905101008;Málaga;51.6;PP;50.9;189;50.9;62;16.7;4;1.1;34;9.2;0;0.0;PACMA;43;11.6;ESCAÑOS EN BLANCO;25;6.7;;0;0.0;;0;0.0;;0;0.0
2905101009;Málaga;57.9;PP;33.7;233;33.7;78;11.3;145;21.0;13;1.9;0;0.0;FE de las JONS;109;15.8;MUNDO+JUSTO;38;5.5;;0;0.0;;0;0.0;;0;0.0
2905101010;Málaga;47.0;PP;51.6;403;51.6;3;0.4;79;10.1;50;6.4;0;0.0;SALF;88;11.3;PARTIDO AUTÓNOMOS;45;5.8;;0;0.0;;0;0.0;;0;0.0
2905101011;Málaga;52.9;PP;43.7;341;43.7;72;9.2;129;16.5;57;7.3;0;0.0;FE de las JONS;110;14.1;;0;0.0;;0;0.0;;0;0.0;;0;0.0
2905101012;Málaga;54.8;PP;39.9;319;39.9;121;15.1;119;14.9;23;2.9;0;0.0;ESCAÑOS EN BLANCO;73;9.1;SOCIEDAD UNIDA;70;8.8;;0;0.0;;0;0.0;;0;0.0
2905101013;Málaga;51.9;PP;46.4;364;46.4;111;14.2;84;10.7;25;3.2;0;0.0;MUNDO+JUSTO;90;11.5;PACMA;48;6.1;;0;0.0;;0;0.0;;0;0.0
2905101014;Málaga;55.2;PP;52.3;388;52.3;103;13.9;73;9.8;9;1.2;0;0.0;MUNDO+JUSTO;70;9.4;NA;26;3.5;;0;0.0;;0;0.0;;0;0.0
2905101015;Málaga;56.9;PP;46.1;440;46.1;93;9.8;110;11.5;78;8.2;41;4.3;FE de las JONS;71;7.4;;0;0.0;;0;0.0;;0;0.0;;0;0.0
2905101016;Málaga;50.0;PP;54.0;266;54.0;51;10.3;56;11.4;0;0.0;0;0.0;29;85;17.2;PCPA;17;3.4;;0;0.0;;0;0.0;;0;0.0
2905101017;Málaga;54.7;PP;39.8;235;39.8;99;16.8;87;14.7;14;2.4;0;0.0;SOCIEDAD UNIDA;54;9.1;ESCAÑOS EN BLANCO;44;7.4;;0;0.0;;0;0.0;;0;0.0
2905102001;Málaga;54.7;PP;43.4;251;43.4;105;18.1;102;17.6;10;1.7;0;0.0;PCPA;67;11.6;MUNDO+JUSTO;15;2.6;;0;0.0;;0;0.0;;0;0.0
2905102002;Málaga;54.5;PP;43.5;151;43.5;101;29.1;59;17.0;11;3.2;0;0.0;PCPA;14;4.0;;0;0.0;;0;0.0;;0;0.0;;0;0.0
2905102003;Málaga;52.6;PP;40.7;273;40.7;117;17.4;55;8.2;54;8.0;0;0.0;MUNDO+JUSTO;33;4.9;;0;0.0;;0;0.0;;0;0.0;;0;0.0
2905102004;Málaga;53.0;PP;42.7;244;42.7;107;18.7;73;12.8;47;8.2;0;0.0;PACMA;45;7.9;;0;0.0;;0;0.0;;0;0.0;;0;0.0
2905102005;Málaga;52.7;PP;40.9;248;40.9;202;33.3;86;14.2;26;4.3;0;0.0;FE de las JONS;24;4.0;;0;0.0;;0;0.0;;0;0.0;;0;0.0
2905102007;Málaga;50.9;PP;36.0;354;36.0;187;19.0;183;18.6;7;0.7;0;0.0;PARTIDO AUTÓNOMOS;83;8.4;MUNDO+JUSTO;40;4.1;;0;0.0;;0;0.0;;0;0.0
2905102008;Málaga;44.3;PP;41.0;170;41.0;90;21.7;8;1.9;56;13.5;0;0.0;PCPA;28;6.8;FE de las JONS;25;6.0;;0;0.0;;0;0.0;;0;0.0
2905102009;Málaga;51.0;PP;48.8;317;48.8;112;17.3;69;10.6;36;5.6;0;0.0;SOCIEDAD UNIDA;60;9.2;PCPA;37;5.7;;0;0.0;;0;0.0;;0;0.0
2905102010;Málaga;52.4;PP;39.4;209;39.4;118;22.2;110;20.7;9;1.7;0;0.0;ESCAÑOS EN BLANCO;48;9.0;;0;0.0;;0;0.0;;0;0.0;;0;0.0
2905102011;Málaga;50.3;PP;40.9;229;40.9;107;19.1;49;8.8;10;1.8;0;0.0;SALF;57;10.2;PACMA;48;8.6;;0;0.0;;0;0.0;;0;0.0
2905102012;Málaga;55.4;PP;42.3;268;42.3;68;10.7;93;14.7;84;13.2;46;7.3;;0;0.0;;0;0.0;;0;0.0;;0;0.0;;0;0.0
2905102013;Málaga;52.7;PP;44.3;338;44.3;128;16.8;100;13.1;0;0.0;0;0.0;NA;73;9.6;FE de las JONS;33;4.3;;0;0.0;;0;0.0;;0;0.0
2905102014;Málaga;56.3;PP;57.9;566;57.9;84;8.6;61;6.2;98;10.0;0;0.0;ANDALUCISTAS-PA;58;5.9;;0;0.0;;0;0.0;;0;0.0;;0;0.0
2905103001;Málaga;48.6;PP;44.4;288;44.4;89;13.7;121;18.6;14;2.2;45;6.9;NA;27;4.2;;0;0.0;;0;0.0;;0;0.0;;0;0.0
2905103002;Málaga;40.4;PP;41.6;126;41.6;50;16.5;59;19.5;22;7.3;0;0.0;PCPA;27;8.9;;0;0.0;;0;0.0;;0;0.0;;0;0.0
2905103003;Málaga;49.7;PP;54.0;257;54.0;14;2.9;70;14.7;2;0.4;0;0.0;29;55;11.6;FE de las JONS;35;7.4;PCPA;31;6.5;;0;0.0;;0;0.0
2905103004;Málaga;50.5;PP;38.5;168;38.5;65;14.9;76;17.4;0;0.0;0;0.0;PACMA;92;21.1;ESCAÑOS EN BLANCO;21;4.8;;0;0.0;;0;0.0;;0;0.0
2905103005;Málaga;51.9;PP;40.4;390;40.4;134;13.9;130;13.5;51;5.3;0;0.0;ANDALUCISTAS-PA;85;8.8;;0;0.0;;0;0.0;;0;0.0;;0;0.0
2905103006;Málaga;41.4;PP;44.7;268;44.7;73;12.2;117;19.5;76;12.7;0;0.0;CONECTA;31;5.2;;0;0.0;;0;0.0;;0;0.0;;0;0.0
2905103007;Málaga;43.6;PP;46.0;359;46.0;119;15.3;74;9.5;33;4.2;0;0.0;MUNDO+JUSTO;111;14.2;ANDALUCISTAS-PA;39;5.0;;0;0.0;;0;0.0;;0;0.0
2905103008;Málaga;49.6;PP;52.9;295;52.9;57;10.2;33;5.9;48;8.6;0;0.0;FE de las JONS;59;10.6;;0;0.0;;0;0.0;;0;0.0;;0;0.0
2905201001;Málaga;56.6;PP;43.0;55;43.0;24;18.8;9;7.0;19;14.8;0;0.0;MUNDO+JUSTO;12;9.4;;0;0.0;;0;0.0;;0;0.0;;0;0.0
2905301001;Málaga;51.4;PP;44.0;415;44.0;99;10.5;166;17.6;5;0.5;0;0.0;ESCAÑOS EN BLANCO;81;8.6;29;60;6.4;;0;0.0;;0;0.0;;0;0.0
2905401001;Málaga;58.4;PP;46.5;193;46.5;119;28.7;44;10.6;3;0.7;0;0.0;PACMA;27;6.5;ESCAÑOS EN BLANCO;23;5.5;;0;0.0;;0;0.0;;0;0.0
2905401002;Málaga;54.5;PP;45.6;282;45.6;102;16.5;63;10.2;51;8.2;0;0.0;PACMA;48;7.8;;0;0.0;;0;0.0;;0;0.0;;0;0.0
2905401003;Málaga;57.6;PP;43.0;216;43.0;89;17.7;45;9.0;97;19.3;0;0.0;MUNDO+JUSTO;28;5.6;;0;0.0;;0;0.0;;0;0.0;;0;0.0
2905401004;Málaga;57.2;PP;59.2;392;59.2;63;9.5;33;5.0;22;3.3;0;0.0;PACMA;50;7.6;MUNDO+JUSTO;37;5.6;;0;0.0;;0;0.0;;0;0.0
2905401005;Málaga;58.1;PP;53.6;404;53.6;88;11.7;71;9.4;52;6.9;0;0.0;ESCAÑOS EN BLANCO;42;5.6;;0;0.0;;0;0.0;;0;0.0;;0;0.0
2905401006;Málaga;56.3;PP;39.3;149;39.3;81;21.4;34;9.0;24;6.3;0;0.0;29;40;10.6;;0;0.0;;0;0.0;;0;0.0;;0;0.0
2905401007;Málaga;48.9;PP;38.3;192;38.3;95;19.0;53;10.6;24;4.8;27;5.4;29;29;5.8;;0;0.0;;0;0.0;;0;0.0;;0;0.0
2905401008;Málaga;51.2;PP;48.2;308;48.2;85;13.3;31;4.8;36;5.6;63;9.9;PCPA;60;9.4;;0;0.0;;0;0.0;;0;0.0;;0;0.0
2905401009;Málaga;63.7;PP;47.0;232;47.0;55;11.1;77;15.6;43;8.7;0;0.0;PARTIDO AUTÓNOMOS;44;8.9;;0;0.0;;0;0.0;;0;0.0;;0;0.0
2905401010;Málaga;44.7;PP;29.7;103;29.7;83;23.9;56;16.1;0;0.0;0;0.0;MUNDO+JUSTO;45;13.0;PACMA;22;6.3;;0;0.0;;0;0.0;;0;0.0
2905401011;Málaga;60.3;PP;46.5;263;46.5;86;15.2;40;7.1;25;4.4;0;0.0;ESCAÑOS EN BLANCO;69;12.2;FE de las JONS;33;5.8;;0;0.0;;0;0.0;;0;0.0
2905401012;Málaga;55.4;PP;65.5;321;65.5;5;1.0;2;0.4;38;7.8;79;16.1;MUNDO+JUSTO;25;5.1;PACMA;12;2.4;;0;0.0;;0;0.0;;0;0.0
2905401013;Málaga;53.7;PP;54.5;267;54.5;59;12.0;4;0.8;28;5.7;0;0.0;29;41;8.4;NA;37;7.6;;0;0.0;;0;0.0;;0;0.0
2905401014;Málaga;59.1;PP;36.0;206;36.0;70;12.2;33;5.8;81;14.1;0;0.0;MUNDO+JUSTO;56;9.8;ESCAÑOS EN BLANCO;41;7.2;;0;0.0;;0;0.0;;0;0.0
2905401015;Málaga;54.9;PP;40.8;183;40.8;142;31.7;77;17.2;0;0.0;0;0.0;PCPA;13;2.9;MUNDO+JUSTO;12;2.7;;0;0.0;;0;0.0;;0;0.0
2905401016;Málaga;57.0;PP;52.8;290;52.8;88;16.0;16;2.9;37;6.7;0;0.0;MUNDO+JUSTO;51;9.3;PCPA;30;5.5;;0;0.0;;0;0.0;;0;0.0
2905401017;Málaga;55.0;PP;45.0;331;45.0;140;19.0;174;23.7;26;3.5;0;0.0;PCPA;18;2.4;;0;0.0;;0;0.0;;0;0.0;;0;0.0
2905401018;Málaga;62.4;PP;51.2;305;51.2;40;6.7;1;0.2;53;8.9;0;0.0;NA;108;18.1;MUNDO+JUSTO;54;9.1;;0;0.0;;0;0.0;;0;0.0
2905401019;Málaga;59.0;PP;55.5;256;55.5;78;16.9;72;15.6;9;2.0;0;0.0;PCPA;38;8.2;;0;0.0;;0;0.0;;0;0.0;;0;0.0
2905401020;Málaga;52.2;PP;41.5;124;41.5;62;20.7;27;9.0;23;7.7;0;0.0;MUNDO+JUSTO;40;13.4;;0;0.0;;0;0.0;;0;0.0;;0;0.0
2905401021;Málaga;56.7;PP;46.1;488;46.1;152;14.4;102;9.6;74;7.0;0;0.0;SALF;41;3.9;;0;0.0;;0;0.0;;0;0.0;;0;0.0
2905401022;Málaga;51.8;PP;43.9;244;43.9;109;19.6;77;13.8;8;1.4;0;0.0;PACMA;34;6.1;MUNDO+JUSTO;29;5.2;;0;0.0;;0;0.0;;0;0.0
2905401023;Málaga;56.6;PP;41.6;256;41.6;102;16.6;27;4.4;78;12.7;0;0.0;MUNDO+JUSTO;54;8.8;CONECTA;41;6.7;;0;0.0;;0;0.0;;0;0.0
2905401024;Málaga;64.7;PP;34.8;290;34.8;262;31.4;158;18.9;0;0.0;0;0.0;MUNDO+JUSTO;49;5.9;FE de las JONS;23;2.8;;0;0.0;;0;0.0;;0;0.0
2905401025;Málaga;47.8;PP;44.5;246;44.5;84;15.2;112;20.2;50;9.0;0;0.0;PARTIDO AUTÓNOMOS;21;3.8;;0;0.0;;0;0.0;;0;0.0;;0;0.0
2905401026;Málaga;60.5;PP;52.3;300;52.3;58;10.1;37;6.4;13;2.3;0;0.0;CONECTA;95;16.6;PARTIDO AUTÓNOMOS;29;5.0;;0;0.0;;0;0.0;;0;0.0
2905401027;Málaga;54.3;PP;39.8;261;39.8;109;16.6;84;12.8;29;4.4;46;7.0;MUNDO+JUSTO;29;4.4;;0;0.0;;0;0.0;;0;0.0;;0;0.0
2905402001;Málaga;58.3;PP;34.0;134;34.0;99;25.1;57;14.5;5;1.3;0;0.0;PARTIDO AUTÓNOMOS;47;11.9;MUNDO+JUSTO;21;5.3;;0;0.0;;0;0.0;;0;0.0
2905402002;Málaga;55.4;PP;47.8;284;47.8;63;10.6;119;20.0;0;0.0;0;0.0;FE de las JONS;52;8.8;MUNDO+JUSTO;42;7.1;;0;0.0;;0;0.0;;0;0.0
2905402003;Málaga;59.3;PP;46.3;371;46.3;193;24.1;113;14.1;1;0.1;0;0.0;PACMA;39;4.9;PCPA;27;3.4;;0;0.0;;0;0.0;;0;0.0
2905402004;Málaga;59.2;PP;49.3;527;49.3;91;8.5;155;14.5;25;2.3;0;0.0;MUNDO+JUSTO;84;7.9;PACMA;72;6.7;;0;0.0;;0;0.0;;0;0.0
2905402005;Málaga;56.8;PP;40.9;349;40.9;135;15.8;110;12.9;41;4.8;0;0.0;29;45;5.3;SOCIEDAD UNIDA;42;4.9;;0;0.0;;0;0.0;;0;0.0
2905402006;Málaga;49.2;PP;47.1;260;47.1;53;9.6;12;2.2;77;14.0;19;3.4;SOCIEDAD UNIDA;45;8.2;MUNDO+JUSTO;25;4.5;;0;0.0;;0;0.0;;0;0.0
2905403001;Málaga;61.4;PP;44.7;386;44.7;93;10.8;117;13.6;46;5.3;0;0.0;PACMA;72;8.3;ESCAÑOS EN BLANCO;71;8.2;;0;0.0;;0;0.0;;0;0.0
2905403002;Málaga;67.1;PP;48.7;453;48.7;107;11.5;141;15.2;38;4.1;0;0.0;NA;100;10.7;ESCAÑOS EN BLANCO;71;7.6;;0;0.0;;0;0.0;;0;0.0
2905403003;Málaga;57.8;PP;44.4;400;44.4;107;11.9;140;15.5;85;9.4;0;0.0;ANDALUCISTAS-PA;85;9.4;;0;0.0;;0;0.0;;0;0.0;;0;0.0
2905403004;Málaga;44.5;PP;48.2;303;48.2;32;5.1;74;11.8;38;6.0;0;0.0;ESCAÑOS EN BLANCO;70;11.2;;0;0.0;;0;0.0;;0;0.0;;0;0.0
2905403005;Málaga;54.4;PP;42.1;344;42.1;96;11.8;99;12.1;28;3.4;0;0.0;CONECTA;70;8.6;29;42;5.1;;0;0.0;;0;0.0;;0;0.0
2905403006;Málaga;54.0;PP;49.5;504;49.5;69;6.8;148;14.5;54;5.3;0;0.0;MUNDO+JUSTO;89;8.7;;0;0.0;;0;0.0;;0;0.0;;0;0.0
2905403007;Málaga;59.0;PP;50.6;210;50.6;32;7.7;58;14.0;7;1.7;0;0.0;MUNDO+JUSTO;32;7.7;PARTIDO AUTÓNOMOS;30;7.2;;0;0.0;;0;0.0;;0;0.0
2905501001;Málaga;63.6;PSOE-A;33.6;203;26.7;255;33.6;157;20.7;0;0.0;0;0.0;SALF;60;7.9;ESCAÑOS EN BLANCO;31;4.1;;0;0.0;;0;0.0;;0;0.0
2905501002;Málaga;62.5;PSOE-A;30.0;191;29.7;193;30.0;120;18.6;0;0.0;0;0.0;PACMA;64;9.9;CONECTA;40;6.2;;0;0.0;;0;0.0;;0;0.0
2905601001;Málaga;63.8;PP;46.5;302;46.5;145;22.3;40;6.2;6;0.9;0;0.0;PACMA;78;12.0;FE de las JONS;25;3.8;;0;0.0;;0;0.0;;0;0.0
2905701001;Málaga;57.6;PSOE-A;54.1;52;30.6;92;54.1;4;2.4;4;2.4;0;0.0;PARTIDO AUTÓNOMOS;10;5.9;;0;0.0;;0;0.0;;0;0.0;;0;0.0
2905801001;Málaga;55.9;PSOE-A;29.0;192;20.2;275;29.0;125;13.2;1;0.1;0;0.0;MUNDO+JUSTO;149;15.7;CONECTA;71;7.5;;0;0.0;;0;0.0;;0;0.0
2905901001;Málaga;63.3;PSOE-A;30.8;159;21.4;229;30.8;55;7.4;139;18.7;0;0.0;29;47;6.3;;0;0.0;;0;0.0;;0;0.0;;0;0.0
2905901002;Málaga;59.0;PP;29.3;260;29.3;190;21.4;103;11.6;184;20.7;0;0.0;PCPA;71;8.0;;0;0.0;;0;0.0;;0;0.0;;0;0.0
2906001001;Málaga;63.0;PP;61.6;231;61.6;25;6.7;16;4.3;0;0.0;0;0.0;CONECTA;36;9.6;ESCAÑOS EN BLANCO;21;5.6;PACMA;19;5.1;;0;0.0;;0;0.0
2906101001;Málaga;65.6;PP;30.0;210;30.0;115;16.4;26;3.7;151;21.6;0;0.0;29;64;9.2;SALF;39;5.6;;0;0.0;;0;0.0;;0;0.0
2906201001;Málaga;82.2;PP;40.6;228;40.6;225;40.1;58;10.3;0;0.0;0;0.0;SALF;34;6.1;PARTIDO AUTÓNOMOS;5;0.9;;0;0.0;;0;0.0;;0;0.0
2906301001;Málaga;72.6;PP;57.8;141;57.8;18;7.4;30;12.3;17;7.0;0;0.0;MUNDO+JUSTO;15;6.2;;0;0.0;;0;0.0;;0;0.0;;0;0.0
2906401001;Málaga;59.6;PSOE-A;35.6;81;30.0;96;35.6;39;14.4;0;0.0;0;0.0;CONECTA;15;5.6;MUNDO+JUSTO;12;4.4;;0;0.0;;0;0.0;;0;0.0
2906501001;Málaga;70.7;PP;53.7;66;53.7;17;13.8;8;6.5;3;2.4;0;0.0;CONECTA;15;12.2;PACMA;6;4.9;;0;0.0;;0;0.0;;0;0.0
2906601001;Málaga;63.1;PP;28.0;66;28.0;64;27.1;38;16.1;2;0.8;0;0.0;PACMA;38;16.1;NA;13;5.5;;0;0.0;;0;0.0;;0;0.0
2906701001;Málaga;59.9;PP;53.0;375;53.0;20;2.8;73;10.3;112;15.8;0;0.0;ANDALUCISTAS-PA;76;10.7;NA;22;3.1;;0;0.0;;0;0.0;;0;0.0
2906701003;Málaga;65.1;PP;62.4;388;62.4;3;0.5;122;19.6;85;13.7;0;0.0;PCPA;13;2.1;NA;7;1.1;;0;0.0;;0;0.0;;0;0.0
2906701004;Málaga;70.1;PP;56.0;338;56.0;18;3.0;22;3.6;47;7.8;0;0.0;PCPA;92;15.2;PARTIDO AUTÓNOMOS;28;4.6;;0;0.0;;0;0.0;;0;0.0
2906702002;Málaga;77.9;PP;66.3;490;66.3;17;2.3;12;1.6;48;6.5;0;0.0;MUNDO+JUSTO;54;7.3;ESCAÑOS EN BLANCO;41;5.6;CONECTA;31;4.2;;0;0.0;;0;0.0
2906702003;Málaga;62.5;PP;52.1;501;52.1;155;16.1;13;1.4;45;4.7;0;0.0;PCPA;115;12.0;NA;59;6.1;ESCAÑOS EN BLANCO;47;4.9;;0;0.0;;0;0.0
2906702004;Málaga;72.3;PP;64.6;497;64.6;54;7.0;48;6.2;12;1.6;0;0.0;MUNDO+JUSTO;59;7.7;PARTIDO AUTÓNOMOS;43;5.6;;0;0.0;;0;0.0;;0;0.0
2906702005;Málaga;73.4;PP;54.5;281;54.5;0;0.0;64;12.4;49;9.5;0;0.0;MUNDO+JUSTO;49;9.5;ESCAÑOS EN BLANCO;31;6.0;;0;0.0;;0;0.0;;0;0.0
2906702006;Málaga;72.2;PP;55.2;384;55.2;0;0.0;107;15.4;11;1.6;0;0.0;SALF;88;12.7;MUNDO+JUSTO;63;9.1;FE de las JONS;35;5.0;;0;0.0;;0;0.0
2906702007;Málaga;77.1;PP;74.4;427;74.4;0;0.0;1;0.2;7;1.2;0;0.0;MUNDO+JUSTO;37;6.4;SALF;34;5.9;PCPA;28;4.9;NA;28;4.9;;0;0.0
2906702008;Málaga;83.4;PP;52.4;317;52.4;2;0.3;120;19.8;58;9.6;0;0.0;MUNDO+JUSTO;55;9.1;PACMA;44;7.3;;0;0.0;;0;0.0;;0;0.0
2906702009;Málaga;47.0;PP;43.8;232;43.8;75;14.2;31;5.8;26;4.9;42;7.9;PCPA;68;12.8;;0;0.0;;0;0.0;;0;0.0;;0;0.0
2906702010;Málaga;74.5;PP;70.7;297;70.7;4;1.0;32;7.6;5;1.2;0;0.0;CONECTA;41;9.8;ESCAÑOS EN BLANCO;29;6.9;;0;0.0;;0;0.0;;0;0.0
2906702011;Málaga;57.4;PP;37.0;143;37.0;68;17.6;6;1.6;53;13.7;0;0.0;FE de las JONS;54;14.0;MUNDO+JUSTO;36;9.3;;0;0.0;;0;0.0;;0;0.0
2906702012;Málaga;46.7;PP;43.3;214;43.3;53;10.7;70;14.2;21;4.2;0;0.0;PARTIDO AUTÓNOMOS;55;11.1;PCPA;29;5.9;;0;0.0;;0;0.0;;0;0.0
2906702013;Málaga;70.1;PP;59.6;648;59.6;97;8.9;69;6.4;47;4.3;11;1.0;ANDALUCISTAS-PA;91;8.4;;0;0.0;;0;0.0;;0;0.0;;0;0.0
2906702014;Málaga;73.0;PP;54.0;267;54.0;47;9.5;52;10.5;1;0.2;0;0.0;SALF;48;9.7;MUNDO+JUSTO;43;8.7;;0;0.0;;0;0.0;;0;0.0
2906702015;Málaga;75.3;PP;50.1;311;50.1;91;14.6;12;1.9;43;6.9;0;0.0;PCPA;102;16.4;ESCAÑOS EN BLANCO;27;4.4;;0;0.0;;0;0.0;;0;0.0
2906702016;Málaga;70.7;PP;59.9;335;59.9;51;9.1;54;9.7;1;0.2;0;0.0;ESCAÑOS EN BLANCO;55;9.8;PCPA;40;7.2;;0;0.0;;0;0.0;;0;0.0
2906702017;Málaga;67.5;PP;58.1;388;58.1;80;12.0;53;7.9;18;2.7;0;0.0;CONECTA;37;5.5;PCPA;23;3.4;;0;0.0;;0;0.0;;0;0.0
2906702018;Málaga;73.1;PP;62.8;396;62.8;19;3.0;12;1.9;64;10.1;0;0.0;MUNDO+JUSTO;62;9.8;29;37;5.9;;0;0.0;;0;0.0;;0;0.0
2906702019;Málaga;49.0;PSOE-A;33.9;71;22.7;106;33.9;5;1.6;34;10.9;0;0.0;SOCIEDAD UNIDA;55;17.6;PARTIDO AUTÓNOMOS;17;5.4;;0;0.0;;0;0.0;;0;0.0
2906702020;Málaga;60.9;PP;49.5;337;49.5;115;16.9;53;7.8;56;8.2;37;5.4;;0;0.0;;0;0.0;;0;0.0;;0;0.0;;0;0.0
2906702021;Málaga;55.9;PP;54.6;220;54.6;79;19.6;58;14.4;2;0.5;0;0.0;PARTIDO AUTÓNOMOS;20;5.0;PACMA;13;3.2;;0;0.0;;0;0.0;;0;0.0
2906702022;Málaga;74.2;PP;60.4;543;60.4;15;1.7;36;4.0;0;0.0;0;0.0;PCPA;94;10.5;FE de las JONS;93;10.3;MUNDO+JUSTO;66;7.3;;0;0.0;;0;0.0
2906702023;Málaga;60.2;PP;32.4;207;32.4;154;24.1;81;12.7;58;9.1;0;0.0;PACMA;58;9.1;;0;0.0;;0;0.0;;0;0.0;;0;0.0
2906702024;Málaga;51.2;PP;43.5;257;43.5;87;14.7;47;8.0;24;4.1;0;0.0;MUNDO+JUSTO;53;9.0;SOCIEDAD UNIDA;51;8.6;;0;0.0;;0;0.0;;0;0.0
2906702025;Málaga;51.7;PP;44.6;133;44.6;23;7.7;21;7.0;37;12.4;0;0.0;PACMA;25;8.4;PCPA;21;7.0;;0;0.0;;0;0.0;;0;0.0
2906702026;Málaga;61.7;PP;46.9;476;46.9;81;8.0;67;6.6;72;7.1;0;0.0;ESCAÑOS EN BLANCO;86;8.5;;0;0.0;;0;0.0;;0;0.0;;0;0.0
2906702027;Málaga;66.1;PP;54.3;350;54.3;50;7.8;73;11.3;17;2.6;0;0.0;PARTIDO AUTÓNOMOS;84;13.0;MUNDO+JUSTO;48;7.4;;0;0.0;;0;0.0;;0;0.0
2906702028;Málaga;68.5;PP;48.9;374;48.9;41;5.4;61;8.0;51;6.7;0;0.0;SALF;74;9.7;PARTIDO AUTÓNOMOS;69;9.0;MUNDO+JUSTO;56;7.3;;0;0.0;;0;0.0
2906702029;Málaga;61.0;PP;40.5;208;40.5;74;14.4;75;14.6;30;5.8;0;0.0;SOCIEDAD UNIDA;60;11.7;;0;0.0;;0;0.0;;0;0.0;;0;0.0
2906702030;Málaga;58.4;PP;43.6;406;43.6;117;12.6;130;14.0;87;9.3;0;0.0;PCPA;65;7.0;;0;0.0;;0;0.0;;0;0.0;;0;0.0
2906702031;Málaga;48.6;PP;48.8;147;48.8;42;14.0;21;7.0;17;5.6;0;0.0;NA;24;8.0;;0;0.0;;0;0.0;;0;0.0;;0;0.0
2906702032;Málaga;71.5;PP;56.6;402;56.6;32;4.5;50;7.0;65;9.2;0;0.0;PACMA;81;11.4;FE de las JONS;39;5.5;;0;0.0;;0;0.0;;0;0.0
2906702033;Málaga;72.7;PP;65.4;432;65.4;72;10.9;20;3.0;53;8.0;33;5.0;;0;0.0;;0;0.0;;0;0.0;;0;0.0;;0;0.0
2906702034;Málaga;72.4;PP;55.9;330;55.9;2;0.3;101;17.1;3;0.5;0;0.0;MUNDO+JUSTO;113;19.2;ESCAÑOS EN BLANCO;26;4.4;PCPA;14;2.4;;0;0.0;;0;0.0
2906702035;Málaga;68.2;PP;47.0;219;47.0;117;25.1;61;13.1;44;9.4;0;0.0;PARTIDO AUTÓNOMOS;23;4.9;;0;0.0;;0;0.0;;0;0.0;;0;0.0
2906702036;Málaga;74.6;PP;56.5;312;56.5;61;11.0;92;16.7;27;4.9;0;0.0;ESCAÑOS EN BLANCO;24;4.4;;0;0.0;;0;0.0;;0;0.0;;0;0.0
2906702037;Málaga;66.0;PP;44.3;243;44.3;178;32.4;33;6.0;18;3.3;0;0.0;PACMA;34;6.2;MUNDO+JUSTO;29;5.3;;0;0.0;;0;0.0;;0;0.0
2906702038;Málaga;67.4;PP;58.8;274;58.8;34;7.3;20;4.3;30;6.4;0;0.0;NA;63;13.5;;0;0.0;;0;0.0;;0;0.0;;0;0.0
2906702039;Málaga;66.0;PP;55.7;215;55.7;33;8.6;12;3.1;22;5.7;0;0.0;PACMA;76;19.7;NA;12;3.1;;0;0.0;;0;0.0;;0;0.0
2906702040;Málaga;73.1;PP;48.7;309;48.7;103;16.2;47;7.4;31;4.9;87;13.7;;0;0.0;;0;0.0;;0;0.0;;0;0.0;;0;0.0
2906702041;Málaga;72.7;PP;65.8;647;65.8;81;8.2;63;6.4;13;1.3;0;0.0;PARTIDO AUTÓNOMOS;101;10.3;SOCIEDAD UNIDA;48;4.9;;0;0.0;;0;0.0;;0;0.0
2906702042;Málaga;79.5;PP;64.0;337;64.0;0;0.0;83;15.8;0;0.0;0;0.0;NA;42;8.0;ESCAÑOS EN BLANCO;30;5.7;MUNDO+JUSTO;27;5.1;;0;0.0;;0;0.0
2906702043;Málaga;64.4;PP;55.1;279;55.1;2;0.4;61;12.1;3;0.6;0;0.0;ESCAÑOS EN BLANCO;114;22.5;PARTIDO AUTÓNOMOS;28;5.5;NA;10;2.0;;0;0.0;;0;0.0
2906702044;Málaga;68.5;PP;54.5;511;54.5;118;12.6;121;12.9;59;6.3;0;0.0;29;43;4.6;;0;0.0;;0;0.0;;0;0.0;;0;0.0
2906702045;Málaga;41.4;PP;38.6;129;38.6;95;28.4;3;0.9;51;15.3;0;0.0;NA;22;6.6;MUNDO+JUSTO;17;5.1;;0;0.0;;0;0.0;;0;0.0
2906702046;Málaga;74.3;PP;56.2;301;56.2;18;3.4;49;9.1;19;3.5;0;0.0;PARTIDO AUTÓNOMOS;108;20.2;NA;34;6.3;;0;0.0;;0;0.0;;0;0.0
2906702047;Málaga;75.0;PP;62.2;508;62.2;63;7.7;70;8.6;52;6.4;0;0.0;MUNDO+JUSTO;59;7.2;;0;0.0;;0;0.0;;0;0.0;;0;0.0
2906702048;Málaga;75.5;PP;63.2;660;63.2;37;3.5;95;9.1;64;6.1;0;0.0;MUNDO+JUSTO;55;5.3;SALF;49;4.7;;0;0.0;;0;0.0;;0;0.0
2906702049;Málaga;71.2;PP;50.7;541;50.7;183;17.1;66;6.2;36;3.4;59;5.5;SALF;77;7.2;;0;0.0;;0;0.0;;0;0.0;;0;0.0
2906702050;Málaga;75.5;PP;61.2;825;61.2;87;6.4;150;11.1;23;1.7;98;7.3;ESCAÑOS EN BLANCO;81;6.0;;0;0.0;;0;0.0;;0;0.0;;0;0.0
2906702051;Málaga;68.4;PP;53.0;348;53.0;49;7.5;30;4.6;24;3.7;0;0.0;PARTIDO AUTÓNOMOS;95;14.5;NA;37;5.6;FE de las JONS;37;5.6;;0;0.0;;0;0.0
2906702052;Málaga;68.1;PP;46.0;250;46.0;83;15.3;81;14.9;0;0.0;0;0.0;NA;82;15.1;PACMA;26;4.8;;0;0.0;;0;0.0;;0;0.0
2906702053;Málaga;64.5;PP;49.4;329;49.4;53;8.0;105;15.8;37;5.6;75;11.3;;0;0.0;;0;0.0;;0;0.0;;0;0.0;;0;0.0
2906703001;Málaga;54.1;PP;32.0;174;32.0;107;19.7;22;4.0;122;22.5;37;6.8;;0;0.0;;0;0.0;;0;0.0;;0;0.0;;0;0.0
2906703002;Málaga;51.7;PP;40.6;290;40.6;99;13.8;97;13.6;44;6.2;15;2.1;MUNDO+JUSTO;52;7.3;FE de las JONS;51;7.1;;0;0.0;;0;0.0;;0;0.0
2906704001;Málaga;62.0;PP;41.6;277;41.6;141;21.2;40;6.0;65;9.8;0;0.0;FE de las JONS;45;6.8;;0;0.0;;0;0.0;;0;0.0;;0;0.0
2906704003;Málaga;43.0;PP;36.3;203;36.3;102;18.2;51;9.1;56;10.0;22;3.9;MUNDO+JUSTO;53;9.5;;0;0.0;;0;0.0;;0;0.0;;0;0.0
2906704004;Málaga;59.0;PP;38.3;241;38.3;141;22.4;15;2.4;68;10.8;0;0.0;ESCAÑOS EN BLANCO;69;11.0;FE de las JONS;52;8.3;;0;0.0;;0;0.0;;0;0.0
2906704006;Málaga;62.3;PP;32.4;128;32.4;75;19.0;19;4.8;41;10.4;0;0.0;ANDALUCISTAS-PA;78;19.8;MUNDO+JUSTO;26;6.6;;0;0.0;;0;0.0;;0;0.0
2906704007;Málaga;60.4;PP;45.6;260;45.6;79;13.9;184;32.3;0;0.0;0;0.0;FE de las JONS;24;4.2;PARTIDO AUTÓNOMOS;13;2.3;;0;0.0;;0;0.0;;0;0.0
2906704008;Málaga;67.5;PP;54.5;256;54.5;31;6.6;57;12.1;2;0.4;0;0.0;PCPA;106;22.6;FE de las JONS;9;1.9;;0;0.0;;0;0.0;;0;0.0
2906704009;Málaga;63.2;PP;59.0;423;59.0;46;6.4;28;3.9;73;10.2;0;0.0;MUNDO+JUSTO;92;12.8;;0;0.0;;0;0.0;;0;0.0;;0;0.0
2906704010;Málaga;61.4;PP;45.1;256;45.1;81;14.3;51;9.0;33;5.8;0;0.0;MUNDO+JUSTO;54;9.5;ANDALUCISTAS-PA;48;8.4;;0;0.0;;0;0.0;;0;0.0
2906704011;Málaga;60.8;PP;39.9;154;39.9;69;17.9;1;0.3;119;30.8;0;0.0;PARTIDO AUTÓNOMOS;18;4.7;MUNDO+JUSTO;9;2.3;;0;0.0;;0;0.0;;0;0.0
2906704012;Málaga;59.8;PP;48.0;414;48.0;103;12.0;88;10.2;65;7.5;0;0.0;SOCIEDAD UNIDA;74;8.6;;0;0.0;;0;0.0;;0;0.0;;0;0.0
2906704014;Málaga;55.7;PP;59.0;230;59.0;13;3.3;47;12.0;2;0.5;0;0.0;PACMA;21;5.4;29;21;5.4;NA;20;5.1;;0;0.0;;0;0.0
2906704015;Málaga;62.3;PP;46.4;189;46.4;39;9.6;62;15.2;9;2.2;0;0.0;PCPA;87;21.4;NA;14;3.4;;0;0.0;;0;0.0;;0;0.0
2906705001;Málaga;47.8;PP;42.6;200;42.6;42;8.9;0;0.0;70;14.9;0;0.0;NA;131;27.9;MUNDO+JUSTO;16;3.4;;0;0.0;;0;0.0;;0;0.0
2906705002;Málaga;47.3;PP;37.1;252;37.1;124;18.2;81;11.9;25;3.7;66;9.7;NA;67;9.8;;0;0.0;;0;0.0;;0;0.0;;0;0.0
2906706001;Málaga;61.4;PP;43.1;403;43.1;98;10.5;116;12.4;48;5.1;0;0.0;NA;106;11.3;PCPA;60;6.4;;0;0.0;;0;0.0;;0;0.0
2906706002;Málaga;54.7;PP;32.2;241;32.2;172;23.0;92;12.3;49;6.5;0;0.0;NA;77;10.3;;0;0.0;;0;0.0;;0;0.0;;0;0.0
2906706003;Málaga;58.8;PP;51.1;193;51.1;103;27.2;31;8.2;36;9.5;0;0.0;FE de las JONS;5;1.3;;0;0.0;;0;0.0;;0;0.0;;0;0.0
2906706004;Málaga;43.0;PP;26.5;95;26.5;93;26.0;68;19.0;4;1.1;0;0.0;SOCIEDAD UNIDA;82;22.9;MUNDO+JUSTO;13;3.6;;0;0.0;;0;0.0;;0;0.0
2906706005;Málaga;52.3;PP;29.1;115;29.1;82;20.8;87;22.0;0;0.0;0;0.0;MUNDO+JUSTO;31;7.8;ESCAÑOS EN BLANCO;21;5.3;;0;0.0;;0;0.0;;0;0.0
2906706006;Málaga;37.0;PP;35.7;85;35.7;47;19.8;35;14.7;0;0.0;0;0.0;29;39;16.4;PACMA;15;6.3;;0;0.0;;0;0.0;;0;0.0
2906706007;Málaga;37.1;PP;35.8;186;35.8;86;16.5;82;15.8;28;5.4;27;5.2;NA;35;6.7;PACMA;31;6.0;;0;0.0;;0;0.0;;0;0.0
2906706008;Málaga;46.1;PP;38.5;131;38.5;48;14.1;34;10.0;3;0.9;0;0.0;PACMA;96;28.2;PCPA;12;3.5;;0;0.0;;0;0.0;;0;0.0
2906706009;Málaga;52.9;PP;39.4;171;39.4;54;12.4;92;21.2;3;0.7;0;0.0;NA;38;8.8;FE de las JONS;28;6.4;;0;0.0;;0;0.0;;0;0.0
2906706010;Málaga;34.8;PSOE-A;31.8;80;24.2;105;31.8;27;8.2;30;9.1;0;0.0;FE de las JONS;39;11.8;;0;0.0;;0;0.0;;0;0.0;;0;0.0
2906706011;Málaga;51.5;PP;48.2;245;48.2;58;11.4;23;4.5;87;17.1;0;0.0;CONECTA;44;8.7;;0;0.0;;0;0.0;;0;0.0;;0;0.0
2906706012;Málaga;60.5;PP;44.0;305;44.0;93;13.4;127;18.3;3;0.4;0;0.0;MUNDO+JUSTO;44;6.4;29;35;5.0;;0;0.0;;0;0.0;;0;0.0
2906706013;Málaga;54.9;PP;37.6;307;37.6;100;12.2;110;13.5;72;8.8;0;0.0;CONECTA;80;9.8;;0;0.0;;0;0.0;;0;0.0;;0;0.0
2906706015;Málaga;51.3;PP;39.2;151;39.2;78;20.3;72;18.7;1;0.3;0;0.0;FE de las JONS;58;15.1;NA;12;3.1;;0;0.0;;0;0.0;;0;0.0
2906706016;Málaga;53.4;PP;50.8;266;50.8;35;6.7;41;7.8;46;8.8;0;0.0;PACMA;76;14.5;FE de las JONS;39;7.4;;0;0.0;;0;0.0;;0;0.0
2906706017;Málaga;53.3;PP;42.9;209;42.9;58;11.9;15;3.1;29;6.0;0;0.0;NA;130;26.7;PACMA;36;7.4;;0;0.0;;0;0.0;;0;0.0
2906706018;Málaga;45.7;PP;38.8;105;38.8;52;19.2;28;10.3;4;1.5;0;0.0;PCPA;35;12.9;MUNDO+JUSTO;20;7.4;;0;0.0;;0;0.0;;0;0.0
2906706019;Málaga;46.5;PP;35.3;224;35.3;133;20.9;46;7.2;84;13.2;33;5.2;;0;0.0;;0;0.0;;0;0.0;;0;0.0;;0;0.0
2906706020;Málaga;60.1;PP;41.4;196;41.4;58;12.3;42;8.9;51;10.8;0;0.0;ESCAÑOS EN BLANCO;101;21.4;;0;0.0;;0;0.0;;0;0.0;;0;0.0
2906706021;Málaga;45.5;PP;43.1;110;43.1;19;7.4;24;9.4;22;8.6;0;0.0;CONECTA;59;23.1;;0;0.0;;0;0.0;;0;0.0;;0;0.0
2906706022;Málaga;34.7;PP;29.4;116;29.4;87;22.1;50;12.7;32;8.1;0;0.0;PACMA;63;16.0;;0;0.0;;0;0.0;;0;0.0;;0;0.0
2906706023;Málaga;50.9;PSOE-A;34.1;165;29.3;192;34.1;43;7.6;20;3.6;0;0.0;NA;74;13.1;PCPA;28;5.0;;0;0.0;;0;0.0;;0;0.0
2906706024;Málaga;60.0;PP;43.2;456;43.2;149;14.1;91;8.6;144;13.6;0;0.0;PARTIDO AUTÓNOMOS;154;14.6;;0;0.0;;0;0.0;;0;0.0;;0;0.0
2906706025;Málaga;52.3;PP;34.9;231;34.9;142;21.4;82;12.4;0;0.0;0;0.0;SOCIEDAD UNIDA;81;12.2;PARTIDO AUTÓNOMOS;56;8.5;;0;0.0;;0;0.0;;0;0.0
2906706026;Málaga;51.4;PP;36.5;255;36.5;115;16.4;58;8.3;43;6.2;74;10.6;SOCIEDAD UNIDA;68;9.7;;0;0.0;;0;0.0;;0;0.0;;0;0.0
2906706027;Málaga;32.0;PP;30.7;107;30.7;83;23.8;24;6.9;20;5.7;0;0.0;PCPA;32;9.2;PACMA;31;8.9;;0;0.0;;0;0.0;;0;0.0
2906706028;Málaga;59.6;PP;45.0;190;45.0;62;14.7;8;1.9;27;6.4;0;0.0;ANDALUCISTAS-PA;69;16.4;PCPA;28;6.6;;0;0.0;;0;0.0;;0;0.0
2906706029;Málaga;50.3;PP;52.6;299;52.6;102;17.9;3;0.5;78;13.7;12;2.1;NA;25;4.4;PACMA;18;3.2;;0;0.0;;0;0.0;;0;0.0
2906706030;Málaga;49.7;PP;43.7;203;43.7;67;14.4;45;9.7;32;6.9;0;0.0;PACMA;37;8.0;PCPA;33;7.1;;0;0.0;;0;0.0;;0;0.0
2906706031;Málaga;53.0;PP;34.8;207;34.8;174;29.3;23;3.9;66;11.1;0;0.0;PACMA;50;8.4;;0;0.0;;0;0.0;;0;0.0;;0;0.0
2906706032;Málaga;53.4;PP;35.6;187;35.6;98;18.6;99;18.8;2;0.4;49;9.3;MUNDO+JUSTO;50;9.5;;0;0.0;;0;0.0;;0;0.0;;0;0.0
2906706033;Málaga;46.4;PSOE-A;50.8;101;25.6;200;50.8;16;4.1;47;11.9;0;0.0;PARTIDO AUTÓNOMOS;16;4.1;;0;0.0;;0;0.0;;0;0.0;;0;0.0
2906706034;Málaga;59.5;PP;40.2;198;40.2;72;14.6;47;9.6;45;9.2;0;0.0;SOCIEDAD UNIDA;59;12.0;;0;0.0;;0;0.0;;0;0.0;;0;0.0
2906706035;Málaga;49.5;PP;40.9;166;40.9;88;21.7;8;2.0;31;7.6;0;0.0;CONECTA;59;14.5;PACMA;37;9.1;;0;0.0;;0;0.0;;0;0.0
2906706036;Málaga;47.6;PP;42.7;190;42.7;79;17.8;24;5.4;122;27.4;0;0.0;PCPA;10;2.2;;0;0.0;;0;0.0;;0;0.0;;0;0.0
2906706037;Málaga;60.2;PP;46.3;292;46.3;65;10.3;23;3.6;55;8.7;32;5.1;ESCAÑOS EN BLANCO;81;12.8;MUNDO+JUSTO;35;5.6;;0;0.0;;0;0.0;;0;0.0
2906706038;Málaga;58.0;PP;56.8;238;56.8;69;16.5;11;2.6;61;14.6;0;0.0;PCPA;19;4.5;;0;0.0;;0;0.0;;0;0.0;;0;0.0
2906706039;Málaga;61.3;PP;39.2;291;39.2;126;17.0;15;2.0;102;13.8;0;0.0;MUNDO+JUSTO;87;11.7;ESCAÑOS EN BLANCO;50;6.7;;0;0.0;;0;0.0;;0;0.0
2906706040;Málaga;51.9;PP;66.1;199;66.1;26;8.6;36;12.0;10;3.3;0;0.0;FE de las JONS;19;6.3;;0;0.0;;0;0.0;;0;0.0;;0;0.0
2906706041;Málaga;48.0;PP;47.6;214;47.6;48;10.7;0;0.0;58;12.9;0;0.0;29;48;10.7;ESCAÑOS EN BLANCO;21;4.7;;0;0.0;;0;0.0;;0;0.0
2906706043;Málaga;54.6;PSOE-A;31.5;71;23.8;94;31.5;0;0.0;50;16.8;0;0.0;ESCAÑOS EN BLANCO;31;10.4;MUNDO+JUSTO;22;7.4;;0;0.0;;0;0.0;;0;0.0
2906706044;Málaga;55.5;PP;36.4;201;36.4;74;13.4;60;10.8;27;4.9;0;0.0;NA;73;13.2;PACMA;68;12.3;;0;0.0;;0;0.0;;0;0.0
2906706045;Málaga;50.8;PP;37.3;186;37.3;112;22.4;55;11.0;38;7.6;0;0.0;PACMA;29;5.8;;0;0.0;;0;0.0;;0;0.0;;0;0.0
2906706046;Málaga;54.0;PP;33.9;190;33.9;159;28.3;73;13.0;15;2.7;0;0.0;NA;70;12.5;ESCAÑOS EN BLANCO;18;3.2;;0;0.0;;0;0.0;;0;0.0
2906706047;Málaga;56.6;PP;38.5;179;38.5;54;11.6;79;17.0;15;3.2;0;0.0;CONECTA;57;12.3;PARTIDO AUTÓNOMOS;30;6.4;;0;0.0;;0;0.0;;0;0.0
2906706048;Málaga;45.7;PP;36.0;151;36.0;42;10.0;90;21.5;7;1.7;0;0.0;29;61;14.6;NA;27;6.4;;0;0.0;;0;0.0;;0;0.0
2906707001;Málaga;36.3;PP;55.2;170;55.2;41;13.3;45;14.6;3;1.0;0;0.0;NA;20;6.5;MUNDO+JUSTO;12;3.9;;0;0.0;;0;0.0;;0;0.0
2906707002;Málaga;51.0;PP;54.0;227;54.0;64;15.2;46;11.0;0;0.0;0;0.0;FE de las JONS;24;5.7;MUNDO+JUSTO;21;5.0;;0;0.0;;0;0.0;;0;0.0
2906707003;Málaga;48.0;PP;32.6;126;32.6;96;24.9;31;8.0;39;10.1;0;0.0;NA;55;14.2;;0;0.0;;0;0.0;;0;0.0;;0;0.0
2906707004;Málaga;48.4;PP;46.3;169;46.3;24;6.6;45;12.3;4;1.1;0;0.0;FE de las JONS;74;20.3;PARTIDO AUTÓNOMOS;19;5.2;;0;0.0;;0;0.0;;0;0.0
2906707005;Málaga;58.8;PP;37.9;284;37.9;124;16.6;95;12.7;20;2.7;103;13.8;MUNDO+JUSTO;58;7.7;;0;0.0;;0;0.0;;0;0.0;;0;0.0
2906707006;Málaga;55.1;PP;28.8;130;28.8;102;22.6;83;18.4;10;2.2;0;0.0;FE de las JONS;89;19.7;PARTIDO AUTÓNOMOS;31;6.9;;0;0.0;;0;0.0;;0;0.0
2906707008;Málaga;33.8;PP;37.4;99;37.4;28;10.6;16;6.0;35;13.2;0;0.0;MUNDO+JUSTO;67;25.3;;0;0.0;;0;0.0;;0;0.0;;0;0.0
2906707009;Málaga;59.1;PP;55.6;320;55.6;12;2.1;78;13.6;0;0.0;0;0.0;ESCAÑOS EN BLANCO;90;15.6;MUNDO+JUSTO;41;7.1;PCPA;15;2.6;;0;0.0;;0;0.0
2906707010;Málaga;59.0;PP;31.3;138;31.3;101;22.9;69;15.6;0;0.0;59;13.4;PACMA;30;6.8;;0;0.0;;0;0.0;;0;0.0;;0;0.0
2906707011;Málaga;53.3;PP;44.9;278;44.9;70;11.3;117;18.9;11;1.8;29;4.7;PACMA;38;6.1;MUNDO+JUSTO;36;5.8;;0;0.0;;0;0.0;;0;0.0
2906707012;Málaga;45.6;PP;42.4;114;42.4;11;4.1;16;6.0;30;11.2;0;0.0;SOCIEDAD UNIDA;47;17.5;PARTIDO AUTÓNOMOS;18;6.7;PACMA;16;6.0;;0;0.0;;0;0.0
2906707013;Málaga;53.9;PP;49.3;239;49.3;60;12.4;12;2.5;69;14.2;0;0.0;PARTIDO AUTÓNOMOS;85;17.5;NA;17;3.5;;0;0.0;;0;0.0;;0;0.0
2906707014;Málaga;58.1;PSOE-A;43.8;150;32.5;202;43.8;18;3.9;48;10.4;0;0.0;NA;26;5.6;;0;0.0;;0;0.0;;0;0.0;;0;0.0
2906707015;Málaga;57.5;PP;50.3;181;50.3;34;9.4;88;24.4;15;4.2;0;0.0;FE de las JONS;16;4.4;;0;0.0;;0;0.0;;0;0.0;;0;0.0
2906707016;Málaga;65.4;PP;50.1;322;50.1;21;3.3;15;2.3;122;19.0;0;0.0;MUNDO+JUSTO;54;8.4;FE de las JONS;42;6.5;PARTIDO AUTÓNOMOS;36;5.6;;0;0.0;;0;0.0
2906707017;Málaga;50.8;PP;42.9;210;42.9;66;13.5;57;11.6;40;8.2;0;0.0;PCPA;65;13.3;;0;0.0;;0;0.0;;0;0.0;;0;0.0
2906707018;Málaga;60.4;PP;53.5;255;53.5;47;9.8;56;11.7;7;1.5;0;0.0;CONECTA;47;9.8;MUNDO+JUSTO;26;5.4;;0;0.0;;0;0.0;;0;0.0
2906707019;Málaga;60.2;PP;47.2;266;47.2;20;3.6;53;9.4;83;14.7;0;0.0;CONECTA;118;20.9;;0;0.0;;0;0.0;;0;0.0;;0;0.0
2906707020;Málaga;52.8;PP;31.9;97;31.9;86;28.3;43;14.1;4;1.3;0;0.0;MUNDO+JUSTO;51;16.8;ESCAÑOS EN BLANCO;13;4.3;;0;0.0;;0;0.0;;0;0.0
2906707021;Málaga;53.6;PP;31.2;187;31.2;184;30.7;57;9.5;25;4.2;0;0.0;PARTIDO AUTÓNOMOS;77;12.8;MUNDO+JUSTO;28;4.7;;0;0.0;;0;0.0;;0;0.0
2906707022;Málaga;35.5;PSOE-A;35.7;40;18.8;76;35.7;25;11.7;11;5.2;0;0.0;29;27;12.7;ESCAÑOS EN BLANCO;14;6.6;;0;0.0;;0;0.0;;0;0.0
2906707023;Málaga;41.5;PP;26.1;200;26.1;183;23.9;93;12.2;50;6.5;0;0.0;PACMA;102;13.3;PCPA;56;7.3;;0;0.0;;0;0.0;;0;0.0
2906707025;Málaga;22.2;PSOE-A;37.0;21;14.4;54;37.0;25;17.1;8;5.5;0;0.0;PCPA;19;13.0;MUNDO+JUSTO;9;6.2;;0;0.0;;0;0.0;;0;0.0
2906707026;Málaga;21.6;PSOE-A;37.2;60;26.6;84;37.2;21;9.3;11;4.9;0;0.0;PARTIDO AUTÓNOMOS;28;12.4;;0;0.0;;0;0.0;;0;0.0;;0;0.0
2906707027;Málaga;75.5;PP;48.5;454;48.5;52;5.6;178;19.0;12;1.3;0;0.0;29;81;8.6;MUNDO+JUSTO;49;5.2;;0;0.0;;0;0.0;;0;0.0
2906707028;Málaga;20.8;Empate;29.2;59;29.2;50;24.8;9;4.5;59;29.2;0;0.0;FE de las JONS;12;5.9;;0;0.0;;0;0.0;;0;0.0;;0;0.0
2906707029;Málaga;19.5;PSOE-A;33.0;22;20.2;36;33.0;5;4.6;15;13.8;0;0.0;PCPA;18;16.5;NA;9;8.3;;0;0.0;;0;0.0;;0;0.0
2906707030;Málaga;66.9;PP;46.2;330;46.2;59;8.3;74;10.4;58;8.1;0;0.0;MUNDO+JUSTO;96;13.4;ESCAÑOS EN BLANCO;85;11.9;;0;0.0;;0;0.0;;0;0.0
2906707031;Málaga;51.9;PP;30.2;103;30.2;75;22.0;21;6.2;45;13.2;0;0.0;ESCAÑOS EN BLANCO;40;11.7;;0;0.0;;0;0.0;;0;0.0;;0;0.0
2906707032;Málaga;55.1;PP;42.5;159;42.5;27;7.2;68;18.2;28;7.5;0;0.0;PCPA;50;13.4;;0;0.0;;0;0.0;;0;0.0;;0;0.0
2906707033;Málaga;50.0;PP;33.3;151;33.3;105;23.1;46;10.1;43;9.5;0;0.0;PACMA;34;7.5;;0;0.0;;0;0.0;;0;0.0;;0;0.0
2906707034;Málaga;53.7;PP;41.2;313;41.2;123;16.2;59;7.8;125;16.5;0;0.0;ANDALUCISTAS-PA;66;8.7;;0;0.0;;0;0.0;;0;0.0;;0;0.0
2906707035;Málaga;51.4;PP;41.3;226;41.3;62;11.3;82;15.0;11;2.0;0;0.0;29;69;12.6;FE de las JONS;36;6.6;;0;0.0;;0;0.0;;0;0.0
2906707037;Málaga;57.7;PP;48.0;267;48.0;46;8.3;50;9.0;25;4.5;0;0.0;MUNDO+JUSTO;74;13.3;PACMA;49;8.8;;0;0.0;;0;0.0;;0;0.0
2906707039;Málaga;66.4;PP;41.4;235;41.4;104;18.3;26;4.6;19;3.4;0;0.0;ANDALUCISTAS-PA;69;12.2;PACMA;41;7.2;PARTIDO AUTÓNOMOS;32;5.6;;0;0.0;;0;0.0
2906707040;Málaga;52.5;PP;40.6;187;40.6;108;23.4;30;6.5;30;6.5;0;0.0;29;57;12.4;;0;0.0;;0;0.0;;0;0.0;;0;0.0
2906707041;Málaga;60.4;PP;48.7;213;48.7;57;13.0;46;10.5;21;4.8;0;0.0;MUNDO+JUSTO;35;8.0;;0;0.0;;0;0.0;;0;0.0;;0;0.0
2906707042;Málaga;48.4;PP;33.6;187;33.6;136;24.4;70;12.6;44;7.9;0;0.0;ESCAÑOS EN BLANCO;37;6.6;;0;0.0;;0;0.0;;0;0.0;;0;0.0
2906707043;Málaga;60.9;PP;43.0;368;43.0;82;9.6;71;8.3;242;28.3;0;0.0;PACMA;30;3.5;;0;0.0;;0;0.0;;0;0.0;;0;0.0
2906707044;Málaga;56.2;PP;38.8;184;38.8;68;14.4;36;7.6;13;2.7;0;0.0;FE de las JONS;114;24.0;PCPA;28;5.9;;0;0.0;;0;0.0;;0;0.0
2906707045;Málaga;52.7;PSOE-A;30.4;131;27.9;143;30.4;101;21.5;10;2.1;0;0.0;MUNDO+JUSTO;36;7.7;PCPA;24;5.1;;0;0.0;;0;0.0;;0;0.0
2906707046;Málaga;48.8;PP;49.0;381;49.0;139;17.9;74;9.5;43;5.5;0;0.0;PCPA;47;6.0;;0;0.0;;0;0.0;;0;0.0;;0;0.0
2906707047;Málaga;44.9;PP;44.1;195;44.1;51;11.5;40;9.0;14;3.2;0;0.0;ESCAÑOS EN BLANCO;38;8.6;MUNDO+JUSTO;32;7.2;;0;0.0;;0;0.0;;0;0.0
2906707048;Málaga;53.1;PP;26.8;239;26.8;231;25.9;63;7.1;78;8.8;46;5.2;MUNDO+JUSTO;76;8.5;;0;0.0;;0;0.0;;0;0.0;;0;0.0
2906707049;Málaga;41.5;PSOE-A;28.2;84;26.6;89;28.2;58;18.4;25;7.9;0;0.0;FE de las JONS;48;15.2;;0;0.0;;0;0.0;;0;0.0;;0;0.0
2906707050;Málaga;28.4;PP;39.3;150;39.3;64;16.8;64;16.8;1;0.3;0;0.0;PACMA;58;15.2;SOCIEDAD UNIDA;24;6.3;;0;0.0;;0;0.0;;0;0.0
2906707051;Málaga;51.1;PP;33.8;176;33.8;110;21.2;57;11.0;26;5.0;0;0.0;NA;59;11.4;ANDALUCISTAS-PA;53;10.2;;0;0.0;;0;0.0;;0;0.0
2906707052;Málaga;54.6;PP;65.0;318;65.0;63;12.9;17;3.5;70;14.3;0;0.0;FE de las JONS;11;2.2;;0;0.0;;0;0.0;;0;0.0;;0;0.0
2906707053;Málaga;30.2;PP;30.1;72;30.1;70;29.3;18;7.5;9;3.8;0;0.0;PACMA;38;15.9;ESCAÑOS EN BLANCO;14;5.9;;0;0.0;;0;0.0;;0;0.0
2906707054;Málaga;28.3;PP;31.0;78;31.0;55;21.8;40;15.9;6;2.4;0;0.0;PACMA;53;21.0;MUNDO+JUSTO;12;4.8;;0;0.0;;0;0.0;;0;0.0
2906707055;Málaga;32.6;PSOE-A;32.9;77;25.8;98;32.9;34;11.4;20;6.7;0;0.0;NA;42;14.1;PACMA;23;7.7;;0;0.0;;0;0.0;;0;0.0
2906707056;Málaga;60.1;PP;36.9;123;36.9;76;22.8;6;1.8;40;12.0;0;0.0;ESCAÑOS EN BLANCO;44;13.2;PCPA;16;4.8;;0;0.0;;0;0.0;;0;0.0
2906707057;Málaga;53.1;PSOE-A;29.4;105;24.9;124;29.4;12;2.8;40;9.5;0;0.0;FE de las JONS;70;16.6;MUNDO+JUSTO;37;8.8;;0;0.0;;0;0.0;;0;0.0
2906707058;Málaga;59.6;PP;36.0;210;36.0;95;16.3;86;14.7;16;2.7;0;0.0;29;65;11.1;PARTIDO AUTÓNOMOS;41;7.0;;0;0.0;;0;0.0;;0;0.0
2906707059;Málaga;53.4;PP;42.2;199;42.2;71;15.0;53;11.2;28;5.9;0;0.0;MUNDO+JUSTO;38;8.0;PARTIDO AUTÓNOMOS;29;6.1;;0;0.0;;0;0.0;;0;0.0
2906707061;Málaga;35.5;PP;46.4;122;46.4;40;15.2;37;14.1;22;8.4;0;0.0;MUNDO+JUSTO;15;5.7;;0;0.0;;0;0.0;;0;0.0;;0;0.0
2906707062;Málaga;23.8;PP;38.9;58;38.9;30;20.1;20;13.4;14;9.4;0;0.0;FE de las JONS;10;6.7;;0;0.0;;0;0.0;;0;0.0;;0;0.0
2906707065;Málaga;50.8;PP;36.1;172;36.1;137;28.7;24;5.0;45;9.4;0;0.0;MUNDO+JUSTO;46;9.6;PACMA;32;6.7;;0;0.0;;0;0.0;;0;0.0
2906707066;Málaga;51.4;PP;35.5;203;35.5;93;16.3;85;14.9;64;11.2;0;0.0;FE de las JONS;45;7.9;;0;0.0;;0;0.0;;0;0.0;;0;0.0
2906707067;Málaga;53.6;PP;32.5;189;32.5;130;22.4;81;13.9;43;7.4;0;0.0;MUNDO+JUSTO;43;7.4;;0;0.0;;0;0.0;;0;0.0;;0;0.0
2906707068;Málaga;60.1;PP;43.0;222;43.0;66;12.8;8;1.6;84;16.3;0;0.0;MUNDO+JUSTO;49;9.5;29;30;5.8;;0;0.0;;0;0.0;;0;0.0
2906707069;Málaga;56.6;PP;55.9;241;55.9;25;5.8;49;11.4;9;2.1;0;0.0;CONECTA;70;16.2;PARTIDO AUTÓNOMOS;18;4.2;;0;0.0;;0;0.0;;0;0.0
2906707070;Málaga;51.2;PP;28.9;145;28.9;135;27.0;65;13.0;4;0.8;50;10.0;MUNDO+JUSTO;49;9.8;;0;0.0;;0;0.0;;0;0.0;;0;0.0
2906707071;Málaga;65.1;PP;57.1;452;57.1;92;11.6;72;9.1;14;1.8;0;0.0;PACMA;77;9.7;PCPA;42;5.3;;0;0.0;;0;0.0;;0;0.0
2906707072;Málaga;65.7;PP;41.3;406;41.3;154;15.7;118;12.0;17;1.7;67;6.8;MUNDO+JUSTO;72;7.3;NA;70;7.1;;0;0.0;;0;0.0;;0;0.0
2906707073;Málaga;60.4;PP;43.7;177;43.7;59;14.6;0;0.0;63;15.6;0;0.0;PACMA;79;19.5;PCPA;18;4.4;;0;0.0;;0;0.0;;0;0.0
2906707074;Málaga;58.7;PP;47.2;383;47.2;85;10.5;50;6.2;42;5.2;0;0.0;ESCAÑOS EN BLANCO;69;8.5;NA;47;5.8;;0;0.0;;0;0.0;;0;0.0
2906707075;Málaga;63.9;PP;50.9;221;50.9;38;8.8;41;9.4;11;2.5;0;0.0;MUNDO+JUSTO;94;21.7;FE de las JONS;23;5.3;;0;0.0;;0;0.0;;0;0.0
2906707076;Málaga;54.8;PP;29.1;247;29.1;188;22.2;94;11.1;59;7.0;64;7.6;ESCAÑOS EN BLANCO;69;8.1;;0;0.0;;0;0.0;;0;0.0;;0;0.0
2906707077;Málaga;53.0;PP;37.9;348;37.9;142;15.5;149;16.2;38;4.1;0;0.0;SOCIEDAD UNIDA;88;9.6;;0;0.0;;0;0.0;;0;0.0;;0;0.0
2906707078;Málaga;50.7;PP;39.6;204;39.6;81;15.7;44;8.5;85;16.5;0;0.0;SOCIEDAD UNIDA;29;5.6;;0;0.0;;0;0.0;;0;0.0;;0;0.0
2906707079;Málaga;57.2;PP;28.9;149;28.9;146;28.4;74;14.4;17;3.3;0;0.0;NA;66;12.8;PARTIDO AUTÓNOMOS;27;5.2;;0;0.0;;0;0.0;;0;0.0
2906707080;Málaga;61.0;PP;48.7;194;48.7;24;6.0;60;15.1;49;12.3;0;0.0;MUNDO+JUSTO;39;9.8;;0;0.0;;0;0.0;;0;0.0;;0;0.0
2906707081;Málaga;31.2;PSOE-A;42.0;51;19.0;113;42.0;15;5.6;29;10.8;14;5.2;MUNDO+JUSTO;25;9.3;;0;0.0;;0;0.0;;0;0.0;;0;0.0
2906707082;Málaga;54.0;PP;43.6;200;43.6;63;13.7;37;8.1;33;7.2;0;0.0;PARTIDO AUTÓNOMOS;105;22.9;;0;0.0;;0;0.0;;0;0.0;;0;0.0
2906707083;Málaga;28.5;PP;32.9;54;32.9;23;14.0;15;9.2;13;7.9;0;0.0;NA;32;19.5;;0;0.0;;0;0.0;;0;0.0;;0;0.0
2906707085;Málaga;58.9;PP;50.0;244;50.0;55;11.3;41;8.4;44;9.0;49;10.0;;0;0.0;;0;0.0;;0;0.0;;0;0.0;;0;0.0
2906707086;Málaga;57.5;PP;39.1;203;39.1;56;10.8;96;18.5;0;0.0;119;22.9;PCPA;33;6.4;;0;0.0;;0;0.0;;0;0.0;;0;0.0
2906707087;Málaga;71.1;PP;39.6;176;39.6;72;16.2;35;7.9;53;11.9;0;0.0;MUNDO+JUSTO;48;10.8;;0;0.0;;0;0.0;;0;0.0;;0;0.0
2906707088;Málaga;64.8;PP;45.8;194;45.8;116;27.4;37;8.7;10;2.4;0;0.0;MUNDO+JUSTO;26;6.1;PCPA;23;5.4;;0;0.0;;0;0.0;;0;0.0
2906707089;Málaga;51.2;PP;41.3;364;41.3;169;19.2;82;9.3;56;6.4;0;0.0;29;56;6.4;;0;0.0;;0;0.0;;0;0.0;;0;0.0
2906707090;Málaga;49.6;PP;29.9;261;29.9;209;24.0;74;8.5;71;8.1;0;0.0;PCPA;98;11.2;;0;0.0;;0;0.0;;0;0.0;;0;0.0
2906707091;Málaga;67.4;PP;43.0;535;43.0;111;8.9;93;7.5;271;21.8;0;0.0;PCPA;124;10.0;;0;0.0;;0;0.0;;0;0.0;;0;0.0
2906707092;Málaga;46.9;PSOE-A;31.4;223;29.9;234;31.4;66;8.8;89;11.9;0;0.0;PACMA;64;8.6;;0;0.0;;0;0.0;;0;0.0;;0;0.0
2906707093;Málaga;70.9;PP;42.6;204;42.6;73;15.2;89;18.6;43;9.0;0;0.0;PARTIDO AUTÓNOMOS;31;6.5;;0;0.0;;0;0.0;;0;0.0;;0;0.0
2906707094;Málaga;40.2;PP;32.6;158;32.6;104;21.5;66;13.6;16;3.3;0;0.0;FE de las JONS;66;13.6;ESCAÑOS EN BLANCO;46;9.5;;0;0.0;;0;0.0;;0;0.0
2906707095;Málaga;47.0;PP;42.7;172;42.7;42;10.4;58;14.4;17;4.2;0;0.0;MUNDO+JUSTO;39;9.7;FE de las JONS;29;7.2;;0;0.0;;0;0.0;;0;0.0
2906707096;Málaga;53.7;PP;35.9;180;35.9;61;12.2;74;14.7;30;6.0;0;0.0;SALF;69;13.8;PCPA;31;6.2;;0;0.0;;0;0.0;;0;0.0
2906707097;Málaga;60.2;PP;42.1;284;42.1;101;15.0;77;11.4;51;7.6;0;0.0;ESCAÑOS EN BLANCO;96;14.2;;0;0.0;;0;0.0;;0;0.0;;0;0.0
2906707098;Málaga;51.2;PP;39.2;205;39.2;87;16.6;3;0.6;81;15.5;0;0.0;NA;105;20.1;PCPA;31;5.9;;0;0.0;;0;0.0;;0;0.0
2906708001;Málaga;60.1;PP;45.2;334;45.2;125;16.9;95;12.9;14;1.9;0;0.0;MUNDO+JUSTO;73;9.9;FE de las JONS;28;3.8;;0;0.0;;0;0.0;;0;0.0
2906708002;Málaga;52.1;PP;41.8;175;41.8;78;18.6;26;6.2;64;15.3;0;0.0;PCPA;31;7.4;;0;0.0;;0;0.0;;0;0.0;;0;0.0
2906708003;Málaga;57.4;PP;49.0;325;49.0;90;13.6;28;4.2;41;6.2;0;0.0;FE de las JONS;81;12.2;SOCIEDAD UNIDA;31;4.7;;0;0.0;;0;0.0;;0;0.0
2906708004;Málaga;29.7;PP;36.5;131;36.5;59;16.4;73;20.3;6;1.7;0;0.0;MUNDO+JUSTO;43;12.0;PARTIDO AUTÓNOMOS;19;5.3;;0;0.0;;0;0.0;;0;0.0
2906708005;Málaga;63.4;PP;37.8;217;37.8;129;22.5;82;14.3;0;0.0;49;8.5;FE de las JONS;44;7.7;;0;0.0;;0;0.0;;0;0.0;;0;0.0
2906708006;Málaga;58.7;PP;41.8;416;41.8;86;8.6;143;14.4;20;2.0;0;0.0;PARTIDO AUTÓNOMOS;139;14.0;SALF;89;8.9;;0;0.0;;0;0.0;;0;0.0
2906708007;Málaga;55.6;PP;36.6;271;36.6;139;18.8;79;10.7;41;5.5;0;0.0;FE de las JONS;48;6.5;MUNDO+JUSTO;47;6.3;;0;0.0;;0;0.0;;0;0.0
2906708008;Málaga;58.2;PP;44.6;403;44.6;103;11.4;132;14.6;12;1.3;0;0.0;SALF;73;8.1;SOCIEDAD UNIDA;69;7.6;;0;0.0;;0;0.0;;0;0.0
2906708009;Málaga;54.2;PP;38.2;146;38.2;80;20.9;15;3.9;94;24.6;0;0.0;MUNDO+JUSTO;36;9.4;;0;0.0;;0;0.0;;0;0.0;;0;0.0
2906708010;Málaga;61.7;PP;48.2;285;48.2;67;11.3;89;15.1;11;1.9;0;0.0;29;90;15.2;PARTIDO AUTÓNOMOS;30;5.1;;0;0.0;;0;0.0;;0;0.0
2906708011;Málaga;53.7;PP;38.9;390;38.9;201;20.1;114;11.4;51;5.1;0;0.0;FE de las JONS;225;22.5;;0;0.0;;0;0.0;;0;0.0;;0;0.0
2906708012;Málaga;44.8;PP;30.6;204;30.6;137;20.5;171;25.6;50;7.5;0;0.0;FE de las JONS;26;3.9;;0;0.0;;0;0.0;;0;0.0;;0;0.0
2906708013;Málaga;54.1;PP;39.7;329;39.7;91;11.0;118;14.2;9;1.1;0;0.0;MUNDO+JUSTO;81;9.8;SOCIEDAD UNIDA;70;8.4;;0;0.0;;0;0.0;;0;0.0
2906708014;Málaga;46.1;PP;35.1;88;35.1;46;18.3;18;7.2;14;5.6;0;0.0;29;23;9.2;MUNDO+JUSTO;20;8.0;;0;0.0;;0;0.0;;0;0.0
2906708015;Málaga;44.7;PP;35.2;222;35.2;165;26.2;61;9.7;8;1.3;0;0.0;PACMA;59;9.4;29;37;5.9;;0;0.0;;0;0.0;;0;0.0
2906708016;Málaga;55.4;PP;38.5;162;38.5;88;20.9;23;5.5;37;8.8;0;0.0;PCPA;101;24.0;;0;0.0;;0;0.0;;0;0.0;;0;0.0
2906708017;Málaga;47.2;PP;36.5;279;36.5;156;20.4;136;17.8;0;0.0;0;0.0;PARTIDO AUTÓNOMOS;56;7.3;MUNDO+JUSTO;41;5.4;;0;0.0;;0;0.0;;0;0.0
2906708018;Málaga;61.9;PP;36.2;242;36.2;153;22.9;79;11.8;61;9.1;0;0.0;MUNDO+JUSTO;56;8.4;;0;0.0;;0;0.0;;0;0.0;;0;0.0
2906708019;Málaga;45.1;PSOE-A;32.6;80;21.0;124;32.6;62;16.3;3;0.8;0;0.0;PCPA;34;9.0;FE de las JONS;26;6.8;;0;0.0;;0;0.0;;0;0.0
2906708020;Málaga;49.9;PP;38.8;200;38.8;156;30.2;72;14.0;2;0.4;0;0.0;ANDALUCISTAS-PA;32;6.2;PARTIDO AUTÓNOMOS;31;6.0;;0;0.0;;0;0.0;;0;0.0
2906708021;Málaga;58.6;PP;33.3;218;33.3;153;23.4;31;4.7;67;10.2;0;0.0;PCPA;101;15.4;NA;43;6.6;;0;0.0;;0;0.0;;0;0.0
2906708022;Málaga;50.9;PP;37.3;138;37.3;77;20.8;0;0.0;63;17.0;0;0.0;NA;75;20.3;FE de las JONS;5;1.4;;0;0.0;;0;0.0;;0;0.0
2906708023;Málaga;47.3;PP;43.6;192;43.6;144;32.7;1;0.2;75;17.0;0;0.0;PACMA;12;2.7;NA;6;1.4;;0;0.0;;0;0.0;;0;0.0
2906708024;Málaga;66.7;PP;50.7;289;50.7;65;11.4;1;0.2;70;12.3;0;0.0;29;81;14.2;PCPA;36;6.3;;0;0.0;;0;0.0;;0;0.0
2906708025;Málaga;61.0;PP;44.4;221;44.4;87;17.5;18;3.6;34;6.8;0;0.0;SOCIEDAD UNIDA;94;18.9;PACMA;26;5.2;;0;0.0;;0;0.0;;0;0.0
2906708026;Málaga;47.1;PSOE-A;30.8;81;20.2;123;30.8;72;18.0;63;15.8;0;0.0;NA;26;6.5;;0;0.0;;0;0.0;;0;0.0;;0;0.0
2906708028;Málaga;55.8;PP;37.4;393;37.4;207;19.7;87;8.3;101;9.6;0;0.0;PCPA;62;5.9;;0;0.0;;0;0.0;;0;0.0;;0;0.0
2906708029;Málaga;57.2;PP;35.8;348;35.8;195;20.0;56;5.8;41;4.2;0;0.0;ESCAÑOS EN BLANCO;145;14.9;SALF;112;11.5;;0;0.0;;0;0.0;;0;0.0
2906708030;Málaga;59.7;PP;52.4;539;52.4;116;11.3;90;8.8;26;2.5;0;0.0;MUNDO+JUSTO;131;12.7;ESCAÑOS EN BLANCO;49;4.8;;0;0.0;;0;0.0;;0;0.0
2906708031;Málaga;57.1;PP;40.3;304;40.3;130;17.2;102;13.5;38;5.0;0;0.0;ANDALUCISTAS-PA;46;6.1;SOCIEDAD UNIDA;45;6.0;;0;0.0;;0;0.0;;0;0.0
2906708032;Málaga;54.4;PP;46.5;246;46.5;74;14.0;8;1.5;60;11.3;0;0.0;SALF;84;15.9;FE de las JONS;32;6.0;;0;0.0;;0;0.0;;0;0.0
2906708033;Málaga;67.3;PP;40.6;473;40.6;182;15.6;79;6.8;94;8.1;0;0.0;29;151;13.0;;0;0.0;;0;0.0;;0;0.0;;0;0.0
2906708034;Málaga;62.8;PP;43.6;261;43.6;69;11.5;26;4.3;58;9.7;0;0.0;PACMA;99;16.5;MUNDO+JUSTO;41;6.8;;0;0.0;;0;0.0;;0;0.0
2906708035;Málaga;60.8;PP;40.8;270;40.8;89;13.4;52;7.8;43;6.5;0;0.0;PACMA;93;14.0;SOCIEDAD UNIDA;53;8.0;;0;0.0;;0;0.0;;0;0.0
2906708036;Málaga;50.5;PP;27.4;185;27.4;168;24.9;84;12.5;28;4.2;0;0.0;NA;68;10.1;FE de las JONS;34;5.0;;0;0.0;;0;0.0;;0;0.0
2906708037;Málaga;64.6;PP;36.2;208;36.2;99;17.2;44;7.7;59;10.3;0;0.0;MUNDO+JUSTO;84;14.6;PACMA;51;8.9;;0;0.0;;0;0.0;;0;0.0
2906708039;Málaga;61.1;PP;39.6;324;39.6;123;15.0;129;15.8;47;5.7;0;0.0;SOCIEDAD UNIDA;61;7.4;;0;0.0;;0;0.0;;0;0.0;;0;0.0
2906708040;Málaga;56.3;PP;45.4;460;45.4;197;19.4;196;19.3;72;7.1;0;0.0;NA;26;2.6;;0;0.0;;0;0.0;;0;0.0;;0;0.0
2906708041;Málaga;62.5;PP;43.7;328;43.7;151;20.1;133;17.7;8;1.1;0;0.0;PCPA;32;4.3;MUNDO+JUSTO;31;4.1;;0;0.0;;0;0.0;;0;0.0
2906708042;Málaga;63.9;PP;41.6;435;41.6;210;20.1;101;9.6;37;3.5;0;0.0;CONECTA;65;6.2;MUNDO+JUSTO;57;5.4;;0;0.0;;0;0.0;;0;0.0
2906708043;Málaga;58.7;PP;35.4;197;35.4;127;22.8;87;15.6;111;19.9;0;0.0;NA;20;3.6;;0;0.0;;0;0.0;;0;0.0;;0;0.0
2906708044;Málaga;68.9;PP;43.8;440;43.8;163;16.2;101;10.0;42;4.2;0;0.0;MUNDO+JUSTO;138;13.7;ESCAÑOS EN BLANCO;48;4.8;;0;0.0;;0;0.0;;0;0.0
2906708045;Málaga;66.4;PP;38.4;158;38.4;76;18.4;35;8.5;0;0.0;0;0.0;29;55;13.4;MUNDO+JUSTO;29;7.0;;0;0.0;;0;0.0;;0;0.0
2906708046;Málaga;57.8;PP;41.8;245;41.8;76;13.0;65;11.1;20;3.4;0;0.0;NA;53;9.0;SALF;41;7.0;;0;0.0;;0;0.0;;0;0.0
2906708047;Málaga;58.8;PP;42.8;233;42.8;58;10.7;64;11.8;14;2.6;0;0.0;ANDALUCISTAS-PA;83;15.3;FE de las JONS;38;7.0;;0;0.0;;0;0.0;;0;0.0
2906708048;Málaga;64.5;PP;46.7;170;46.7;47;12.9;16;4.4;48;13.2;0;0.0;SALF;57;15.7;;0;0.0;;0;0.0;;0;0.0;;0;0.0
2906708049;Málaga;55.3;PSOE-A;37.7;175;35.5;186;37.7;17;3.4;30;6.1;0;0.0;NA;29;5.9;MUNDO+JUSTO;29;5.9;;0;0.0;;0;0.0;;0;0.0
2906708050;Málaga;18.7;PSOE-A;27.6;49;25.5;53;27.6;43;22.4;0;0.0;0;0.0;SALF;20;10.4;PACMA;12;6.2;;0;0.0;;0;0.0;;0;0.0
2906708051;Málaga;69.3;PP;44.6;181;44.6;55;13.6;95;23.4;18;4.4;0;0.0;FE de las JONS;29;7.1;;0;0.0;;0;0.0;;0;0.0;;0;0.0
2906708052;Málaga;58.9;PP;40.9;266;40.9;77;11.8;34;5.2;74;11.4;0;0.0;PCPA;73;11.2;FE de las JONS;62;9.5;;0;0.0;;0;0.0;;0;0.0
2906708053;Málaga;66.3;PP;34.1;186;34.1;131;24.0;4;0.7;70;12.8;0;0.0;CONECTA;79;14.5;MUNDO+JUSTO;52;9.5;;0;0.0;;0;0.0;;0;0.0
2906708054;Málaga;58.3;PP;36.9;280;36.9;113;14.9;186;24.5;18;2.4;0;0.0;PARTIDO AUTÓNOMOS;86;11.3;PACMA;28;3.7;;0;0.0;;0;0.0;;0;0.0
2906708055;Málaga;58.6;PP;39.1;315;39.1;79;9.8;113;14.0;45;5.6;0;0.0;NA;113;14.0;SALF;63;7.8;;0;0.0;;0;0.0;;0;0.0
2906708056;Málaga;65.5;PP;41.4;327;41.4;113;14.3;46;5.8;75;9.5;0;0.0;PCPA;72;9.1;;0;0.0;;0;0.0;;0;0.0;;0;0.0
2906708057;Málaga;68.9;PP;42.0;344;42.0;113;13.8;59;7.2;55;6.7;0;0.0;NA;90;11.0;;0;0.0;;0;0.0;;0;0.0;;0;0.0
2906708058;Málaga;72.3;PP;51.0;563;51.0;92;8.3;95;8.6;24;2.2;0;0.0;PCPA;168;15.2;FE de las JONS;108;9.8;;0;0.0;;0;0.0;;0;0.0
2906708059;Málaga;68.5;PP;42.8;447;42.8;91;8.7;91;8.7;92;8.8;0;0.0;MUNDO+JUSTO;152;14.6;;0;0.0;;0;0.0;;0;0.0;;0;0.0
2906708060;Málaga;63.1;PP;40.6;222;40.6;71;13.0;50;9.1;23;4.2;0;0.0;NA;74;13.5;PARTIDO AUTÓNOMOS;33;6.0;;0;0.0;;0;0.0;;0;0.0
2906708061;Málaga;64.2;PP;41.7;507;41.7;203;16.7;110;9.0;130;10.7;0;0.0;MUNDO+JUSTO;74;6.1;;0;0.0;;0;0.0;;0;0.0;;0;0.0
2906708062;Málaga;64.4;PP;49.5;268;49.5;114;21.1;73;13.5;12;2.2;0;0.0;PCPA;44;8.1;;0;0.0;;0;0.0;;0;0.0;;0;0.0
2906708063;Málaga;67.3;PP;52.9;488;52.9;95;10.3;97;10.5;4;0.4;0;0.0;PACMA;89;9.6;NA;81;8.8;;0;0.0;;0;0.0;;0;0.0
2906708064;Málaga;62.0;PP;36.1;239;36.1;146;22.0;73;11.0;26;3.9;0;0.0;ESCAÑOS EN BLANCO;83;12.5;PARTIDO AUTÓNOMOS;29;4.4;;0;0.0;;0;0.0;;0;0.0
2906708065;Málaga;73.8;PP;46.1;538;46.1;211;18.1;69;5.9;87;7.4;0;0.0;MUNDO+JUSTO;79;6.8;PCPA;79;6.8;;0;0.0;;0;0.0;;0;0.0
2906708066;Málaga;48.0;PP;33.8;281;33.8;96;11.6;114;13.7;68;8.2;0;0.0;SALF;86;10.4;;0;0.0;;0;0.0;;0;0.0;;0;0.0
2906708067;Málaga;61.1;PP;34.4;253;34.4;121;16.5;101;13.7;22;3.0;0;0.0;FE de las JONS;97;13.2;SOCIEDAD UNIDA;89;12.1;;0;0.0;;0;0.0;;0;0.0
2906708068;Málaga;67.9;PP;49.5;418;49.5;17;2.0;98;11.6;42;5.0;0;0.0;PARTIDO AUTÓNOMOS;120;14.2;FE de las JONS;77;9.1;;0;0.0;;0;0.0;;0;0.0
2906708069;Málaga;67.7;PP;40.0;378;40.0;152;16.1;57;6.0;139;14.7;0;0.0;PCPA;67;7.1;;0;0.0;;0;0.0;;0;0.0;;0;0.0
2906708070;Málaga;67.8;PP;41.0;324;41.0;182;23.0;96;12.2;30;3.8;0;0.0;CONECTA;57;7.2;MUNDO+JUSTO;40;5.1;;0;0.0;;0;0.0;;0;0.0
2906708071;Málaga;59.1;PP;44.9;277;44.9;121;19.6;72;11.7;25;4.0;0;0.0;PARTIDO AUTÓNOMOS;65;10.5;;0;0.0;;0;0.0;;0;0.0;;0;0.0
2906708072;Málaga;45.8;PP;45.2;248;45.2;87;15.8;46;8.4;53;9.6;0;0.0;ANDALUCISTAS-PA;37;6.7;;0;0.0;;0;0.0;;0;0.0;;0;0.0
2906708073;Málaga;47.3;PSOE-A;32.9;132;26.0;167;32.9;86;17.0;15;3.0;0;0.0;MUNDO+JUSTO;31;6.1;PACMA;22;4.3;;0;0.0;;0;0.0;;0;0.0
2906708074;Málaga;60.7;PP;40.0;271;40.0;129;19.0;33;4.9;65;9.6;0;0.0;29;40;5.9;MUNDO+JUSTO;37;5.5;;0;0.0;;0;0.0;;0;0.0
2906708075;Málaga;61.8;PP;38.9;310;38.9;123;15.4;74;9.3;41;5.1;0;0.0;PCPA;117;14.7;CONECTA;72;9.0;;0;0.0;;0;0.0;;0;0.0
2906708076;Málaga;75.6;PP;41.5;520;41.5;120;9.6;192;15.3;27;2.2;0;0.0;CONECTA;111;8.9;SALF;88;7.0;;0;0.0;;0;0.0;;0;0.0
2906708077;Málaga;57.7;PP;34.0;178;34.0;99;18.9;31;5.9;45;8.6;0;0.0;PARTIDO AUTÓNOMOS;133;25.4;;0;0.0;;0;0.0;;0;0.0;;0;0.0
2906708078;Málaga;55.8;PP;33.7;182;33.7;101;18.7;95;17.6;0;0.0;0;0.0;SOCIEDAD UNIDA;65;12.0;MUNDO+JUSTO;31;5.7;;0;0.0;;0;0.0;;0;0.0
2906708079;Málaga;58.7;PP;41.1;214;41.1;53;10.2;96;18.4;0;0.0;0;0.0;ESCAÑOS EN BLANCO;120;23.0;PARTIDO AUTÓNOMOS;28;5.4;;0;0.0;;0;0.0;;0;0.0
2906708080;Málaga;59.7;PP;47.8;184;47.8;35;9.1;42;10.9;6;1.6;0;0.0;CONECTA;84;21.8;PARTIDO AUTÓNOMOS;30;7.8;;0;0.0;;0;0.0;;0;0.0
2906708081;Málaga;60.2;PP;39.6;239;39.6;91;15.1;63;10.4;21;3.5;0;0.0;MUNDO+JUSTO;82;13.6;FE de las JONS;26;4.3;;0;0.0;;0;0.0;;0;0.0
2906709001;Málaga;69.5;PP;51.5;323;51.5;29;4.6;77;12.3;64;10.2;66;10.5;PCPA;29;4.6;;0;0.0;;0;0.0;;0;0.0;;0;0.0
2906709002;Málaga;74.5;PP;59.8;362;59.8;12;2.0;59;9.8;39;6.4;0;0.0;29;72;11.9;PACMA;33;5.4;;0;0.0;;0;0.0;;0;0.0
2906709003;Málaga;73.2;PP;61.6;614;61.6;138;13.8;81;8.1;12;1.2;0;0.0;CONECTA;47;4.7;PARTIDO AUTÓNOMOS;29;2.9;;0;0.0;;0;0.0;;0;0.0
2906709004;Málaga;62.6;PP;43.3;305;43.3;129;18.3;39;5.5;75;10.6;0;0.0;SOCIEDAD UNIDA;54;7.7;NA;44;6.2;;0;0.0;;0;0.0;;0;0.0
2906709005;Málaga;74.8;PP;45.0;249;45.0;86;15.6;9;1.6;72;13.0;0;0.0;MUNDO+JUSTO;86;15.6;FE de las JONS;36;6.5;;0;0.0;;0;0.0;;0;0.0
2906709006;Málaga;68.4;PP;58.2;506;58.2;34;3.9;101;11.6;38;4.4;0;0.0;MUNDO+JUSTO;50;5.8;NA;45;5.2;;0;0.0;;0;0.0;;0;0.0
2906709007;Málaga;71.3;PP;42.7;549;42.7;181;14.1;28;2.2;269;20.9;0;0.0;ANDALUCISTAS-PA;91;7.1;PARTIDO AUTÓNOMOS;48;3.7;;0;0.0;;0;0.0;;0;0.0
2906709008;Málaga;56.7;PP;45.8;212;45.8;47;10.2;71;15.3;9;1.9;0;0.0;PARTIDO AUTÓNOMOS;105;22.7;MUNDO+JUSTO;14;3.0;;0;0.0;;0;0.0;;0;0.0
2906709009;Málaga;53.2;PP;46.9;196;46.9;43;10.3;44;10.5;12;2.9;0;0.0;PARTIDO AUTÓNOMOS;64;15.3;FE de las JONS;30;7.2;;0;0.0;;0;0.0;;0;0.0
2906709010;Málaga;66.5;PP;49.5;347;49.5;33;4.7;54;7.7;48;6.8;0;0.0;MUNDO+JUSTO;58;8.3;;0;0.0;;0;0.0;;0;0.0;;0;0.0
2906709011;Málaga;60.9;PP;36.8;312;36.8;159;18.7;21;2.5;116;13.7;0;0.0;PARTIDO AUTÓNOMOS;102;12.0;SOCIEDAD UNIDA;93;11.0;;0;0.0;;0;0.0;;0;0.0
2906709012;Málaga;61.3;PP;30.5;241;30.5;239;30.3;20;2.5;91;11.5;0;0.0;ANDALUCISTAS-PA;67;8.5;SALF;43;5.4;;0;0.0;;0;0.0;;0;0.0
2906709013;Málaga;57.6;PP;35.0;247;35.0;145;20.5;108;15.3;7;1.0;0;0.0;PACMA;84;11.9;FE de las JONS;47;6.7;;0;0.0;;0;0.0;;0;0.0
2906709014;Málaga;57.9;PP;39.9;181;39.9;81;17.8;10;2.2;57;12.6;0;0.0;NA;36;7.9;ESCAÑOS EN BLANCO;31;6.8;;0;0.0;;0;0.0;;0;0.0
2906709015;Málaga;59.8;PP;36.4;116;36.4;59;18.5;20;6.3;39;12.2;0;0.0;NA;70;21.9;;0;0.0;;0;0.0;;0;0.0;;0;0.0
2906709016;Málaga;56.4;PP;43.6;162;43.6;61;16.4;13;3.5;44;11.8;0;0.0;NA;42;11.3;ESCAÑOS EN BLANCO;22;5.9;;0;0.0;;0;0.0;;0;0.0
2906709017;Málaga;0.0;;0.0;0;0.0;0;0.0;0;0.0;0;0.0;0;0.0;;0;0.0;;0;0.0;;0;0.0;;0;0.0;;0;0.0
2906709018;Málaga;0.0;;0.0;0;0.0;0;0.0;0;0.0;0;0.0;0;0.0;;0;0.0;;0;0.0;;0;0.0;;0;0.0;;0;0.0
2906709019;Málaga;0.0;;0.0;0;0.0;0;0.0;0;0.0;0;0.0;0;0.0;;0;0.0;;0;0.0;;0;0.0;;0;0.0;;0;0.0
2906709020;Málaga;0.0;;0.0;0;0.0;0;0.0;0;0.0;0;0.0;0;0.0;;0;0.0;;0;0.0;;0;0.0;;0;0.0;;0;0.0
2906709021;Málaga;0.0;;0.0;0;0.0;0;0.0;0;0.0;0;0.0;0;0.0;;0;0.0;;0;0.0;;0;0.0;;0;0.0;;0;0.0
2906709022;Málaga;0.0;;0.0;0;0.0;0;0.0;0;0.0;0;0.0;0;0.0;;0;0.0;;0;0.0;;0;0.0;;0;0.0;;0;0.0
2906709023;Málaga;0.0;;0.0;0;0.0;0;0.0;0;0.0;0;0.0;0;0.0;;0;0.0;;0;0.0;;0;0.0;;0;0.0;;0;0.0
2906709024;Málaga;0.0;;0.0;0;0.0;0;0.0;0;0.0;0;0.0;0;0.0;;0;0.0;;0;0.0;;0;0.0;;0;0.0;;0;0.0
2906709025;Málaga;0.0;;0.0;0;0.0;0;0.0;0;0.0;0;0.0;0;0.0;;0;0.0;;0;0.0;;0;0.0;;0;0.0;;0;0.0
2906709026;Málaga;0.0;;0.0;0;0.0;0;0.0;0;0.0;0;0.0;0;0.0;;0;0.0;;0;0.0;;0;0.0;;0;0.0;;0;0.0
2906709027;Málaga;0.0;;0.0;0;0.0;0;0.0;0;0.0;0;0.0;0;0.0;;0;0.0;;0;0.0;;0;0.0;;0;0.0;;0;0.0
2906709028;Málaga;0.0;;0.0;0;0.0;0;0.0;0;0.0;0;0.0;0;0.0;;0;0.0;;0;0.0;;0;0.0;;0;0.0;;0;0.0
2906709029;Málaga;0.0;;0.0;0;0.0;0;0.0;0;0.0;0;0.0;0;0.0;;0;0.0;;0;0.0;;0;0.0;;0;0.0;;0;0.0
2906709031;Málaga;0.0;;0.0;0;0.0;0;0.0;0;0.0;0;0.0;0;0.0;;0;0.0;;0;0.0;;0;0.0;;0;0.0;;0;0.0
2906709032;Málaga;0.0;;0.0;0;0.0;0;0.0;0;0.0;0;0.0;0;0.0;;0;0.0;;0;0.0;;0;0.0;;0;0.0;;0;0.0
2906709033;Málaga;0.0;;0.0;0;0.0;0;0.0;0;0.0;0;0.0;0;0.0;;0;0.0;;0;0.0;;0;0.0;;0;0.0;;0;0.0
2906709034;Málaga;0.0;;0.0;0;0.0;0;0.0;0;0.0;0;0.0;0;0.0;;0;0.0;;0;0.0;;0;0.0;;0;0.0;;0;0.0
2906709036;Málaga;61.2;PP;39.4;292;39.4;144;19.4;45;6.1;39;5.3;0;0.0;PCPA;66;8.9;NA;50;6.7;;0;0.0;;0;0.0;;0;0.0
2906709037;Málaga;55.8;PP;30.8;123;30.8;46;11.5;13;3.3;61;15.3;0;0.0;PCPA;106;26.6;NA;25;6.3;;0;0.0;;0;0.0;;0;0.0
2906709038;Málaga;60.0;PP;44.3;294;44.3;102;15.4;2;0.3;98;14.8;0;0.0;29;47;7.1;MUNDO+JUSTO;34;5.1;;0;0.0;;0;0.0;;0;0.0
2906709039;Málaga;64.2;PP;35.6;196;35.6;119;21.6;11;2.0;90;16.4;0;0.0;MUNDO+JUSTO;68;12.4;PCPA;35;6.4;;0;0.0;;0;0.0;;0;0.0
2906709040;Málaga;54.1;PP;45.8;218;45.8;88;18.5;88;18.5;5;1.0;0;0.0;MUNDO+JUSTO;24;5.0;NA;22;4.6;;0;0.0;;0;0.0;;0;0.0
2906709041;Málaga;27.0;PP;44.4;88;44.4;15;7.6;33;16.7;11;5.6;0;0.0;FE de las JONS;31;15.7;;0;0.0;;0;0.0;;0;0.0;;0;0.0
2906709042;Málaga;48.3;PP;50.8;130;50.8;54;21.1;4;1.6;33;12.9;0;0.0;MUNDO+JUSTO;19;7.4;ESCAÑOS EN BLANCO;10;3.9;;0;0.0;;0;0.0;;0;0.0
2906709043;Málaga;59.7;PP;40.7;272;40.7;124;18.5;10;1.5;93;13.9;0;0.0;SOCIEDAD UNIDA;75;11.2;MUNDO+JUSTO;42;6.3;;0;0.0;;0;0.0;;0;0.0
2906709045;Málaga;69.2;PP;50.2;294;50.2;92;15.7;25;4.3;0;0.0;0;0.0;PARTIDO AUTÓNOMOS;90;15.4;MUNDO+JUSTO;43;7.3;;0;0.0;;0;0.0;;0;0.0
2906709046;Málaga;69.9;PP;46.2;397;46.2;138;16.0;111;12.9;8;0.9;52;6.0;MUNDO+JUSTO;55;6.4;;0;0.0;;0;0.0;;0;0.0;;0;0.0
2906709047;Málaga;58.5;PP;35.4;145;35.4;96;23.5;32;7.8;27;6.6;0;0.0;MUNDO+JUSTO;41;10.0;SALF;30;7.3;;0;0.0;;0;0.0;;0;0.0
2906709048;Málaga;51.2;PP;42.6;118;42.6;34;12.3;3;1.1;37;13.4;0;0.0;SALF;38;13.7;MUNDO+JUSTO;18;6.5;;0;0.0;;0;0.0;;0;0.0
2906709049;Málaga;56.8;PP;35.3;119;35.3;85;25.2;40;11.9;46;13.6;0;0.0;PACMA;31;9.2;;0;0.0;;0;0.0;;0;0.0;;0;0.0
2906709050;Málaga;49.7;PP;37.2;143;37.2;123;32.0;7;1.8;58;15.1;0;0.0;PARTIDO AUTÓNOMOS;24;6.2;MUNDO+JUSTO;20;5.2;;0;0.0;;0;0.0;;0;0.0
2906709051;Málaga;44.2;PP;39.6;129;39.6;50;15.3;29;8.9;18;5.5;0;0.0;PARTIDO AUTÓNOMOS;68;20.9;;0;0.0;;0;0.0;;0;0.0;;0;0.0
2906709052;Málaga;57.6;PP;32.2;235;32.2;152;20.8;117;16.0;39;5.4;0;0.0;PARTIDO AUTÓNOMOS;60;8.2;PACMA;58;8.0;;0;0.0;;0;0.0;;0;0.0
2906709053;Málaga;73.7;PP;63.0;503;63.0;27;3.4;123;15.4;12;1.5;0;0.0;PCPA;62;7.8;ESCAÑOS EN BLANCO;32;4.0;PARTIDO AUTÓNOMOS;28;3.5;;0;0.0;;0;0.0
2906709055;Málaga;65.0;PP;35.0;239;35.0;115;16.8;50;7.3;83;12.2;0;0.0;ANDALUCISTAS-PA;92;13.5;;0;0.0;;0;0.0;;0;0.0;;0;0.0
2906709056;Málaga;60.1;PP;39.9;245;39.9;100;16.3;54;8.8;41;6.7;0;0.0;PCPA;44;7.2;SOCIEDAD UNIDA;42;6.8;;0;0.0;;0;0.0;;0;0.0
2906709058;Málaga;58.4;PP;41.5;174;41.5;92;22.0;17;4.1;59;14.1;0;0.0;PARTIDO AUTÓNOMOS;44;10.5;ESCAÑOS EN BLANCO;18;4.3;;0;0.0;;0;0.0;;0;0.0
2906709059;Málaga;57.6;PP;36.1;207;36.1;145;25.3;35;6.1;53;9.2;0;0.0;PARTIDO AUTÓNOMOS;39;6.8;;0;0.0;;0;0.0;;0;0.0;;0;0.0
2906709062;Málaga;63.9;PP;28.1;112;28.1;110;27.6;7;1.8;57;14.3;0;0.0;NA;78;19.6;ESCAÑOS EN BLANCO;24;6.0;;0;0.0;;0;0.0;;0;0.0
2906709063;Málaga;65.5;PP;35.8;154;35.8;114;26.5;34;7.9;6;1.4;0;0.0;PCPA;48;11.2;MUNDO+JUSTO;30;7.0;;0;0.0;;0;0.0;;0;0.0
2906709064;Málaga;58.8;PP;35.1;196;35.1;124;22.2;46;8.2;56;10.0;0;0.0;SALF;104;18.6;;0;0.0;;0;0.0;;0;0.0;;0;0.0
2906709065;Málaga;63.4;PP;45.7;172;45.7;61;16.2;0;0.0;52;13.8;0;0.0;SOCIEDAD UNIDA;60;16.0;ESCAÑOS EN BLANCO;23;6.1;;0;0.0;;0;0.0;;0;0.0
2906709067;Málaga;58.7;PP;33.6;193;33.6;131;22.8;2;0.4;73;12.7;0;0.0;29;100;17.4;PACMA;45;7.8;;0;0.0;;0;0.0;;0;0.0
2906709068;Málaga;59.7;PP;46.1;173;46.1;57;15.2;62;16.5;2;0.5;0;0.0;SOCIEDAD UNIDA;59;15.7;ESCAÑOS EN BLANCO;15;4.0;;0;0.0;;0;0.0;;0;0.0
2906709070;Málaga;62.7;PSOE-A;27.5;97;26.4;101;27.5;0;0.0;73;19.9;0;0.0;29;88;24.0;NA;4;1.1;;0;0.0;;0;0.0;;0;0.0
2906709075;Málaga;62.6;PP;50.7;191;50.7;54;14.3;46;12.2;12;3.2;0;0.0;PACMA;35;9.3;SALF;25;6.6;;0;0.0;;0;0.0;;0;0.0
2906709076;Málaga;53.7;PP;37.3;233;37.3;129;20.6;74;11.8;26;4.2;0;0.0;PACMA;71;11.4;MUNDO+JUSTO;51;8.2;;0;0.0;;0;0.0;;0;0.0
2906709077;Málaga;61.4;PP;35.9;115;35.9;70;21.9;9;2.8;51;15.9;0;0.0;PACMA;30;9.4;FE de las JONS;25;7.8;;0;0.0;;0;0.0;;0;0.0
2906709080;Málaga;78.2;PP;54.4;265;54.4;24;4.9;51;10.5;6;1.2;0;0.0;NA;45;9.2;FE de las JONS;31;6.4;PARTIDO AUTÓNOMOS;27;5.5;;0;0.0;;0;0.0
2906709082;Málaga;57.3;PP;37.8;143;37.8;60;15.9;18;4.8;29;7.7;0;0.0;PCPA;63;16.7;MUNDO+JUSTO;37;9.8;;0;0.0;;0;0.0;;0;0.0
2906709083;Málaga;62.4;PP;35.0;260;35.0;164;22.0;108;14.5;66;8.9;0;0.0;MUNDO+JUSTO;43;5.8;;0;0.0;;0;0.0;;0;0.0;;0;0.0
2906709084;Málaga;62.7;PP;37.5;217;37.5;206;35.6;38;6.6;61;10.6;0;0.0;MUNDO+JUSTO;47;8.1;;0;0.0;;0;0.0;;0;0.0;;0;0.0
2906710001;Málaga;51.9;PSOE-A;33.3;212;27.9;253;33.3;79;10.4;53;7.0;0;0.0;MUNDO+JUSTO;38;5.0;;0;0.0;;0;0.0;;0;0.0;;0;0.0
2906710002;Málaga;52.0;PP;29.4;270;29.4;231;25.2;126;13.7;143;15.6;0;0.0;PARTIDO AUTÓNOMOS;73;8.0;;0;0.0;;0;0.0;;0;0.0;;0;0.0
2906710003;Málaga;73.1;PP;44.1;444;44.1;112;11.1;64;6.4;77;7.6;0;0.0;MUNDO+JUSTO;72;7.2;SALF;66;6.6;;0;0.0;;0;0.0;;0;0.0
2906710004;Málaga;51.4;PP;42.9;174;42.9;42;10.3;14;3.4;53;13.0;0;0.0;PACMA;72;17.7;ESCAÑOS EN BLANCO;26;6.4;;0;0.0;;0;0.0;;0;0.0
2906710005;Málaga;55.3;PP;32.3;140;32.3;69;15.9;62;14.3;22;5.1;0;0.0;PACMA;135;31.1;;0;0.0;;0;0.0;;0;0.0;;0;0.0
2906710006;Málaga;54.8;PP;37.8;132;37.8;58;16.6;36;10.3;20;5.7;0;0.0;PACMA;61;17.5;PCPA;21;6.0;;0;0.0;;0;0.0;;0;0.0
2906710007;Málaga;45.3;PP;32.1;103;32.1;56;17.4;10;3.1;59;18.4;0;0.0;PACMA;69;21.5;PCPA;16;5.0;;0;0.0;;0;0.0;;0;0.0
2906710008;Málaga;51.7;PP;27.8;98;27.8;84;23.9;49;13.9;23;6.5;0;0.0;ANDALUCISTAS-PA;43;12.2;MUNDO+JUSTO;30;8.5;;0;0.0;;0;0.0;;0;0.0
2906710009;Málaga;60.1;PP;34.4;192;34.4;167;29.9;90;16.1;3;0.5;0;0.0;ESCAÑOS EN BLANCO;35;6.3;PCPA;28;5.0;;0;0.0;;0;0.0;;0;0.0
2906710010;Málaga;42.4;PP;25.9;127;25.9;102;20.8;64;13.1;47;9.6;0;0.0;29;49;10.0;;0;0.0;;0;0.0;;0;0.0;;0;0.0
2906710011;Málaga;43.9;PSOE-A;29.3;55;15.6;103;29.3;80;22.7;3;0.8;0;0.0;NA;68;19.3;PCPA;22;6.2;;0;0.0;;0;0.0;;0;0.0
2906710012;Málaga;47.0;PP;46.3;126;46.3;51;18.8;36;13.2;2;0.7;0;0.0;SALF;44;16.2;PCPA;13;4.8;;0;0.0;;0;0.0;;0;0.0
2906710013;Málaga;42.8;PSOE-A;39.0;127;29.8;166;39.0;17;4.0;28;6.6;0;0.0;FE de las JONS;33;7.8;PCPA;23;5.4;;0;0.0;;0;0.0;;0;0.0
2906710014;Málaga;60.5;PP;37.3;207;37.3;133;24.0;51;9.2;19;3.4;0;0.0;29;91;16.4;ESCAÑOS EN BLANCO;30;5.4;;0;0.0;;0;0.0;;0;0.0
2906710015;Málaga;55.9;PP;30.0;177;30.0;165;28.0;6;1.0;86;14.6;0;0.0;FE de las JONS;49;8.3;PACMA;28;4.8;;0;0.0;;0;0.0;;0;0.0
2906710016;Málaga;55.0;PP;34.2;247;34.2;113;15.6;5;0.7;108;14.9;0;0.0;CONECTA;68;9.4;ESCAÑOS EN BLANCO;45;6.2;;0;0.0;;0;0.0;;0;0.0
2906710017;Málaga;52.2;PP;36.9;164;36.9;75;16.9;94;21.2;7;1.6;0;0.0;SOCIEDAD UNIDA;61;13.7;ESCAÑOS EN BLANCO;22;5.0;;0;0.0;;0;0.0;;0;0.0
2906710018;Málaga;56.6;PP;36.7;225;36.7;136;22.2;37;6.0;66;10.8;0;0.0;FE de las JONS;86;14.0;;0;0.0;;0;0.0;;0;0.0;;0;0.0
2906710019;Málaga;71.8;PP;38.1;369;38.1;163;16.8;74;7.6;66;6.8;0;0.0;PCPA;106;10.9;PARTIDO AUTÓNOMOS;94;9.7;;0;0.0;;0;0.0;;0;0.0
2906710020;Málaga;58.5;PP;29.2;140;29.2;114;23.8;139;29.0;16;3.3;0;0.0;PACMA;27;5.6;FE de las JONS;17;3.6;;0;0.0;;0;0.0;;0;0.0
2906710021;Málaga;58.6;PP;30.5;214;30.5;83;11.8;152;21.6;55;7.8;0;0.0;PACMA;82;11.7;SOCIEDAD UNIDA;65;9.3;;0;0.0;;0;0.0;;0;0.0
2906710022;Málaga;56.5;PP;39.4;220;39.4;92;16.5;50;8.9;21;3.8;47;8.4;ESCAÑOS EN BLANCO;78;14.0;;0;0.0;;0;0.0;;0;0.0;;0;0.0
2906710023;Málaga;64.5;PP;44.6;413;44.6;126;13.6;41;4.4;164;17.7;0;0.0;MUNDO+JUSTO;53;5.7;;0;0.0;;0;0.0;;0;0.0;;0;0.0
2906710026;Málaga;66.4;PP;41.1;308;41.1;159;21.2;71;9.5;29;3.9;25;3.3;MUNDO+JUSTO;33;4.4;PACMA;32;4.3;;0;0.0;;0;0.0;;0;0.0
2906710027;Málaga;54.7;PP;74.0;233;74.0;25;7.9;25;7.9;12;3.8;0;0.0;NA;15;4.8;;0;0.0;;0;0.0;;0;0.0;;0;0.0
2906710028;Málaga;56.5;PP;40.5;228;40.5;99;17.6;14;2.5;73;13.0;0;0.0;SOCIEDAD UNIDA;40;7.1;PACMA;26;4.6;;0;0.0;;0;0.0;;0;0.0
2906710029;Málaga;55.1;PSOE-A;36.0;118;23.6;180;36.0;45;9.0;28;5.6;0;0.0;FE de las JONS;70;14.0;PARTIDO AUTÓNOMOS;32;6.4;;0;0.0;;0;0.0;;0;0.0
2906710030;Málaga;59.7;PSOE-A;31.6;114;27.5;131;31.6;16;3.9;33;8.0;0;0.0;PCPA;86;20.7;FE de las JONS;21;5.1;;0;0.0;;0;0.0;;0;0.0
2906710031;Málaga;60.0;PP;43.1;295;43.1;105;15.4;18;2.6;89;13.0;0;0.0;MUNDO+JUSTO;48;7.0;PCPA;37;5.4;;0;0.0;;0;0.0;;0;0.0
2906710032;Málaga;54.4;PP;45.8;221;45.8;81;16.8;80;16.6;54;11.2;0;0.0;ESCAÑOS EN BLANCO;27;5.6;;0;0.0;;0;0.0;;0;0.0;;0;0.0
2906710033;Málaga;49.4;PSOE-A;29.0;134;28.2;138;29.0;23;4.8;39;8.2;0;0.0;MUNDO+JUSTO;85;17.9;PARTIDO AUTÓNOMOS;32;6.7;;0;0.0;;0;0.0;;0;0.0
2906710034;Málaga;59.7;PP;43.2;433;43.2;146;14.6;89;8.9;89;8.9;0;0.0;PARTIDO AUTÓNOMOS;128;12.8;PCPA;97;9.7;;0;0.0;;0;0.0;;0;0.0
2906710035;Málaga;60.8;PP;35.1;217;35.1;170;27.5;45;7.3;29;4.7;0;0.0;MUNDO+JUSTO;69;11.2;PACMA;47;7.6;;0;0.0;;0;0.0;;0;0.0
2906710036;Málaga;75.3;PP;36.9;179;36.9;129;26.6;66;13.6;27;5.6;0;0.0;MUNDO+JUSTO;40;8.2;;0;0.0;;0;0.0;;0;0.0;;0;0.0
2906710037;Málaga;62.5;PP;40.8;168;40.8;108;26.2;33;8.0;36;8.7;0;0.0;ESCAÑOS EN BLANCO;29;7.0;;0;0.0;;0;0.0;;0;0.0;;0;0.0
2906710038;Málaga;49.9;PP;30.0;124;30.0;110;26.6;36;8.7;23;5.6;0;0.0;NA;102;24.7;;0;0.0;;0;0.0;;0;0.0;;0;0.0
2906710039;Málaga;54.9;PSOE-A;41.4;110;34.3;133;41.4;28;8.7;17;5.3;0;0.0;NA;22;6.8;;0;0.0;;0;0.0;;0;0.0;;0;0.0
2906710040;Málaga;65.1;PP;34.6;198;34.6;140;24.4;48;8.4;2;0.4;0;0.0;NA;129;22.5;PACMA;32;5.6;;0;0.0;;0;0.0;;0;0.0
2906710041;Málaga;46.4;PSOE-A;36.4;70;16.4;155;36.4;47;11.0;6;1.4;0;0.0;PACMA;73;17.1;ESCAÑOS EN BLANCO;25;5.9;;0;0.0;;0;0.0;;0;0.0
2906710042;Málaga;54.3;PSOE-A;36.4;70;22.2;115;36.4;0;0.0;55;17.4;0;0.0;PARTIDO AUTÓNOMOS;53;16.8;PCPA;16;5.1;;0;0.0;;0;0.0;;0;0.0
2906710043;Málaga;53.6;PP;35.3;213;35.3;152;25.2;55;9.1;37;6.1;0;0.0;NA;52;8.6;;0;0.0;;0;0.0;;0;0.0;;0;0.0
2906710044;Málaga;47.2;PP;43.2;167;43.2;73;18.9;70;18.1;0;0.0;0;0.0;MUNDO+JUSTO;36;9.3;PARTIDO AUTÓNOMOS;31;8.0;;0;0.0;;0;0.0;;0;0.0
2906710045;Málaga;40.8;PSOE-A;34.9;59;19.8;104;34.9;37;12.4;0;0.0;0;0.0;SALF;65;21.8;FE de las JONS;19;6.4;;0;0.0;;0;0.0;;0;0.0
2906710046;Málaga;62.0;PP;30.0;176;30.0;135;23.0;65;11.1;12;2.0;0;0.0;29;137;23.4;ESCAÑOS EN BLANCO;36;6.1;;0;0.0;;0;0.0;;0;0.0
2906710047;Málaga;48.6;PP;39.3;119;39.3;62;20.5;53;17.5;1;0.3;0;0.0;29;25;8.2;PCPA;22;7.3;;0;0.0;;0;0.0;;0;0.0
2906710048;Málaga;54.7;PSOE-A;34.3;95;28.4;115;34.3;13;3.9;14;4.2;0;0.0;MUNDO+JUSTO;45;13.4;PACMA;18;5.4;FE de las JONS;16;4.8;;0;0.0;;0;0.0
2906710049;Málaga;55.3;PSOE-A;34.7;103;18.3;195;34.7;0;0.0;78;13.9;0;0.0;MUNDO+JUSTO;119;21.2;PCPA;37;6.6;;0;0.0;;0;0.0;;0;0.0
2906710050;Málaga;61.4;PP;44.6;240;44.6;73;13.6;67;12.4;24;4.5;0;0.0;SOCIEDAD UNIDA;114;21.2;;0;0.0;;0;0.0;;0;0.0;;0;0.0
2906710051;Málaga;66.3;PP;45.5;259;45.5;63;11.1;58;10.2;16;2.8;0;0.0;PCPA;112;19.7;MUNDO+JUSTO;35;6.2;;0;0.0;;0;0.0;;0;0.0
2906710052;Málaga;68.0;PP;36.7;334;36.7;149;16.4;78;8.6;47;5.2;0;0.0;ESCAÑOS EN BLANCO;87;9.6;PARTIDO AUTÓNOMOS;81;8.9;;0;0.0;;0;0.0;;0;0.0
2906710053;Málaga;57.8;PSOE-A;36.1;145;28.0;187;36.1;5;1.0;58;11.2;0;0.0;MUNDO+JUSTO;52;10.0;PARTIDO AUTÓNOMOS;28;5.4;;0;0.0;;0;0.0;;0;0.0
2906710054;Málaga;53.6;PSOE-A;30.4;96;29.4;99;30.4;1;0.3;39;12.0;0;0.0;29;49;15.0;FE de las JONS;23;7.1;;0;0.0;;0;0.0;;0;0.0
2906710055;Málaga;47.8;PSOE-A;50.5;86;28.2;154;50.5;6;2.0;37;12.1;0;0.0;PARTIDO AUTÓNOMOS;18;5.9;;0;0.0;;0;0.0;;0;0.0;;0;0.0
2906710056;Málaga;71.3;PP;47.1;384;47.1;104;12.8;65;8.0;63;7.7;0;0.0;MUNDO+JUSTO;71;8.7;;0;0.0;;0;0.0;;0;0.0;;0;0.0
2906710057;Málaga;71.6;PP;40.4;280;40.4;110;15.8;0;0.0;122;17.6;0;0.0;PACMA;112;16.1;MUNDO+JUSTO;35;5.0;;0;0.0;;0;0.0;;0;0.0
2906710059;Málaga;64.3;PP;28.7;117;28.7;115;28.2;104;25.5;30;7.4;0;0.0;ESCAÑOS EN BLANCO;17;4.2;;0;0.0;;0;0.0;;0;0.0;;0;0.0
2906710060;Málaga;56.8;PP;35.4;113;35.4;86;27.0;0;0.0;50;15.7;0;0.0;PCPA;49;15.4;NA;14;4.4;;0;0.0;;0;0.0;;0;0.0
2906710061;Málaga;36.6;PP;38.8;105;38.8;60;22.1;19;7.0;13;4.8;0;0.0;PARTIDO AUTÓNOMOS;43;15.9;PCPA;16;5.9;;0;0.0;;0;0.0;;0;0.0
2906710062;Málaga;64.8;PP;50.6;307;50.6;36;5.9;52;8.6;31;5.1;135;22.2;NA;41;6.8;;0;0.0;;0;0.0;;0;0.0;;0;0.0
2906710063;Málaga;51.0;PP;31.2;129;31.2;120;29.1;7;1.7;52;12.6;0;0.0;MUNDO+JUSTO;74;17.9;PCPA;30;7.3;;0;0.0;;0;0.0;;0;0.0
2906710064;Málaga;61.3;PP;44.5;237;44.5;55;10.3;19;3.6;81;15.2;0;0.0;MUNDO+JUSTO;53;9.9;PACMA;27;5.1;;0;0.0;;0;0.0;;0;0.0
2906710065;Málaga;56.0;PP;26.5;89;26.5;88;26.2;2;0.6;59;17.6;0;0.0;PACMA;66;19.6;PCPA;25;7.4;;0;0.0;;0;0.0;;0;0.0
2906710066;Málaga;62.1;PP;35.1;263;35.1;140;18.7;72;9.6;60;8.0;64;8.5;;0;0.0;;0;0.0;;0;0.0;;0;0.0;;0;0.0
2906710067;Málaga;65.0;PP;56.4;316;56.4;80;14.3;51;9.1;70;12.5;0;0.0;PACMA;32;5.7;;0;0.0;;0;0.0;;0;0.0;;0;0.0
2906710068;Málaga;62.3;PSOE-A;30.7;252;30.1;257;30.7;62;7.4;82;9.8;0;0.0;MUNDO+JUSTO;87;10.4;;0;0.0;;0;0.0;;0;0.0;;0;0.0
2906710069;Málaga;67.7;PP;39.9;401;39.9;83;8.3;89;8.9;154;15.3;0;0.0;NA;109;10.8;CONECTA;88;8.8;;0;0.0;;0;0.0;;0;0.0
2906710070;Málaga;67.6;PP;42.8;440;42.8;110;10.7;50;4.9;93;9.0;0;0.0;29;134;13.0;NA;131;12.7;;0;0.0;;0;0.0;;0;0.0
2906710071;Málaga;69.2;PP;48.7;570;48.7;334;28.5;125;10.7;31;2.6;0;0.0;MUNDO+JUSTO;47;4.0;;0;0.0;;0;0.0;;0;0.0;;0;0.0
2906710072;Málaga;59.5;PP;39.4;235;39.4;96;16.1;60;10.1;33;5.5;0;0.0;ANDALUCISTAS-PA;84;14.1;MUNDO+JUSTO;39;6.5;;0;0.0;;0;0.0;;0;0.0
2906710073;Málaga;69.0;PP;49.1;254;49.1;49;9.5;68;13.2;14;2.7;0;0.0;ANDALUCISTAS-PA;104;20.1;ESCAÑOS EN BLANCO;15;2.9;;0;0.0;;0;0.0;;0;0.0
2906710074;Málaga;52.3;PP;42.9;228;42.9;74;13.9;30;5.6;55;10.3;0;0.0;NA;65;12.2;PARTIDO AUTÓNOMOS;35;6.6;;0;0.0;;0;0.0;;0;0.0
2906710075;Málaga;67.6;PP;41.2;329;41.2;126;15.8;123;15.4;13;1.6;0;0.0;NA;107;13.4;PACMA;29;3.6;;0;0.0;;0;0.0;;0;0.0
2906711001;Málaga;58.4;PorA;30.7;143;30.3;114;24.2;6;1.3;145;30.7;0;0.0;MUNDO+JUSTO;43;9.1;ESCAÑOS EN BLANCO;14;3.0;;0;0.0;;0;0.0;;0;0.0
2906711002;Málaga;61.8;PP;34.2;205;34.2;141;23.5;46;7.7;62;10.3;86;14.3;;0;0.0;;0;0.0;;0;0.0;;0;0.0;;0;0.0
2906711003;Málaga;61.2;PP;34.1;259;34.1;154;20.3;97;12.8;39;5.1;0;0.0;SOCIEDAD UNIDA;71;9.4;PCPA;50;6.6;;0;0.0;;0;0.0;;0;0.0
2906711004;Málaga;62.5;PP;48.4;477;48.4;115;11.7;83;8.4;26;2.6;0;0.0;NA;92;9.3;MUNDO+JUSTO;62;6.3;;0;0.0;;0;0.0;;0;0.0
2906711005;Málaga;51.7;PP;34.1;147;34.1;73;16.9;27;6.3;13;3.0;0;0.0;MUNDO+JUSTO;112;26.0;ESCAÑOS EN BLANCO;13;3.0;;0;0.0;;0;0.0;;0;0.0
2906711006;Málaga;56.8;PP;36.0;329;36.0;206;22.5;16;1.8;130;14.2;0;0.0;MUNDO+JUSTO;56;6.1;PACMA;52;5.7;;0;0.0;;0;0.0;;0;0.0
2906711007;Málaga;58.9;PP;45.1;396;45.1;131;14.9;93;10.6;36;4.1;0;0.0;ESCAÑOS EN BLANCO;85;9.7;MUNDO+JUSTO;56;6.4;;0;0.0;;0;0.0;;0;0.0
2906711008;Málaga;73.0;PP;38.2;265;38.2;200;28.8;141;20.3;0;0.0;0;0.0;PACMA;42;6.0;PCPA;29;4.2;;0;0.0;;0;0.0;;0;0.0
2906711009;Málaga;52.3;PSOE-A;37.8;107;18.8;215;37.8;97;17.0;22;3.9;37;6.5;MUNDO+JUSTO;25;4.4;;0;0.0;;0;0.0;;0;0.0;;0;0.0
2906711010;Málaga;60.9;PP;59.2;506;59.2;25;2.9;86;10.1;66;7.7;0;0.0;29;88;10.3;PCPA;29;3.4;;0;0.0;;0;0.0;;0;0.0
2906711011;Málaga;63.2;PP;37.4;217;37.4;98;16.9;51;8.8;21;3.6;0;0.0;29;123;21.2;PARTIDO AUTÓNOMOS;35;6.0;;0;0.0;;0;0.0;;0;0.0
2906711012;Málaga;39.9;PP;35.0;124;35.0;51;14.4;82;23.2;0;0.0;0;0.0;CONECTA;68;19.2;PCPA;9;2.5;;0;0.0;;0;0.0;;0;0.0
2906711013;Málaga;65.7;PP;39.0;275;39.0;94;13.3;37;5.2;72;10.2;0;0.0;NA;88;12.5;29;45;6.4;;0;0.0;;0;0.0;;0;0.0
2906711014;Málaga;61.8;PP;31.9;181;31.9;144;25.4;42;7.4;58;10.2;0;0.0;CONECTA;133;23.4;;0;0.0;;0;0.0;;0;0.0;;0;0.0
2906711015;Málaga;55.8;PP;39.0;151;39.0;60;15.5;37;9.6;24;6.2;0;0.0;PACMA;76;19.6;;0;0.0;;0;0.0;;0;0.0;;0;0.0
2906801001;Málaga;50.6;PP;52.0;452;52.0;98;11.3;60;6.9;142;16.3;0;0.0;CONECTA;58;6.7;;0;0.0;;0;0.0;;0;0.0;;0;0.0
2906801002;Málaga;57.9;PP;49.9;268;49.9;45;8.4;11;2.0;61;11.4;0;0.0;29;56;10.4;MUNDO+JUSTO;34;6.3;;0;0.0;;0;0.0;;0;0.0
2906801003;Málaga;47.0;PP;54.7;336;54.7;20;3.3;115;18.7;0;0.0;0;0.0;ESCAÑOS EN BLANCO;42;6.8;PARTIDO AUTÓNOMOS;32;5.2;;0;0.0;;0;0.0;;0;0.0
2906801004;Málaga;51.2;PP;36.3;185;36.3;30;5.9;106;20.8;55;10.8;0;0.0;MUNDO+JUSTO;58;11.4;;0;0.0;;0;0.0;;0;0.0;;0;0.0
2906801005;Málaga;50.3;PP;31.8;184;31.8;63;10.9;147;25.4;31;5.4;0;0.0;PACMA;79;13.6;29;43;7.4;;0;0.0;;0;0.0;;0;0.0
2906801006;Málaga;45.4;PP;44.8;345;44.8;46;6.0;249;32.3;65;8.4;0;0.0;PARTIDO AUTÓNOMOS;16;2.1;;0;0.0;;0;0.0;;0;0.0;;0;0.0
2906801007;Málaga;51.8;PP;47.3;289;47.3;70;11.5;73;12.0;24;3.9;0;0.0;PCPA;59;9.7;FE de las JONS;44;7.2;;0;0.0;;0;0.0;;0;0.0
2906901001;Málaga;54.8;PP;67.4;188;67.4;43;15.4;6;2.2;33;11.8;0;0.0;PARTIDO AUTÓNOMOS;5;1.8;;0;0.0;;0;0.0;;0;0.0;;0;0.0
2906901002;Málaga;44.2;PP;49.7;163;49.7;41;12.5;43;13.1;0;0.0;0;0.0;ESCAÑOS EN BLANCO;49;14.9;NA;14;4.3;;0;0.0;;0;0.0;;0;0.0
2906901003;Málaga;43.4;PP;30.5;149;30.5;121;24.8;72;14.8;45;9.2;37;7.6;;0;0.0;;0;0.0;;0;0.0;;0;0.0;;0;0.0
2906901004;Málaga;49.0;PP;41.4;315;41.4;118;15.5;51;6.7;51;6.7;0;0.0;FE de las JONS;86;11.3;;0;0.0;;0;0.0;;0;0.0;;0;0.0
2906901005;Málaga;46.6;PP;39.1;187;39.1;76;15.9;67;14.0;42;8.8;33;6.9;MUNDO+JUSTO;35;7.3;;0;0.0;;0;0.0;;0;0.0;;0;0.0
2906901006;Málaga;35.7;PP;36.8;111;36.8;92;30.5;36;11.9;1;0.3;0;0.0;PACMA;52;17.2;ESCAÑOS EN BLANCO;10;3.3;;0;0.0;;0;0.0;;0;0.0
2906901007;Málaga;40.0;PSOE-A;40.0;115;29.6;155;40.0;20;5.2;0;0.0;0;0.0;PCPA;43;11.1;PACMA;19;4.9;;0;0.0;;0;0.0;;0;0.0
2906901008;Málaga;35.9;PP;35.6;107;35.6;87;28.9;12;4.0;32;10.6;0;0.0;PACMA;43;14.3;FE de las JONS;13;4.3;;0;0.0;;0;0.0;;0;0.0
2906901009;Málaga;47.4;PP;44.3;168;44.3;61;16.1;67;17.7;0;0.0;0;0.0;NA;34;9.0;PACMA;23;6.1;;0;0.0;;0;0.0;;0;0.0
2906901010;Málaga;39.8;PSOE-A;31.6;150;30.0;158;31.6;20;4.0;21;4.2;0;0.0;PCPA;44;8.8;29;38;7.6;;0;0.0;;0;0.0;;0;0.0
2906901011;Málaga;41.2;PP;35.5;217;35.5;153;25.0;52;8.5;88;14.4;0;0.0;ANDALUCISTAS-PA;58;9.5;;0;0.0;;0;0.0;;0;0.0;;0;0.0
2906901012;Málaga;51.6;PP;50.3;165;50.3;33;10.1;47;14.3;3;0.9;0;0.0;FE de las JONS;21;6.4;PCPA;19;5.8;;0;0.0;;0;0.0;;0;0.0
2906901013;Málaga;49.4;PP;35.6;95;35.6;52;19.5;33;12.4;0;0.0;56;21.0;MUNDO+JUSTO;12;4.5;;0;0.0;;0;0.0;;0;0.0;;0;0.0
2906901014;Málaga;43.4;PP;35.1;175;35.1;116;23.3;70;14.1;0;0.0;0;0.0;NA;37;7.4;SOCIEDAD UNIDA;31;6.2;;0;0.0;;0;0.0;;0;0.0
2906901015;Málaga;57.1;PP;39.8;253;39.8;136;21.4;52;8.2;61;9.6;0;0.0;SOCIEDAD UNIDA;36;5.7;;0;0.0;;0;0.0;;0;0.0;;0;0.0
2906901016;Málaga;50.7;PP;44.4;317;44.4;107;15.0;50;7.0;80;11.2;0;0.0;MUNDO+JUSTO;39;5.5;;0;0.0;;0;0.0;;0;0.0;;0;0.0
2906901017;Málaga;51.0;PP;51.4;190;51.4;31;8.4;36;9.7;20;5.4;0;0.0;SOCIEDAD UNIDA;67;18.1;;0;0.0;;0;0.0;;0;0.0;;0;0.0
2906901018;Málaga;53.9;PP;44.8;215;44.8;39;8.1;58;12.1;53;11.0;0;0.0;MUNDO+JUSTO;55;11.5;;0;0.0;;0;0.0;;0;0.0;;0;0.0
2906901019;Málaga;59.8;PP;45.2;135;45.2;50;16.7;99;33.1;0;0.0;0;0.0;PACMA;6;2.0;FE de las JONS;5;1.7;;0;0.0;;0;0.0;;0;0.0
2906901020;Málaga;59.5;PP;52.9;261;52.9;0;0.0;158;32.0;0;0.0;0;0.0;PACMA;33;6.7;ESCAÑOS EN BLANCO;22;4.5;MUNDO+JUSTO;11;2.2;;0;0.0;;0;0.0
2906901021;Málaga;49.5;PP;44.0;243;44.0;93;16.8;104;18.8;5;0.9;40;7.2;FE de las JONS;28;5.1;;0;0.0;;0;0.0;;0;0.0;;0;0.0
2906901022;Málaga;55.0;PP;58.3;362;58.3;26;4.2;60;9.7;66;10.6;0;0.0;MUNDO+JUSTO;39;6.3;FE de las JONS;27;4.4;;0;0.0;;0;0.0;;0;0.0
2906901023;Málaga;47.9;PP;42.4;197;42.4;115;24.7;36;7.7;26;5.6;0;0.0;29;56;12.0;;0;0.0;;0;0.0;;0;0.0;;0;0.0
2906901024;Málaga;48.2;PP;30.3;182;30.3;167;27.8;82;13.6;20;3.3;47;7.8;ESCAÑOS EN BLANCO;41;6.8;;0;0.0;;0;0.0;;0;0.0;;0;0.0
2906901025;Málaga;51.4;PP;36.3;132;36.3;69;19.0;8;2.2;43;11.8;0;0.0;PACMA;52;14.3;PARTIDO AUTÓNOMOS;21;5.8;;0;0.0;;0;0.0;;0;0.0
2906901026;Málaga;59.4;PP;50.0;232;50.0;80;17.2;37;8.0;5;1.1;0;0.0;CONECTA;79;17.0;MUNDO+JUSTO;23;5.0;;0;0.0;;0;0.0;;0;0.0
2906901027;Málaga;50.2;PP;32.3;170;32.3;134;25.4;67;12.7;17;3.2;0;0.0;NA;40;7.6;MUNDO+JUSTO;31;5.9;;0;0.0;;0;0.0;;0;0.0
2906901028;Málaga;56.1;PP;43.9;332;43.9;135;17.9;119;15.7;15;2.0;0;0.0;SALF;75;9.9;PCPA;21;2.8;;0;0.0;;0;0.0;;0;0.0
2906901029;Málaga;46.4;PP;38.9;337;38.9;248;28.6;35;4.0;89;10.3;0;0.0;ANDALUCISTAS-PA;71;8.2;;0;0.0;;0;0.0;;0;0.0;;0;0.0
2906901030;Málaga;57.2;PP;50.0;295;50.0;33;5.6;67;11.4;79;13.4;0;0.0;SALF;47;8.0;PARTIDO AUTÓNOMOS;34;5.8;;0;0.0;;0;0.0;;0;0.0
2906901031;Málaga;52.5;PP;39.4;202;39.4;67;13.1;93;18.1;91;17.7;0;0.0;PCPA;33;6.4;;0;0.0;;0;0.0;;0;0.0;;0;0.0
2906901032;Málaga;46.2;PP;41.2;235;41.2;118;20.7;82;14.4;10;1.8;0;0.0;CONECTA;50;8.8;SOCIEDAD UNIDA;47;8.2;;0;0.0;;0;0.0;;0;0.0
2906901033;Málaga;60.4;PP;45.3;298;45.3;87;13.2;139;21.1;19;2.9;0;0.0;MUNDO+JUSTO;52;7.9;ESCAÑOS EN BLANCO;36;5.5;;0;0.0;;0;0.0;;0;0.0
2906901034;Málaga;49.4;PSOE-A;33.9;119;30.1;134;33.9;1;0.2;53;13.4;0;0.0;PARTIDO AUTÓNOMOS;30;7.6;PACMA;20;5.1;;0;0.0;;0;0.0;;0;0.0
2906901035;Málaga;47.9;PP;38.1;241;38.1;127;20.1;30;4.7;61;9.6;0;0.0;SOCIEDAD UNIDA;94;14.8;;0;0.0;;0;0.0;;0;0.0;;0;0.0
2906901036;Málaga;50.2;PP;40.2;200;40.2;89;17.9;63;12.7;8;1.6;0;0.0;ESCAÑOS EN BLANCO;40;8.0;FE de las JONS;38;7.6;;0;0.0;;0;0.0;;0;0.0
2906901037;Málaga;54.1;PP;34.4;225;34.4;138;21.1;66;10.1;37;5.7;0;0.0;29;89;13.6;MUNDO+JUSTO;55;8.4;;0;0.0;;0;0.0;;0;0.0
2906901038;Málaga;47.7;PP;46.1;262;46.1;56;9.9;60;10.6;42;7.4;0;0.0;MUNDO+JUSTO;53;9.3;;0;0.0;;0;0.0;;0;0.0;;0;0.0
2906901039;Málaga;54.8;PP;47.2;277;47.2;107;18.2;41;7.0;42;7.2;0;0.0;CONECTA;46;7.8;;0;0.0;;0;0.0;;0;0.0;;0;0.0
2906901040;Málaga;61.3;PP;37.8;277;37.8;132;18.0;77;10.5;113;15.4;37;5.0;MUNDO+JUSTO;42;5.7;;0;0.0;;0;0.0;;0;0.0;;0;0.0
2906901041;Málaga;55.4;PP;39.2;198;39.2;101;20.0;53;10.5;16;3.2;0;0.0;PCPA;59;11.7;PACMA;50;9.9;;0;0.0;;0;0.0;;0;0.0
2906901042;Málaga;57.1;PP;49.2;313;49.2;11;1.7;94;14.8;55;8.6;0;0.0;MUNDO+JUSTO;44;6.9;PACMA;43;6.8;;0;0.0;;0;0.0;;0;0.0
2906901043;Málaga;46.8;PP;39.1;138;39.1;29;8.2;45;12.8;63;17.8;0;0.0;MUNDO+JUSTO;36;10.2;;0;0.0;;0;0.0;;0;0.0;;0;0.0
2906902001;Málaga;46.3;PP;50.1;191;50.1;27;7.1;10;2.6;25;6.6;0;0.0;29;43;11.3;PACMA;28;7.4;;0;0.0;;0;0.0;;0;0.0
2906902002;Málaga;36.7;PP;47.4;147;47.4;92;29.7;5;1.6;31;10.0;0;0.0;MUNDO+JUSTO;21;6.8;ESCAÑOS EN BLANCO;6;1.9;;0;0.0;;0;0.0;;0;0.0
2906902003;Málaga;41.0;PSOE-A;40.1;194;39.3;198;40.1;33;6.7;16;3.2;0;0.0;PCPA;25;5.1;;0;0.0;;0;0.0;;0;0.0;;0;0.0
2906902004;Málaga;50.3;PP;38.5;254;38.5;142;21.5;53;8.0;11;1.7;0;0.0;ANDALUCISTAS-PA;81;12.3;ESCAÑOS EN BLANCO;77;11.7;;0;0.0;;0;0.0;;0;0.0
2906902005;Málaga;53.5;PP;45.6;377;45.6;113;13.7;169;20.5;8;1.0;0;0.0;MUNDO+JUSTO;40;4.8;PACMA;32;3.9;;0;0.0;;0;0.0;;0;0.0
2906902006;Málaga;51.0;PSOE-A;34.1;96;26.6;123;34.1;51;14.1;1;0.3;0;0.0;ESCAÑOS EN BLANCO;59;16.3;MUNDO+JUSTO;22;6.1;;0;0.0;;0;0.0;;0;0.0
2906902007;Málaga;52.2;PP;46.1;248;46.1;127;23.6;63;11.7;6;1.1;0;0.0;ESCAÑOS EN BLANCO;34;6.3;PCPA;22;4.1;;0;0.0;;0;0.0;;0;0.0
2906902008;Málaga;55.1;PP;43.0;274;43.0;121;19.0;74;11.6;11;1.7;0;0.0;PACMA;44;6.9;MUNDO+JUSTO;32;5.0;;0;0.0;;0;0.0;;0;0.0
2906902009;Málaga;53.8;PP;53.4;503;53.4;118;12.5;125;13.3;96;10.2;0;0.0;MUNDO+JUSTO;34;3.6;;0;0.0;;0;0.0;;0;0.0;;0;0.0
2906902010;Málaga;41.8;PP;43.7;317;43.7;178;24.5;72;9.9;15;2.1;0;0.0;PARTIDO AUTÓNOMOS;36;5.0;PCPA;29;4.0;;0;0.0;;0;0.0;;0;0.0
2906902011;Málaga;49.0;PP;37.6;302;37.6;167;20.8;73;9.1;0;0.0;0;0.0;MUNDO+JUSTO;156;19.4;ESCAÑOS EN BLANCO;44;5.5;;0;0.0;;0;0.0;;0;0.0
2906902012;Málaga;52.0;PP;32.9;181;32.9;154;28.0;28;5.1;3;0.6;69;12.6;ESCAÑOS EN BLANCO;29;5.3;;0;0.0;;0;0.0;;0;0.0;;0;0.0
2906902013;Málaga;51.9;PP;34.9;194;34.9;143;25.7;83;14.9;23;4.1;0;0.0;NA;73;13.1;;0;0.0;;0;0.0;;0;0.0;;0;0.0
2906902014;Málaga;45.2;PP;44.0;170;44.0;55;14.2;38;9.8;6;1.6;0;0.0;SALF;47;12.2;MUNDO+JUSTO;25;6.5;;0;0.0;;0;0.0;;0;0.0
2906902015;Málaga;54.7;PP;42.5;409;42.5;146;15.2;121;12.6;28;2.9;0;0.0;MUNDO+JUSTO;83;8.6;SOCIEDAD UNIDA;77;8.0;;0;0.0;;0;0.0;;0;0.0
2906902016;Málaga;57.2;PP;42.4;312;42.4;130;17.7;113;15.4;0;0.0;0;0.0;SALF;69;9.4;PCPA;56;7.6;;0;0.0;;0;0.0;;0;0.0
2906902017;Málaga;48.8;PP;54.1;249;54.1;44;9.6;45;9.8;15;3.3;0;0.0;29;49;10.6;MUNDO+JUSTO;32;7.0;;0;0.0;;0;0.0;;0;0.0
2906902018;Málaga;56.1;PP;54.0;417;54.0;24;3.1;107;13.9;62;8.0;0;0.0;NA;77;10.0;ANDALUCISTAS-PA;57;7.4;;0;0.0;;0;0.0;;0;0.0
2906902019;Málaga;46.1;PP;55.4;302;55.4;49;9.0;40;7.3;38;7.0;0;0.0;FE de las JONS;45;8.3;;0;0.0;;0;0.0;;0;0.0;;0;0.0
2906903001;Málaga;32.4;PP;58.3;263;58.3;34;7.5;47;10.4;7;1.6;0;0.0;ESCAÑOS EN BLANCO;29;6.4;CONECTA;26;5.8;;0;0.0;;0;0.0;;0;0.0
2906903002;Málaga;47.5;PP;53.5;206;53.5;31;8.0;85;22.1;0;0.0;0;0.0;FE de las JONS;26;6.8;MUNDO+JUSTO;18;4.7;;0;0.0;;0;0.0;;0;0.0
2906903003;Málaga;38.2;PP;38.5;220;38.5;156;27.3;41;7.2;37;6.5;0;0.0;PCPA;47;8.2;;0;0.0;;0;0.0;;0;0.0;;0;0.0
2906903004;Málaga;49.2;PP;42.8;263;42.8;91;14.8;160;26.1;9;1.5;0;0.0;29;27;4.4;FE de las JONS;24;3.9;;0;0.0;;0;0.0;;0;0.0
2906903005;Málaga;43.7;PP;48.2;236;48.2;52;10.6;76;15.5;22;4.5;0;0.0;ANDALUCISTAS-PA;41;8.4;MUNDO+JUSTO;25;5.1;;0;0.0;;0;0.0;;0;0.0
2906903006;Málaga;52.8;PP;53.8;521;53.8;166;17.1;122;12.6;32;3.3;0;0.0;ESCAÑOS EN BLANCO;42;4.3;;0;0.0;;0;0.0;;0;0.0;;0;0.0
2906903007;Málaga;38.5;PP;44.0;258;44.0;27;4.6;111;18.9;60;10.2;0;0.0;SOCIEDAD UNIDA;57;9.7;PACMA;28;4.8;;0;0.0;;0;0.0;;0;0.0
2906903008;Málaga;44.6;PP;45.6;245;45.6;59;11.0;64;11.9;23;4.3;14;2.6;MUNDO+JUSTO;46;8.6;FE de las JONS;45;8.4;;0;0.0;;0;0.0;;0;0.0
2906903009;Málaga;43.0;PP;37.1;219;37.1;107;18.1;103;17.5;19;3.2;0;0.0;SALF;72;12.2;NA;42;7.1;;0;0.0;;0;0.0;;0;0.0
2906903010;Málaga;49.5;PP;54.5;391;54.5;145;20.2;128;17.8;4;0.6;0;0.0;ESCAÑOS EN BLANCO;16;2.2;FE de las JONS;9;1.3;;0;0.0;;0;0.0;;0;0.0
2906904001;Málaga;52.4;PP;47.3;337;47.3;4;0.6;138;19.4;53;7.4;90;12.6;29;28;3.9;;0;0.0;;0;0.0;;0;0.0;;0;0.0
2906904002;Málaga;48.6;PP;40.2;374;40.2;180;19.4;131;14.1;60;6.4;0;0.0;PACMA;78;8.4;;0;0.0;;0;0.0;;0;0.0;;0;0.0
2906904003;Málaga;49.8;PP;43.3;324;43.3;76;10.2;151;20.2;35;4.7;0;0.0;MUNDO+JUSTO;70;9.4;NA;66;8.8;;0;0.0;;0;0.0;;0;0.0
2906904004;Málaga;43.3;PP;31.8;260;31.8;186;22.8;162;19.8;35;4.3;25;3.1;SOCIEDAD UNIDA;46;5.6;SALF;43;5.3;;0;0.0;;0;0.0;;0;0.0
2906904005;Málaga;49.8;PP;39.7;237;39.7;109;18.3;89;14.9;30;5.0;0;0.0;NA;30;5.0;;0;0.0;;0;0.0;;0;0.0;;0;0.0
2906904006;Málaga;46.1;PP;40.6;361;40.6;89;10.0;150;16.9;55;6.2;0;0.0;FE de las JONS;70;7.9;;0;0.0;;0;0.0;;0;0.0;;0;0.0
2906904007;Málaga;51.9;PP;44.9;286;44.9;128;20.1;84;13.2;13;2.0;0;0.0;MUNDO+JUSTO;30;4.7;PARTIDO AUTÓNOMOS;23;3.6;;0;0.0;;0;0.0;;0;0.0
2907001001;Málaga;52.6;PP;39.6;403;39.6;162;15.9;67;6.6;170;16.7;0;0.0;PARTIDO AUTÓNOMOS;72;7.1;;0;0.0;;0;0.0;;0;0.0;;0;0.0
2907001002;Málaga;60.4;PP;40.4;262;40.4;148;22.8;49;7.6;49;7.6;9;1.4;MUNDO+JUSTO;38;5.9;;0;0.0;;0;0.0;;0;0.0;;0;0.0
2907001003;Málaga;49.0;PP;45.4;295;45.4;69;10.6;73;11.2;12;1.8;0;0.0;PARTIDO AUTÓNOMOS;71;10.9;PCPA;65;10.0;;0;0.0;;0;0.0;;0;0.0
2907001004;Málaga;52.8;PP;39.5;359;39.5;287;31.6;27;3.0;89;9.8;0;0.0;MUNDO+JUSTO;69;7.6;PCPA;33;3.6;;0;0.0;;0;0.0;;0;0.0
2907001005;Málaga;46.6;PP;42.6;138;42.6;109;33.6;46;14.2;2;0.6;0;0.0;PARTIDO AUTÓNOMOS;20;6.2;FE de las JONS;7;2.2;;0;0.0;;0;0.0;;0;0.0
2907001006;Málaga;50.3;PP;43.3;232;43.3;67;12.5;88;16.4;10;1.9;0;0.0;PCPA;50;9.3;PARTIDO AUTÓNOMOS;47;8.8;;0;0.0;;0;0.0;;0;0.0
2907001007;Málaga;59.5;PP;53.0;270;53.0;69;13.6;52;10.2;23;4.5;0;0.0;PACMA;36;7.1;NA;32;6.3;;0;0.0;;0;0.0;;0;0.0
2907001008;Málaga;52.4;PSOE-A;27.7;161;26.2;170;27.7;48;7.8;40;6.5;0;0.0;29;49;8.0;;0;0.0;;0;0.0;;0;0.0;;0;0.0
2907001009;Málaga;47.3;PP;35.8;294;35.8;184;22.4;165;20.1;3;0.4;0;0.0;FE de las JONS;66;8.0;PACMA;35;4.3;;0;0.0;;0;0.0;;0;0.0
2907001010;Málaga;59.0;PP;40.8;349;40.8;157;18.4;112;13.1;32;3.7;0;0.0;PACMA;94;11.0;MUNDO+JUSTO;52;6.1;;0;0.0;;0;0.0;;0;0.0
2907001011;Málaga;41.8;PP;43.2;215;43.2;26;5.2;88;17.7;21;4.2;0;0.0;SOCIEDAD UNIDA;59;11.8;PARTIDO AUTÓNOMOS;43;8.6;;0;0.0;;0;0.0;;0;0.0
2907001012;Málaga;55.2;PP;45.8;348;45.8;95;12.5;148;19.5;26;3.4;0;0.0;ESCAÑOS EN BLANCO;68;9.0;PACMA;36;4.7;;0;0.0;;0;0.0;;0;0.0
2907001013;Málaga;59.9;PP;42.1;430;42.1;142;13.9;78;7.6;55;5.4;0;0.0;PCPA;123;12.0;ANDALUCISTAS-PA;71;7.0;;0;0.0;;0;0.0;;0;0.0
2907001014;Málaga;47.9;PP;33.2;132;33.2;79;19.8;7;1.8;78;19.6;0;0.0;MUNDO+JUSTO;45;11.3;PACMA;21;5.3;;0;0.0;;0;0.0;;0;0.0
2907001015;Málaga;44.6;PP;47.3;298;47.3;151;24.0;88;14.0;26;4.1;0;0.0;MUNDO+JUSTO;22;3.5;;0;0.0;;0;0.0;;0;0.0;;0;0.0
2907001016;Málaga;54.2;PP;47.6;386;47.6;70;8.6;83;10.2;46;5.7;85;10.5;MUNDO+JUSTO;65;8.0;;0;0.0;;0;0.0;;0;0.0;;0;0.0
2907001017;Málaga;51.8;PP;38.6;340;38.6;49;5.6;167;19.0;44;5.0;0;0.0;NA;96;10.9;PCPA;59;6.7;;0;0.0;;0;0.0;;0;0.0
2907001018;Málaga;46.5;PP;32.2;185;32.2;131;22.8;48;8.4;18;3.1;19;3.3;MUNDO+JUSTO;66;11.5;SALF;33;5.8;;0;0.0;;0;0.0;;0;0.0
2907001019;Málaga;49.4;PP;66.7;286;66.7;64;14.9;15;3.5;0;0.0;0;0.0;NA;31;7.2;MUNDO+JUSTO;19;4.4;;0;0.0;;0;0.0;;0;0.0
2907001020;Málaga;53.3;PP;39.0;410;39.0;152;14.5;171;16.3;105;10.0;0;0.0;PACMA;75;7.1;;0;0.0;;0;0.0;;0;0.0;;0;0.0
2907001021;Málaga;49.8;PSOE-A;28.5;163;26.1;178;28.5;103;16.5;0;0.0;0;0.0;MUNDO+JUSTO;122;19.5;FE de las JONS;23;3.7;;0;0.0;;0;0.0;;0;0.0
2907001022;Málaga;46.7;PP;30.5;199;30.5;56;8.6;153;23.5;63;9.7;0;0.0;FE de las JONS;60;9.2;;0;0.0;;0;0.0;;0;0.0;;0;0.0
2907001023;Málaga;42.6;PP;33.7;280;33.7;133;16.0;90;10.8;56;6.8;0;0.0;ANDALUCISTAS-PA;101;12.2;FE de las JONS;67;8.1;;0;0.0;;0;0.0;;0;0.0
2907001024;Málaga;47.3;PP;37.1;174;37.1;67;14.3;66;14.1;34;7.2;0;0.0;CONECTA;40;8.5;;0;0.0;;0;0.0;;0;0.0;;0;0.0
2907001025;Málaga;53.4;PP;40.0;300;40.0;138;18.4;19;2.5;130;17.4;0;0.0;ESCAÑOS EN BLANCO;67;9.0;PARTIDO AUTÓNOMOS;36;4.8;;0;0.0;;0;0.0;;0;0.0
2907001026;Málaga;45.5;PP;43.5;312;43.5;21;2.9;165;23.0;77;10.7;47;6.6;MUNDO+JUSTO;31;4.3;;0;0.0;;0;0.0;;0;0.0;;0;0.0
2907001027;Málaga;38.8;PP;45.2;168;45.2;25;6.7;32;8.6;35;9.4;0;0.0;MUNDO+JUSTO;88;23.7;;0;0.0;;0;0.0;;0;0.0;;0;0.0
2907001028;Málaga;47.6;PP;38.4;254;38.4;88;13.3;129;19.5;2;0.3;0;0.0;NA;78;11.8;ESCAÑOS EN BLANCO;77;11.6;;0;0.0;;0;0.0;;0;0.0
2907001029;Málaga;55.2;PP;47.0;249;47.0;41;7.7;88;16.6;10;1.9;0;0.0;FE de las JONS;31;5.8;PCPA;26;4.9;;0;0.0;;0;0.0;;0;0.0
2907001030;Málaga;51.0;PP;43.3;402;43.3;157;16.9;90;9.7;54;5.8;0;0.0;CONECTA;84;9.0;;0;0.0;;0;0.0;;0;0.0;;0;0.0
2907001031;Málaga;45.2;PP;47.3;261;47.3;34;6.2;86;15.6;42;7.6;37;6.7;;0;0.0;;0;0.0;;0;0.0;;0;0.0;;0;0.0
2907001032;Málaga;49.0;PP;42.2;168;42.2;43;10.8;70;17.6;41;10.3;0;0.0;MUNDO+JUSTO;51;12.8;;0;0.0;;0;0.0;;0;0.0;;0;0.0
2907001033;Málaga;48.8;PP;36.5;190;36.5;85;16.4;78;15.0;17;3.3;0;0.0;SALF;103;19.8;ESCAÑOS EN BLANCO;21;4.0;;0;0.0;;0;0.0;;0;0.0
2907001034;Málaga;38.4;VOX;35.4;172;28.9;30;5.0;211;35.4;52;8.7;0;0.0;NA;43;7.2;PACMA;32;5.4;;0;0.0;;0;0.0;;0;0.0
2907001035;Málaga;42.8;PP;41.4;110;41.4;43;16.2;37;13.9;4;1.5;0;0.0;PARTIDO AUTÓNOMOS;49;18.4;FE de las JONS;17;6.4;;0;0.0;;0;0.0;;0;0.0
2907001036;Málaga;57.3;PP;44.2;376;44.2;21;2.5;142;16.7;28;3.3;0;0.0;ESCAÑOS EN BLANCO;100;11.8;29;51;6.0;PACMA;44;5.2;;0;0.0;;0;0.0
2907001037;Málaga;50.4;PP;34.8;135;34.8;67;17.3;61;15.7;1;0.3;0;0.0;PCPA;72;18.6;PACMA;24;6.2;;0;0.0;;0;0.0;;0;0.0
2907001038;Málaga;47.4;PP;41.0;126;41.0;37;12.0;24;7.8;18;5.9;0;0.0;PACMA;59;19.2;MUNDO+JUSTO;30;9.8;;0;0.0;;0;0.0;;0;0.0
2907001039;Málaga;52.3;PP;43.3;155;43.3;30;8.4;3;0.8;49;13.7;0;0.0;NA;107;29.9;PARTIDO AUTÓNOMOS;8;2.2;;0;0.0;;0;0.0;;0;0.0
2907001040;Málaga;50.3;PP;35.3;131;35.3;70;18.9;24;6.5;40;10.8;0;0.0;SOCIEDAD UNIDA;55;14.8;MUNDO+JUSTO;31;8.4;;0;0.0;;0;0.0;;0;0.0
2907001041;Málaga;51.4;PP;28.7;145;28.7;132;26.1;39;7.7;50;9.9;0;0.0;SALF;60;11.9;PACMA;41;8.1;;0;0.0;;0;0.0;;0;0.0
2907101001;Málaga;55.1;PP;53.4;287;53.4;84;15.6;63;11.7;1;0.2;0;0.0;PARTIDO AUTÓNOMOS;57;10.6;FE de las JONS;15;2.8;;0;0.0;;0;0.0;;0;0.0
2907201001;Málaga;63.6;PP;34.1;410;34.1;375;31.2;80;6.7;89;7.4;32;2.7;MUNDO+JUSTO;82;6.8;;0;0.0;;0;0.0;;0;0.0;;0;0.0
2907201002;Málaga;56.2;PP;34.4;326;34.4;262;27.6;97;10.2;15;1.6;0;0.0;SALF;63;6.6;MUNDO+JUSTO;62;6.5;;0;0.0;;0;0.0;;0;0.0
2907301001;Málaga;52.5;PP;32.5;186;32.5;95;16.6;19;3.3;148;25.8;0;0.0;NA;37;6.5;MUNDO+JUSTO;32;5.6;;0;0.0;;0;0.0;;0;0.0
2907301002;Málaga;52.3;PP;36.6;133;36.6;106;29.2;30;8.3;26;7.2;0;0.0;ESCAÑOS EN BLANCO;29;8.0;;0;0.0;;0;0.0;;0;0.0;;0;0.0
2907401001;Málaga;65.7;PP;40.6;203;40.6;118;23.6;90;18.0;0;0.0;0;0.0;MUNDO+JUSTO;47;9.4;PCPA;20;4.0;;0;0.0;;0;0.0;;0;0.0
2907501001;Málaga;55.6;PP;52.0;280;52.0;36;6.7;87;16.1;0;0.0;0;0.0;PACMA;84;15.6;NA;22;4.1;;0;0.0;;0;0.0;;0;0.0
2907501002;Málaga;53.9;PP;48.3;237;48.3;63;12.8;7;1.4;83;16.9;0;0.0;29;34;6.9;PACMA;23;4.7;;0;0.0;;0;0.0;;0;0.0
2907501003;Málaga;52.4;PP;42.8;346;42.8;185;22.9;112;13.8;0;0.0;49;6.1;PACMA;59;7.3;;0;0.0;;0;0.0;;0;0.0;;0;0.0
2907501004;Málaga;50.7;PP;49.9;239;49.9;51;10.6;72;15.0;5;1.0;0;0.0;FE de las JONS;54;11.3;PACMA;21;4.4;;0;0.0;;0;0.0;;0;0.0
2907501005;Málaga;50.0;PP;38.4;284;38.4;177;23.9;111;15.0;38;5.1;29;3.9;PCPA;35;4.7;;0;0.0;;0;0.0;;0;0.0;;0;0.0
2907501006;Málaga;50.1;PP;38.3;269;38.3;182;25.9;94;13.4;90;12.8;0;0.0;FE de las JONS;27;3.8;;0;0.0;;0;0.0;;0;0.0;;0;0.0
2907501007;Málaga;61.8;PP;50.0;515;50.0;127;12.3;67;6.5;41;4.0;67;6.5;SOCIEDAD UNIDA;91;8.8;;0;0.0;;0;0.0;;0;0.0;;0;0.0
2907501008;Málaga;49.3;PP;47.8;408;47.8;84;9.8;63;7.4;91;10.7;26;3.0;NA;41;4.8;;0;0.0;;0;0.0;;0;0.0;;0;0.0
2907501009;Málaga;50.5;PP;39.9;237;39.9;67;11.3;103;17.3;53;8.9;0;0.0;FE de las JONS;38;6.4;;0;0.0;;0;0.0;;0;0.0;;0;0.0
2907501010;Málaga;55.7;PP;51.2;312;51.2;52;8.5;43;7.0;117;19.2;0;0.0;MUNDO+JUSTO;46;7.5;;0;0.0;;0;0.0;;0;0.0;;0;0.0
2907601001;Málaga;52.9;PP;36.6;351;36.6;183;19.1;135;14.1;43;4.5;0;0.0;FE de las JONS;106;11.0;NA;54;5.6;;0;0.0;;0;0.0;;0;0.0
2907601002;Málaga;48.2;PP;37.9;171;37.9;56;12.4;60;13.3;27;6.0;0;0.0;MUNDO+JUSTO;92;20.4;;0;0.0;;0;0.0;;0;0.0;;0;0.0
2907701001;Málaga;59.3;PSOE-A;44.1;22;18.6;52;44.1;19;16.1;0;0.0;0;0.0;CONECTA;17;14.4;FE de las JONS;4;3.4;;0;0.0;;0;0.0;;0;0.0
2907901001;Málaga;57.3;PP;27.8;131;27.8;77;16.3;10;2.1;93;19.7;110;23.3;PCPA;25;5.3;;0;0.0;;0;0.0;;0;0.0;;0;0.0
2907901002;Málaga;62.0;PP;45.1;242;45.1;125;23.3;31;5.8;43;8.0;0;0.0;MUNDO+JUSTO;41;7.6;;0;0.0;;0;0.0;;0;0.0;;0;0.0
2907901003;Málaga;49.4;PSOE-A;35.7;102;30.4;120;35.7;28;8.3;10;3.0;0;0.0;ESCAÑOS EN BLANCO;50;14.9;MUNDO+JUSTO;18;5.4;;0;0.0;;0;0.0;;0;0.0
2908001001;Málaga;54.8;PP;48.5;267;48.5;51;9.3;99;18.0;5;0.9;0;0.0;29;56;10.2;PACMA;49;8.9;;0;0.0;;0;0.0;;0;0.0
2908001002;Málaga;52.4;PP;43.0;217;43.0;91;18.0;87;17.2;28;5.5;0;0.0;SALF;52;10.3;;0;0.0;;0;0.0;;0;0.0;;0;0.0
2908001003;Málaga;50.5;PP;52.9;280;52.9;63;11.9;38;7.2;39;7.4;0;0.0;CONECTA;39;7.4;;0;0.0;;0;0.0;;0;0.0;;0;0.0
2908001004;Málaga;56.5;PP;47.9;324;47.9;61;9.0;47;7.0;58;8.6;0;0.0;PACMA;47;7.0;;0;0.0;;0;0.0;;0;0.0;;0;0.0
2908001005;Málaga;56.3;PP;49.8;297;49.8;55;9.2;43;7.2;67;11.2;0;0.0;29;41;6.9;;0;0.0;;0;0.0;;0;0.0;;0;0.0
2908002001;Málaga;56.0;PP;48.3;316;48.3;61;9.3;97;14.8;28;4.3;0;0.0;PCPA;65;9.9;ESCAÑOS EN BLANCO;40;6.1;;0;0.0;;0;0.0;;0;0.0
2908002002;Málaga;53.5;PP;61.7;409;61.7;102;15.4;28;4.2;19;2.9;0;0.0;SALF;38;5.7;NA;22;3.3;;0;0.0;;0;0.0;;0;0.0
2908101001;Málaga;56.0;PP;50.8;63;50.8;19;15.3;23;18.6;4;3.2;0;0.0;FE de las JONS;5;4.0;PCPA;4;3.2;;0;0.0;;0;0.0;;0;0.0
2908201001;Málaga;54.2;PP;38.8;394;38.8;184;18.1;74;7.3;61;6.0;0;0.0;SOCIEDAD UNIDA;121;11.9;SALF;70;6.9;;0;0.0;;0;0.0;;0;0.0
2908201002;Málaga;55.1;PP;48.1;395;48.1;109;13.3;142;17.3;4;0.5;0;0.0;FE de las JONS;42;5.1;MUNDO+JUSTO;41;5.0;;0;0.0;;0;0.0;;0;0.0
2908201003;Málaga;54.6;PP;36.0;318;36.0;204;23.1;117;13.3;23;2.6;0;0.0;PACMA;134;15.2;FE de las JONS;24;2.7;;0;0.0;;0;0.0;;0;0.0
2908201004;Málaga;61.7;PP;48.6;291;48.6;208;34.7;32;5.3;3;0.5;0;0.0;ESCAÑOS EN BLANCO;37;6.2;NA;25;4.2;;0;0.0;;0;0.0;;0;0.0
2908201005;Málaga;54.1;PP;43.2;253;43.2;115;19.7;39;6.7;43;7.4;0;0.0;29;64;10.9;;0;0.0;;0;0.0;;0;0.0;;0;0.0
2908201006;Málaga;54.7;PP;39.2;243;39.2;96;15.5;48;7.7;65;10.5;24;3.9;ANDALUCISTAS-PA;57;9.2;;0;0.0;;0;0.0;;0;0.0;;0;0.0
2908201007;Málaga;55.6;PP;47.5;290;47.5;130;21.3;45;7.4;91;14.9;0;0.0;PCPA;21;3.4;;0;0.0;;0;0.0;;0;0.0;;0;0.0
2908201008;Málaga;61.9;PP;36.7;288;36.7;48;6.1;65;8.3;128;16.3;0;0.0;PCPA;70;8.9;ANDALUCISTAS-PA;64;8.2;;0;0.0;;0;0.0;;0;0.0
2908201009;Málaga;60.5;PP;39.8;348;39.8;144;16.5;29;3.3;140;16.0;0;0.0;MUNDO+JUSTO;66;7.5;PACMA;42;4.8;;0;0.0;;0;0.0;;0;0.0
2908201010;Málaga;61.5;PP;31.7;312;31.7;187;19.0;115;11.7;50;5.1;0;0.0;29;137;13.9;SALF;53;5.4;;0;0.0;;0;0.0;;0;0.0
2908201011;Málaga;63.3;PP;50.6;408;50.6;45;5.6;90;11.2;43;5.3;0;0.0;PACMA;92;11.4;CONECTA;73;9.0;;0;0.0;;0;0.0;;0;0.0
2908201012;Málaga;63.4;PP;40.9;465;40.9;156;13.7;60;5.3;280;24.6;102;9.0;;0;0.0;;0;0.0;;0;0.0;;0;0.0;;0;0.0
2908201013;Málaga;64.5;PP;52.5;404;52.5;93;12.1;26;3.4;36;4.7;74;9.6;CONECTA;72;9.4;PCPA;42;5.5;;0;0.0;;0;0.0;;0;0.0
2908201014;Málaga;60.7;PP;40.2;220;40.2;126;23.0;103;18.8;2;0.4;0;0.0;MUNDO+JUSTO;49;8.9;NA;24;4.4;;0;0.0;;0;0.0;;0;0.0
2908201015;Málaga;66.3;PP;35.9;270;35.9;114;15.2;83;11.0;76;10.1;0;0.0;ANDALUCISTAS-PA;51;6.8;;0;0.0;;0;0.0;;0;0.0;;0;0.0
2908201016;Málaga;64.1;PP;50.2;547;50.2;115;10.6;137;12.6;9;0.8;0;0.0;MUNDO+JUSTO;78;7.2;FE de las JONS;46;4.2;;0;0.0;;0;0.0;;0;0.0
2908201017;Málaga;72.3;PP;49.3;460;49.3;208;22.3;123;13.2;36;3.9;0;0.0;MUNDO+JUSTO;30;3.2;;0;0.0;;0;0.0;;0;0.0;;0;0.0
2908201018;Málaga;63.0;PP;49.0;470;49.0;121;12.6;97;10.1;116;12.1;0;0.0;ANDALUCISTAS-PA;80;8.3;;0;0.0;;0;0.0;;0;0.0;;0;0.0
2908201019;Málaga;70.2;PP;47.2;432;47.2;117;12.8;18;2.0;83;9.1;0;0.0;MUNDO+JUSTO;130;14.2;NA;71;7.8;;0;0.0;;0;0.0;;0;0.0
2908201020;Málaga;53.1;PP;34.5;252;34.5;116;15.9;100;13.7;37;5.1;0;0.0;FE de las JONS;93;12.7;MUNDO+JUSTO;57;7.8;;0;0.0;;0;0.0;;0;0.0
2908201021;Málaga;64.7;PP;47.6;416;47.6;67;7.7;65;7.4;116;13.3;15;1.7;SOCIEDAD UNIDA;57;6.5;;0;0.0;;0;0.0;;0;0.0;;0;0.0
2908201022;Málaga;68.8;PP;45.7;459;45.7;129;12.8;121;12.0;68;6.8;0;0.0;MUNDO+JUSTO;92;9.2;;0;0.0;;0;0.0;;0;0.0;;0;0.0
2908201023;Málaga;57.9;PP;49.6;495;49.6;81;8.1;92;9.2;145;14.5;0;0.0;29;50;5.0;;0;0.0;;0;0.0;;0;0.0;;0;0.0
2908201024;Málaga;67.8;PP;41.2;455;41.2;174;15.8;216;19.6;92;8.3;0;0.0;CONECTA;60;5.4;;0;0.0;;0;0.0;;0;0.0;;0;0.0
2908201025;Málaga;65.8;PP;47.5;511;47.5;33;3.1;136;12.6;117;10.9;0;0.0;MUNDO+JUSTO;168;15.6;PACMA;47;4.4;;0;0.0;;0;0.0;;0;0.0
2908201026;Málaga;65.9;PP;42.0;304;42.0;97;13.4;101;14.0;31;4.3;0;0.0;MUNDO+JUSTO;51;7.0;29;39;5.4;;0;0.0;;0;0.0;;0;0.0
2908201027;Málaga;59.0;PP;46.6;198;46.6;71;16.7;9;2.1;9;2.1;0;0.0;SALF;37;8.7;MUNDO+JUSTO;35;8.2;FE de las JONS;23;5.4;;0;0.0;;0;0.0
2908201028;Málaga;62.7;PP;33.4;233;33.4;138;19.8;84;12.0;45;6.5;0;0.0;29;74;10.6;;0;0.0;;0;0.0;;0;0.0;;0;0.0
2908201029;Málaga;62.2;PP;43.3;184;43.3;70;16.5;86;20.2;20;4.7;0;0.0;CONECTA;18;4.2;;0;0.0;;0;0.0;;0;0.0;;0;0.0
2908301001;Málaga;65.1;PP;50.8;187;50.8;63;17.1;52;14.1;0;0.0;0;0.0;CONECTA;31;8.4;PARTIDO AUTÓNOMOS;14;3.8;;0;0.0;;0;0.0;;0;0.0
2908302001;Málaga;66.0;PP;43.1;419;43.1;220;22.6;33;3.4;122;12.5;0;0.0;PARTIDO AUTÓNOMOS;58;6.0;ESCAÑOS EN BLANCO;48;4.9;;0;0.0;;0;0.0;;0;0.0
2908401001;Málaga;57.7;PP;45.1;341;45.1;103;13.6;75;9.9;38;5.0;0;0.0;PACMA;76;10.0;;0;0.0;;0;0.0;;0;0.0;;0;0.0
2908401002;Málaga;52.7;PP;32.9;131;32.9;99;24.9;59;14.8;6;1.5;54;13.6;FE de las JONS;23;5.8;;0;0.0;;0;0.0;;0;0.0;;0;0.0
2908401003;Málaga;50.9;PP;40.0;154;40.0;61;15.8;106;27.5;19;4.9;0;0.0;FE de las JONS;21;5.4;;0;0.0;;0;0.0;;0;0.0;;0;0.0
2908402001;Málaga;62.7;PP;45.8;468;45.8;201;19.7;50;4.9;36;3.5;0;0.0;PARTIDO AUTÓNOMOS;94;9.2;PCPA;74;7.2;;0;0.0;;0;0.0;;0;0.0
2908402002;Málaga;59.7;PP;53.7;281;53.7;65;12.4;57;10.9;8;1.5;0;0.0;NA;66;12.6;ESCAÑOS EN BLANCO;32;6.1;;0;0.0;;0;0.0;;0;0.0
2908402003;Málaga;52.2;PP;46.4;196;46.4;75;17.8;0;0.0;64;15.2;0;0.0;NA;38;9.0;PARTIDO AUTÓNOMOS;27;6.4;;0;0.0;;0;0.0;;0;0.0
2908402004;Málaga;56.0;PP;34.4;195;34.4;165;29.2;18;3.2;18;3.2;0;0.0;PCPA;72;12.7;MUNDO+JUSTO;28;5.0;29;26;4.6;;0;0.0;;0;0.0
2908402005;Málaga;49.8;PSOE-A;33.3;124;30.0;138;33.3;24;5.8;12;2.9;0;0.0;MUNDO+JUSTO;75;18.1;PCPA;15;3.6;;0;0.0;;0;0.0;;0;0.0
2908402006;Málaga;49.1;PP;42.9;245;42.9;129;22.6;55;9.6;37;6.5;0;0.0;29;35;6.1;;0;0.0;;0;0.0;;0;0.0;;0;0.0
2908402007;Málaga;54.0;PP;41.0;288;41.0;131;18.6;25;3.6;51;7.2;0;0.0;ESCAÑOS EN BLANCO;73;10.4;FE de las JONS;62;8.8;;0;0.0;;0;0.0;;0;0.0
2908402008;Málaga;62.5;PP;47.1;305;47.1;166;25.6;16;2.5;47;7.2;0;0.0;NA;45;6.9;ESCAÑOS EN BLANCO;29;4.5;;0;0.0;;0;0.0;;0;0.0
2908402009;Málaga;63.6;PP;43.5;295;43.5;177;26.1;43;6.3;3;0.4;0;0.0;PACMA;73;10.8;MUNDO+JUSTO;32;4.7;;0;0.0;;0;0.0;;0;0.0
2908402010;Málaga;49.5;PP;31.9;138;31.9;97;22.4;91;21.1;1;0.2;0;0.0;ESCAÑOS EN BLANCO;76;17.6;PACMA;13;3.0;;0;0.0;;0;0.0;;0;0.0
2908403001;Málaga;57.2;PP;54.8;317;54.8;45;7.8;104;18.0;0;0.0;0;0.0;PARTIDO AUTÓNOMOS;33;5.7;MUNDO+JUSTO;22;3.8;;0;0.0;;0;0.0;;0;0.0
2908403002;Málaga;53.5;PP;46.3;284;46.3;133;21.7;54;8.8;29;4.7;0;0.0;ANDALUCISTAS-PA;46;7.5;;0;0.0;;0;0.0;;0;0.0;;0;0.0
2908403003;Málaga;58.8;PP;44.1;152;44.1;68;19.7;0;0.0;72;20.9;0;0.0;FE de las JONS;20;5.8;PARTIDO AUTÓNOMOS;17;4.9;;0;0.0;;0;0.0;;0;0.0
2908403004;Málaga;60.3;PP;38.4;201;38.4;88;16.8;80;15.3;0;0.0;0;0.0;CONECTA;57;10.9;MUNDO+JUSTO;27;5.2;;0;0.0;;0;0.0;;0;0.0
2908403005;Málaga;60.0;PP;67.8;351;67.8;61;11.8;9;1.7;69;13.3;0;0.0;NA;21;4.0;;0;0.0;;0;0.0;;0;0.0;;0;0.0
2908403006;Málaga;61.8;PP;34.6;250;34.6;145;20.1;91;12.6;24;3.3;0;0.0;NA;79;10.9;PCPA;45;6.2;;0;0.0;;0;0.0;;0;0.0
2908403007;Málaga;54.3;PP;41.0;229;41.0;109;19.5;56;10.0;12;2.2;62;11.1;PARTIDO AUTÓNOMOS;28;5.0;;0;0.0;;0;0.0;;0;0.0;;0;0.0
2908404001;Málaga;60.1;PP;47.6;355;47.6;110;14.8;35;4.7;32;4.3;0;0.0;CONECTA;68;9.1;FE de las JONS;65;8.7;PACMA;35;4.7;;0;0.0;;0;0.0
2908404003;Málaga;64.5;PP;48.4;273;48.4;75;13.3;95;16.8;0;0.0;0;0.0;CONECTA;50;8.9;PACMA;36;6.4;;0;0.0;;0;0.0;;0;0.0
2908404004;Málaga;57.2;PP;48.6;501;48.6;149;14.4;91;8.8;156;15.1;0;0.0;PACMA;51;5.0;;0;0.0;;0;0.0;;0;0.0;;0;0.0
2908405002;Málaga;43.9;VOX;38.0;60;21.5;90;32.3;106;38.0;17;6.1;0;0.0;ESCAÑOS EN BLANCO;5;1.8;;0;0.0;;0;0.0;;0;0.0;;0;0.0
2908405004;Málaga;59.3;PP;51.3;219;51.3;38;8.9;56;13.1;34;8.0;0;0.0;MUNDO+JUSTO;42;9.8;;0;0.0;;0;0.0;;0;0.0;;0;0.0
2908405005;Málaga;46.7;PP;30.5;198;30.5;178;27.4;111;17.1;12;1.8;0;0.0;MUNDO+JUSTO;91;14.0;NA;19;2.9;;0;0.0;;0;0.0;;0;0.0
2908501001;Málaga;68.9;PP;36.3;33;36.3;27;29.7;4;4.4;2;2.2;16;17.6;FE de las JONS;6;6.6;;0;0.0;;0;0.0;;0;0.0;;0;0.0
2908601001;Málaga;47.7;PP;56.0;206;56.0;60;16.3;73;19.8;0;0.0;0;0.0;MUNDO+JUSTO;11;3.0;ESCAÑOS EN BLANCO;8;2.2;;0;0.0;;0;0.0;;0;0.0
2908701001;Málaga;64.3;PorA;32.9;55;23.8;27;11.7;22;9.5;76;32.9;0;0.0;CONECTA;33;14.3;;0;0.0;;0;0.0;;0;0.0;;0;0.0
2908801001;Málaga;62.2;PP;36.2;305;36.2;254;30.2;145;17.2;17;2.0;0;0.0;NA;104;12.4;;0;0.0;;0;0.0;;0;0.0;;0;0.0
2908801002;Málaga;54.5;PP;39.2;281;39.2;170;23.7;114;15.9;4;0.6;0;0.0;NA;51;7.1;PARTIDO AUTÓNOMOS;43;6.0;;0;0.0;;0;0.0;;0;0.0
2908901001;Málaga;65.8;PorA;27.9;186;19.1;188;19.3;32;3.3;271;27.9;0;0.0;FE de las JONS;112;11.5;PACMA;90;9.3;;0;0.0;;0;0.0;;0;0.0
2908901002;Málaga;63.3;PSOE-A;38.5;45;11.8;147;38.5;43;11.3;49;12.8;0;0.0;PACMA;76;19.9;;0;0.0;;0;0.0;;0;0.0;;0;0.0
2908901003;Málaga;59.9;PSOE-A;34.7;51;9.2;192;34.7;19;3.4;136;24.6;0;0.0;CONECTA;70;12.6;MUNDO+JUSTO;38;6.9;;0;0.0;;0;0.0;;0;0.0
2909001001;Málaga;63.8;PP;53.9;573;53.9;201;18.9;146;13.7;0;0.0;0;0.0;PARTIDO AUTÓNOMOS;62;5.8;MUNDO+JUSTO;40;3.8;;0;0.0;;0;0.0;;0;0.0
2909101001;Málaga;59.5;PP;34.2;213;34.2;160;25.7;55;8.8;70;11.2;0;0.0;MUNDO+JUSTO;52;8.4;;0;0.0;;0;0.0;;0;0.0;;0;0.0
2909101002;Málaga;55.6;PSOE-A;36.2;81;28.7;102;36.2;17;6.0;13;4.6;0;0.0;PACMA;42;14.9;PARTIDO AUTÓNOMOS;14;5.0;;0;0.0;;0;0.0;;0;0.0
2909101003;Málaga;47.9;PP;36.8;122;36.8;57;17.2;42;12.6;29;8.7;0;0.0;FE de las JONS;43;13.0;;0;0.0;;0;0.0;;0;0.0;;0;0.0
2909102001;Málaga;56.7;PP;38.4;417;38.4;189;17.4;110;10.1;105;9.7;0;0.0;MUNDO+JUSTO;95;8.8;;0;0.0;;0;0.0;;0;0.0;;0;0.0
2909102002;Málaga;57.4;PP;38.0;429;38.0;240;21.3;124;11.0;157;13.9;0;0.0;ESCAÑOS EN BLANCO;47;4.2;;0;0.0;;0;0.0;;0;0.0;;0;0.0
2909102003;Málaga;56.8;PP;46.8;277;46.8;95;16.0;78;13.2;25;4.2;0;0.0;MUNDO+JUSTO;45;7.6;;0;0.0;;0;0.0;;0;0.0;;0;0.0
2909103001;Málaga;57.6;PP;43.2;496;43.2;218;19.0;121;10.5;69;6.0;0;0.0;SOCIEDAD UNIDA;57;5.0;;0;0.0;;0;0.0;;0;0.0;;0;0.0
2909103002;Málaga;57.4;PP;55.0;561;55.0;80;7.8;139;13.6;74;7.2;0;0.0;MUNDO+JUSTO;52;5.1;;0;0.0;;0;0.0;;0;0.0;;0;0.0
2909201001;Málaga;52.7;PP;31.8;101;31.8;69;21.7;9;2.8;49;15.4;0;0.0;SALF;48;15.1;FE de las JONS;16;5.0;;0;0.0;;0;0.0;;0;0.0
2909301001;Málaga;59.4;PSOE-A;41.4;151;27.9;224;41.4;19;3.5;22;4.1;0;0.0;PACMA;109;20.2;;0;0.0;;0;0.0;;0;0.0;;0;0.0
2909301002;Málaga;57.0;PP;40.0;262;40.0;145;22.1;10;1.5;119;18.2;0;0.0;SOCIEDAD UNIDA;43;6.6;MUNDO+JUSTO;17;2.6;;0;0.0;;0;0.0;;0;0.0
2909401001;Málaga;39.7;PSOE-A;29.3;63;17.6;105;29.3;17;4.8;22;6.2;0;0.0;PACMA;65;18.2;ANDALUCISTAS-PA;32;8.9;ESCAÑOS EN BLANCO;24;6.7;;0;0.0;;0;0.0
2909401002;Málaga;38.2;PP;49.5;156;49.5;24;7.6;35;11.1;0;0.0;0;0.0;MUNDO+JUSTO;60;19.0;PACMA;18;5.7;;0;0.0;;0;0.0;;0;0.0
2909401003;Málaga;49.1;PP;43.8;197;43.8;66;14.7;59;13.1;7;1.6;0;0.0;PCPA;77;17.1;FE de las JONS;19;4.2;;0;0.0;;0;0.0;;0;0.0
2909401004;Málaga;61.5;PP;47.0;240;47.0;72;14.1;82;16.0;0;0.0;0;0.0;ESCAÑOS EN BLANCO;43;8.4;PARTIDO AUTÓNOMOS;33;6.5;;0;0.0;;0;0.0;;0;0.0
2909401005;Málaga;51.4;PP;45.5;484;45.5;150;14.1;209;19.7;65;6.1;0;0.0;PACMA;71;6.7;;0;0.0;;0;0.0;;0;0.0;;0;0.0
2909401006;Málaga;57.2;PP;46.2;425;46.2;135;14.7;14;1.5;109;11.9;0;0.0;NA;91;9.9;MUNDO+JUSTO;41;4.5;;0;0.0;;0;0.0;;0;0.0
2909401007;Málaga;58.5;PP;37.2;241;37.2;123;19.0;122;18.9;39;6.0;0;0.0;PACMA;39;6.0;;0;0.0;;0;0.0;;0;0.0;;0;0.0
2909401008;Málaga;49.2;PP;35.1;307;35.1;148;16.9;32;3.7;120;13.7;0;0.0;PACMA;75;8.6;SOCIEDAD UNIDA;45;5.2;;0;0.0;;0;0.0;;0;0.0
2909401009;Málaga;60.2;PP;41.5;399;41.5;170;17.7;108;11.2;65;6.8;0;0.0;SOCIEDAD UNIDA;66;6.9;;0;0.0;;0;0.0;;0;0.0;;0;0.0
2909401010;Málaga;65.9;PP;49.5;582;49.5;152;12.9;163;13.9;27;2.3;0;0.0;PARTIDO AUTÓNOMOS;94;8.0;PACMA;74;6.3;;0;0.0;;0;0.0;;0;0.0
2909401011;Málaga;29.2;PP;31.0;129;31.0;111;26.7;61;14.7;44;10.6;0;0.0;NA;35;8.4;;0;0.0;;0;0.0;;0;0.0;;0;0.0
2909401012;Málaga;52.9;PP;43.2;289;43.2;98;14.6;94;14.0;9;1.4;0;0.0;SALF;42;6.3;ESCAÑOS EN BLANCO;32;4.8;;0;0.0;;0;0.0;;0;0.0
2909401013;Málaga;52.9;PP;36.6;196;36.6;91;17.0;93;17.4;0;0.0;0;0.0;29;37;6.9;ESCAÑOS EN BLANCO;36;6.7;;0;0.0;;0;0.0;;0;0.0
2909401014;Málaga;64.7;PP;38.6;414;38.6;64;6.0;175;16.3;117;10.9;0;0.0;PACMA;130;12.1;;0;0.0;;0;0.0;;0;0.0;;0;0.0
2909401015;Málaga;52.1;PP;34.4;113;34.4;82;24.9;58;17.6;7;2.1;0;0.0;29;47;14.3;ESCAÑOS EN BLANCO;12;3.6;;0;0.0;;0;0.0;;0;0.0
2909401016;Málaga;62.5;PP;42.6;428;42.6;113;11.2;195;19.4;0;0.0;78;7.8;PARTIDO AUTÓNOMOS;87;8.7;;0;0.0;;0;0.0;;0;0.0;;0;0.0
2909401017;Málaga;55.6;PP;39.2;305;39.2;70;9.0;179;23.0;51;6.6;0;0.0;NA;47;6.0;;0;0.0;;0;0.0;;0;0.0;;0;0.0
2909401018;Málaga;53.7;PP;43.3;295;43.3;89;13.0;132;19.4;40;5.9;0;0.0;ESCAÑOS EN BLANCO;53;7.8;;0;0.0;;0;0.0;;0;0.0;;0;0.0
2909402001;Málaga;58.9;PP;58.2;237;58.2;58;14.2;57;14.0;0;0.0;0;0.0;PACMA;27;6.6;PARTIDO AUTÓNOMOS;15;3.7;;0;0.0;;0;0.0;;0;0.0
2909402002;Málaga;59.8;PP;43.8;235;43.8;92;17.2;50;9.3;6;1.1;0;0.0;29;60;11.2;MUNDO+JUSTO;38;7.1;;0;0.0;;0;0.0;;0;0.0
2909402003;Málaga;54.4;PP;46.2;259;46.2;71;12.7;116;20.7;16;2.8;0;0.0;PACMA;70;12.5;;0;0.0;;0;0.0;;0;0.0;;0;0.0
2909402004;Málaga;55.8;PP;36.2;284;36.2;149;19.0;97;12.4;56;7.1;0;0.0;SOCIEDAD UNIDA;92;11.7;;0;0.0;;0;0.0;;0;0.0;;0;0.0
2909402005;Málaga;48.2;PP;40.8;144;40.8;15;4.2;21;6.0;0;0.0;0;0.0;PACMA;63;17.8;ANDALUCISTAS-PA;57;16.2;MUNDO+JUSTO;26;7.4;;0;0.0;;0;0.0
2909402006;Málaga;62.4;PP;31.9;118;31.9;97;26.2;29;7.8;19;5.1;0;0.0;CONECTA;70;18.9;PARTIDO AUTÓNOMOS;26;7.0;;0;0.0;;0;0.0;;0;0.0
2909402007;Málaga;55.1;PP;50.4;323;50.4;83;13.0;78;12.2;75;11.7;0;0.0;ESCAÑOS EN BLANCO;31;4.8;;0;0.0;;0;0.0;;0;0.0;;0;0.0
2909402008;Málaga;50.8;PP;48.2;221;48.2;76;16.6;113;24.6;12;2.6;0;0.0;NA;24;5.2;;0;0.0;;0;0.0;;0;0.0;;0;0.0
2909402009;Málaga;57.2;PP;39.2;312;39.2;70;8.8;170;21.3;4;0.5;0;0.0;PACMA;68;8.5;SALF;46;5.8;;0;0.0;;0;0.0;;0;0.0
2909403001;Málaga;43.5;PP;37.4;151;37.4;91;22.5;43;10.6;6;1.5;0;0.0;PARTIDO AUTÓNOMOS;70;17.3;PCPA;27;6.7;;0;0.0;;0;0.0;;0;0.0
2909403002;Málaga;62.9;PP;43.6;365;43.6;119;14.2;50;6.0;65;7.8;0;0.0;PACMA;79;9.4;CONECTA;53;6.3;;0;0.0;;0;0.0;;0;0.0
2909403003;Málaga;47.2;PP;44.2;264;44.2;93;15.6;54;9.0;39;6.5;0;0.0;CONECTA;58;9.7;ESCAÑOS EN BLANCO;43;7.2;;0;0.0;;0;0.0;;0;0.0
2909403004;Málaga;56.8;PP;39.6;419;39.6;190;18.0;64;6.0;131;12.4;0;0.0;PACMA;90;8.5;ANDALUCISTAS-PA;81;7.7;;0;0.0;;0;0.0;;0;0.0
2909403005;Málaga;54.3;PP;46.5;367;46.5;54;6.8;80;10.1;35;4.4;0;0.0;SALF;87;11.0;ANDALUCISTAS-PA;47;6.0;;0;0.0;;0;0.0;;0;0.0
2909403006;Málaga;59.9;PP;42.3;392;42.3;139;15.0;129;13.9;74;8.0;0;0.0;ESCAÑOS EN BLANCO;65;7.0;;0;0.0;;0;0.0;;0;0.0;;0;0.0
2909403007;Málaga;60.1;PP;48.0;300;48.0;98;15.7;50;8.0;67;10.7;0;0.0;NA;56;9.0;;0;0.0;;0;0.0;;0;0.0;;0;0.0
2909403008;Málaga;45.9;PP;46.2;209;46.2;63;13.9;6;1.3;0;0.0;0;0.0;SOCIEDAD UNIDA;75;16.6;MUNDO+JUSTO;55;12.2;FE de las JONS;22;4.9;;0;0.0;;0;0.0
2909403009;Málaga;50.7;PP;43.8;267;43.8;142;23.3;84;13.8;1;0.2;0;0.0;ESCAÑOS EN BLANCO;44;7.2;PARTIDO AUTÓNOMOS;42;6.9;;0;0.0;;0;0.0;;0;0.0
2909403010;Málaga;49.7;PP;38.0;295;38.0;164;21.1;121;15.6;33;4.2;45;5.8;;0;0.0;;0;0.0;;0;0.0;;0;0.0;;0;0.0
2909403011;Málaga;58.3;PP;42.0;391;42.0;89;9.6;152;16.3;66;7.1;82;8.8;;0;0.0;;0;0.0;;0;0.0;;0;0.0;;0;0.0
2909403012;Málaga;61.6;PP;45.6;506;45.6;147;13.3;78;7.0;34;3.1;0;0.0;ESCAÑOS EN BLANCO;87;7.8;MUNDO+JUSTO;73;6.6;;0;0.0;;0;0.0;;0;0.0
2909403013;Málaga;65.9;PP;35.2;349;35.2;175;17.7;223;22.5;76;7.7;0;0.0;PARTIDO AUTÓNOMOS;118;11.9;;0;0.0;;0;0.0;;0;0.0;;0;0.0
2909403014;Málaga;63.6;PP;41.0;380;41.0;88;9.5;262;28.3;41;4.4;0;0.0;PARTIDO AUTÓNOMOS;41;4.4;;0;0.0;;0;0.0;;0;0.0;;0;0.0
2909403015;Málaga;53.3;PP;45.5;346;45.5;93;12.2;18;2.4;80;10.5;0;0.0;MUNDO+JUSTO;110;14.5;ESCAÑOS EN BLANCO;52;6.8;;0;0.0;;0;0.0;;0;0.0
2909404001;Málaga;61.9;PP;48.4;421;48.4;89;10.2;88;10.1;38;4.4;0;0.0;MUNDO+JUSTO;75;8.6;NA;40;4.6;;0;0.0;;0;0.0;;0;0.0
2909404002;Málaga;52.4;PP;41.8;153;41.8;57;15.6;61;16.7;6;1.6;56;15.3;NA;14;3.8;;0;0.0;;0;0.0;;0;0.0;;0;0.0
2909404003;Málaga;52.6;PP;43.3;440;43.3;160;15.7;169;16.6;15;1.5;0;0.0;SOCIEDAD UNIDA;46;4.5;MUNDO+JUSTO;43;4.2;;0;0.0;;0;0.0;;0;0.0
2909404004;Málaga;59.8;PP;39.0;368;39.0;105;11.1;94;10.0;119;12.6;0;0.0;PCPA;116;12.3;FE de las JONS;110;11.7;;0;0.0;;0;0.0;;0;0.0
2909404005;Málaga;62.7;PP;54.1;579;54.1;40;3.7;47;4.4;142;13.3;60;5.6;MUNDO+JUSTO;59;5.5;;0;0.0;;0;0.0;;0;0.0;;0;0.0
2909404006;Málaga;48.2;PP;38.9;234;38.9;125;20.8;53;8.8;30;5.0;0;0.0;ANDALUCISTAS-PA;56;9.3;ESCAÑOS EN BLANCO;38;6.3;;0;0.0;;0;0.0;;0;0.0
2909404007;Málaga;54.6;PP;37.3;363;37.3;192;19.7;163;16.7;16;1.6;0;0.0;MUNDO+JUSTO;75;7.7;FE de las JONS;55;5.6;;0;0.0;;0;0.0;;0;0.0
2909405001;Málaga;57.0;PSOE-A;43.7;142;30.7;202;43.7;57;12.3;1;0.2;0;0.0;NA;26;5.6;PACMA;18;3.9;;0;0.0;;0;0.0;;0;0.0
2909501001;Málaga;58.0;PSOE-A;36.2;203;25.7;286;36.2;75;9.5;13;1.6;83;10.5;PACMA;67;8.5;;0;0.0;;0;0.0;;0;0.0;;0;0.0
2909501002;Málaga;62.2;PP;32.9;368;32.9;297;26.5;82;7.3;45;4.0;0;0.0;MUNDO+JUSTO;72;6.4;29;65;5.8;;0;0.0;;0;0.0;;0;0.0
2909601001;Málaga;53.2;PP;43.9;348;43.9;176;22.2;37;4.7;78;9.8;0;0.0;PACMA;72;9.1;;0;0.0;;0;0.0;;0;0.0;;0;0.0
2909601002;Málaga;63.0;PSOE-A;36.2;224;27.8;292;36.2;36;4.5;17;2.1;0;0.0;PCPA;80;9.9;PACMA;78;9.7;;0;0.0;;0;0.0;;0;0.0
2909701001;Málaga;64.2;PP;44.1;229;44.1;119;22.9;10;1.9;29;5.6;0;0.0;MUNDO+JUSTO;46;8.9;NA;40;7.7;;0;0.0;;0;0.0;;0;0.0
2909701002;Málaga;58.7;PP;35.0;151;35.0;128;29.7;56;13.0;7;1.6;0;0.0;MUNDO+JUSTO;24;5.6;ESCAÑOS EN BLANCO;24;5.6;;0;0.0;;0;0.0;;0;0.0
2909701003;Málaga;56.4;PSOE-A;34.1;210;29.3;244;34.1;12;1.7;33;4.6;0;0.0;MUNDO+JUSTO;64;8.9;29;62;8.7;;0;0.0;;0;0.0;;0;0.0
2909701004;Málaga;63.1;PP;42.2;139;42.2;79;24.0;0;0.0;29;8.8;0;0.0;NA;40;12.2;PARTIDO AUTÓNOMOS;18;5.5;;0;0.0;;0;0.0;;0;0.0
2909701005;Málaga;65.3;PP;45.9;276;45.9;93;15.5;73;12.2;0;0.0;0;0.0;SALF;79;13.1;PACMA;36;6.0;;0;0.0;;0;0.0;;0;0.0
2909801001;Málaga;62.9;PP;35.2;254;35.2;230;31.9;14;1.9;7;1.0;0;0.0;PCPA;96;13.3;29;49;6.8;ESCAÑOS EN BLANCO;43;6.0;;0;0.0;;0;0.0
2909901001;Málaga;59.6;PSOE-A;32.7;197;31.3;206;32.7;59;9.4;45;7.1;0;0.0;PARTIDO AUTÓNOMOS;39;6.2;;0;0.0;;0;0.0;;0;0.0;;0;0.0
2910001001;Málaga;58.4;PP;48.9;300;48.9;119;19.4;0;0.0;32;5.2;39;6.4;CONECTA;25;4.1;;0;0.0;;0;0.0;;0;0.0;;0;0.0
2910001002;Málaga;58.4;PP;44.8;334;44.8;187;25.1;45;6.0;4;0.5;0;0.0;ANDALUCISTAS-PA;39;5.2;29;36;4.8;;0;0.0;;0;0.0;;0;0.0
2990101001;Málaga;65.0;PP;49.4;411;49.4;12;1.4;93;11.2;53;6.4;0;0.0;SALF;92;11.1;MUNDO+JUSTO;69;8.3;;0;0.0;;0;0.0;;0;0.0
2990101002;Málaga;45.2;PP;57.9;232;57.9;75;18.7;58;14.5;3;0.8;0;0.0;NA;26;6.5;PACMA;6;1.5;;0;0.0;;0;0.0;;0;0.0
2990101003;Málaga;52.5;PP;41.5;316;41.5;158;20.7;24;3.2;97;12.7;0;0.0;MUNDO+JUSTO;48;6.3;PACMA;44;5.8;;0;0.0;;0;0.0;;0;0.0
2990101004;Málaga;43.4;PP;40.0;167;40.0;104;24.9;45;10.8;1;0.2;0;0.0;29;33;7.9;FE de las JONS;27;6.5;;0;0.0;;0;0.0;;0;0.0
2990101005;Málaga;55.3;PP;48.2;214;48.2;89;20.0;5;1.1;44;9.9;45;10.1;ESCAÑOS EN BLANCO;19;4.3;;0;0.0;;0;0.0;;0;0.0;;0;0.0
2990101006;Málaga;46.4;PP;44.8;187;44.8;91;21.8;20;4.8;39;9.4;0;0.0;NA;26;6.2;MUNDO+JUSTO;23;5.5;;0;0.0;;0;0.0;;0;0.0
2990101007;Málaga;55.4;PP;50.6;323;50.6;64;10.0;63;9.9;28;4.4;0;0.0;SALF;51;8.0;ANDALUCISTAS-PA;48;7.5;;0;0.0;;0;0.0;;0;0.0
2990101008;Málaga;58.5;PP;59.2;423;59.2;72;10.1;71;9.9;69;9.7;0;0.0;PACMA;34;4.8;;0;0.0;;0;0.0;;0;0.0;;0;0.0
2990101009;Málaga;58.8;PP;37.5;266;37.5;136;19.2;52;7.3;72;10.1;0;0.0;MUNDO+JUSTO;97;13.7;;0;0.0;;0;0.0;;0;0.0;;0;0.0
2990101010;Málaga;56.0;PP;45.8;287;45.8;110;17.5;70;11.2;11;1.8;0;0.0;PACMA;65;10.4;ESCAÑOS EN BLANCO;22;3.5;;0;0.0;;0;0.0;;0;0.0
2990101011;Málaga;54.1;PP;34.1;241;34.1;140;19.8;18;2.6;96;13.6;26;3.7;CONECTA;79;11.2;MUNDO+JUSTO;39;5.5;;0;0.0;;0;0.0;;0;0.0
2990101012;Málaga;62.5;PP;53.2;312;53.2;53;9.0;38;6.5;29;4.9;0;0.0;ANDALUCISTAS-PA;117;19.9;;0;0.0;;0;0.0;;0;0.0;;0;0.0
2990101013;Málaga;40.0;PP;38.4;107;38.4;47;16.8;56;20.1;0;0.0;0;0.0;ESCAÑOS EN BLANCO;25;9.0;MUNDO+JUSTO;18;6.4;;0;0.0;;0;0.0;;0;0.0
2990101014;Málaga;58.2;PP;55.8;425;55.8;83;10.9;26;3.4;60;7.9;0;0.0;SALF;72;9.5;PARTIDO AUTÓNOMOS;32;4.2;;0;0.0;;0;0.0;;0;0.0
2990101015;Málaga;57.9;PP;37.5;195;37.5;86;16.5;26;5.0;55;10.6;0;0.0;PCPA;68;13.1;MUNDO+JUSTO;63;12.1;;0;0.0;;0;0.0;;0;0.0
2990101016;Málaga;57.7;PP;55.9;288;55.9;69;13.4;59;11.5;6;1.2;0;0.0;SALF;42;8.2;ESCAÑOS EN BLANCO;35;6.8;;0;0.0;;0;0.0;;0;0.0
2990101017;Málaga;45.8;PSOE-A;30.8;130;24.3;165;30.8;40;7.5;43;8.0;0;0.0;PCPA;85;15.9;;0;0.0;;0;0.0;;0;0.0;;0;0.0
2990101018;Málaga;51.3;PP;53.4;391;53.4;37;5.0;82;11.2;34;4.6;0;0.0;ESCAÑOS EN BLANCO;84;11.5;NA;37;5.0;;0;0.0;;0;0.0;;0;0.0
2990101019;Málaga;54.0;PP;40.0;281;40.0;132;18.8;37;5.3;53;7.6;53;7.6;NA;72;10.3;;0;0.0;;0;0.0;;0;0.0;;0;0.0
2990101020;Málaga;49.8;PP;39.7;257;39.7;124;19.2;71;11.0;81;12.5;0;0.0;PACMA;31;4.8;;0;0.0;;0;0.0;;0;0.0;;0;0.0
2990101021;Málaga;64.0;PP;49.8;213;49.8;30;7.0;68;15.9;18;4.2;0;0.0;CONECTA;36;8.4;MUNDO+JUSTO;33;7.7;;0;0.0;;0;0.0;;0;0.0
2990101022;Málaga;58.4;PP;54.7;269;54.7;10;2.0;18;3.7;52;10.6;0;0.0;PACMA;82;16.7;FE de las JONS;35;7.1;PCPA;25;5.1;;0;0.0;;0;0.0
2990101023;Málaga;46.0;PP;41.0;172;41.0;48;11.5;36;8.6;12;2.9;0;0.0;SOCIEDAD UNIDA;93;22.2;PCPA;22;5.2;;0;0.0;;0;0.0;;0;0.0
2990101024;Málaga;64.5;PP;47.3;389;47.3;127;15.4;89;10.8;81;9.8;0;0.0;NA;81;9.8;;0;0.0;;0;0.0;;0;0.0;;0;0.0
2990101025;Málaga;46.1;PP;41.4;164;41.4;51;12.9;63;15.9;1;0.2;0;0.0;SALF;30;7.6;MUNDO+JUSTO;23;5.8;;0;0.0;;0;0.0;;0;0.0
2990101026;Málaga;50.6;PP;32.9;160;32.9;133;27.4;4;0.8;62;12.8;0;0.0;SALF;42;8.6;MUNDO+JUSTO;36;7.4;;0;0.0;;0;0.0;;0;0.0
2990101027;Málaga;43.0;PP;51.5;234;51.5;60;13.2;74;16.3;0;0.0;0;0.0;MUNDO+JUSTO;32;7.0;SALF;25;5.5;;0;0.0;;0;0.0;;0;0.0
2990101028;Málaga;58.3;PP;37.2;190;37.2;85;16.7;106;20.8;6;1.2;0;0.0;FE de las JONS;76;14.9;PCPA;36;7.1;;0;0.0;;0;0.0;;0;0.0
2990101029;Málaga;43.0;PP;40.6;141;40.6;82;23.6;39;11.2;6;1.7;0;0.0;MUNDO+JUSTO;28;8.1;ESCAÑOS EN BLANCO;19;5.5;;0;0.0;;0;0.0;;0;0.0
2990101030;Málaga;55.0;PP;43.3;370;43.3;66;7.7;66;7.7;119;13.9;0;0.0;MUNDO+JUSTO;130;15.2;;0;0.0;;0;0.0;;0;0.0;;0;0.0
2990101031;Málaga;58.7;PP;35.1;257;35.1;206;28.1;100;13.6;18;2.5;0;0.0;PCPA;48;6.6;CONECTA;46;6.3;;0;0.0;;0;0.0;;0;0.0
2990101032;Málaga;47.5;PP;44.8;229;44.8;75;14.7;77;15.1;7;1.4;18;3.5;CONECTA;47;9.2;MUNDO+JUSTO;20;3.9;;0;0.0;;0;0.0;;0;0.0
2990101033;Málaga;55.5;PP;37.1;144;37.1;98;25.3;33;8.5;30;7.7;0;0.0;MUNDO+JUSTO;40;10.3;;0;0.0;;0;0.0;;0;0.0;;0;0.0
2990101034;Málaga;70.3;PP;50.6;630;50.6;247;19.9;121;9.7;19;1.5;0;0.0;PCPA;81;6.5;MUNDO+JUSTO;51;4.1;;0;0.0;;0;0.0;;0;0.0
2990101035;Málaga;67.0;PP;43.6;290;43.6;120;18.0;41;6.2;42;6.3;0;0.0;29;51;7.7;;0;0.0;;0;0.0;;0;0.0;;0;0.0
2990101036;Málaga;56.7;PP;52.7;308;52.7;49;8.4;49;8.4;40;6.8;0;0.0;FE de las JONS;32;5.5;;0;0.0;;0;0.0;;0;0.0;;0;0.0
2990101037;Málaga;66.2;PP;50.4;414;50.4;71;8.6;64;7.8;52;6.3;0;0.0;NA;116;14.1;PARTIDO AUTÓNOMOS;52;6.3;;0;0.0;;0;0.0;;0;0.0
2990101038;Málaga;54.6;PP;41.3;225;41.3;89;16.3;23;4.2;50;9.2;0;0.0;MUNDO+JUSTO;125;22.9;;0;0.0;;0;0.0;;0;0.0;;0;0.0
2990101039;Málaga;60.9;PP;50.1;473;50.1;42;4.4;69;7.3;69;7.3;0;0.0;FE de las JONS;103;10.9;29;61;6.5;;0;0.0;;0;0.0;;0;0.0
2990101040;Málaga;68.2;PP;65.6;338;65.6;16;3.1;40;7.8;40;7.8;0;0.0;NA;31;6.0;FE de las JONS;31;6.0;;0;0.0;;0;0.0;;0;0.0
2990101041;Málaga;71.8;PP;53.7;510;53.7;110;11.6;104;11.0;28;3.0;0;0.0;PACMA;91;9.6;MUNDO+JUSTO;35;3.7;;0;0.0;;0;0.0;;0;0.0
2990101042;Málaga;60.6;PP;68.3;385;68.3;48;8.5;31;5.5;24;4.3;0;0.0;MUNDO+JUSTO;28;5.0;ESCAÑOS EN BLANCO;26;4.6;;0;0.0;;0;0.0;;0;0.0
2990101043;Málaga;61.4;PP;47.2;317;47.2;60;8.9;56;8.3;48;7.1;0;0.0;ANDALUCISTAS-PA;72;10.7;;0;0.0;;0;0.0;;0;0.0;;0;0.0
2990201001;Málaga;52.1;PP;47.2;303;47.2;179;27.9;8;1.2;8;1.2;0;0.0;CONECTA;55;8.6;MUNDO+JUSTO;25;3.9;NA;22;3.4;;0;0.0;;0;0.0
2990201002;Málaga;54.7;PP;42.5;310;42.5;167;22.9;31;4.2;42;5.8;0;0.0;FE de las JONS;58;8.0;ANDALUCISTAS-PA;45;6.2;;0;0.0;;0;0.0;;0;0.0
2990301001;Málaga;63.2;PP;37.5;114;37.5;101;33.2;1;0.3;31;10.2;0;0.0;FE de las JONS;22;7.2;CONECTA;14;4.6;;0;0.0;;0;0.0;;0;0.0
2990401001;Málaga;68.2;PSOE-A;66.5;3;1.2;173;66.5;6;2.3;18;6.9;0;0.0;PARTIDO AUTÓNOMOS;50;19.2;NA;7;2.7;;0;0.0;;0;0.0;;0;0.0
4100101001;Sevilla;64.9;PP;45.2;196;45.2;92;21.2;1;0.2;74;17.0;0;0.0;PCPA;54;12.4;PARTIDO AUTÓNOMOS;10;2.3;;0;0.0;;0;0.0;;0;0.0
4100102001;Sevilla;61.9;PSOE-A;39.2;89;16.2;216;39.2;30;5.4;26;4.7;0;0.0;ESCAÑOS EN BLANCO;87;15.8;FE de las JONS;81;14.7;;0;0.0;;0;0.0;;0;0.0
4100201001;Sevilla;57.9;PP;44.4;178;44.4;77;19.2;0;0.0;31;7.7;0;0.0;PODER ANDALUZ;62;15.5;PACMA;20;5.0;;0;0.0;;0;0.0;;0;0.0
4100201002;Sevilla;63.4;PP;34.0;146;34.0;139;32.4;2;0.5;0;0.0;0;0.0;ESCAÑOS EN BLANCO;87;20.3;PARTIDO AUTÓNOMOS;22;5.1;MUNDO+JUSTO;15;3.5;;0;0.0;;0;0.0
4100301001;Sevilla;64.1;PP;51.2;395;51.2;238;30.9;43;5.6;0;0.0;0;0.0;MUNDO+JUSTO;32;4.2;ESCAÑOS EN BLANCO;25;3.2;;0;0.0;;0;0.0;;0;0.0
4100301002;Sevilla;62.3;PP;34.4;281;34.4;237;29.0;108;13.2;0;0.0;0;0.0;NA;115;14.1;PCPA;43;5.3;;0;0.0;;0;0.0;;0;0.0
4100401002;Sevilla;62.6;PP;39.5;447;39.5;177;15.6;109;9.6;12;1.1;0;0.0;PARTIDO AUTÓNOMOS;198;17.5;MUNDO+JUSTO;135;11.9;;0;0.0;;0;0.0;;0;0.0
4100401003;Sevilla;65.5;PP;67.9;483;67.9;12;1.7;45;6.3;15;2.1;0;0.0;PCTE;38;5.3;ESCAÑOS EN BLANCO;35;4.9;NA;29;4.1;;0;0.0;;0;0.0
4100402001;Sevilla;47.7;PP;30.6;161;30.6;128;24.3;64;12.1;26;4.9;0;0.0;ESCAÑOS EN BLANCO;44;8.4;MUNDO+JUSTO;28;5.3;;0;0.0;;0;0.0;;0;0.0
4100402003;Sevilla;64.1;PP;43.5;392;43.5;120;13.3;45;5.0;60;6.7;0;0.0;MUNDO+JUSTO;164;18.2;;0;0.0;;0;0.0;;0;0.0;;0;0.0
4100402004;Sevilla;55.7;PP;28.1;242;28.1;219;25.4;96;11.2;164;19.0;16;1.9;PACMA;50;5.8;;0;0.0;;0;0.0;;0;0.0;;0;0.0
4100402005;Sevilla;62.1;PP;40.8;310;40.8;139;18.3;62;8.2;35;4.6;0;0.0;NA;89;11.7;PCPA;55;7.2;;0;0.0;;0;0.0;;0;0.0
4100402006;Sevilla;55.6;PP;44.0;374;44.0;185;21.7;19;2.2;38;4.5;0;0.0;PCPA;84;9.9;PARTIDO AUTÓNOMOS;49;5.8;MUNDO+JUSTO;49;5.8;;0;0.0;;0;0.0
4100403001;Sevilla;65.0;PP;46.2;436;46.2;177;18.8;56;5.9;39;4.1;0;0.0;PARTIDO AUTÓNOMOS;72;7.6;PACMA;69;7.3;;0;0.0;;0;0.0;;0;0.0
4100403002;Sevilla;59.7;PP;62.2;225;62.2;43;11.9;0;0.0;42;11.6;0;0.0;NA;24;6.6;ESCAÑOS EN BLANCO;14;3.9;;0;0.0;;0;0.0;;0;0.0
4100403003;Sevilla;62.6;PP;42.0;275;42.0;72;11.0;130;19.9;15;2.3;0;0.0;PODER ANDALUZ;54;8.3;PACMA;33;5.0;;0;0.0;;0;0.0;;0;0.0
4100403004;Sevilla;55.6;PP;29.4;204;29.4;172;24.8;55;7.9;80;11.5;0;0.0;MUNDO+JUSTO;42;6.0;;0;0.0;;0;0.0;;0;0.0;;0;0.0
4100403005;Sevilla;55.1;PSOE-A;27.0;146;25.9;152;27.0;41;7.3;27;4.8;0;0.0;ESCAÑOS EN BLANCO;88;15.6;PODER ANDALUZ;63;11.2;;0;0.0;;0;0.0;;0;0.0
4100403006;Sevilla;59.2;PSOE-A;31.8;147;22.5;208;31.8;94;14.4;12;1.8;0;0.0;FE de las JONS;45;6.9;PCPA;41;6.3;;0;0.0;;0;0.0;;0;0.0
4100403007;Sevilla;59.9;PSOE-A;38.4;98;17.8;211;38.4;36;6.6;4;0.7;55;10.0;FE de las JONS;64;11.6;;0;0.0;;0;0.0;;0;0.0;;0;0.0
4100403008;Sevilla;54.5;PSOE-A;36.4;112;18.5;220;36.4;3;0.5;30;5.0;0;0.0;ANDALUCISTAS - PA;80;13.2;PCTE;35;5.8;MUNDO+JUSTO;34;5.6;;0;0.0;;0;0.0
4100403009;Sevilla;56.9;PSOE-A;36.6;61;16.4;136;36.6;26;7.0;16;4.3;0;0.0;PARTIDO AUTÓNOMOS;100;26.9;NA;22;5.9;;0;0.0;;0;0.0;;0;0.0
4100403010;Sevilla;67.9;PP;43.4;311;43.4;101;14.1;118;16.5;60;8.4;44;6.2;;0;0.0;;0;0.0;;0;0.0;;0;0.0;;0;0.0
4100403011;Sevilla;55.2;PP;32.1;176;32.1;106;19.3;80;14.6;51;9.3;0;0.0;PCTE;59;10.8;;0;0.0;;0;0.0;;0;0.0;;0;0.0
4100404001;Sevilla;58.2;PP;34.7;358;34.7;211;20.5;155;15.0;43;4.2;68;6.6;PCPA;81;7.9;;0;0.0;;0;0.0;;0;0.0;;0;0.0
4100404002;Sevilla;60.0;PP;47.7;224;47.7;45;9.6;27;5.7;60;12.8;0;0.0;SALF;67;14.3;;0;0.0;;0;0.0;;0;0.0;;0;0.0
4100404003;Sevilla;57.0;PP;47.6;359;47.6;130;17.2;68;9.0;92;12.2;0;0.0;PARTIDO AUTÓNOMOS;45;6.0;;0;0.0;;0;0.0;;0;0.0;;0;0.0
4100404004;Sevilla;56.6;PP;31.5;329;31.5;194;18.6;72;6.9;59;5.6;74;7.1;NA;64;6.1;;0;0.0;;0;0.0;;0;0.0;;0;0.0
4100404005;Sevilla;35.6;PP;30.8;198;30.8;139;21.6;73;11.4;36;5.6;37;5.8;ESCAÑOS EN BLANCO;53;8.3;PCPA;41;6.4;;0;0.0;;0;0.0;;0;0.0
4100404006;Sevilla;40.8;PP;24.2;147;24.2;125;20.6;121;19.9;96;15.8;0;0.0;PCPA;45;7.4;;0;0.0;;0;0.0;;0;0.0;;0;0.0
4100404007;Sevilla;65.2;PP;31.4;306;31.4;227;23.3;70;7.2;18;1.8;0;0.0;PACMA;161;16.6;MUNDO+JUSTO;89;9.2;;0;0.0;;0;0.0;;0;0.0
4100404008;Sevilla;46.7;PSOE-A;37.9;67;14.8;172;37.9;37;8.2;20;4.4;0;0.0;PCPA;66;14.5;MUNDO+JUSTO;44;9.7;;0;0.0;;0;0.0;;0;0.0
4100404009;Sevilla;53.7;PSOE-A;34.9;116;25.3;160;34.9;12;2.6;47;10.2;0;0.0;MUNDO+JUSTO;56;12.2;PCPA;21;4.6;;0;0.0;;0;0.0;;0;0.0
4100404010;Sevilla;64.2;PSOE-A;30.5;301;26.0;353;30.5;82;7.1;75;6.5;0;0.0;PCPA;176;15.2;;0;0.0;;0;0.0;;0;0.0;;0;0.0
4100404012;Sevilla;46.8;PP;35.6;161;35.6;120;26.6;51;11.3;31;6.9;0;0.0;PARTIDO AUTÓNOMOS;27;6.0;;0;0.0;;0;0.0;;0;0.0;;0;0.0
4100404013;Sevilla;61.3;PSOE-A;31.1;202;20.6;305;31.1;149;15.2;35;3.6;0;0.0;PACMA;68;6.9;MUNDO+JUSTO;51;5.2;;0;0.0;;0;0.0;;0;0.0
4100404014;Sevilla;59.5;PP;39.7;416;39.7;176;16.8;100;9.6;68;6.5;0;0.0;PARTIDO AUTÓNOMOS;54;5.2;;0;0.0;;0;0.0;;0;0.0;;0;0.0
4100404015;Sevilla;32.0;PP;29.8;85;29.8;58;20.4;41;14.4;29;10.2;0;0.0;PODER ANDALUZ;13;4.6;;0;0.0;;0;0.0;;0;0.0;;0;0.0
4100404016;Sevilla;54.8;PSOE-A;33.6;85;21.5;133;33.6;11;2.8;14;3.5;0;0.0;MUNDO+JUSTO;96;24.2;PACMA;29;7.3;;0;0.0;;0;0.0;;0;0.0
4100404017;Sevilla;42.4;PSOE-A;37.0;68;18.2;138;37.0;37;9.9;4;1.1;0;0.0;ANDALUCISTAS - PA;31;8.3;PODER ANDALUZ;22;5.9;;0;0.0;;0;0.0;;0;0.0
4100404018;Sevilla;77.4;PP;48.6;387;48.6;38;4.8;88;11.0;9;1.1;0;0.0;PARTIDO AUTÓNOMOS;77;9.7;MUNDO+JUSTO;72;9.0;PODER ANDALUZ;71;8.9;;0;0.0;;0;0.0
4100404019;Sevilla;50.9;PP;31.9;282;31.9;201;22.8;75;8.5;7;0.8;0;0.0;PARTIDO AUTÓNOMOS;66;7.5;PCPA;62;7.0;;0;0.0;;0;0.0;;0;0.0
4100404020;Sevilla;62.8;PP;50.3;376;50.3;65;8.7;73;9.8;118;15.8;0;0.0;MUNDO+JUSTO;30;4.0;;0;0.0;;0;0.0;;0;0.0;;0;0.0
4100404021;Sevilla;57.2;PSOE-A;29.6;131;24.4;159;29.6;70;13.0;20;3.7;92;17.1;;0;0.0;;0;0.0;;0;0.0;;0;0.0;;0;0.0
4100404022;Sevilla;58.3;PSOE-A;51.9;111;22.9;251;51.9;47;9.7;50;10.3;0;0.0;NA;12;2.5;;0;0.0;;0;0.0;;0;0.0;;0;0.0
4100404023;Sevilla;65.7;PSOE-A;30.7;180;24.4;227;30.7;113;15.3;37;5.0;0;0.0;PARTIDO AUTÓNOMOS;42;5.7;;0;0.0;;0;0.0;;0;0.0;;0;0.0
4100404024;Sevilla;49.5;PP;25.2;202;25.2;198;24.7;145;18.1;57;7.1;0;0.0;PARTIDO AUTÓNOMOS;74;9.2;;0;0.0;;0;0.0;;0;0.0;;0;0.0
4100404025;Sevilla;59.0;PP;38.9;356;38.9;93;10.2;30;3.3;16;1.8;0;0.0;MUNDO+JUSTO;215;23.5;PCTE;134;14.6;NA;39;4.3;;0;0.0;;0;0.0
4100404026;Sevilla;69.1;PP;34.4;401;34.4;145;12.4;115;9.9;122;10.5;0;0.0;PCTE;229;19.7;;0;0.0;;0;0.0;;0;0.0;;0;0.0
4100404027;Sevilla;55.7;PP;36.1;166;36.1;87;18.9;17;3.7;21;4.6;46;10.0;PARTIDO AUTÓNOMOS;63;13.7;PCPA;26;5.6;;0;0.0;;0;0.0;;0;0.0
4100404028;Sevilla;57.0;PP;24.7;232;24.7;187;19.9;112;11.9;85;9.1;0;0.0;PARTIDO AUTÓNOMOS;81;8.6;;0;0.0;;0;0.0;;0;0.0;;0;0.0
4100404029;Sevilla;45.4;PorA;34.6;118;22.8;148;28.6;23;4.4;179;34.6;0;0.0;FE de las JONS;17;3.3;;0;0.0;;0;0.0;;0;0.0;;0;0.0
4100404030;Sevilla;57.6;PP;29.5;288;29.5;179;18.3;136;13.9;131;13.4;0;0.0;PCTE;85;8.7;;0;0.0;;0;0.0;;0;0.0;;0;0.0
4100404031;Sevilla;72.2;PP;58.2;599;58.2;33;3.2;176;17.1;10;1.0;0;0.0;PARTIDO AUTÓNOMOS;69;6.7;NA;62;6.0;;0;0.0;;0;0.0;;0;0.0
4100404032;Sevilla;58.2;PP;34.8;196;34.8;104;18.4;39;6.9;46;8.2;0;0.0;PCPA;70;12.4;PARTIDO AUTÓNOMOS;68;12.1;;0;0.0;;0;0.0;;0;0.0
4100501001;Sevilla;67.4;PP;48.7;310;48.7;91;14.3;4;0.6;77;12.1;0;0.0;SALF;56;8.8;NA;37;5.8;;0;0.0;;0;0.0;;0;0.0
4100501002;Sevilla;71.3;PP;44.0;206;44.0;99;21.2;42;9.0;26;5.6;0;0.0;ANDALUCISTAS - PA;63;13.5;;0;0.0;;0;0.0;;0;0.0;;0;0.0
4100502001;Sevilla;55.3;PP;32.8;308;32.8;240;25.6;24;2.6;111;11.8;41;4.4;MUNDO+JUSTO;78;8.3;SALF;51;5.4;;0;0.0;;0;0.0;;0;0.0
4100502002;Sevilla;48.3;PP;27.9;136;27.9;135;27.7;15;3.1;74;15.2;0;0.0;PCPA;54;11.1;NA;23;4.7;;0;0.0;;0;0.0;;0;0.0
4100502003;Sevilla;63.1;PSOE-A;30.4;286;25.9;336;30.4;39;3.5;166;15.0;0;0.0;ESCAÑOS EN BLANCO;101;9.1;PARTIDO AUTÓNOMOS;67;6.1;;0;0.0;;0;0.0;;0;0.0
4100502004;Sevilla;63.5;PP;29.1;199;29.1;165;24.1;57;8.3;95;13.9;0;0.0;PARTIDO AUTÓNOMOS;61;8.9;;0;0.0;;0;0.0;;0;0.0;;0;0.0
4100502005;Sevilla;59.0;PP;34.1;259;34.1;122;16.0;109;14.3;74;9.7;0;0.0;PARTIDO AUTÓNOMOS;105;13.8;;0;0.0;;0;0.0;;0;0.0;;0;0.0
4100502006;Sevilla;62.5;VOX;30.3;163;24.0;151;22.2;206;30.3;55;8.1;0;0.0;MUNDO+JUSTO;39;5.7;;0;0.0;;0;0.0;;0;0.0;;0;0.0
4100601001;Sevilla;59.2;PSOE-A;37.8;184;25.8;270;37.8;18;2.5;36;5.0;0;0.0;PARTIDO AUTÓNOMOS;58;8.1;PCPA;53;7.4;;0;0.0;;0;0.0;;0;0.0
4100602001;Sevilla;36.3;PSOE-A;37.9;87;28.2;117;37.9;10;3.2;9;2.9;0;0.0;ANDALUCISTAS - PA;33;10.7;PCTE;16;5.2;ESCAÑOS EN BLANCO;15;4.8;;0;0.0;;0;0.0
4100602002;Sevilla;55.6;PP;29.2;92;29.2;91;28.9;22;7.0;22;7.0;0;0.0;ESCAÑOS EN BLANCO;41;13.0;;0;0.0;;0;0.0;;0;0.0;;0;0.0
4100701001;Sevilla;62.2;PSOE-A;30.7;187;28.9;199;30.7;17;2.6;113;17.4;0;0.0;PCTE;56;8.6;PCPA;34;5.2;;0;0.0;;0;0.0;;0;0.0
4100701002;Sevilla;55.3;PP;43.2;214;43.2;126;25.4;35;7.1;3;0.6;0;0.0;PACMA;52;10.5;MUNDO+JUSTO;18;3.6;;0;0.0;;0;0.0;;0;0.0
4100701004;Sevilla;57.3;PP;31.3;302;31.3;254;26.3;52;5.4;34;3.5;0;0.0;MUNDO+JUSTO;145;15.0;SALF;54;5.6;;0;0.0;;0;0.0;;0;0.0
4100702001;Sevilla;64.5;PSOE-A;31.5;298;31.3;300;31.5;32;3.4;124;13.0;0;0.0;PCTE;60;6.3;PODER ANDALUZ;58;6.1;;0;0.0;;0;0.0;;0;0.0
4100702002;Sevilla;58.3;PP;27.8;317;27.8;303;26.5;67;5.9;64;5.6;0;0.0;NA;91;8.0;MUNDO+JUSTO;84;7.4;;0;0.0;;0;0.0;;0;0.0
4100702003;Sevilla;58.0;PP;33.6;282;33.6;197;23.4;56;6.7;9;1.1;43;5.1;ANDALUCISTAS - PA;53;6.3;NA;47;5.6;;0;0.0;;0;0.0;;0;0.0
4100702004;Sevilla;58.0;PSOE-A;30.1;136;26.1;157;30.1;60;11.5;3;0.6;0;0.0;PODER ANDALUZ;54;10.4;PARTIDO AUTÓNOMOS;37;7.1;;0;0.0;;0;0.0;;0;0.0
4100702005;Sevilla;56.6;PSOE-A;36.2;147;26.6;200;36.2;16;2.9;17;3.1;0;0.0;FE de las JONS;67;12.1;ESCAÑOS EN BLANCO;57;10.3;MUNDO+JUSTO;19;3.4;;0;0.0;;0;0.0
4100702006;Sevilla;47.6;PSOE-A;36.3;101;23.9;153;36.3;19;4.5;33;7.8;0;0.0;PCTE;44;10.4;SALF;42;10.0;;0;0.0;;0;0.0;;0;0.0
4100702007;Sevilla;62.4;PP;39.0;407;39.0;236;22.6;77;7.4;6;0.6;0;0.0;PACMA;213;20.4;ESCAÑOS EN BLANCO;37;3.5;;0;0.0;;0;0.0;;0;0.0
4100801001;Sevilla;68.5;PSOE-A;44.3;159;24.0;293;44.3;7;1.1;52;7.9;0;0.0;ANDALUCISTAS - PA;60;9.1;MUNDO+JUSTO;20;3.0;;0;0.0;;0;0.0;;0;0.0
4100901001;Sevilla;60.5;PSOE-A;30.4;96;29.8;98;30.4;19;5.9;10;3.1;0;0.0;PARTIDO AUTÓNOMOS;42;13.0;PCTE;21;6.5;;0;0.0;;0;0.0;;0;0.0
4100901002;Sevilla;57.2;PP;37.7;127;37.7;92;27.3;53;15.7;20;5.9;0;0.0;PACMA;24;7.1;;0;0.0;;0;0.0;;0;0.0;;0;0.0
4101001001;Sevilla;53.5;PP;27.4;271;27.4;263;26.6;39;4.0;148;15.0;0;0.0;PACMA;67;6.8;NA;47;4.8;;0;0.0;;0;0.0;;0;0.0
4101001002;Sevilla;60.4;PP;28.6;229;28.6;145;18.1;118;14.7;35;4.4;0;0.0;PCPA;73;9.1;MUNDO+JUSTO;58;7.2;;0;0.0;;0;0.0;;0;0.0
4101001003;Sevilla;55.6;PSOE-A;38.2;187;28.2;253;38.2;6;0.9;90;13.6;0;0.0;ANDALUCISTAS - PA;57;8.6;MUNDO+JUSTO;38;5.7;;0;0.0;;0;0.0;;0;0.0
4101001004;Sevilla;55.9;PSOE-A;30.4;77;18.6;126;30.4;26;6.3;46;11.1;60;14.5;PACMA;30;7.2;;0;0.0;;0;0.0;;0;0.0;;0;0.0
4101101001;Sevilla;58.6;PSOE-A;34.1;108;23.4;157;34.1;0;0.0;54;11.7;0;0.0;PACMA;85;18.4;ESCAÑOS EN BLANCO;24;5.2;;0;0.0;;0;0.0;;0;0.0
4101101002;Sevilla;55.2;PSOE-A;33.7;152;20.8;246;33.7;19;2.6;86;11.8;0;0.0;MUNDO+JUSTO;100;13.7;PCPA;49;6.7;;0;0.0;;0;0.0;;0;0.0
4101101003;Sevilla;67.0;PP;49.1;396;49.1;113;14.0;59;7.3;35;4.3;0;0.0;PARTIDO AUTÓNOMOS;86;10.7;;0;0.0;;0;0.0;;0;0.0;;0;0.0
4101101004;Sevilla;56.1;PSOE-A;41.2;144;22.2;267;41.2;57;8.8;40;6.2;0;0.0;ESCAÑOS EN BLANCO;36;5.6;;0;0.0;;0;0.0;;0;0.0;;0;0.0
4101102002;Sevilla;63.7;PP;35.1;379;35.1;264;24.4;64;5.9;49;4.5;0;0.0;PARTIDO AUTÓNOMOS;103;9.5;SALF;58;5.4;;0;0.0;;0;0.0;;0;0.0
4101102003;Sevilla;51.8;PSOE-A;32.3;171;28.4;195;32.3;3;0.5;88;14.6;57;9.4;MUNDO+JUSTO;32;5.3;;0;0.0;;0;0.0;;0;0.0;;0;0.0
4101103001;Sevilla;58.2;PP;38.1;331;38.1;245;28.2;37;4.3;76;8.8;0;0.0;ESCAÑOS EN BLANCO;56;6.4;;0;0.0;;0;0.0;;0;0.0;;0;0.0
4101103003;Sevilla;58.3;PP;40.6;269;40.6;202;30.5;44;6.6;38;5.7;30;4.5;;0;0.0;;0;0.0;;0;0.0;;0;0.0;;0;0.0
4101103004;Sevilla;54.6;PSOE-A;32.6;171;26.4;211;32.6;58;9.0;49;7.6;0;0.0;PODER ANDALUZ;52;8.0;;0;0.0;;0;0.0;;0;0.0;;0;0.0
4101104001;Sevilla;59.3;PP;34.4;326;34.4;240;25.3;49;5.2;73;7.7;0;0.0;PODER ANDALUZ;77;8.1;;0;0.0;;0;0.0;;0;0.0;;0;0.0
4101104002;Sevilla;45.8;PSOE-A;32.4;220;28.5;250;32.4;69;8.9;62;8.0;24;3.1;ESCAÑOS EN BLANCO;29;3.8;;0;0.0;;0;0.0;;0;0.0;;0;0.0
4101104003;Sevilla;54.3;PP;33.3;152;33.3;136;29.8;0;0.0;78;17.1;0;0.0;PCTE;22;4.8;PCPA;22;4.8;;0;0.0;;0;0.0;;0;0.0
4101201001;Sevilla;51.5;PP;45.3;249;45.3;120;21.8;88;16.0;11;2.0;0;0.0;PACMA;23;4.2;NA;13;2.4;;0;0.0;;0;0.0;;0;0.0
4101201002;Sevilla;47.3;PSOE-A;37.5;129;24.4;198;37.5;34;6.4;24;4.6;0;0.0;PCPA;50;9.5;ESCAÑOS EN BLANCO;27;5.1;;0;0.0;;0;0.0;;0;0.0
4101201003;Sevilla;46.8;PP;30.0;213;30.0;206;29.1;96;13.5;92;13.0;0;0.0;ANDALUCISTAS - PA;33;4.6;;0;0.0;;0;0.0;;0;0.0;;0;0.0
4101301001;Sevilla;54.5;PSOE-A;36.5;144;27.5;191;36.5;15;2.9;95;18.2;0;0.0;PCPA;31;5.9;PARTIDO AUTÓNOMOS;20;3.8;;0;0.0;;0;0.0;;0;0.0
4101301002;Sevilla;45.7;PSOE-A;43.3;50;11.2;193;43.3;0;0.0;31;7.0;0;0.0;PARTIDO AUTÓNOMOS;76;17.0;PODER ANDALUZ;35;7.8;;0;0.0;;0;0.0;;0;0.0
4101302001;Sevilla;54.5;PSOE-A;42.5;170;26.0;278;42.5;22;3.4;25;3.8;0;0.0;MUNDO+JUSTO;53;8.1;PACMA;47;7.2;;0;0.0;;0;0.0;;0;0.0
4101302002;Sevilla;30.3;PSOE-A;49.2;87;17.3;247;49.2;12;2.4;43;8.6;27;5.4;MUNDO+JUSTO;19;3.8;;0;0.0;;0;0.0;;0;0.0;;0;0.0
4101401001;Sevilla;0.0;;0.0;0;0.0;0;0.0;0;0.0;0;0.0;0;0.0;;0;0.0;;0;0.0;;0;0.0;;0;0.0;;0;0.0
4101401002;Sevilla;0.0;;0.0;0;0.0;0;0.0;0;0.0;0;0.0;0;0.0;;0;0.0;;0;0.0;;0;0.0;;0;0.0;;0;0.0
4101501001;Sevilla;0.0;;0.0;0;0.0;0;0.0;0;0.0;0;0.0;0;0.0;;0;0.0;;0;0.0;;0;0.0;;0;0.0;;0;0.0
4101501002;Sevilla;0.0;;0.0;0;0.0;0;0.0;0;0.0;0;0.0;0;0.0;;0;0.0;;0;0.0;;0;0.0;;0;0.0;;0;0.0
4101502001;Sevilla;0.0;;0.0;0;0.0;0;0.0;0;0.0;0;0.0;0;0.0;;0;0.0;;0;0.0;;0;0.0;;0;0.0;;0;0.0
4101502002;Sevilla;0.0;;0.0;0;0.0;0;0.0;0;0.0;0;0.0;0;0.0;;0;0.0;;0;0.0;;0;0.0;;0;0.0;;0;0.0
4101502003;Sevilla;0.0;;0.0;0;0.0;0;0.0;0;0.0;0;0.0;0;0.0;;0;0.0;;0;0.0;;0;0.0;;0;0.0;;0;0.0
4101601001;Sevilla;60.7;PP;40.7;285;40.7;92;13.1;38;5.4;42;6.0;0;0.0;SALF;90;12.8;PCPA;62;8.8;;0;0.0;;0;0.0;;0;0.0
4101601002;Sevilla;54.6;PP;30.9;191;30.9;163;26.3;43;7.0;36;5.8;53;8.6;PCTE;47;7.6;;0;0.0;;0;0.0;;0;0.0;;0;0.0
4101601003;Sevilla;63.0;PP;31.4;288;31.4;165;18.0;80;8.7;100;10.9;45;4.9;ANDALUCISTAS - PA;99;10.8;;0;0.0;;0;0.0;;0;0.0;;0;0.0
4101601004;Sevilla;59.0;Empate;24.7;206;24.7;206;24.7;170;20.4;147;17.6;0;0.0;ESCAÑOS EN BLANCO;35;4.2;;0;0.0;;0;0.0;;0;0.0;;0;0.0
4101602001;Sevilla;61.5;PP;37.4;385;37.4;147;14.3;72;7.0;111;10.8;0;0.0;PODER ANDALUZ;111;10.8;PCTE;82;8.0;;0;0.0;;0;0.0;;0;0.0
4101602002;Sevilla;57.2;PP;41.8;434;41.8;113;10.9;130;12.5;85;8.2;0;0.0;PACMA;72;6.9;;0;0.0;;0;0.0;;0;0.0;;0;0.0
4101701001;Sevilla;59.0;PP;30.0;247;30.0;223;27.1;120;14.6;48;5.8;0;0.0;PCTE;83;10.1;ESCAÑOS EN BLANCO;53;6.4;;0;0.0;;0;0.0;;0;0.0
4101701002;Sevilla;62.6;PP;45.5;388;45.5;139;16.3;57;6.7;40;4.7;0;0.0;PODER ANDALUZ;69;8.1;ANDALUCISTAS - PA;46;5.4;;0;0.0;;0;0.0;;0;0.0
4101701003;Sevilla;55.7;PP;38.7;420;38.7;167;15.4;101;9.3;131;12.1;118;10.9;;0;0.0;;0;0.0;;0;0.0;;0;0.0;;0;0.0
4101701004;Sevilla;64.4;PP;39.6;467;39.6;175;14.8;115;9.8;47;4.0;0;0.0;PCTE;121;10.3;PARTIDO AUTÓNOMOS;70;5.9;;0;0.0;;0;0.0;;0;0.0
4101701005;Sevilla;57.5;PP;30.2;245;30.2;222;27.4;47;5.8;71;8.8;0;0.0;ANDALUCISTAS - PA;64;7.9;MUNDO+JUSTO;57;7.0;;0;0.0;;0;0.0;;0;0.0
4101701006;Sevilla;64.7;PP;31.9;290;31.9;143;15.8;108;11.9;28;3.1;0;0.0;PODER ANDALUZ;138;15.2;MUNDO+JUSTO;65;7.2;;0;0.0;;0;0.0;;0;0.0
4101701007;Sevilla;67.5;PP;41.6;456;41.6;133;12.1;76;6.9;176;16.0;0;0.0;PCTE;73;6.6;;0;0.0;;0;0.0;;0;0.0;;0;0.0
4101701008;Sevilla;61.8;PP;38.9;271;38.9;105;15.1;83;11.9;44;6.3;0;0.0;MUNDO+JUSTO;81;11.6;SALF;65;9.3;;0;0.0;;0;0.0;;0;0.0
4101701009;Sevilla;71.9;PP;38.9;373;38.9;242;25.3;57;6.0;79;8.2;0;0.0;MUNDO+JUSTO;52;5.4;;0;0.0;;0;0.0;;0;0.0;;0;0.0
4101701010;Sevilla;72.2;PP;41.9;383;41.9;155;17.0;52;5.7;19;2.1;0;0.0;PCTE;71;7.8;PODER ANDALUZ;67;7.3;MUNDO+JUSTO;65;7.1;;0;0.0;;0;0.0
4101701011;Sevilla;76.8;PP;66.2;335;66.2;3;0.6;34;6.7;22;4.4;0;0.0;PACMA;67;13.2;ESCAÑOS EN BLANCO;15;3.0;;0;0.0;;0;0.0;;0;0.0
4101701012;Sevilla;69.8;PP;47.6;404;47.6;68;8.0;76;9.0;33;3.9;0;0.0;ANDALUCISTAS - PA;95;11.2;PCTE;75;8.8;;0;0.0;;0;0.0;;0;0.0
4101701013;Sevilla;60.4;PP;49.2;295;49.2;23;3.8;39;6.5;26;4.3;0;0.0;ANDALUCISTAS - PA;69;11.5;PODER ANDALUZ;65;10.8;MUNDO+JUSTO;42;7.0;;0;0.0;;0;0.0
4101801001;Sevilla;51.2;PSOE-A;36.8;119;20.2;217;36.8;33;5.6;83;14.1;0;0.0;PACMA;80;13.6;;0;0.0;;0;0.0;;0;0.0;;0;0.0
4101801002;Sevilla;59.3;PP;33.0;264;33.0;263;32.8;16;2.0;66;8.2;0;0.0;MUNDO+JUSTO;96;12.0;PCPA;29;3.6;;0;0.0;;0;0.0;;0;0.0
4101801003;Sevilla;57.3;PARTIDO AUTÓNOMOS;33.2;116;30.1;79;20.5;15;3.9;14;3.6;0;0.0;PARTIDO AUTÓNOMOS;128;33.2;;0;0.0;;0;0.0;;0;0.0;;0;0.0
4101801004;Sevilla;54.9;PSOE-A;32.8;214;24.6;286;32.8;24;2.8;139;16.0;0;0.0;MUNDO+JUSTO;39;4.5;SALF;39;4.5;;0;0.0;;0;0.0;;0;0.0
4101801005;Sevilla;55.4;PP;30.7;266;30.7;252;29.1;68;7.8;39;4.5;0;0.0;ESCAÑOS EN BLANCO;56;6.5;;0;0.0;;0;0.0;;0;0.0;;0;0.0
4101801006;Sevilla;57.0;PSOE-A;37.9;132;19.4;258;37.9;70;10.3;19;2.8;0;0.0;FE de las JONS;94;13.8;PARTIDO AUTÓNOMOS;31;4.6;;0;0.0;;0;0.0;;0;0.0
4101801007;Sevilla;39.7;PSOE-A;42.4;86;16.4;223;42.4;42;8.0;13;2.5;0;0.0;PCTE;37;7.0;PACMA;32;6.1;;0;0.0;;0;0.0;;0;0.0
4101801008;Sevilla;57.0;PSOE-A;30.2;106;24.4;131;30.2;40;9.2;31;7.1;0;0.0;PCTE;47;10.8;;0;0.0;;0;0.0;;0;0.0;;0;0.0
4101901001;Sevilla;62.5;PP;47.0;413;47.0;149;17.0;134;15.2;49;5.6;15;1.7;PCTE;33;3.8;;0;0.0;;0;0.0;;0;0.0;;0;0.0
4101901002;Sevilla;52.0;PP;28.8;246;28.8;228;26.7;56;6.6;65;7.6;0;0.0;PACMA;72;8.4;ESCAÑOS EN BLANCO;70;8.2;;0;0.0;;0;0.0;;0;0.0
4101901003;Sevilla;59.2;PP;35.6;203;35.6;97;17.0;46;8.1;47;8.2;107;18.8;;0;0.0;;0;0.0;;0;0.0;;0;0.0;;0;0.0
4101901004;Sevilla;50.3;PP;25.0;200;25.0;168;21.0;91;11.4;36;4.5;0;0.0;ESCAÑOS EN BLANCO;137;17.1;SALF;64;8.0;;0;0.0;;0;0.0;;0;0.0
4102001001;Sevilla;50.3;PP;31.5;158;31.5;141;28.1;55;11.0;21;4.2;0;0.0;PACMA;37;7.4;MUNDO+JUSTO;27;5.4;;0;0.0;;0;0.0;;0;0.0
4102001002;Sevilla;41.2;PP;38.7;297;38.7;199;26.0;41;5.4;22;2.9;0;0.0;PCPA;76;9.9;ESCAÑOS EN BLANCO;41;5.4;;0;0.0;;0;0.0;;0;0.0
4102001003;Sevilla;44.1;PSOE-A;50.4;79;12.6;315;50.4;65;10.4;38;6.1;0;0.0;ANDALUCISTAS - PA;49;7.8;;0;0.0;;0;0.0;;0;0.0;;0;0.0
4102002001;Sevilla;56.8;PP;52.4;354;52.4;78;11.5;54;8.0;72;10.6;0;0.0;SALF;65;9.6;;0;0.0;;0;0.0;;0;0.0;;0;0.0
4102002002;Sevilla;49.0;PP;33.2;219;33.2;184;27.9;21;3.2;50;7.6;0;0.0;PARTIDO AUTÓNOMOS;75;11.4;ESCAÑOS EN BLANCO;42;6.4;;0;0.0;;0;0.0;;0;0.0
4102002003;Sevilla;54.4;PP;42.8;398;42.8;177;19.0;76;8.2;12;1.3;62;6.7;MUNDO+JUSTO;48;5.2;;0;0.0;;0;0.0;;0;0.0;;0;0.0
4102002005;Sevilla;51.4;PP;36.7;281;36.7;237;31.0;22;2.9;41;5.4;0;0.0;PARTIDO AUTÓNOMOS;56;7.3;MUNDO+JUSTO;52;6.8;;0;0.0;;0;0.0;;0;0.0
4102002006;Sevilla;50.4;PP;38.0;225;38.0;137;23.1;60;10.1;41;6.9;0;0.0;SALF;55;9.3;;0;0.0;;0;0.0;;0;0.0;;0;0.0
4102002007;Sevilla;43.9;PP;40.7;249;40.7;93;15.2;111;18.1;75;12.2;0;0.0;FE de las JONS;31;5.1;;0;0.0;;0;0.0;;0;0.0;;0;0.0
4102002008;Sevilla;51.8;PSOE-A;40.2;111;32.4;138;40.2;2;0.6;12;3.5;0;0.0;FE de las JONS;21;6.1;NA;21;6.1;;0;0.0;;0;0.0;;0;0.0
4102101001;Sevilla;63.6;PSOE-A;30.2;100;28.0;108;30.2;23;6.4;28;7.8;0;0.0;FE de las JONS;48;13.4;;0;0.0;;0;0.0;;0;0.0;;0;0.0
4102101002;Sevilla;60.9;PP;37.4;353;37.4;311;33.0;38;4.0;67;7.1;0;0.0;NA;44;4.7;;0;0.0;;0;0.0;;0;0.0;;0;0.0
4102101003;Sevilla;57.4;PSOE-A;38.1;96;20.3;180;38.1;26;5.5;20;4.2;0;0.0;FE de las JONS;70;14.8;NA;29;6.1;;0;0.0;;0;0.0;;0;0.0
4102101004;Sevilla;56.5;PP;32.8;247;32.8;190;25.2;49;6.5;50;6.6;0;0.0;SALF;64;8.5;;0;0.0;;0;0.0;;0;0.0;;0;0.0
4102101005;Sevilla;65.7;PP;35.2;433;35.2;298;24.2;112;9.1;106;8.6;0;0.0;PCPA;111;9.0;;0;0.0;;0;0.0;;0;0.0;;0;0.0
4102101006;Sevilla;53.6;PP;32.2;276;32.2;231;26.9;114;13.3;45;5.2;0;0.0;ESCAÑOS EN BLANCO;58;6.8;PACMA;50;5.8;;0;0.0;;0;0.0;;0;0.0
4102102001;Sevilla;61.2;PP;35.7;352;35.7;193;19.6;136;13.8;46;4.7;53;5.4;ANDALUCISTAS - PA;87;8.8;;0;0.0;;0;0.0;;0;0.0;;0;0.0
4102102002;Sevilla;49.4;PP;29.3;167;29.3;161;28.2;76;13.3;18;3.2;21;3.7;NA;55;9.6;;0;0.0;;0;0.0;;0;0.0;;0;0.0
4102102003;Sevilla;48.0;PSOE-A;37.7;119;25.9;173;37.7;42;9.2;5;1.1;22;4.8;PCTE;19;4.1;;0;0.0;;0;0.0;;0;0.0;;0;0.0
4102102004;Sevilla;54.8;PP;30.6;179;30.6;97;16.6;65;11.1;14;2.4;0;0.0;ESCAÑOS EN BLANCO;139;23.8;MUNDO+JUSTO;40;6.8;;0;0.0;;0;0.0;;0;0.0
4102102005;Sevilla;51.2;PSOE-A;44.2;59;14.5;180;44.2;6;1.5;58;14.2;0;0.0;PARTIDO AUTÓNOMOS;61;15.0;PCPA;22;5.4;;0;0.0;;0;0.0;;0;0.0
4102102006;Sevilla;51.0;PSOE-A;41.0;116;19.7;241;41.0;20;3.4;80;13.6;0;0.0;MUNDO+JUSTO;63;10.7;ESCAÑOS EN BLANCO;23;3.9;;0;0.0;;0;0.0;;0;0.0
4102102007;Sevilla;50.4;PSOE-A;29.1;110;27.6;116;29.1;37;9.3;9;2.3;0;0.0;MUNDO+JUSTO;53;13.3;ESCAÑOS EN BLANCO;21;5.3;;0;0.0;;0;0.0;;0;0.0
4102102008;Sevilla;53.1;PP;27.9;236;27.9;176;20.8;98;11.6;61;7.2;0;0.0;PARTIDO AUTÓNOMOS;75;8.8;PODER ANDALUZ;70;8.3;;0;0.0;;0;0.0;;0;0.0
4102102009;Sevilla;56.4;PSOE-A;35.3;194;26.4;259;35.3;53;7.2;102;13.9;0;0.0;NA;47;6.4;;0;0.0;;0;0.0;;0;0.0;;0;0.0
4102103001;Sevilla;46.8;PSOE-A;31.6;155;26.0;188;31.6;92;15.5;25;4.2;0;0.0;ANDALUCISTAS - PA;65;10.9;PACMA;27;4.5;;0;0.0;;0;0.0;;0;0.0
4102103002;Sevilla;54.1;PP;31.6;233;31.6;131;17.8;105;14.2;0;0.0;0;0.0;MUNDO+JUSTO;69;9.4;PACMA;66;8.9;;0;0.0;;0;0.0;;0;0.0
4102104001;Sevilla;60.9;PCPA;39.3;188;36.8;64;12.5;33;6.5;18;3.5;0;0.0;PCPA;201;39.3;;0;0.0;;0;0.0;;0;0.0;;0;0.0
4102104002;Sevilla;65.8;PP;31.3;206;31.3;171;26.0;95;14.4;9;1.4;0;0.0;ESCAÑOS EN BLANCO;82;12.4;SALF;44;6.7;;0;0.0;;0;0.0;;0;0.0
4102201001;Sevilla;53.0;PSOE-A;31.0;147;28.2;162;31.0;32;6.1;74;14.2;0;0.0;PODER ANDALUZ;52;10.0;;0;0.0;;0;0.0;;0;0.0;;0;0.0
4102201002;Sevilla;47.5;PSOE-A;46.4;118;28.6;191;46.4;7;1.7;46;11.2;0;0.0;PARTIDO AUTÓNOMOS;14;3.4;ESCAÑOS EN BLANCO;12;2.9;;0;0.0;;0;0.0;;0;0.0
4102202001;Sevilla;54.1;PP;27.8;164;27.8;152;25.7;44;7.4;63;10.7;60;10.2;;0;0.0;;0;0.0;;0;0.0;;0;0.0;;0;0.0
4102202002;Sevilla;46.8;PP;32.2;183;32.2;148;26.1;73;12.8;117;20.6;0;0.0;MUNDO+JUSTO;29;5.1;;0;0.0;;0;0.0;;0;0.0;;0;0.0
4102301001;Sevilla;73.4;PP;61.2;226;61.2;14;3.8;0;0.0;13;3.5;0;0.0;PCTE;50;13.6;MUNDO+JUSTO;38;10.3;ESCAÑOS EN BLANCO;16;4.3;;0;0.0;;0;0.0
4102301002;Sevilla;58.5;PP;47.9;263;47.9;115;21.0;42;7.6;9;1.6;0;0.0;PACMA;63;11.5;SALF;23;4.2;;0;0.0;;0;0.0;;0;0.0
4102301003;Sevilla;61.9;PSOE-A;50.0;90;20.9;215;50.0;24;5.6;38;8.8;0;0.0;FE de las JONS;30;7.0;;0;0.0;;0;0.0;;0;0.0;;0;0.0
4102301004;Sevilla;57.2;PP;43.0;453;43.0;226;21.5;125;11.9;22;2.1;0;0.0;PARTIDO AUTÓNOMOS;64;6.1;PACMA;57;5.4;;0;0.0;;0;0.0;;0;0.0
4102302001;Sevilla;59.4;PP;43.5;221;43.5;125;24.6;25;4.9;7;1.4;0;0.0;PCTE;119;23.4;;0;0.0;;0;0.0;;0;0.0;;0;0.0
4102302002;Sevilla;55.6;PP;36.7;291;36.7;196;24.8;33;4.2;78;9.8;0;0.0;ANDALUCISTAS - PA;59;7.4;PARTIDO AUTÓNOMOS;53;6.7;;0;0.0;;0;0.0;;0;0.0
4102302003;Sevilla;48.2;PSOE-A;33.2;212;25.8;273;33.2;46;5.6;82;10.0;0;0.0;MUNDO+JUSTO;90;10.9;;0;0.0;;0;0.0;;0;0.0;;0;0.0
4102401001;Sevilla;65.5;PP;62.0;276;62.0;21;4.7;11;2.5;0;0.0;0;0.0;SALF;92;20.7;MUNDO+JUSTO;24;5.4;NA;15;3.4;;0;0.0;;0;0.0
4102401002;Sevilla;59.6;PP;44.8;167;44.8;63;16.9;4;1.1;0;0.0;0;0.0;MUNDO+JUSTO;38;10.2;ANDALUCISTAS - PA;32;8.6;PACMA;21;5.6;;0;0.0;;0;0.0
4102402001;Sevilla;60.0;PP;37.5;174;37.5;104;22.4;48;10.3;9;1.9;0;0.0;PCTE;66;14.2;NA;34;7.3;;0;0.0;;0;0.0;;0;0.0
4102403001;Sevilla;58.4;PP;37.6;205;37.6;157;28.8;15;2.8;54;9.9;0;0.0;PCTE;34;6.2;ESCAÑOS EN BLANCO;27;5.0;;0;0.0;;0;0.0;;0;0.0
4102404001;Sevilla;54.6;PP;35.4;282;35.4;185;23.2;37;4.6;52;6.5;0;0.0;SALF;117;14.7;PARTIDO AUTÓNOMOS;43;5.4;;0;0.0;;0;0.0;;0;0.0
4102404002;Sevilla;60.7;PP;49.0;328;49.0;32;4.8;88;13.1;0;0.0;0;0.0;SALF;62;9.2;PACMA;34;5.1;;0;0.0;;0;0.0;;0;0.0
4102404003;Sevilla;54.7;PP;46.5;330;46.5;159;22.4;57;8.0;13;1.8;0;0.0;MUNDO+JUSTO;39;5.5;ANDALUCISTAS - PA;27;3.8;;0;0.0;;0;0.0;;0;0.0
4102404004;Sevilla;60.3;PSOE-A;34.8;110;26.2;146;34.8;12;2.9;0;0.0;60;14.3;MUNDO+JUSTO;35;8.4;PCTE;20;4.8;;0;0.0;;0;0.0;;0;0.0
4102404005;Sevilla;49.8;PP;41.3;193;41.3;102;21.8;31;6.6;20;4.3;0;0.0;PCPA;47;10.1;;0;0.0;;0;0.0;;0;0.0;;0;0.0
4102404006;Sevilla;62.6;PP;49.4;390;49.4;111;14.1;80;10.1;4;0.5;0;0.0;PACMA;87;11.0;PARTIDO AUTÓNOMOS;49;6.2;;0;0.0;;0;0.0;;0;0.0
4102404007;Sevilla;54.3;PSOE-A;32.7;200;28.3;231;32.7;32;4.5;12;1.7;76;10.8;PCPA;47;6.7;;0;0.0;;0;0.0;;0;0.0;;0;0.0
4102405001;Sevilla;62.1;PP;40.8;214;40.8;108;20.6;0;0.0;10;1.9;0;0.0;MUNDO+JUSTO;134;25.6;PACMA;40;7.6;ESCAÑOS EN BLANCO;11;2.1;;0;0.0;;0;0.0
4102405002;Sevilla;59.8;PP;44.6;196;44.6;82;18.7;20;4.6;17;3.9;0;0.0;NA;28;6.4;PACMA;26;5.9;;0;0.0;;0;0.0;;0;0.0
4102405003;Sevilla;56.5;PP;42.2;248;42.2;147;25.0;43;7.3;8;1.4;0;0.0;NA;40;6.8;ESCAÑOS EN BLANCO;34;5.8;;0;0.0;;0;0.0;;0;0.0
4102405004;Sevilla;60.8;PP;35.3;352;35.3;262;26.3;60;6.0;67;6.7;0;0.0;PODER ANDALUZ;68;6.8;;0;0.0;;0;0.0;;0;0.0;;0;0.0
4102405005;Sevilla;54.4;PP;35.6;216;35.6;159;26.2;30;5.0;23;3.8;30;5.0;PODER ANDALUZ;60;9.9;;0;0.0;;0;0.0;;0;0.0;;0;0.0
4102405006;Sevilla;52.9;PP;37.4;199;37.4;123;23.1;84;15.8;37;7.0;0;0.0;PACMA;49;9.2;;0;0.0;;0;0.0;;0;0.0;;0;0.0
4102406001;Sevilla;45.9;PSOE-A;57.8;26;6.5;231;57.8;17;4.2;15;3.8;0;0.0;PARTIDO AUTÓNOMOS;41;10.2;SALF;20;5.0;;0;0.0;;0;0.0;;0;0.0
4102406002;Sevilla;40.4;VOX;24.4;92;21.2;77;17.7;106;24.4;18;4.2;0;0.0;NA;58;13.4;PACMA;39;9.0;;0;0.0;;0;0.0;;0;0.0
4102406003;Sevilla;38.6;PP;31.1;177;31.1;67;11.8;87;15.3;31;5.4;0;0.0;FE de las JONS;137;24.1;;0;0.0;;0;0.0;;0;0.0;;0;0.0
4102406004;Sevilla;56.2;PP;38.8;193;38.8;101;20.3;23;4.6;35;7.0;0;0.0;PCPA;98;19.7;;0;0.0;;0;0.0;;0;0.0;;0;0.0
4102406005;Sevilla;33.9;PSOE-A;22.6;99;22.4;100;22.6;84;19.0;26;5.9;0;0.0;SALF;56;12.7;;0;0.0;;0;0.0;;0;0.0;;0;0.0
4102406006;Sevilla;53.3;PP;47.5;319;47.5;127;18.9;92;13.7;6;0.9;0;0.0;PCPA;36;5.4;FE de las JONS;33;4.9;;0;0.0;;0;0.0;;0;0.0
4102501001;Sevilla;59.7;PP;41.8;285;41.8;132;19.4;59;8.7;42;6.2;0;0.0;PARTIDO AUTÓNOMOS;79;11.6;MUNDO+JUSTO;44;6.5;;0;0.0;;0;0.0;;0;0.0
4102502001;Sevilla;58.8;PSOE-A;32.6;173;31.0;182;32.6;76;13.6;8;1.4;0;0.0;PCPA;37;6.6;NA;24;4.3;;0;0.0;;0;0.0;;0;0.0
4102601001;Sevilla;63.6;PorA;34.1;186;22.7;172;21.0;7;0.9;279;34.1;86;10.5;ANDALUCISTAS - PA;40;4.9;;0;0.0;;0;0.0;;0;0.0;;0;0.0
4102601002;Sevilla;66.4;PSOE-A;31.6;128;16.8;240;31.6;18;2.4;211;27.8;0;0.0;PACMA;78;10.3;FE de las JONS;52;6.8;;0;0.0;;0;0.0;;0;0.0
4102602001;Sevilla;56.5;PSOE-A;34.6;98;21.7;156;34.6;0;0.0;76;16.8;0;0.0;PCTE;69;15.3;ESCAÑOS EN BLANCO;18;4.0;;0;0.0;;0;0.0;;0;0.0
4102602002;Sevilla;66.6;PSOE-A;27.9;94;16.0;164;27.9;30;5.1;150;25.6;0;0.0;PCTE;63;10.7;ESCAÑOS EN BLANCO;50;8.5;;0;0.0;;0;0.0;;0;0.0
4102701001;Sevilla;52.9;PP;34.2;315;34.2;293;31.8;97;10.5;33;3.6;0;0.0;ANDALUCISTAS - PA;42;4.6;FE de las JONS;36;3.9;;0;0.0;;0;0.0;;0;0.0
4102702001;Sevilla;56.7;PP;35.8;133;35.8;64;17.2;13;3.5;54;14.5;0;0.0;FE de las JONS;60;16.1;PARTIDO AUTÓNOMOS;25;6.7;;0;0.0;;0;0.0;;0;0.0
4102702002;Sevilla;47.3;PP;35.0;300;35.0;150;17.5;126;14.7;66;7.7;0;0.0;NA;58;6.8;;0;0.0;;0;0.0;;0;0.0;;0;0.0
4102801001;Sevilla;67.8;PP;26.2;263;26.2;257;25.6;107;10.7;49;4.9;0;0.0;MUNDO+JUSTO;103;10.3;PARTIDO AUTÓNOMOS;82;8.2;;0;0.0;;0;0.0;;0;0.0
4102801002;Sevilla;72.4;PP;28.4;167;28.4;132;22.4;26;4.4;55;9.3;0;0.0;MUNDO+JUSTO;75;12.7;PCPA;73;12.4;;0;0.0;;0;0.0;;0;0.0
4102901001;Sevilla;73.0;PP;38.6;313;38.6;142;17.5;48;5.9;81;10.0;0;0.0;PCPA;59;7.3;;0;0.0;;0;0.0;;0;0.0;;0;0.0
4102901002;Sevilla;70.3;PP;37.0;286;37.0;188;24.4;59;7.6;36;4.7;0;0.0;MUNDO+JUSTO;80;10.4;;0;0.0;;0;0.0;;0;0.0;;0;0.0
4102901003;Sevilla;62.4;PP;31.9;292;31.9;281;30.7;97;10.6;58;6.3;0;0.0;ANDALUCISTAS - PA;68;7.4;;0;0.0;;0;0.0;;0;0.0;;0;0.0
4102901004;Sevilla;63.1;PP;33.8;273;33.8;197;24.4;79;9.8;64;7.9;0;0.0;NA;81;10.0;;0;0.0;;0;0.0;;0;0.0;;0;0.0
4102901005;Sevilla;53.4;PSOE-A;40.5;40;11.4;142;40.5;12;3.4;24;6.8;0;0.0;PODER ANDALUZ;92;26.2;FE de las JONS;16;4.6;;0;0.0;;0;0.0;;0;0.0
4102901006;Sevilla;50.5;PSOE-A;38.9;118;25.0;184;38.9;7;1.5;43;9.1;39;8.2;PCPA;30;6.3;;0;0.0;;0;0.0;;0;0.0;;0;0.0
4102901007;Sevilla;55.1;PSOE-A;36.0;200;24.2;298;36.0;18;2.2;67;8.1;0;0.0;PODER ANDALUZ;92;11.1;ESCAÑOS EN BLANCO;88;10.6;;0;0.0;;0;0.0;;0;0.0
4102901008;Sevilla;56.0;PSOE-A;30.7;140;27.2;158;30.7;8;1.6;5;1.0;0;0.0;PCTE;57;11.1;NA;34;6.6;FE de las JONS;33;6.4;;0;0.0;;0;0.0
4102901009;Sevilla;61.2;PP;38.5;240;38.5;116;18.6;37;5.9;44;7.0;0;0.0;PCPA;116;18.6;;0;0.0;;0;0.0;;0;0.0;;0;0.0
4102901010;Sevilla;65.9;PP;40.6;381;40.6;279;29.7;13;1.4;10;1.1;0;0.0;FE de las JONS;157;16.7;PACMA;46;4.9;MUNDO+JUSTO;38;4.0;;0;0.0;;0;0.0
4102901011;Sevilla;70.5;PP;33.1;263;33.1;161;20.2;91;11.4;20;2.5;0;0.0;FE de las JONS;85;10.7;PODER ANDALUZ;67;8.4;;0;0.0;;0;0.0;;0;0.0
4102901012;Sevilla;66.8;PP;47.0;239;47.0;49;9.6;24;4.7;32;6.3;0;0.0;SALF;89;17.5;PACMA;38;7.5;;0;0.0;;0;0.0;;0;0.0
4103001001;Sevilla;70.7;PSOE-A;34.0;100;27.6;123;34.0;0;0.0;39;10.8;0;0.0;PACMA;55;15.2;ESCAÑOS EN BLANCO;15;4.1;;0;0.0;;0;0.0;;0;0.0
4103101001;Sevilla;57.2;PP;21.4;156;21.4;135;18.5;1;0.1;25;3.4;49;6.7;PODER ANDALUZ;113;15.5;ANDALUCISTAS - PA;49;6.7;;0;0.0;;0;0.0;;0;0.0
4103201001;Sevilla;66.6;PP;37.1;222;37.1;135;22.6;20;3.3;15;2.5;0;0.0;ESCAÑOS EN BLANCO;73;12.2;FE de las JONS;72;12.0;MUNDO+JUSTO;24;4.0;;0;0.0;;0;0.0
4103201003;Sevilla;60.9;PP;38.7;156;38.7;125;31.0;44;10.9;0;0.0;0;0.0;MUNDO+JUSTO;32;7.9;ESCAÑOS EN BLANCO;16;4.0;;0;0.0;;0;0.0;;0;0.0
4103202001;Sevilla;59.7;PSOE-A;31.8;148;31.4;150;31.8;123;26.1;15;3.2;0;0.0;PCTE;18;3.8;;0;0.0;;0;0.0;;0;0.0;;0;0.0
4103202002;Sevilla;62.0;PP;32.8;284;32.8;202;23.3;128;14.8;13;1.5;0;0.0;MUNDO+JUSTO;110;12.7;SALF;64;7.4;;0;0.0;;0;0.0;;0;0.0
4103301001;Sevilla;60.4;PP;37.3;305;37.3;203;24.8;98;12.0;1;0.1;27;3.3;SALF;59;7.2;PARTIDO AUTÓNOMOS;56;6.8;;0;0.0;;0;0.0;;0;0.0
4103301002;Sevilla;60.7;PP;47.8;193;47.8;74;18.3;89;22.0;0;0.0;0;0.0;PCTE;13;3.2;PARTIDO AUTÓNOMOS;13;3.2;;0;0.0;;0;0.0;;0;0.0
4103302001;Sevilla;57.6;PP;40.6;260;40.6;139;21.7;85;13.3;0;0.0;0;0.0;SALF;55;8.6;PCTE;35;5.5;;0;0.0;;0;0.0;;0;0.0
4103303002;Sevilla;60.5;PP;52.8;260;52.8;86;17.5;57;11.6;30;6.1;0;0.0;NA;32;6.5;;0;0.0;;0;0.0;;0;0.0;;0;0.0
4103304001;Sevilla;54.2;PP;44.8;194;44.8;61;14.1;18;4.2;14;3.2;0;0.0;NA;68;15.7;PCTE;31;7.2;ESCAÑOS EN BLANCO;28;6.5;;0;0.0;;0;0.0
4103401001;Sevilla;63.8;PP;35.5;403;35.5;205;18.1;106;9.3;121;10.7;0;0.0;SALF;84;7.4;;0;0.0;;0;0.0;;0;0.0;;0;0.0
4103401002;Sevilla;49.0;PSOE-A;27.7;170;23.4;201;27.7;67;9.2;31;4.3;0;0.0;PACMA;77;10.6;ANDALUCISTAS - PA;75;10.3;;0;0.0;;0;0.0;;0;0.0
4103401003;Sevilla;44.9;PSOE-A;39.1;48;13.6;138;39.1;10;2.8;7;2.0;0;0.0;PARTIDO AUTÓNOMOS;69;19.6;PACMA;39;11.0;MUNDO+JUSTO;19;5.4;;0;0.0;;0;0.0
4103401004;Sevilla;53.1;PSOE-A;31.7;260;25.9;319;31.7;124;12.3;22;2.2;0;0.0;PCPA;58;5.8;PACMA;55;5.5;;0;0.0;;0;0.0;;0;0.0
4103401005;Sevilla;45.3;PP;28.7;228;28.7;183;23.0;136;17.1;41;5.2;0;0.0;PACMA;62;7.8;PODER ANDALUZ;47;5.9;;0;0.0;;0;0.0;;0;0.0
4103401006;Sevilla;60.1;PP;34.6;214;34.6;168;27.1;26;4.2;14;2.3;0;0.0;PACMA;103;16.6;PARTIDO AUTÓNOMOS;37;6.0;ESCAÑOS EN BLANCO;26;4.2;;0;0.0;;0;0.0
4103401007;Sevilla;47.4;PP;32.8;208;32.8;123;19.4;64;10.1;22;3.5;0;0.0;FE de las JONS;94;14.8;NA;35;5.5;;0;0.0;;0;0.0;;0;0.0
4103401008;Sevilla;49.4;PP;34.0;187;34.0;105;19.1;137;24.9;1;0.2;0;0.0;PACMA;55;10.0;MUNDO+JUSTO;23;4.2;;0;0.0;;0;0.0;;0;0.0
4103401009;Sevilla;50.9;PSOE-A;32.0;100;19.3;166;32.0;37;7.1;18;3.5;0;0.0;PACMA;43;8.3;PODER ANDALUZ;33;6.4;;0;0.0;;0;0.0;;0;0.0
4103401010;Sevilla;56.1;PP;38.6;139;38.6;56;15.6;4;1.1;33;9.2;0;0.0;PACMA;58;16.1;FE de las JONS;31;8.6;;0;0.0;;0;0.0;;0;0.0
4103401011;Sevilla;51.7;PP;32.9;234;32.9;79;11.1;54;7.6;28;3.9;0;0.0;NA;92;12.9;FE de las JONS;72;10.1;;0;0.0;;0;0.0;;0;0.0
4103402001;Sevilla;61.1;PP;30.5;307;30.5;231;23.0;114;11.3;49;4.9;0;0.0;PACMA;99;9.8;PCPA;69;6.9;;0;0.0;;0;0.0;;0;0.0
4103402002;Sevilla;51.6;PP;30.4;229;30.4;142;18.9;131;17.4;35;4.6;0;0.0;PCPA;104;13.8;;0;0.0;;0;0.0;;0;0.0;;0;0.0
4103403001;Sevilla;63.5;PP;29.7;171;29.7;124;21.6;78;13.6;41;7.1;0;0.0;ESCAÑOS EN BLANCO;117;20.4;;0;0.0;;0;0.0;;0;0.0;;0;0.0
4103403002;Sevilla;48.8;PSOE-A;32.7;144;17.2;274;32.7;101;12.0;35;4.2;0;0.0;PACMA;113;13.5;ESCAÑOS EN BLANCO;56;6.7;;0;0.0;;0;0.0;;0;0.0
4103403003;Sevilla;46.5;PSOE-A;27.5;111;25.4;120;27.5;23;5.3;7;1.6;48;11.0;PACMA;55;12.6;;0;0.0;;0;0.0;;0;0.0;;0;0.0
4103403004;Sevilla;48.6;PSOE-A;39.7;119;22.2;213;39.7;124;23.1;3;0.6;0;0.0;PACMA;30;5.6;MUNDO+JUSTO;16;3.0;;0;0.0;;0;0.0;;0;0.0
4103403005;Sevilla;49.8;PSOE-A;34.1;129;19.6;225;34.1;54;8.2;0;0.0;0;0.0;PARTIDO AUTÓNOMOS;104;15.8;PACMA;68;10.3;;0;0.0;;0;0.0;;0;0.0
4103403006;Sevilla;57.2;PP;28.1;181;28.1;124;19.2;104;16.2;7;1.1;67;10.4;MUNDO+JUSTO;50;7.8;;0;0.0;;0;0.0;;0;0.0;;0;0.0
4103501001;Sevilla;60.3;PP;38.3;231;38.3;148;24.5;30;5.0;6;1.0;0;0.0;NA;94;15.6;PARTIDO AUTÓNOMOS;20;3.3;;0;0.0;;0;0.0;;0;0.0
4103601001;Sevilla;59.3;PSOE-A;30.4;113;26.5;130;30.4;37;8.7;27;6.3;0;0.0;ESCAÑOS EN BLANCO;56;13.1;MUNDO+JUSTO;43;10.1;;0;0.0;;0;0.0;;0;0.0
4103601002;Sevilla;58.1;PSOE-A;31.2;48;13.1;114;31.2;40;10.9;39;10.7;0;0.0;PODER ANDALUZ;69;18.8;;0;0.0;;0;0.0;;0;0.0;;0;0.0
4103602001;Sevilla;55.0;PSOE-A;34.3;57;19.2;102;34.3;0;0.0;33;11.1;0;0.0;FE de las JONS;41;13.8;PACMA;22;7.4;;0;0.0;;0;0.0;;0;0.0
4103602002;Sevilla;53.4;PorA;44.1;0;0.0;70;20.6;23;6.8;150;44.1;0;0.0;ESCAÑOS EN BLANCO;80;23.5;PARTIDO AUTÓNOMOS;8;2.4;;0;0.0;;0;0.0;;0;0.0
4103602003;Sevilla;56.9;PorA;42.9;67;9.8;112;16.4;18;2.6;293;42.9;0;0.0;PACMA;87;12.7;MUNDO+JUSTO;31;4.5;;0;0.0;;0;0.0;;0;0.0
4103701001;Sevilla;64.4;PSOE-A;31.1;201;21.5;290;31.1;100;10.7;105;11.2;0;0.0;FE de las JONS;68;7.3;;0;0.0;;0;0.0;;0;0.0;;0;0.0
4103702001;Sevilla;63.5;PP;31.8;339;31.8;240;22.5;0;0.0;266;25.0;0;0.0;ANDALUCISTAS - PA;60;5.6;MUNDO+JUSTO;40;3.8;;0;0.0;;0;0.0;;0;0.0
4103801001;Sevilla;66.4;PP;35.3;319;35.3;228;25.2;45;5.0;79;8.8;0;0.0;PARTIDO AUTÓNOMOS;109;12.1;;0;0.0;;0;0.0;;0;0.0;;0;0.0
4103801002;Sevilla;43.3;PSOE-A;38.3;84;19.7;163;38.3;36;8.4;32;7.5;0;0.0;ANDALUCISTAS - PA;47;11.0;;0;0.0;;0;0.0;;0;0.0;;0;0.0
4103801003;Sevilla;32.7;PSOE-A;40.8;88;18.2;197;40.8;64;13.2;46;9.5;0;0.0;ESCAÑOS EN BLANCO;32;6.6;;0;0.0;;0;0.0;;0;0.0;;0;0.0
4103801004;Sevilla;48.7;PP;31.3;227;31.3;178;24.5;51;7.0;68;9.4;0;0.0;FE de las JONS;65;9.0;ANDALUCISTAS - PA;54;7.4;;0;0.0;;0;0.0;;0;0.0
4103801005;Sevilla;66.2;PP;50.1;296;50.1;50;8.5;49;8.3;22;3.7;0;0.0;ANDALUCISTAS - PA;69;11.7;MUNDO+JUSTO;48;8.1;;0;0.0;;0;0.0;;0;0.0
4103801006;Sevilla;41.0;PSOE-A;36.6;85;19.6;159;36.6;16;3.7;26;6.0;0;0.0;NA;36;8.3;PODER ANDALUZ;36;8.3;;0;0.0;;0;0.0;;0;0.0
4103801007;Sevilla;50.1;PP;33.6;186;33.6;113;20.4;56;10.1;30;5.4;0;0.0;PCTE;64;11.6;MUNDO+JUSTO;37;6.7;;0;0.0;;0;0.0;;0;0.0
4103801008;Sevilla;36.8;PSOE-A;40.5;97;24.0;164;40.5;16;4.0;43;10.6;0;0.0;NA;27;6.7;;0;0.0;;0;0.0;;0;0.0;;0;0.0
4103802001;Sevilla;55.9;PP;50.9;465;50.9;46;5.0;62;6.8;8;0.9;111;12.1;FE de las JONS;113;12.4;;0;0.0;;0;0.0;;0;0.0;;0;0.0
4103802002;Sevilla;63.8;PP;39.5;455;39.5;248;21.5;207;18.0;51;4.4;0;0.0;ANDALUCISTAS - PA;69;6.0;;0;0.0;;0;0.0;;0;0.0;;0;0.0
4103802003;Sevilla;62.1;PP;52.8;482;52.8;70;7.7;133;14.6;33;3.6;0;0.0;ESCAÑOS EN BLANCO;51;5.6;PACMA;39;4.3;;0;0.0;;0;0.0;;0;0.0
4103802004;Sevilla;63.7;PP;38.8;454;38.8;241;20.6;32;2.7;136;11.6;0;0.0;PCPA;127;10.9;NA;65;5.6;;0;0.0;;0;0.0;;0;0.0
4103802005;Sevilla;60.5;PP;31.8;183;31.8;139;24.1;22;3.8;104;18.1;0;0.0;MUNDO+JUSTO;79;13.7;;0;0.0;;0;0.0;;0;0.0;;0;0.0
4103802006;Sevilla;52.5;PP;30.3;86;30.3;75;26.4;24;8.4;31;10.9;0;0.0;PCTE;16;5.6;;0;0.0;;0;0.0;;0;0.0;;0;0.0
4103802007;Sevilla;52.1;PSOE-A;33.8;111;20.3;185;33.8;53;9.7;12;2.2;0;0.0;FE de las JONS;62;11.3;PACMA;31;5.7;;0;0.0;;0;0.0;;0;0.0
4103802008;Sevilla;57.9;PP;30.2;222;30.2;184;25.0;111;15.1;5;0.7;0;0.0;ANDALUCISTAS - PA;63;8.6;SALF;44;6.0;;0;0.0;;0;0.0;;0;0.0
4103802009;Sevilla;38.3;PSOE-A;33.5;98;24.5;134;33.5;29;7.2;32;8.0;0;0.0;PACMA;54;13.5;;0;0.0;;0;0.0;;0;0.0;;0;0.0
4103802010;Sevilla;27.3;PSOE-A;55.3;23;9.4;135;55.3;30;12.3;7;2.9;37;15.2;;0;0.0;;0;0.0;;0;0.0;;0;0.0;;0;0.0
4103802011;Sevilla;52.5;PSOE-A;35.1;105;17.2;214;35.1;56;9.2;50;8.2;0;0.0;ESCAÑOS EN BLANCO;73;12.0;PODER ANDALUZ;71;11.6;;0;0.0;;0;0.0;;0;0.0
4103802012;Sevilla;36.3;PSOE-A;25.0;104;19.7;132;25.0;95;18.0;22;4.2;0;0.0;ANDALUCISTAS - PA;56;10.6;PCTE;54;10.2;;0;0.0;;0;0.0;;0;0.0
4103803001;Sevilla;46.7;PSOE-A;32.5;147;25.3;189;32.5;129;22.2;17;2.9;0;0.0;PCTE;41;7.0;PARTIDO AUTÓNOMOS;29;5.0;;0;0.0;;0;0.0;;0;0.0
4103803002;Sevilla;56.7;PSOE-A;29.2;169;26.7;185;29.2;103;16.2;6;1.0;0;0.0;ESCAÑOS EN BLANCO;83;13.1;PACMA;38;6.0;;0;0.0;;0;0.0;;0;0.0
4103803003;Sevilla;51.7;PP;32.7;142;32.7;71;16.4;76;17.5;0;0.0;76;17.5;PACMA;25;5.8;;0;0.0;;0;0.0;;0;0.0;;0;0.0
4103803004;Sevilla;51.3;PP;34.7;318;34.7;202;22.0;49;5.3;65;7.1;0;0.0;SALF;115;12.5;NA;96;10.5;;0;0.0;;0;0.0;;0;0.0
4103803005;Sevilla;49.1;PP;34.1;180;34.1;99;18.8;120;22.7;3;0.6;0;0.0;MUNDO+JUSTO;35;6.6;FE de las JONS;26;4.9;;0;0.0;;0;0.0;;0;0.0
4103803006;Sevilla;75.7;PP;53.5;455;53.5;97;11.4;58;6.8;62;7.3;0;0.0;SALF;58;6.8;;0;0.0;;0;0.0;;0;0.0;;0;0.0
4103803007;Sevilla;46.6;PSOE-A;29.8;113;24.2;139;29.8;36;7.7;0;0.0;0;0.0;MUNDO+JUSTO;77;16.5;PCPA;39;8.4;;0;0.0;;0;0.0;;0;0.0
4103803008;Sevilla;58.9;PP;29.4;140;29.4;137;28.7;43;9.0;99;20.8;0;0.0;NA;36;7.6;;0;0.0;;0;0.0;;0;0.0;;0;0.0
4103803009;Sevilla;46.5;PSOE-A;32.9;88;20.4;142;32.9;1;0.2;56;13.0;33;7.6;ESCAÑOS EN BLANCO;52;12.0;;0;0.0;;0;0.0;;0;0.0;;0;0.0
4103803010;Sevilla;59.9;PSOE-A;33.9;147;21.4;233;33.9;144;20.9;29;4.2;0;0.0;SALF;57;8.3;;0;0.0;;0;0.0;;0;0.0;;0;0.0
4103803011;Sevilla;72.5;PP;46.7;200;46.7;34;7.9;72;16.8;1;0.2;0;0.0;PCTE;103;24.1;MUNDO+JUSTO;16;3.7;;0;0.0;;0;0.0;;0;0.0
4103803012;Sevilla;64.5;PSOE-A;31.4;152;24.6;194;31.4;93;15.1;38;6.2;0;0.0;NA;61;9.9;;0;0.0;;0;0.0;;0;0.0;;0;0.0
4103803013;Sevilla;68.5;PP;50.5;338;50.5;41;6.1;46;6.9;43;6.4;0;0.0;ANDALUCISTAS - PA;76;11.4;MUNDO+JUSTO;62;9.3;;0;0.0;;0;0.0;;0;0.0
4103803014;Sevilla;61.9;PP;29.9;256;29.9;203;23.7;53;6.2;78;9.1;0;0.0;PCTE;95;11.1;NA;75;8.8;;0;0.0;;0;0.0;;0;0.0
4103803015;Sevilla;60.5;PSOE-A;33.1;140;27.1;171;33.1;12;2.3;10;1.9;0;0.0;PCPA;103;20.0;ESCAÑOS EN BLANCO;37;7.2;MUNDO+JUSTO;28;5.4;;0;0.0;;0;0.0
4103803016;Sevilla;68.4;PP;32.1;220;32.1;134;19.6;104;15.2;89;13.0;0;0.0;PODER ANDALUZ;35;5.1;;0;0.0;;0;0.0;;0;0.0;;0;0.0
4103803017;Sevilla;59.0;PP;36.7;210;36.7;109;19.1;60;10.5;5;0.9;0;0.0;ANDALUCISTAS - PA;82;14.3;ESCAÑOS EN BLANCO;24;4.2;;0;0.0;;0;0.0;;0;0.0
4103804001;Sevilla;50.8;PP;35.5;175;35.5;76;15.4;50;10.1;45;9.1;0;0.0;MUNDO+JUSTO;58;11.8;PCTE;47;9.5;;0;0.0;;0;0.0;;0;0.0
4103804002;Sevilla;67.0;PP;40.7;493;40.7;132;10.9;87;7.2;91;7.5;0;0.0;ANDALUCISTAS - PA;199;16.4;SALF;127;10.5;;0;0.0;;0;0.0;;0;0.0
4103804003;Sevilla;48.4;PSOE-A;37.2;61;15.6;146;37.2;33;8.4;14;3.6;0;0.0;PODER ANDALUZ;53;13.5;NA;27;6.9;;0;0.0;;0;0.0;;0;0.0
4103804004;Sevilla;55.2;PSOE-A;37.2;133;22.5;220;37.2;119;20.1;5;0.8;41;6.9;PACMA;20;3.4;;0;0.0;;0;0.0;;0;0.0;;0;0.0
4103804005;Sevilla;62.1;PP;29.0;246;29.0;139;16.4;121;14.3;28;3.3;0;0.0;PCTE;113;13.3;PODER ANDALUZ;93;11.0;;0;0.0;;0;0.0;;0;0.0
4103804006;Sevilla;53.4;PSOE-A;29.6;247;27.8;263;29.6;45;5.1;99;11.2;45;5.1;FE de las JONS;62;7.0;MUNDO+JUSTO;47;5.3;;0;0.0;;0;0.0;;0;0.0
4103804007;Sevilla;63.2;PP;25.7;301;25.7;238;20.3;90;7.7;129;11.0;0;0.0;SALF;105;9.0;ESCAÑOS EN BLANCO;104;8.9;;0;0.0;;0;0.0;;0;0.0
4103804008;Sevilla;53.6;PP;28.1;277;28.1;246;25.0;132;13.4;139;14.1;0;0.0;MUNDO+JUSTO;62;6.3;;0;0.0;;0;0.0;;0;0.0;;0;0.0
4103804009;Sevilla;55.2;PP;37.3;232;37.3;119;19.1;47;7.6;33;5.3;0;0.0;PARTIDO AUTÓNOMOS;83;13.3;PACMA;51;8.2;;0;0.0;;0;0.0;;0;0.0
4103804010;Sevilla;47.9;VOX;29.5;114;28.0;111;27.3;120;29.5;42;10.3;0;0.0;ESCAÑOS EN BLANCO;15;3.7;;0;0.0;;0;0.0;;0;0.0;;0;0.0
4103804011;Sevilla;59.3;PP;41.6;325;41.6;219;28.0;11;1.4;74;9.5;0;0.0;PARTIDO AUTÓNOMOS;78;10.0;PACMA;46;5.9;;0;0.0;;0;0.0;;0;0.0
4103804012;Sevilla;52.2;PP;30.9;241;30.9;168;21.5;68;8.7;12;1.5;0;0.0;MUNDO+JUSTO;102;13.1;PACMA;57;7.3;;0;0.0;;0;0.0;;0;0.0
4103804013;Sevilla;56.6;PP;29.6;256;29.6;156;18.0;127;14.7;89;10.3;0;0.0;NA;117;13.5;;0;0.0;;0;0.0;;0;0.0;;0;0.0
4103804014;Sevilla;59.7;PP;42.4;338;42.4;118;14.8;37;4.6;60;7.5;0;0.0;ANDALUCISTAS - PA;92;11.5;PACMA;60;7.5;;0;0.0;;0;0.0;;0;0.0
4103804015;Sevilla;68.3;PP;37.4;245;37.4;137;20.9;9;1.4;109;16.6;0;0.0;NA;53;8.1;PACMA;36;5.5;;0;0.0;;0;0.0;;0;0.0
4103804016;Sevilla;59.2;PP;32.2;286;32.2;172;19.4;75;8.4;46;5.2;0;0.0;PCTE;122;13.7;NA;90;10.1;;0;0.0;;0;0.0;;0;0.0
4103804017;Sevilla;51.6;PSOE-A;32.1;196;24.0;262;32.1;141;17.3;16;2.0;0;0.0;ESCAÑOS EN BLANCO;87;10.7;MUNDO+JUSTO;55;6.7;;0;0.0;;0;0.0;;0;0.0
4103804018;Sevilla;66.3;PP;40.2;251;40.2;96;15.4;65;10.4;27;4.3;0;0.0;MUNDO+JUSTO;45;7.2;PCPA;38;6.1;;0;0.0;;0;0.0;;0;0.0
4103804019;Sevilla;64.5;PP;34.1;397;34.1;163;14.0;113;9.7;41;3.5;0;0.0;MUNDO+JUSTO;168;14.4;PODER ANDALUZ;96;8.2;;0;0.0;;0;0.0;;0;0.0
4103804020;Sevilla;59.7;PP;34.9;255;34.9;172;23.6;83;11.4;27;3.7;0;0.0;ESCAÑOS EN BLANCO;104;14.2;;0;0.0;;0;0.0;;0;0.0;;0;0.0
4103804021;Sevilla;64.2;PP;47.5;383;47.5;100;12.4;51;6.3;76;9.4;60;7.4;;0;0.0;;0;0.0;;0;0.0;;0;0.0;;0;0.0
4103804022;Sevilla;61.0;PP;41.3;273;41.3;83;12.6;48;7.3;59;8.9;0;0.0;NA;57;8.6;;0;0.0;;0;0.0;;0;0.0;;0;0.0
4103805001;Sevilla;52.9;PSOE-A;32.9;130;22.3;192;32.9;62;10.6;17;2.9;0;0.0;NA;101;17.3;PACMA;26;4.4;;0;0.0;;0;0.0;;0;0.0
4103805002;Sevilla;52.1;PSOE-A;35.0;99;18.9;183;35.0;86;16.4;7;1.3;0;0.0;ESCAÑOS EN BLANCO;76;14.5;MUNDO+JUSTO;22;4.2;;0;0.0;;0;0.0;;0;0.0
4103805003;Sevilla;72.0;PP;36.9;528;36.9;217;15.2;123;8.6;98;6.8;0;0.0;MUNDO+JUSTO;111;7.8;;0;0.0;;0;0.0;;0;0.0;;0;0.0
4103805004;Sevilla;60.8;PSOE-A;33.7;258;30.5;285;33.7;18;2.1;71;8.4;45;5.3;ESCAÑOS EN BLANCO;47;5.6;;0;0.0;;0;0.0;;0;0.0;;0;0.0
4103805005;Sevilla;53.7;PSOE-A;31.3;123;25.2;153;31.3;32;6.5;25;5.1;0;0.0;PODER ANDALUZ;99;20.2;;0;0.0;;0;0.0;;0;0.0;;0;0.0
4103805006;Sevilla;32.2;PP;29.6;137;29.6;101;21.8;51;11.0;51;11.0;0;0.0;FE de las JONS;40;8.6;;0;0.0;;0;0.0;;0;0.0;;0;0.0
4103805007;Sevilla;69.7;PP;33.8;256;33.8;92;12.1;6;0.8;229;30.2;0;0.0;PACMA;92;12.1;PCPA;19;2.5;;0;0.0;;0;0.0;;0;0.0
4103805008;Sevilla;70.1;PP;35.1;452;35.1;263;20.4;76;5.9;137;10.6;0;0.0;MUNDO+JUSTO;164;12.7;NA;91;7.1;;0;0.0;;0;0.0;;0;0.0
4103805009;Sevilla;70.0;PP;33.0;355;33.0;262;24.4;113;10.5;110;10.2;0;0.0;SALF;54;5.0;;0;0.0;;0;0.0;;0;0.0;;0;0.0
4103805010;Sevilla;70.8;PP;28.8;228;28.8;207;26.2;90;11.4;145;18.3;45;5.7;PACMA;51;6.4;;0;0.0;;0;0.0;;0;0.0;;0;0.0
4103805011;Sevilla;59.0;PP;26.7;149;26.7;147;26.3;51;9.1;54;9.7;36;6.4;;0;0.0;;0;0.0;;0;0.0;;0;0.0;;0;0.0
4103805012;Sevilla;70.3;PP;30.4;201;30.4;148;22.4;49;7.4;29;4.4;111;16.8;MUNDO+JUSTO;44;6.6;;0;0.0;;0;0.0;;0;0.0;;0;0.0
4103805013;Sevilla;64.1;PP;28.7;298;28.7;273;26.3;60;5.8;77;7.4;0;0.0;MUNDO+JUSTO;173;16.6;;0;0.0;;0;0.0;;0;0.0;;0;0.0
4103805014;Sevilla;58.2;PP;31.2;355;31.2;254;22.3;286;25.1;9;0.8;0;0.0;ANDALUCISTAS - PA;120;10.5;NA;33;2.9;;0;0.0;;0;0.0;;0;0.0
4103805015;Sevilla;68.7;PP;36.3;476;36.3;197;15.0;155;11.8;109;8.3;44;3.4;MUNDO+JUSTO;94;7.2;;0;0.0;;0;0.0;;0;0.0;;0;0.0
4103805016;Sevilla;66.4;PP;35.3;305;35.3;130;15.0;168;19.4;52;6.0;0;0.0;MUNDO+JUSTO;136;15.7;;0;0.0;;0;0.0;;0;0.0;;0;0.0
4103805017;Sevilla;67.2;PP;30.9;368;30.9;226;19.0;109;9.2;123;10.3;0;0.0;FE de las JONS;95;8.0;;0;0.0;;0;0.0;;0;0.0;;0;0.0
4103805018;Sevilla;66.2;PP;39.1;269;39.1;83;12.1;66;9.6;80;11.6;0;0.0;PCPA;87;12.6;;0;0.0;;0;0.0;;0;0.0;;0;0.0
4103805019;Sevilla;73.1;PP;35.6;275;35.6;117;15.2;96;12.4;90;11.7;0;0.0;MUNDO+JUSTO;93;12.0;;0;0.0;;0;0.0;;0;0.0;;0;0.0
4103805020;Sevilla;80.4;PP;58.7;412;58.7;28;4.0;73;10.4;0;0.0;0;0.0;MUNDO+JUSTO;69;9.8;PCTE;39;5.6;FE de las JONS;39;5.6;;0;0.0;;0;0.0
4103805021;Sevilla;63.5;PP;27.3;199;27.3;157;21.5;95;13.0;19;2.6;0;0.0;PACMA;117;16.0;ESCAÑOS EN BLANCO;68;9.3;;0;0.0;;0;0.0;;0;0.0
4103805022;Sevilla;71.2;PP;41.8;326;41.8;76;9.8;148;19.0;19;2.4;0;0.0;MUNDO+JUSTO;56;7.2;PACMA;51;6.6;;0;0.0;;0;0.0;;0;0.0
4103805023;Sevilla;61.1;PCPA;27.4;101;24.9;91;22.5;55;13.6;11;2.7;0;0.0;PCPA;111;27.4;PCTE;26;6.4;;0;0.0;;0;0.0;;0;0.0
4103805024;Sevilla;69.5;PP;34.0;288;34.0;165;19.5;171;20.2;7;0.8;0;0.0;MUNDO+JUSTO;88;10.4;ANDALUCISTAS - PA;70;8.2;;0;0.0;;0;0.0;;0;0.0
4103805025;Sevilla;69.8;PP;43.4;486;43.4;117;10.5;101;9.0;49;4.4;0;0.0;MUNDO+JUSTO;114;10.2;SALF;67;6.0;;0;0.0;;0;0.0;;0;0.0
4103805026;Sevilla;59.7;PP;44.9;227;44.9;63;12.4;35;6.9;56;11.1;0;0.0;PARTIDO AUTÓNOMOS;98;19.4;;0;0.0;;0;0.0;;0;0.0;;0;0.0
4103805027;Sevilla;49.5;PP;25.4;143;25.4;125;22.2;79;14.0;41;7.3;0;0.0;FE de las JONS;94;16.7;;0;0.0;;0;0.0;;0;0.0;;0;0.0
4103805028;Sevilla;57.0;PSOE-A;31.4;134;18.5;228;31.4;47;6.5;113;15.6;0;0.0;MUNDO+JUSTO;122;16.8;;0;0.0;;0;0.0;;0;0.0;;0;0.0
4103805029;Sevilla;58.1;PP;38.9;123;38.9;24;7.6;69;21.8;21;6.6;0;0.0;SALF;20;6.3;;0;0.0;;0;0.0;;0;0.0;;0;0.0
4103805030;Sevilla;59.7;PSOE-A;42.6;277;28.1;420;42.6;73;7.4;83;8.4;0;0.0;PACMA;73;7.4;;0;0.0;;0;0.0;;0;0.0;;0;0.0
4103805031;Sevilla;56.1;PP;29.9;262;29.9;185;21.1;58;6.6;73;8.3;0;0.0;PCTE;91;10.4;;0;0.0;;0;0.0;;0;0.0;;0;0.0
4103805032;Sevilla;59.1;PP;44.4;370;44.4;136;16.3;100;12.0;20;2.4;0;0.0;PCTE;66;7.9;NA;35;4.2;;0;0.0;;0;0.0;;0;0.0
4103901001;Sevilla;63.2;PP;53.1;208;53.1;22;5.6;54;13.8;0;0.0;0;0.0;MUNDO+JUSTO;48;12.2;PARTIDO AUTÓNOMOS;21;5.4;;0;0.0;;0;0.0;;0;0.0
4103901002;Sevilla;54.2;PSOE-A;30.8;212;27.4;238;30.8;56;7.2;56;7.2;0;0.0;ANDALUCISTAS - PA;57;7.4;;0;0.0;;0;0.0;;0;0.0;;0;0.0
4103901003;Sevilla;59.4;PP;42.0;249;42.0;130;21.9;62;10.5;1;0.2;0;0.0;NA;36;6.1;PACMA;36;6.1;;0;0.0;;0;0.0;;0;0.0
4103901004;Sevilla;52.6;PP;39.8;259;39.8;130;20.0;13;2.0;84;12.9;0;0.0;SALF;76;11.7;MUNDO+JUSTO;37;5.7;;0;0.0;;0;0.0;;0;0.0
4103901005;Sevilla;63.1;PP;40.4;338;40.4;230;27.5;24;2.9;52;6.2;0;0.0;PARTIDO AUTÓNOMOS;107;12.8;FE de las JONS;30;3.6;;0;0.0;;0;0.0;;0;0.0
4103901006;Sevilla;40.6;PSOE-A;41.4;69;19.1;150;41.4;22;6.1;34;9.4;0;0.0;PACMA;30;8.3;;0;0.0;;0;0.0;;0;0.0;;0;0.0
4103901007;Sevilla;46.2;PSOE-A;29.1;156;28.4;160;29.1;39;7.1;39;7.1;59;10.7;;0;0.0;;0;0.0;;0;0.0;;0;0.0;;0;0.0
4103901008;Sevilla;64.9;PP;35.8;188;35.8;112;21.3;19;3.6;27;5.1;50;9.5;FE de las JONS;40;7.6;PCPA;33;6.3;;0;0.0;;0;0.0;;0;0.0
4103901009;Sevilla;59.4;PP;45.9;245;45.9;108;20.2;21;3.9;28;5.2;0;0.0;PACMA;43;8.0;PCPA;26;4.9;;0;0.0;;0;0.0;;0;0.0
4103901010;Sevilla;54.2;PP;42.5;268;42.5;98;15.6;100;15.9;21;3.3;0;0.0;PACMA;58;9.2;PCPA;39;6.2;;0;0.0;;0;0.0;;0;0.0
4103902002;Sevilla;69.0;PP;57.7;500;57.7;102;11.8;53;6.1;17;2.0;0;0.0;MUNDO+JUSTO;56;6.5;PARTIDO AUTÓNOMOS;45;5.2;;0;0.0;;0;0.0;;0;0.0
4103902003;Sevilla;65.6;PP;45.4;332;45.4;162;22.2;115;15.7;5;0.7;0;0.0;PCTE;62;8.5;ESCAÑOS EN BLANCO;25;3.4;;0;0.0;;0;0.0;;0;0.0
4103902004;Sevilla;59.7;PP;65.2;520;65.2;54;6.8;43;5.4;0;0.0;0;0.0;MUNDO+JUSTO;103;12.9;NA;24;3.0;;0;0.0;;0;0.0;;0;0.0
4103902005;Sevilla;58.1;PP;31.5;143;31.5;136;30.0;54;11.9;5;1.1;0;0.0;SALF;63;13.9;PACMA;20;4.4;;0;0.0;;0;0.0;;0;0.0
4103903001;Sevilla;56.3;PP;35.1;284;35.1;240;29.6;112;13.8;21;2.6;0;0.0;FE de las JONS;40;4.9;MUNDO+JUSTO;31;3.8;;0;0.0;;0;0.0;;0;0.0
4103903002;Sevilla;60.2;PP;46.9;203;46.9;78;18.0;3;0.7;16;3.7;0;0.0;PACMA;69;15.9;NA;22;5.1;FE de las JONS;17;3.9;;0;0.0;;0;0.0
4103903003;Sevilla;57.5;PP;46.0;287;46.0;139;22.3;31;5.0;11;1.8;0;0.0;PCTE;70;11.2;PARTIDO AUTÓNOMOS;33;5.3;;0;0.0;;0;0.0;;0;0.0
4103903004;Sevilla;65.6;PP;42.3;376;42.3;121;13.6;82;9.2;88;9.9;0;0.0;FE de las JONS;102;11.5;;0;0.0;;0;0.0;;0;0.0;;0;0.0
4103903005;Sevilla;49.7;PSOE-A;47.1;50;16.1;146;47.1;33;10.6;39;12.6;0;0.0;PCPA;18;5.8;;0;0.0;;0;0.0;;0;0.0;;0;0.0
4103903006;Sevilla;54.7;PP;42.9;234;42.9;46;8.4;40;7.3;106;19.4;23;4.2;;0;0.0;;0;0.0;;0;0.0;;0;0.0;;0;0.0
4103903007;Sevilla;62.1;PP;44.1;369;44.1;111;13.3;131;15.7;0;0.0;47;5.6;ANDALUCISTAS - PA;50;6.0;;0;0.0;;0;0.0;;0;0.0;;0;0.0
4103904001;Sevilla;75.0;PP;66.8;500;66.8;63;8.4;48;6.4;2;0.3;0;0.0;PARTIDO AUTÓNOMOS;82;11.0;MUNDO+JUSTO;17;2.3;;0;0.0;;0;0.0;;0;0.0
4103904002;Sevilla;66.3;PP;62.3;311;62.3;29;5.8;57;11.4;0;0.0;0;0.0;PODER ANDALUZ;64;12.8;MUNDO+JUSTO;21;4.2;;0;0.0;;0;0.0;;0;0.0
4103904004;Sevilla;59.6;PP;33.9;190;33.9;125;22.3;77;13.7;12;2.1;0;0.0;MUNDO+JUSTO;33;5.9;PCPA;28;5.0;;0;0.0;;0;0.0;;0;0.0
4103904005;Sevilla;66.4;PP;40.5;185;40.5;79;17.3;24;5.2;25;5.5;0;0.0;PARTIDO AUTÓNOMOS;89;19.5;FE de las JONS;31;6.8;;0;0.0;;0;0.0;;0;0.0
4103904006;Sevilla;67.0;PP;56.8;513;56.8;164;18.1;49;5.4;18;2.0;0;0.0;PARTIDO AUTÓNOMOS;63;7.0;FE de las JONS;31;3.4;;0;0.0;;0;0.0;;0;0.0
4103904007;Sevilla;60.9;PP;40.7;242;40.7;66;11.1;96;16.2;9;1.5;0;0.0;PCTE;55;9.3;PODER ANDALUZ;31;5.2;;0;0.0;;0;0.0;;0;0.0
4103905001;Sevilla;67.9;PP;44.7;226;44.7;100;19.8;70;13.8;0;0.0;0;0.0;FE de las JONS;49;9.7;MUNDO+JUSTO;48;9.5;;0;0.0;;0;0.0;;0;0.0
4103905002;Sevilla;59.3;PP;48.6;313;48.6;77;12.0;68;10.6;37;5.8;60;9.3;FE de las JONS;53;8.2;;0;0.0;;0;0.0;;0;0.0;;0;0.0
4103905003;Sevilla;63.1;PP;42.4;272;42.4;105;16.4;82;12.8;19;3.0;0;0.0;PACMA;57;8.9;PARTIDO AUTÓNOMOS;28;4.4;;0;0.0;;0;0.0;;0;0.0
4104001001;Sevilla;67.1;PP;40.1;392;40.1;213;21.8;86;8.8;59;6.0;0;0.0;MUNDO+JUSTO;120;12.3;;0;0.0;;0;0.0;;0;0.0;;0;0.0
4104001002;Sevilla;61.7;PP;44.4;492;44.4;80;7.2;133;12.0;57;5.1;39;3.5;MUNDO+JUSTO;89;8.0;;0;0.0;;0;0.0;;0;0.0;;0;0.0
4104001003;Sevilla;73.8;PP;47.8;488;47.8;87;8.5;177;17.3;38;3.7;0;0.0;PARTIDO AUTÓNOMOS;65;6.4;ESCAÑOS EN BLANCO;51;5.0;;0;0.0;;0;0.0;;0;0.0
4104001004;Sevilla;64.5;PP;35.7;350;35.7;139;14.2;194;19.8;34;3.5;0;0.0;FE de las JONS;129;13.2;NA;37;3.8;;0;0.0;;0;0.0;;0;0.0
4104001005;Sevilla;66.3;PP;47.5;604;47.5;191;15.0;127;10.0;106;8.3;0;0.0;FE de las JONS;107;8.4;;0;0.0;;0;0.0;;0;0.0;;0;0.0
4104001006;Sevilla;61.9;PP;52.9;398;52.9;68;9.0;101;13.4;11;1.5;0;0.0;NA;64;8.5;PACMA;49;6.5;;0;0.0;;0;0.0;;0;0.0
4104001007;Sevilla;71.5;PP;45.5;429;45.5;105;11.2;133;14.1;22;2.3;0;0.0;ESCAÑOS EN BLANCO;120;12.7;MUNDO+JUSTO;66;7.0;;0;0.0;;0;0.0;;0;0.0
4104001008;Sevilla;67.8;PP;45.6;375;45.6;70;8.5;116;14.1;6;0.7;0;0.0;PARTIDO AUTÓNOMOS;96;11.7;ESCAÑOS EN BLANCO;57;6.9;;0;0.0;;0;0.0;;0;0.0
4104001009;Sevilla;65.9;PP;50.4;255;50.4;40;7.9;45;8.9;35;6.9;0;0.0;MUNDO+JUSTO;36;7.1;;0;0.0;;0;0.0;;0;0.0;;0;0.0
4104101001;Sevilla;63.4;PP;35.3;360;35.3;257;25.2;105;10.3;103;10.1;0;0.0;PCTE;67;6.6;;0;0.0;;0;0.0;;0;0.0;;0;0.0
4104101002;Sevilla;68.1;PP;41.6;347;41.6;212;25.4;32;3.8;52;6.2;0;0.0;PCTE;66;7.9;PCPA;36;4.3;;0;0.0;;0;0.0;;0;0.0
4104102001;Sevilla;75.1;PP;49.9;368;49.9;86;11.6;50;6.8;102;13.8;0;0.0;PACMA;95;12.9;;0;0.0;;0;0.0;;0;0.0;;0;0.0
4104102002;Sevilla;66.7;PP;50.8;334;50.8;110;16.7;32;4.9;10;1.5;0;0.0;MUNDO+JUSTO;90;13.7;FE de las JONS;37;5.6;;0;0.0;;0;0.0;;0;0.0
4104103001;Sevilla;66.5;PP;35.7;204;35.7;169;29.6;67;11.7;2;0.4;0;0.0;PCTE;31;5.4;MUNDO+JUSTO;28;4.9;;0;0.0;;0;0.0;;0;0.0
4104103002;Sevilla;59.3;PP;32.7;194;32.7;150;25.2;128;21.6;10;1.7;83;14.0;NA;16;2.7;;0;0.0;;0;0.0;;0;0.0;;0;0.0
4104104001;Sevilla;67.5;PP;44.4;428;44.4;196;20.3;24;2.5;101;10.5;0;0.0;FE de las JONS;69;7.2;PCTE;62;6.4;;0;0.0;;0;0.0;;0;0.0
4104104002;Sevilla;68.4;PP;36.9;365;36.9;248;25.0;56;5.7;25;2.5;0;0.0;PCPA;116;11.7;PODER ANDALUZ;93;9.4;;0;0.0;;0;0.0;;0;0.0
4104201001;Sevilla;61.9;PP;31.3;169;31.3;147;27.2;11;2.0;116;21.5;0;0.0;MUNDO+JUSTO;22;4.1;PCPA;17;3.2;;0;0.0;;0;0.0;;0;0.0
4104202001;Sevilla;63.6;PP;35.5;139;35.5;135;34.4;40;10.2;4;1.0;0;0.0;FE de las JONS;25;6.4;ESCAÑOS EN BLANCO;14;3.6;;0;0.0;;0;0.0;;0;0.0
4104202002;Sevilla;59.6;PSOE-A;32.5;165;23.5;228;32.5;0;0.0;143;20.4;0;0.0;ANDALUCISTAS - PA;50;7.1;PACMA;28;4.0;;0;0.0;;0;0.0;;0;0.0
4104203001;Sevilla;63.4;PSOE-A;31.4;123;11.8;329;31.4;97;9.3;138;13.2;0;0.0;PCTE;112;10.7;PACMA;103;9.8;;0;0.0;;0;0.0;;0;0.0
4104203002;Sevilla;62.8;PSOE-A;26.9;214;21.8;264;26.9;36;3.7;138;14.0;0;0.0;ESCAÑOS EN BLANCO;150;15.3;SALF;94;9.6;;0;0.0;;0;0.0;;0;0.0
4104301001;Sevilla;50.5;PSOE-A;46.9;39;12.0;153;46.9;21;6.4;29;8.9;0;0.0;PCTE;31;9.5;;0;0.0;;0;0.0;;0;0.0;;0;0.0
4104401001;Sevilla;56.6;PSOE-A;32.2;213;26.8;256;32.2;82;10.3;22;2.8;26;3.3;PODER ANDALUZ;78;9.8;;0;0.0;;0;0.0;;0;0.0;;0;0.0
4104401002;Sevilla;55.6;PP;46.6;305;46.6;99;15.1;97;14.8;41;6.3;0;0.0;MUNDO+JUSTO;28;4.3;;0;0.0;;0;0.0;;0;0.0;;0;0.0
4104401003;Sevilla;52.5;PSOE-A;28.7;147;25.9;163;28.7;90;15.8;24;4.2;0;0.0;PCPA;34;6.0;PCTE;30;5.3;;0;0.0;;0;0.0;;0;0.0
4104401004;Sevilla;62.1;PP;35.8;211;35.8;163;27.6;26;4.4;50;8.5;0;0.0;ESCAÑOS EN BLANCO;104;17.6;MUNDO+JUSTO;26;4.4;;0;0.0;;0;0.0;;0;0.0
4104401005;Sevilla;66.9;PP;38.0;276;38.0;130;17.9;38;5.2;144;19.8;0;0.0;FE de las JONS;65;9.0;;0;0.0;;0;0.0;;0;0.0;;0;0.0
4104401006;Sevilla;65.4;PP;38.8;364;38.8;109;11.6;123;13.1;168;17.9;0;0.0;PARTIDO AUTÓNOMOS;33;3.5;;0;0.0;;0;0.0;;0;0.0;;0;0.0
4104401007;Sevilla;75.0;PP;50.4;471;50.4;103;11.0;90;9.6;72;7.7;0;0.0;NA;59;6.3;;0;0.0;;0;0.0;;0;0.0;;0;0.0
4104501001;Sevilla;55.6;PP;29.2;238;29.2;162;19.8;44;5.4;105;12.9;0;0.0;PCPA;76;9.3;PODER ANDALUZ;58;7.1;;0;0.0;;0;0.0;;0;0.0
4104501002;Sevilla;60.5;PSOE-A;30.8;125;26.8;144;30.8;92;19.7;21;4.5;0;0.0;PACMA;29;6.2;PCPA;22;4.7;;0;0.0;;0;0.0;;0;0.0
4104502001;Sevilla;56.5;PSOE-A;24.9;67;18.0;93;24.9;7;1.9;66;17.7;84;22.5;PCPA;25;6.7;;0;0.0;;0;0.0;;0;0.0;;0;0.0
4104502002;Sevilla;56.5;PSOE-A;25.1;177;23.7;187;25.1;62;8.3;68;9.1;0;0.0;SALF;67;9.0;MUNDO+JUSTO;65;8.7;;0;0.0;;0;0.0;;0;0.0
4104502003;Sevilla;51.5;PSOE-A;34.7;141;24.6;199;34.7;45;7.8;65;11.3;0;0.0;PCTE;36;6.3;;0;0.0;;0;0.0;;0;0.0;;0;0.0
4104502004;Sevilla;60.8;PSOE-A;44.7;95;18.1;235;44.7;106;20.2;22;4.2;0;0.0;ESCAÑOS EN BLANCO;39;7.4;;0;0.0;;0;0.0;;0;0.0;;0;0.0
4104601001;Sevilla;70.8;PP;37.4;324;37.4;135;15.6;51;5.9;129;14.9;0;0.0;ESCAÑOS EN BLANCO;63;7.3;;0;0.0;;0;0.0;;0;0.0;;0;0.0
4104602001;Sevilla;66.0;PP;32.4;371;32.4;249;21.7;17;1.5;187;16.3;0;0.0;FE de las JONS;98;8.6;PACMA;80;7.0;;0;0.0;;0;0.0;;0;0.0
4104701001;Sevilla;60.5;PP;45.4;504;45.4;222;20.0;55;5.0;85;7.7;0;0.0;PODER ANDALUZ;66;6.0;SALF;60;5.4;;0;0.0;;0;0.0;;0;0.0
4104701002;Sevilla;63.7;PP;33.5;398;33.5;366;30.8;76;6.4;113;9.5;0;0.0;PCTE;97;8.2;;0;0.0;;0;0.0;;0;0.0;;0;0.0
4104701003;Sevilla;63.5;PP;38.0;391;38.0;157;15.3;77;7.5;56;5.4;0;0.0;PACMA;159;15.4;PARTIDO AUTÓNOMOS;92;8.9;;0;0.0;;0;0.0;;0;0.0
4104701004;Sevilla;67.4;PSOE-A;36.9;328;35.1;345;36.9;35;3.7;16;1.7;0;0.0;MUNDO+JUSTO;55;5.9;NA;52;5.6;FE de las JONS;43;4.6;;0;0.0;;0;0.0
4104701005;Sevilla;74.0;PP;37.9;516;37.9;255;18.8;68;5.0;178;13.1;45;3.3;MUNDO+JUSTO;106;7.8;SALF;72;5.3;;0;0.0;;0;0.0;;0;0.0
4104701006;Sevilla;67.7;PP;31.0;297;31.0;203;21.2;81;8.5;56;5.8;0;0.0;PCTE;131;13.7;;0;0.0;;0;0.0;;0;0.0;;0;0.0
4104701007;Sevilla;70.3;PP;51.8;303;51.8;62;10.6;71;12.1;10;1.7;0;0.0;FE de las JONS;58;9.9;MUNDO+JUSTO;45;7.7;;0;0.0;;0;0.0;;0;0.0
4104701008;Sevilla;65.2;PP;38.3;57;38.3;24;16.1;3;2.0;10;6.7;0;0.0;PCPA;21;14.1;MUNDO+JUSTO;13;8.7;;0;0.0;;0;0.0;;0;0.0
4104801001;Sevilla;58.0;PP;48.0;210;48.0;101;23.1;36;8.2;7;1.6;0;0.0;ANDALUCISTAS - PA;42;9.6;PCPA;25;5.7;;0;0.0;;0;0.0;;0;0.0
4104802001;Sevilla;60.9;PP;41.6;141;41.6;87;25.7;12;3.5;4;1.2;0;0.0;PCPA;61;18.0;PARTIDO AUTÓNOMOS;10;3.0;;0;0.0;;0;0.0;;0;0.0
4104803001;Sevilla;59.5;PSOE-A;48.2;78;17.7;212;48.2;23;5.2;29;6.6;0;0.0;PCPA;59;13.4;;0;0.0;;0;0.0;;0;0.0;;0;0.0
4104901001;Sevilla;64.4;PSOE-A;30.7;243;28.9;258;30.7;100;11.9;17;2.0;0;0.0;SALF;48;5.7;ANDALUCISTAS - PA;39;4.6;;0;0.0;;0;0.0;;0;0.0
4104901002;Sevilla;62.6;PSOE-A;39.0;187;20.4;357;39.0;34;3.7;141;15.4;0;0.0;PODER ANDALUZ;37;4.0;;0;0.0;;0;0.0;;0;0.0;;0;0.0
4104901003;Sevilla;57.6;PSOE-A;34.6;222;20.6;372;34.6;42;3.9;174;16.2;0;0.0;FE de las JONS;103;9.6;PARTIDO AUTÓNOMOS;73;6.8;;0;0.0;;0;0.0;;0;0.0
4104901004;Sevilla;61.2;PSOE-A;32.4;209;28.4;238;32.4;109;14.8;0;0.0;29;4.0;MUNDO+JUSTO;58;7.9;PARTIDO AUTÓNOMOS;30;4.1;;0;0.0;;0;0.0;;0;0.0
4104901005;Sevilla;58.4;PSOE-A;25.7;214;23.2;237;25.7;87;9.4;93;10.1;29;3.1;MUNDO+JUSTO;84;9.1;;0;0.0;;0;0.0;;0;0.0;;0;0.0
4104901006;Sevilla;66.1;PP;28.9;214;28.9;150;20.3;116;15.7;30;4.0;0;0.0;PODER ANDALUZ;62;8.4;PACMA;57;7.7;;0;0.0;;0;0.0;;0;0.0
4104901007;Sevilla;64.2;PSOE-A;34.9;98;14.9;229;34.9;42;6.4;102;15.6;0;0.0;ANDALUCISTAS - PA;59;9.0;PARTIDO AUTÓNOMOS;53;8.1;;0;0.0;;0;0.0;;0;0.0
4104901008;Sevilla;60.6;PSOE-A;35.6;154;24.1;228;35.6;21;3.3;88;13.8;0;0.0;ESCAÑOS EN BLANCO;65;10.2;PARTIDO AUTÓNOMOS;23;3.6;;0;0.0;;0;0.0;;0;0.0
4105001001;Sevilla;75.7;PP;35.4;205;35.4;155;26.8;44;7.6;11;1.9;0;0.0;PACMA;91;15.7;PCTE;43;7.4;;0;0.0;;0;0.0;;0;0.0
4105002001;Sevilla;69.5;PP;37.1;292;37.1;264;33.5;33;4.2;43;5.5;0;0.0;MUNDO+JUSTO;89;11.3;;0;0.0;;0;0.0;;0;0.0;;0;0.0
4105002002;Sevilla;66.6;PSOE-A;42.0;127;21.1;253;42.0;14;2.3;55;9.1;0;0.0;PACMA;73;12.1;FE de las JONS;52;8.6;;0;0.0;;0;0.0;;0;0.0
4105003001;Sevilla;64.9;PP;37.5;337;37.5;252;28.0;118;13.1;50;5.6;0;0.0;MUNDO+JUSTO;34;3.8;;0;0.0;;0;0.0;;0;0.0;;0;0.0
4105003002;Sevilla;76.4;PP;35.6;274;35.6;202;26.3;55;7.2;58;7.5;0;0.0;PARTIDO AUTÓNOMOS;43;5.6;;0;0.0;;0;0.0;;0;0.0;;0;0.0
4105101001;Sevilla;67.3;PP;43.0;510;43.0;341;28.8;43;3.6;54;4.6;0;0.0;PCTE;132;11.1;;0;0.0;;0;0.0;;0;0.0;;0;0.0
4105101002;Sevilla;60.2;PP;44.0;258;44.0;160;27.3;35;6.0;49;8.4;0;0.0;MUNDO+JUSTO;21;3.6;;0;0.0;;0;0.0;;0;0.0;;0;0.0
4105201001;Sevilla;56.3;PSOE-A;36.4;133;18.7;259;36.4;29;4.1;69;9.7;0;0.0;MUNDO+JUSTO;72;10.1;ESCAÑOS EN BLANCO;71;10.0;;0;0.0;;0;0.0;;0;0.0
4105201002;Sevilla;54.6;PSOE-A;31.9;193;19.9;309;31.9;69;7.1;124;12.8;0;0.0;PCPA;54;5.6;;0;0.0;;0;0.0;;0;0.0;;0;0.0
4105301001;Sevilla;64.7;PP;43.5;360;43.5;148;17.9;16;1.9;35;4.2;0;0.0;FE de las JONS;118;14.3;PCPA;50;6.0;;0;0.0;;0;0.0;;0;0.0
4105301003;Sevilla;70.5;PSOE-A;29.2;273;28.1;283;29.2;90;9.3;118;12.2;0;0.0;FE de las JONS;86;8.9;;0;0.0;;0;0.0;;0;0.0;;0;0.0
4105301004;Sevilla;68.3;PP;40.7;527;40.7;226;17.4;138;10.7;19;1.5;0;0.0;NA;117;9.0;PODER ANDALUZ;109;8.4;;0;0.0;;0;0.0;;0;0.0
4105301005;Sevilla;64.0;PP;38.6;413;38.6;213;19.9;84;7.9;123;11.5;0;0.0;PCPA;73;6.8;;0;0.0;;0;0.0;;0;0.0;;0;0.0
4105301006;Sevilla;64.7;PP;41.6;204;41.6;149;30.4;19;3.9;61;12.4;0;0.0;PCTE;28;5.7;;0;0.0;;0;0.0;;0;0.0;;0;0.0
4105302001;Sevilla;70.7;PP;48.1;258;48.1;75;14.0;6;1.1;5;0.9;0;0.0;SALF;81;15.1;MUNDO+JUSTO;54;10.1;PARTIDO AUTÓNOMOS;21;3.9;;0;0.0;;0;0.0
4105302002;Sevilla;66.4;PSOE-A;37.8;135;25.9;197;37.8;3;0.6;36;6.9;0;0.0;PARTIDO AUTÓNOMOS;148;28.4;;0;0.0;;0;0.0;;0;0.0;;0;0.0
4105302003;Sevilla;66.9;PP;31.0;161;31.0;155;29.8;6;1.2;64;12.3;0;0.0;MUNDO+JUSTO;49;9.4;PCTE;33;6.4;;0;0.0;;0;0.0;;0;0.0
4105302004;Sevilla;64.0;PP;47.3;409;47.3;155;17.9;65;7.5;49;5.7;0;0.0;SALF;103;11.9;;0;0.0;;0;0.0;;0;0.0;;0;0.0
4105303001;Sevilla;70.3;PP;54.0;579;54.0;84;7.8;138;12.9;118;11.0;0;0.0;NA;60;5.6;;0;0.0;;0;0.0;;0;0.0;;0;0.0
4105303002;Sevilla;70.3;PP;35.2;261;35.2;186;25.1;53;7.1;105;14.2;0;0.0;PODER ANDALUZ;22;3.0;;0;0.0;;0;0.0;;0;0.0;;0;0.0
4105303003;Sevilla;63.0;PP;31.5;367;31.5;323;27.7;111;9.5;66;5.7;92;7.9;;0;0.0;;0;0.0;;0;0.0;;0;0.0;;0;0.0
4105304001;Sevilla;62.4;PP;47.7;198;47.7;57;13.7;14;3.4;50;12.0;0;0.0;PARTIDO AUTÓNOMOS;65;15.7;PCPA;15;3.6;;0;0.0;;0;0.0;;0;0.0
4105304002;Sevilla;55.8;PP;38.4;303;38.4;170;21.5;68;8.6;41;5.2;0;0.0;PACMA;61;7.7;;0;0.0;;0;0.0;;0;0.0;;0;0.0
4105304007;Sevilla;58.7;PSOE-A;41.3;96;18.1;219;41.3;0;0.0;36;6.8;0;0.0;PARTIDO AUTÓNOMOS;51;9.6;NA;36;6.8;;0;0.0;;0;0.0;;0;0.0
4105304008;Sevilla;52.3;PSOE-A;47.2;145;15.6;438;47.2;10;1.1;55;5.9;0;0.0;ESCAÑOS EN BLANCO;84;9.0;PCTE;50;5.4;;0;0.0;;0;0.0;;0;0.0
4105304009;Sevilla;69.7;PP;42.1;409;42.1;304;31.3;114;11.7;37;3.8;0;0.0;PACMA;35;3.6;;0;0.0;;0;0.0;;0;0.0;;0;0.0
4105304010;Sevilla;60.4;PP;31.4;138;31.4;102;23.2;29;6.6;33;7.5;98;22.3;;0;0.0;;0;0.0;;0;0.0;;0;0.0;;0;0.0
4105401001;Sevilla;74.6;PP;35.9;202;35.9;131;23.3;10;1.8;61;10.8;0;0.0;PCTE;105;18.6;FE de las JONS;34;6.0;;0;0.0;;0;0.0;;0;0.0
4105501001;Sevilla;53.0;PP;44.9;203;44.9;92;20.4;0;0.0;62;13.7;0;0.0;PODER ANDALUZ;91;20.1;NA;4;0.9;;0;0.0;;0;0.0;;0;0.0
4105501002;Sevilla;72.7;PP;57.4;252;57.4;0;0.0;65;14.8;5;1.1;0;0.0;PARTIDO AUTÓNOMOS;53;12.1;ESCAÑOS EN BLANCO;25;5.7;PCPA;21;4.8;;0;0.0;;0;0.0
4105501003;Sevilla;55.5;PP;53.8;182;53.8;35;10.4;33;9.8;5;1.5;0;0.0;ESCAÑOS EN BLANCO;57;16.9;NA;19;5.6;;0;0.0;;0;0.0;;0;0.0
4105501004;Sevilla;63.5;PP;43.8;246;43.8;104;18.5;109;19.4;0;0.0;0;0.0;FE de las JONS;44;7.8;PCTE;14;2.5;;0;0.0;;0;0.0;;0;0.0
4105501005;Sevilla;61.1;PP;44.2;175;44.2;49;12.4;63;15.9;0;0.0;0;0.0;ANDALUCISTAS - PA;51;12.9;PCPA;25;6.3;;0;0.0;;0;0.0;;0;0.0
4105501006;Sevilla;47.6;PSOE-A;41.2;71;21.5;136;41.2;5;1.5;89;27.0;0;0.0;ESCAÑOS EN BLANCO;19;5.8;;0;0.0;;0;0.0;;0;0.0;;0;0.0
4105502001;Sevilla;68.9;PP;49.2;220;49.2;77;17.2;94;21.0;1;0.2;0;0.0;PACMA;32;7.2;PCTE;8;1.8;;0;0.0;;0;0.0;;0;0.0
4105502002;Sevilla;62.7;PP;36.7;263;36.7;189;26.4;105;14.6;42;5.9;26;3.6;NA;30;4.2;;0;0.0;;0;0.0;;0;0.0;;0;0.0
4105502003;Sevilla;50.1;PP;35.6;249;35.6;216;30.9;37;5.3;100;14.3;0;0.0;ESCAÑOS EN BLANCO;45;6.4;;0;0.0;;0;0.0;;0;0.0;;0;0.0
4105502004;Sevilla;60.3;PP;47.8;303;47.8;94;14.8;34;5.4;19;3.0;0;0.0;PCPA;69;10.9;PCTE;63;9.9;;0;0.0;;0;0.0;;0;0.0
4105502005;Sevilla;64.9;PP;46.5;447;46.5;130;13.5;71;7.4;49;5.1;92;9.6;NA;65;6.8;;0;0.0;;0;0.0;;0;0.0;;0;0.0
4105502006;Sevilla;45.2;PP;30.4;82;30.4;76;28.2;23;8.5;3;1.1;0;0.0;NA;56;20.7;PACMA;16;5.9;;0;0.0;;0;0.0;;0;0.0
4105502007;Sevilla;48.6;PP;30.8;117;30.8;111;29.2;106;27.9;30;7.9;0;0.0;NA;9;2.4;;0;0.0;;0;0.0;;0;0.0;;0;0.0
4105503001;Sevilla;46.7;PP;38.7;103;38.7;48;18.0;17;6.4;24;9.0;17;6.4;ESCAÑOS EN BLANCO;17;6.4;;0;0.0;;0;0.0;;0;0.0;;0;0.0
4105503003;Sevilla;43.3;PSOE-A;48.5;140;32.2;211;48.5;16;3.7;11;2.5;0;0.0;MUNDO+JUSTO;17;3.9;NA;15;3.4;;0;0.0;;0;0.0;;0;0.0
4105503004;Sevilla;50.7;PP;29.9;232;29.9;208;26.8;21;2.7;111;14.3;0;0.0;PCTE;45;5.8;FE de las JONS;39;5.0;;0;0.0;;0;0.0;;0;0.0
4105601002;Sevilla;68.5;PP;35.9;320;35.9;307;34.5;9;1.0;97;10.9;0;0.0;PCPA;85;9.5;NA;26;2.9;;0;0.0;;0;0.0;;0;0.0
4105601003;Sevilla;66.7;PSOE-A;35.4;226;23.9;335;35.4;68;7.2;60;6.3;34;3.6;ESCAÑOS EN BLANCO;116;12.2;;0;0.0;;0;0.0;;0;0.0;;0;0.0
4105601004;Sevilla;63.5;PSOE-A;38.6;202;32.7;238;38.6;79;12.8;0;0.0;0;0.0;MUNDO+JUSTO;31;5.0;NA;21;3.4;;0;0.0;;0;0.0;;0;0.0
4105701001;Sevilla;59.4;PP;35.4;52;35.4;34;23.1;2;1.4;12;8.2;0;0.0;NA;22;15.0;ESCAÑOS EN BLANCO;8;5.4;;0;0.0;;0;0.0;;0;0.0
4105801001;Sevilla;70.0;PP;57.6;410;57.6;112;15.7;52;7.3;7;1.0;61;8.6;FE de las JONS;17;2.4;;0;0.0;;0;0.0;;0;0.0;;0;0.0
4105801003;Sevilla;65.0;PP;33.7;231;33.7;201;29.3;7;1.0;62;9.0;30;4.4;NA;69;10.1;;0;0.0;;0;0.0;;0;0.0;;0;0.0
4105801004;Sevilla;61.8;PP;46.1;320;46.1;84;12.1;129;18.6;8;1.2;0;0.0;PODER ANDALUZ;73;10.5;FE de las JONS;28;4.0;;0;0.0;;0;0.0;;0;0.0
4105802001;Sevilla;69.3;PSOE-A;35.9;265;33.9;281;35.9;85;10.9;14;1.8;0;0.0;PCTE;42;5.4;ESCAÑOS EN BLANCO;24;3.1;;0;0.0;;0;0.0;;0;0.0
4105802002;Sevilla;62.4;PP;43.2;236;43.2;139;25.5;55;10.1;16;2.9;0;0.0;MUNDO+JUSTO;45;8.2;PODER ANDALUZ;33;6.0;;0;0.0;;0;0.0;;0;0.0
4105802003;Sevilla;60.7;PP;41.0;399;41.0;212;21.8;96;9.9;76;7.8;0;0.0;PARTIDO AUTÓNOMOS;52;5.3;;0;0.0;;0;0.0;;0;0.0;;0;0.0
4105802004;Sevilla;59.4;PP;33.9;256;33.9;174;23.0;79;10.5;102;13.5;0;0.0;ESCAÑOS EN BLANCO;34;4.5;;0;0.0;;0;0.0;;0;0.0;;0;0.0
4105802005;Sevilla;63.2;PSOE-A;54.3;144;26.0;301;54.3;58;10.5;4;0.7;0;0.0;FE de las JONS;25;4.5;ESCAÑOS EN BLANCO;14;2.5;;0;0.0;;0;0.0;;0;0.0
4105802006;Sevilla;66.0;PP;30.5;227;30.5;174;23.4;34;4.6;73;9.8;44;5.9;NA;77;10.3;;0;0.0;;0;0.0;;0;0.0;;0;0.0
4105803001;Sevilla;67.0;PP;30.2;114;30.2;92;24.3;33;8.7;15;4.0;0;0.0;ANDALUCISTAS - PA;102;27.0;;0;0.0;;0;0.0;;0;0.0;;0;0.0
4105803002;Sevilla;65.2;PSOE-A;42.9;248;42.8;249;42.9;21;3.6;31;5.3;0;0.0;PACMA;19;3.3;;0;0.0;;0;0.0;;0;0.0;;0;0.0
4105803003;Sevilla;78.3;PP;50.7;378;50.7;103;13.8;52;7.0;9;1.2;0;0.0;PACMA;65;8.7;PCPA;58;7.8;;0;0.0;;0;0.0;;0;0.0
4105803004;Sevilla;62.7;PP;35.5;290;35.5;190;23.3;110;13.5;0;0.0;0;0.0;MUNDO+JUSTO;98;12.0;PODER ANDALUZ;73;9.0;;0;0.0;;0;0.0;;0;0.0
4105803005;Sevilla;59.1;PP;36.0;338;36.0;225;24.0;65;6.9;79;8.4;0;0.0;MUNDO+JUSTO;64;6.8;;0;0.0;;0;0.0;;0;0.0;;0;0.0
4105803006;Sevilla;53.7;PP;28.8;215;28.8;125;16.7;134;17.9;12;1.6;0;0.0;SALF;69;9.2;ANDALUCISTAS - PA;62;8.3;;0;0.0;;0;0.0;;0;0.0
4105803007;Sevilla;63.4;PP;38.3;459;38.3;191;15.9;98;8.2;98;8.2;0;0.0;PCTE;101;8.4;;0;0.0;;0;0.0;;0;0.0;;0;0.0
4105901001;Sevilla;61.7;PP;26.6;210;26.6;195;24.6;61;7.7;38;4.8;0;0.0;NA;141;17.8;MUNDO+JUSTO;69;8.7;;0;0.0;;0;0.0;;0;0.0
4105901002;Sevilla;67.2;PP;55.7;403;55.7;92;12.7;92;12.7;51;7.0;0;0.0;PACMA;34;4.7;;0;0.0;;0;0.0;;0;0.0;;0;0.0
4105901003;Sevilla;63.3;PP;33.3;332;33.3;298;29.9;144;14.4;75;7.5;0;0.0;MUNDO+JUSTO;47;4.7;;0;0.0;;0;0.0;;0;0.0;;0;0.0
4105901004;Sevilla;65.5;PP;31.2;263;31.2;142;16.8;89;10.6;61;7.2;0;0.0;NA;99;11.7;;0;0.0;;0;0.0;;0;0.0;;0;0.0
4105901005;Sevilla;61.4;PSOE-A;31.2;115;17.2;209;31.2;15;2.2;16;2.4;111;16.6;PACMA;110;16.4;MUNDO+JUSTO;27;4.0;;0;0.0;;0;0.0;;0;0.0
4105901006;Sevilla;58.0;PP;32.2;315;32.2;302;30.8;102;10.4;77;7.9;0;0.0;PARTIDO AUTÓNOMOS;38;3.9;;0;0.0;;0;0.0;;0;0.0;;0;0.0
4105901007;Sevilla;53.3;SALF;32.7;77;24.7;82;26.3;2;0.6;27;8.6;0;0.0;SALF;102;32.7;ESCAÑOS EN BLANCO;5;1.6;;0;0.0;;0;0.0;;0;0.0
4105901008;Sevilla;74.3;PP;32.0;398;32.0;215;17.3;136;10.9;110;8.8;43;3.5;FE de las JONS;116;9.3;;0;0.0;;0;0.0;;0;0.0;;0;0.0
4105901009;Sevilla;62.7;PP;30.5;230;30.5;160;21.2;112;14.9;77;10.2;0;0.0;MUNDO+JUSTO;112;14.9;;0;0.0;;0;0.0;;0;0.0;;0;0.0
4105901010;Sevilla;71.9;PP;32.7;256;32.7;135;17.3;162;20.7;134;17.1;0;0.0;FE de las JONS;27;3.4;;0;0.0;;0;0.0;;0;0.0;;0;0.0
4105901011;Sevilla;71.6;PP;54.4;259;54.4;1;0.2;8;1.7;48;10.1;0;0.0;PODER ANDALUZ;57;12.0;PACMA;37;7.8;MUNDO+JUSTO;32;6.7;;0;0.0;;0;0.0
4105901012;Sevilla;67.7;PP;32.2;199;32.2;111;18.0;39;6.3;16;2.6;0;0.0;PCPA;137;22.2;MUNDO+JUSTO;32;5.2;;0;0.0;;0;0.0;;0;0.0
4105901014;Sevilla;65.8;PP;33.9;149;33.9;91;20.7;55;12.5;21;4.8;0;0.0;PCPA;59;13.4;PACMA;30;6.8;;0;0.0;;0;0.0;;0;0.0
4105901015;Sevilla;45.4;PSOE-A;36.0;81;16.1;181;36.0;77;15.3;80;15.9;0;0.0;PACMA;27;5.4;;0;0.0;;0;0.0;;0;0.0;;0;0.0
4105901016;Sevilla;74.6;PP;38.3;365;38.3;192;20.2;177;18.6;18;1.9;0;0.0;PARTIDO AUTÓNOMOS;100;10.5;FE de las JONS;38;4.0;;0;0.0;;0;0.0;;0;0.0
4105901017;Sevilla;71.8;PP;53.6;328;53.6;54;8.8;4;0.6;109;17.8;0;0.0;FE de las JONS;34;5.6;PCTE;28;4.6;;0;0.0;;0;0.0;;0;0.0
4105901018;Sevilla;64.6;PP;32.3;244;32.3;155;20.5;91;12.0;11;1.5;0;0.0;PACMA;76;10.0;ESCAÑOS EN BLANCO;73;9.7;;0;0.0;;0;0.0;;0;0.0
4105901019;Sevilla;48.4;PSOE-A;59.0;35;8.4;247;59.0;18;4.3;1;0.2;0;0.0;PODER ANDALUZ;51;12.2;PARTIDO AUTÓNOMOS;27;6.4;;0;0.0;;0;0.0;;0;0.0
4105901020;Sevilla;68.9;PP;30.3;390;30.3;283;22.0;85;6.6;133;10.3;0;0.0;PARTIDO AUTÓNOMOS;132;10.3;;0;0.0;;0;0.0;;0;0.0;;0;0.0
4105901021;Sevilla;74.2;PP;29.4;240;29.4;132;16.2;95;11.6;74;9.1;0;0.0;PARTIDO AUTÓNOMOS;104;12.7;;0;0.0;;0;0.0;;0;0.0;;0;0.0
4105901022;Sevilla;70.2;PP;36.0;300;36.0;176;21.1;109;13.1;44;5.3;0;0.0;PCTE;96;11.5;FE de las JONS;52;6.2;;0;0.0;;0;0.0;;0;0.0
4105901023;Sevilla;67.1;PP;41.6;350;41.6;79;9.4;72;8.6;67;8.0;0;0.0;PACMA;175;20.8;;0;0.0;;0;0.0;;0;0.0;;0;0.0
4105901024;Sevilla;67.2;PP;39.5;342;39.5;97;11.2;59;6.8;9;1.0;96;11.1;PCTE;64;7.4;MUNDO+JUSTO;62;7.2;;0;0.0;;0;0.0;;0;0.0
4105901025;Sevilla;68.6;PP;33.6;331;33.6;147;14.9;107;10.8;24;2.4;0;0.0;PODER ANDALUZ;143;14.5;PCPA;113;11.5;;0;0.0;;0;0.0;;0;0.0
4105901026;Sevilla;70.7;PP;42.9;406;42.9;111;11.7;106;11.2;66;7.0;0;0.0;MUNDO+JUSTO;62;6.6;;0;0.0;;0;0.0;;0;0.0;;0;0.0
4105901027;Sevilla;65.1;PCPA;26.0;127;23.1;141;25.7;55;10.0;24;4.4;0;0.0;PCPA;143;26.0;;0;0.0;;0;0.0;;0;0.0;;0;0.0
4105901028;Sevilla;63.5;PP;27.9;178;27.9;161;25.2;49;7.7;41;6.4;39;6.1;MUNDO+JUSTO;47;7.4;;0;0.0;;0;0.0;;0;0.0;;0;0.0
4105901029;Sevilla;68.9;PP;39.2;297;39.2;62;8.2;120;15.8;71;9.4;0;0.0;PACMA;83;11.0;;0;0.0;;0;0.0;;0;0.0;;0;0.0
4105901030;Sevilla;71.0;PP;38.6;415;38.6;177;16.4;74;6.9;89;8.3;0;0.0;PARTIDO AUTÓNOMOS;116;10.8;;0;0.0;;0;0.0;;0;0.0;;0;0.0
4105901031;Sevilla;66.1;PP;34.6;179;34.6;78;15.1;8;1.6;85;16.4;0;0.0;ESCAÑOS EN BLANCO;70;13.5;PARTIDO AUTÓNOMOS;37;7.2;;0;0.0;;0;0.0;;0;0.0
4105901032;Sevilla;69.1;PP;26.2;208;26.2;179;22.6;84;10.6;11;1.4;0;0.0;PODER ANDALUZ;199;25.1;MUNDO+JUSTO;81;10.2;;0;0.0;;0;0.0;;0;0.0
4105901033;Sevilla;63.0;PP;42.3;241;42.3;62;10.9;21;3.7;76;13.3;0;0.0;SALF;99;17.4;PCPA;35;6.1;;0;0.0;;0;0.0;;0;0.0
4106001001;Sevilla;63.1;PP;38.1;394;38.1;223;21.6;203;19.6;27;2.6;0;0.0;PACMA;45;4.4;PCPA;32;3.1;;0;0.0;;0;0.0;;0;0.0
4106001002;Sevilla;57.1;PP;43.7;356;43.7;186;22.8;74;9.1;5;0.6;0;0.0;MUNDO+JUSTO;52;6.4;FE de las JONS;44;5.4;;0;0.0;;0;0.0;;0;0.0
4106001003;Sevilla;60.6;PP;36.1;370;36.1;272;26.5;30;2.9;69;6.7;67;6.5;ANDALUCISTAS - PA;78;7.6;;0;0.0;;0;0.0;;0;0.0;;0;0.0
4106002001;Sevilla;68.5;PP;47.0;440;47.0;166;17.7;29;3.1;59;6.3;0;0.0;PARTIDO AUTÓNOMOS;128;13.7;SALF;66;7.0;;0;0.0;;0;0.0;;0;0.0
4106002002;Sevilla;56.9;PSOE-A;35.6;268;33.6;284;35.6;64;8.0;1;0.1;0;0.0;MUNDO+JUSTO;59;7.4;PACMA;37;4.6;;0;0.0;;0;0.0;;0;0.0
4106003001;Sevilla;62.5;PP;50.8;193;50.8;12;3.2;44;11.6;37;9.7;29;7.6;PCTE;15;4.0;;0;0.0;;0;0.0;;0;0.0;;0;0.0
4106003002;Sevilla;62.0;PP;30.9;340;30.9;313;28.4;90;8.2;43;3.9;0;0.0;MUNDO+JUSTO;99;9.0;ESCAÑOS EN BLANCO;56;5.1;;0;0.0;;0;0.0;;0;0.0
4106003003;Sevilla;61.9;PP;37.5;225;37.5;113;18.8;82;13.7;23;3.8;0;0.0;PCTE;100;16.7;PACMA;23;3.8;;0;0.0;;0;0.0;;0;0.0
4106003004;Sevilla;61.0;PP;53.9;244;53.9;28;6.2;41;9.0;3;0.7;0;0.0;MUNDO+JUSTO;75;16.6;FE de las JONS;19;4.2;;0;0.0;;0;0.0;;0;0.0
4106003005;Sevilla;60.3;PSOE-A;32.8;267;31.0;283;32.8;78;9.0;49;5.7;0;0.0;PACMA;56;6.5;;0;0.0;;0;0.0;;0;0.0;;0;0.0
4106003006;Sevilla;56.2;PSOE-A;30.5;161;27.9;176;30.5;38;6.6;21;3.6;55;9.5;MUNDO+JUSTO;52;9.0;;0;0.0;;0;0.0;;0;0.0;;0;0.0
4106003007;Sevilla;49.0;PP;35.3;160;35.3;157;34.7;10;2.2;28;6.2;0;0.0;SALF;45;9.9;MUNDO+JUSTO;15;3.3;;0;0.0;;0;0.0;;0;0.0
4106101001;Sevilla;72.0;PorA;35.6;175;22.4;134;17.2;21;2.7;278;35.6;0;0.0;ANDALUCISTAS - PA;86;11.0;NA;32;4.1;;0;0.0;;0;0.0;;0;0.0
4106101002;Sevilla;70.9;PorA;58.9;26;3.7;48;6.9;28;4.0;411;58.9;0;0.0;MUNDO+JUSTO;111;15.9;;0;0.0;;0;0.0;;0;0.0;;0;0.0
4106201001;Sevilla;66.9;PSOE-A;37.3;94;13.9;253;37.3;0;0.0;196;28.9;0;0.0;MUNDO+JUSTO;55;8.1;NA;32;4.7;;0;0.0;;0;0.0;;0;0.0
4106201002;Sevilla;66.3;PorA;38.6;74;10.2;212;29.2;15;2.1;281;38.6;0;0.0;PACMA;72;9.9;PARTIDO AUTÓNOMOS;29;4.0;;0;0.0;;0;0.0;;0;0.0
4106301001;Sevilla;56.0;PP;29.7;227;29.7;190;24.9;54;7.1;79;10.3;7;0.9;MUNDO+JUSTO;48;6.3;;0;0.0;;0;0.0;;0;0.0;;0;0.0
4106301002;Sevilla;53.3;PP;33.7;273;33.7;238;29.4;110;13.6;18;2.2;0;0.0;ANDALUCISTAS - PA;98;12.1;PARTIDO AUTÓNOMOS;22;2.7;;0;0.0;;0;0.0;;0;0.0
4106401001;Sevilla;51.0;PP;37.8;165;37.8;90;20.6;75;17.2;0;0.0;0;0.0;MUNDO+JUSTO;72;16.5;PARTIDO AUTÓNOMOS;13;3.0;;0;0.0;;0;0.0;;0;0.0
4106401002;Sevilla;42.0;PSOE-A;52.8;79;33.6;124;52.8;8;3.4;0;0.0;0;0.0;NA;12;5.1;PCTE;6;2.6;;0;0.0;;0;0.0;;0;0.0
4106402001;Sevilla;45.1;PSOE-A;34.2;135;31.0;149;34.2;38;8.7;25;5.7;0;0.0;PODER ANDALUZ;23;5.3;;0;0.0;;0;0.0;;0;0.0;;0;0.0
4106402002;Sevilla;49.5;PSOE-A;31.2;83;27.0;96;31.2;7;2.3;12;3.9;0;0.0;ANDALUCISTAS - PA;66;21.4;NA;17;5.5;ESCAÑOS EN BLANCO;12;3.9;;0;0.0;;0;0.0
4106402003;Sevilla;55.0;PP;42.6;289;42.6;157;23.2;36;5.3;28;4.1;0;0.0;NA;59;8.7;;0;0.0;;0;0.0;;0;0.0;;0;0.0
4106403001;Sevilla;55.6;PP;30.8;232;30.8;209;27.8;135;18.0;10;1.3;0;0.0;PCTE;76;10.1;PACMA;38;5.0;;0;0.0;;0;0.0;;0;0.0
4106501001;Sevilla;57.4;PP;37.9;352;37.9;210;22.6;91;9.8;34;3.7;0;0.0;PODER ANDALUZ;72;7.8;MUNDO+JUSTO;47;5.1;;0;0.0;;0;0.0;;0;0.0
4106501002;Sevilla;53.0;PSOE-A;39.4;122;19.9;241;39.4;27;4.4;22;3.6;46;7.5;NA;52;8.5;;0;0.0;;0;0.0;;0;0.0;;0;0.0
4106501003;Sevilla;58.0;PP;32.6;138;32.6;81;19.1;43;10.1;56;13.2;0;0.0;FE de las JONS;61;14.4;;0;0.0;;0;0.0;;0;0.0;;0;0.0
4106501004;Sevilla;49.9;PSOE-A;32.3;171;28.9;191;32.3;28;4.7;4;0.7;0;0.0;PACMA;72;12.2;PCTE;59;10.0;;0;0.0;;0;0.0;;0;0.0
4106501005;Sevilla;46.5;PSOE-A;38.9;112;20.4;213;38.9;42;7.7;20;3.6;0;0.0;PCPA;68;12.4;PARTIDO AUTÓNOMOS;58;10.6;;0;0.0;;0;0.0;;0;0.0
4106502001;Sevilla;58.2;PP;55.2;235;55.2;40;9.4;0;0.0;0;0.0;0;0.0;FE de las JONS;80;18.8;MUNDO+JUSTO;38;8.9;PCPA;24;5.6;;0;0.0;;0;0.0
4106502002;Sevilla;67.4;PP;50.7;270;50.7;47;8.8;49;9.2;4;0.8;55;10.3;NA;37;6.9;;0;0.0;;0;0.0;;0;0.0;;0;0.0
4106502003;Sevilla;59.0;PP;33.8;283;33.8;197;23.5;103;12.3;43;5.1;0;0.0;NA;78;9.3;MUNDO+JUSTO;48;5.7;;0;0.0;;0;0.0;;0;0.0
4106502004;Sevilla;53.4;PP;27.1;244;27.1;238;26.5;78;8.7;74;8.2;0;0.0;PARTIDO AUTÓNOMOS;65;7.2;;0;0.0;;0;0.0;;0;0.0;;0;0.0
4106502005;Sevilla;66.9;PP;33.6;242;33.6;144;20.0;56;7.8;44;6.1;0;0.0;MUNDO+JUSTO;118;16.4;ESCAÑOS EN BLANCO;85;11.8;;0;0.0;;0;0.0;;0;0.0
4106502006;Sevilla;63.4;PP;36.6;203;36.6;114;20.5;36;6.5;37;6.7;0;0.0;PARTIDO AUTÓNOMOS;48;8.6;;0;0.0;;0;0.0;;0;0.0;;0;0.0
4106503001;Sevilla;58.5;PP;36.8;253;36.8;137;19.9;34;5.0;110;16.0;0;0.0;MUNDO+JUSTO;43;6.3;ANDALUCISTAS - PA;36;5.2;;0;0.0;;0;0.0;;0;0.0
4106503002;Sevilla;43.1;PSOE-A;42.7;61;15.9;164;42.7;19;5.0;12;3.1;0;0.0;FE de las JONS;65;16.9;PACMA;17;4.4;;0;0.0;;0;0.0;;0;0.0
4106503003;Sevilla;49.5;PP;44.2;262;44.2;171;28.8;27;4.6;87;14.7;0;0.0;MUNDO+JUSTO;21;3.5;;0;0.0;;0;0.0;;0;0.0;;0;0.0
4106503005;Sevilla;60.0;PorA;27.2;14;2.8;0;0.0;14;2.8;135;27.2;62;12.5;ANDALUCISTAS - PA;62;12.5;SALF;62;12.5;PODER ANDALUZ;62;12.5;;0;0.0;;0;0.0
4106503006;Sevilla;34.6;PSOE-A;39.3;44;15.7;110;39.3;8;2.9;19;6.8;0;0.0;PARTIDO AUTÓNOMOS;39;13.9;FE de las JONS;31;11.1;;0;0.0;;0;0.0;;0;0.0
4106504001;Sevilla;60.6;PP;53.4;238;53.4;101;22.6;13;2.9;38;8.5;0;0.0;FE de las JONS;21;4.7;;0;0.0;;0;0.0;;0;0.0;;0;0.0
4106504002;Sevilla;44.1;PSOE-A;35.0;122;19.5;219;35.0;42;6.7;49;7.8;0;0.0;NA;62;9.9;;0;0.0;;0;0.0;;0;0.0;;0;0.0
4106504003;Sevilla;53.3;PSOE-A;35.3;99;23.6;148;35.3;17;4.1;39;9.3;0;0.0;ANDALUCISTAS - PA;82;19.6;NA;23;5.5;;0;0.0;;0;0.0;;0;0.0
4106504004;Sevilla;50.8;PSOE-A;36.2;63;18.1;126;36.2;8;2.3;0;0.0;0;0.0;PODER ANDALUZ;101;29.0;NA;14;4.0;FE de las JONS;13;3.7;;0;0.0;;0;0.0
4106505001;Sevilla;44.4;PP;34.1;169;34.1;105;21.2;37;7.5;11;2.2;0;0.0;ESCAÑOS EN BLANCO;76;15.4;PCTE;38;7.7;;0;0.0;;0;0.0;;0;0.0
4106601001;Sevilla;63.6;PSOE-A;54.1;65;18.3;192;54.1;0;0.0;0;0.0;0;0.0;PCPA;59;16.6;MUNDO+JUSTO;19;5.4;FE de las JONS;17;4.8;;0;0.0;;0;0.0
4106602001;Sevilla;60.4;PSOE-A;49.9;91;23.6;192;49.9;17;4.4;2;0.5;0;0.0;PCTE;24;6.2;PARTIDO AUTÓNOMOS;23;6.0;;0;0.0;;0;0.0;;0;0.0
4106701001;Sevilla;66.5;PP;40.0;286;40.0;158;22.1;32;4.5;45;6.3;57;8.0;;0;0.0;;0;0.0;;0;0.0;;0;0.0;;0;0.0
4106701002;Sevilla;60.6;PSOE-A;34.0;246;26.9;311;34.0;84;9.2;55;6.0;0;0.0;NA;64;7.0;SALF;58;6.4;;0;0.0;;0;0.0;;0;0.0
4106701003;Sevilla;60.1;PP;31.2;295;31.2;227;24.0;98;10.4;110;11.6;0;0.0;ESCAÑOS EN BLANCO;112;11.9;;0;0.0;;0;0.0;;0;0.0;;0;0.0
4106702001;Sevilla;60.2;PP;41.0;443;41.0;317;29.4;79;7.3;26;2.4;0;0.0;PODER ANDALUZ;58;5.4;PACMA;42;3.9;;0;0.0;;0;0.0;;0;0.0
4106702002;Sevilla;53.3;PP;36.0;303;36.0;272;32.3;76;9.0;35;4.2;0;0.0;MUNDO+JUSTO;46;5.5;;0;0.0;;0;0.0;;0;0.0;;0;0.0
4106801001;Sevilla;53.8;PP;35.1;174;35.1;110;22.2;94;19.0;43;8.7;0;0.0;MUNDO+JUSTO;22;4.4;;0;0.0;;0;0.0;;0;0.0;;0;0.0
4106801002;Sevilla;68.2;PP;53.1;268;53.1;20;4.0;20;4.0;0;0.0;0;0.0;FE de las JONS;87;17.2;MUNDO+JUSTO;42;8.3;PACMA;35;6.9;;0;0.0;;0;0.0
4106801003;Sevilla;44.1;PSOE-A;48.9;95;20.5;227;48.9;0;0.0;50;10.8;0;0.0;NA;60;12.9;PODER ANDALUZ;16;3.4;;0;0.0;;0;0.0;;0;0.0
4106802001;Sevilla;67.6;PP;41.2;222;41.2;108;20.0;81;15.0;8;1.5;0;0.0;ANDALUCISTAS - PA;66;12.2;PCPA;30;5.6;;0;0.0;;0;0.0;;0;0.0
4106802002;Sevilla;67.5;PP;42.6;168;42.6;74;18.8;6;1.5;25;6.4;0;0.0;FE de las JONS;106;26.9;;0;0.0;;0;0.0;;0;0.0;;0;0.0
4106803001;Sevilla;63.0;PP;50.3;281;50.3;96;17.2;19;3.4;32;5.7;0;0.0;PCPA;53;9.5;;0;0.0;;0;0.0;;0;0.0;;0;0.0
4106803002;Sevilla;51.5;PSOE-A;36.8;220;28.9;280;36.8;0;0.0;65;8.5;0;0.0;ANDALUCISTAS - PA;42;5.5;ESCAÑOS EN BLANCO;40;5.2;;0;0.0;;0;0.0;;0;0.0
4106804001;Sevilla;54.3;PSOE-A;37.8;219;25.2;328;37.8;23;2.6;32;3.7;0;0.0;MUNDO+JUSTO;92;10.6;NA;81;9.3;ESCAÑOS EN BLANCO;49;5.6;;0;0.0;;0;0.0
4106804002;Sevilla;54.8;PSOE-A;38.6;210;28.3;286;38.6;25;3.4;39;5.3;0;0.0;PCTE;51;6.9;PARTIDO AUTÓNOMOS;28;3.8;;0;0.0;;0;0.0;;0;0.0
4106804003;Sevilla;63.2;PSOE-A;37.1;194;22.7;317;37.1;27;3.2;60;7.0;0;0.0;PACMA;77;9.0;MUNDO+JUSTO;62;7.2;;0;0.0;;0;0.0;;0;0.0
4106805001;Sevilla;60.0;PSOE-A;30.2;118;29.7;120;30.2;0;0.0;41;10.3;0;0.0;FE de las JONS;52;13.1;PACMA;21;5.3;;0;0.0;;0;0.0;;0;0.0
4106805002;Sevilla;61.2;PSOE-A;52.4;198;23.4;443;52.4;21;2.5;10;1.2;0;0.0;SALF;89;10.5;ESCAÑOS EN BLANCO;16;1.9;;0;0.0;;0;0.0;;0;0.0
4106805003;Sevilla;57.7;PSOE-A;32.5;117;20.7;184;32.5;42;7.4;26;4.6;0;0.0;PARTIDO AUTÓNOMOS;66;11.7;ANDALUCISTAS - PA;59;10.4;;0;0.0;;0;0.0;;0;0.0
4106901001;Sevilla;66.4;PP;47.6;294;47.6;52;8.4;56;9.1;38;6.2;0;0.0;FE de las JONS;66;10.7;PARTIDO AUTÓNOMOS;57;9.2;;0;0.0;;0;0.0;;0;0.0
4106901002;Sevilla;62.5;PP;44.8;342;44.8;71;9.3;111;14.6;14;1.8;0;0.0;PODER ANDALUZ;54;7.1;SALF;45;5.9;;0;0.0;;0;0.0;;0;0.0
4106901003;Sevilla;33.8;PP;27.8;144;27.8;85;16.4;45;8.7;76;14.7;0;0.0;PACMA;77;14.9;;0;0.0;;0;0.0;;0;0.0;;0;0.0
4106901004;Sevilla;50.6;PP;32.0;272;32.0;180;21.2;98;11.5;123;14.5;0;0.0;NA;38;4.5;;0;0.0;;0;0.0;;0;0.0;;0;0.0
4106901005;Sevilla;55.9;PP;36.0;288;36.0;221;27.6;144;18.0;0;0.0;48;6.0;PCTE;28;3.5;;0;0.0;;0;0.0;;0;0.0;;0;0.0
4106902001;Sevilla;62.4;PP;52.8;379;52.8;52;7.2;94;13.1;32;4.5;0;0.0;SALF;86;12.0;;0;0.0;;0;0.0;;0;0.0;;0;0.0
4106902002;Sevilla;59.6;PARTIDO AUTÓNOMOS;23.6;84;14.0;39;6.5;84;14.0;16;2.7;39;6.5;PARTIDO AUTÓNOMOS;142;23.6;MUNDO+JUSTO;44;7.3;;0;0.0;;0;0.0;;0;0.0
4106902003;Sevilla;68.7;PP;71.0;282;71.0;0;0.0;1;0.2;40;10.1;0;0.0;PARTIDO AUTÓNOMOS;26;6.6;ESCAÑOS EN BLANCO;22;5.5;MUNDO+JUSTO;12;3.0;;0;0.0;;0;0.0
4106902004;Sevilla;55.8;PP;34.8;130;34.8;77;20.6;6;1.6;49;13.1;0;0.0;PODER ANDALUZ;62;16.6;FE de las JONS;16;4.3;;0;0.0;;0;0.0;;0;0.0
4106902005;Sevilla;57.8;PP;49.3;317;49.3;38;5.9;123;19.1;28;4.4;0;0.0;ESCAÑOS EN BLANCO;33;5.1;NA;30;4.7;;0;0.0;;0;0.0;;0;0.0
4106902006;Sevilla;39.6;PSOE-A;29.5;96;17.9;158;29.5;14;2.6;113;21.1;0;0.0;NA;52;9.7;PACMA;41;7.7;;0;0.0;;0;0.0;;0;0.0
4106903001;Sevilla;59.8;PP;43.6;309;43.6;90;12.7;96;13.6;24;3.4;61;8.6;SALF;57;8.0;;0;0.0;;0;0.0;;0;0.0;;0;0.0
4106903002;Sevilla;59.9;PP;32.8;196;32.8;186;31.2;132;22.1;17;2.8;0;0.0;PACMA;20;3.4;;0;0.0;;0;0.0;;0;0.0;;0;0.0
4106903003;Sevilla;44.8;PP;38.4;315;38.4;165;20.1;68;8.3;106;12.9;0;0.0;PCTE;85;10.4;;0;0.0;;0;0.0;;0;0.0;;0;0.0
4106903004;Sevilla;0.0;;0.0;0;0.0;0;0.0;0;0.0;0;0.0;0;0.0;;0;0.0;;0;0.0;;0;0.0;;0;0.0;;0;0.0
4106903005;Sevilla;0.0;;0.0;0;0.0;0;0.0;0;0.0;0;0.0;0;0.0;;0;0.0;;0;0.0;;0;0.0;;0;0.0;;0;0.0
4106903006;Sevilla;0.0;;0.0;0;0.0;0;0.0;0;0.0;0;0.0;0;0.0;;0;0.0;;0;0.0;;0;0.0;;0;0.0;;0;0.0
4106903007;Sevilla;0.0;;0.0;0;0.0;0;0.0;0;0.0;0;0.0;0;0.0;;0;0.0;;0;0.0;;0;0.0;;0;0.0;;0;0.0
4106904001;Sevilla;0.0;;0.0;0;0.0;0;0.0;0;0.0;0;0.0;0;0.0;;0;0.0;;0;0.0;;0;0.0;;0;0.0;;0;0.0
4106904002;Sevilla;0.0;;0.0;0;0.0;0;0.0;0;0.0;0;0.0;0;0.0;;0;0.0;;0;0.0;;0;0.0;;0;0.0;;0;0.0
4106904003;Sevilla;0.0;;0.0;0;0.0;0;0.0;0;0.0;0;0.0;0;0.0;;0;0.0;;0;0.0;;0;0.0;;0;0.0;;0;0.0
4106904004;Sevilla;62.8;PP;41.1;269;41.1;34;5.2;99;15.1;16;2.4;0;0.0;PACMA;120;18.4;ANDALUCISTAS - PA;66;10.1;;0;0.0;;0;0.0;;0;0.0
4106904005;Sevilla;53.5;PP;33.9;189;33.9;72;12.9;78;14.0;40;7.2;0;0.0;FE de las JONS;81;14.5;;0;0.0;;0;0.0;;0;0.0;;0;0.0
4106904006;Sevilla;57.3;PP;47.5;220;47.5;51;11.0;45;9.7;18;3.9;0;0.0;PACMA;63;13.6;PARTIDO AUTÓNOMOS;28;6.0;;0;0.0;;0;0.0;;0;0.0
4106904007;Sevilla;43.9;PP;33.0;157;33.0;16;3.4;77;16.2;93;19.6;18;3.8;SALF;41;8.6;ESCAÑOS EN BLANCO;26;5.5;;0;0.0;;0;0.0;;0;0.0
4106904008;Sevilla;56.4;PP;42.1;326;42.1;86;11.1;108;14.0;46;5.9;0;0.0;NA;74;9.6;PARTIDO AUTÓNOMOS;54;7.0;;0;0.0;;0;0.0;;0;0.0
4107001001;Sevilla;57.9;PP;31.6;257;31.6;140;17.2;184;22.6;82;10.1;0;0.0;NA;36;4.4;;0;0.0;;0;0.0;;0;0.0;;0;0.0
4107001002;Sevilla;61.3;PP;35.1;251;35.1;67;9.4;29;4.1;114;15.9;0;0.0;MUNDO+JUSTO;55;7.7;PARTIDO AUTÓNOMOS;40;5.6;;0;0.0;;0;0.0;;0;0.0
4107001003;Sevilla;69.3;PP;31.8;351;31.8;194;17.6;116;10.5;107;9.7;0;0.0;PACMA;183;16.6;;0;0.0;;0;0.0;;0;0.0;;0;0.0
4107001004;Sevilla;55.0;PP;35.8;235;35.8;60;9.2;38;5.8;99;15.1;0;0.0;ANDALUCISTAS - PA;66;10.1;PCPA;61;9.3;;0;0.0;;0;0.0;;0;0.0
4107001005;Sevilla;66.4;PP;29.3;365;29.3;264;21.2;117;9.4;191;15.3;0;0.0;NA;88;7.1;;0;0.0;;0;0.0;;0;0.0;;0;0.0
4107101001;Sevilla;52.7;PP;29.6;144;29.6;111;22.8;16;3.3;97;19.9;0;0.0;NA;32;6.6;ANDALUCISTAS - PA;31;6.4;;0;0.0;;0;0.0;;0;0.0
4107101002;Sevilla;51.0;PorA;34.3;76;26.9;93;32.9;0;0.0;97;34.3;0;0.0;PCTE;8;2.8;PACMA;7;2.5;;0;0.0;;0;0.0;;0;0.0
4107102001;Sevilla;44.6;PSOE-A;33.1;146;20.9;231;33.1;12;1.7;71;10.2;0;0.0;PODER ANDALUZ;105;15.0;NA;36;5.2;;0;0.0;;0;0.0;;0;0.0
4107102002;Sevilla;54.4;PSOE-A;35.5;138;27.1;181;35.5;27;5.3;44;8.6;0;0.0;PCPA;30;5.9;ESCAÑOS EN BLANCO;30;5.9;;0;0.0;;0;0.0;;0;0.0
4107103001;Sevilla;59.0;PP;41.9;231;41.9;94;17.1;104;18.9;0;0.0;0;0.0;PODER ANDALUZ;48;8.7;PARTIDO AUTÓNOMOS;23;4.2;;0;0.0;;0;0.0;;0;0.0
4107103002;Sevilla;69.3;PP;54.7;223;54.7;13;3.2;36;8.8;33;8.1;33;8.1;MUNDO+JUSTO;25;6.1;;0;0.0;;0;0.0;;0;0.0;;0;0.0
4107201001;Sevilla;63.0;PorA;27.7;101;16.4;158;25.6;39;6.3;171;27.7;30;4.9;PACMA;61;9.9;;0;0.0;;0;0.0;;0;0.0;;0;0.0
4107201002;Sevilla;64.2;PorA;37.0;159;14.1;197;17.5;45;4.0;416;37.0;63;5.6;SALF;64;5.7;;0;0.0;;0;0.0;;0;0.0;;0;0.0
4107201003;Sevilla;65.2;PSOE-A;29.2;156;19.3;236;29.2;62;7.7;199;24.7;0;0.0;PCTE;65;8.0;;0;0.0;;0;0.0;;0;0.0;;0;0.0
4107301001;Sevilla;54.3;PP;34.3;174;34.3;113;22.3;47;9.3;82;16.2;0;0.0;ANDALUCISTAS - PA;30;5.9;;0;0.0;;0;0.0;;0;0.0;;0;0.0
4107301002;Sevilla;50.5;PP;43.4;165;43.4;62;16.3;60;15.8;0;0.0;0;0.0;MUNDO+JUSTO;26;6.8;FE de las JONS;25;6.6;;0;0.0;;0;0.0;;0;0.0
4107401001;Sevilla;63.7;PP;30.3;324;30.3;321;30.1;59;5.5;167;15.6;34;3.2;;0;0.0;;0;0.0;;0;0.0;;0;0.0;;0;0.0
4107401002;Sevilla;60.2;PSOE-A;29.4;196;26.2;220;29.4;29;3.9;158;21.1;0;0.0;FE de las JONS;73;9.8;;0;0.0;;0;0.0;;0;0.0;;0;0.0
4107501001;Sevilla;61.3;PP;44.0;247;44.0;122;21.8;36;6.4;35;6.2;0;0.0;MUNDO+JUSTO;52;9.3;;0;0.0;;0;0.0;;0;0.0;;0;0.0
4107501002;Sevilla;65.9;PP;47.5;402;47.5;162;19.2;41;4.8;68;8.0;0;0.0;PARTIDO AUTÓNOMOS;65;7.7;;0;0.0;;0;0.0;;0;0.0;;0;0.0
4107501003;Sevilla;58.2;PP;44.9;284;44.9;141;22.3;24;3.8;47;7.4;0;0.0;PCTE;45;7.1;ESCAÑOS EN BLANCO;30;4.7;;0;0.0;;0;0.0;;0;0.0
4107501004;Sevilla;58.5;PP;41.6;306;41.6;140;19.0;52;7.1;33;4.5;0;0.0;SALF;80;10.9;PODER ANDALUZ;44;6.0;;0;0.0;;0;0.0;;0;0.0
4107501005;Sevilla;58.3;PP;40.7;209;40.7;105;20.5;9;1.8;60;11.7;0;0.0;MUNDO+JUSTO;57;11.1;SALF;30;5.8;;0;0.0;;0;0.0;;0;0.0
4107501006;Sevilla;45.7;PP;52.3;196;52.3;81;21.6;34;9.1;36;9.6;0;0.0;PCPA;16;4.3;;0;0.0;;0;0.0;;0;0.0;;0;0.0
4107501007;Sevilla;60.5;PP;46.6;503;46.6;73;6.8;77;7.1;78;7.2;59;5.5;PACMA;103;9.5;;0;0.0;;0;0.0;;0;0.0;;0;0.0
4107501008;Sevilla;48.9;PP;34.5;234;34.5;160;23.6;63;9.3;63;9.3;0;0.0;MUNDO+JUSTO;68;10.0;;0;0.0;;0;0.0;;0;0.0;;0;0.0
4107501009;Sevilla;52.0;PP;44.4;298;44.4;85;12.7;114;17.0;2;0.3;0;0.0;NA;72;10.7;SALF;55;8.2;;0;0.0;;0;0.0;;0;0.0
4107601001;Sevilla;46.4;PP;37.3;175;37.3;145;30.9;23;4.9;24;5.1;40;8.5;ESCAÑOS EN BLANCO;42;9.0;;0;0.0;;0;0.0;;0;0.0;;0;0.0
4107601002;Sevilla;40.7;PSOE-A;39.3;72;17.8;159;39.3;36;8.9;39;9.6;0;0.0;PACMA;29;7.2;;0;0.0;;0;0.0;;0;0.0;;0;0.0
4107701001;Sevilla;57.9;PP;54.9;457;54.9;82;9.9;78;9.4;71;8.5;0;0.0;PCTE;37;4.4;;0;0.0;;0;0.0;;0;0.0;;0;0.0
4107701002;Sevilla;64.3;PP;37.8;146;37.8;107;27.7;1;0.3;51;13.2;0;0.0;PCTE;28;7.2;ANDALUCISTAS - PA;24;6.2;;0;0.0;;0;0.0;;0;0.0
4107702001;Sevilla;65.9;PSOE-A;36.6;119;24.9;175;36.6;17;3.6;43;9.0;0;0.0;PODER ANDALUZ;63;13.2;PCTE;33;6.9;;0;0.0;;0;0.0;;0;0.0
4107702002;Sevilla;55.2;PP;29.6;298;29.6;289;28.8;102;10.2;159;15.8;0;0.0;MUNDO+JUSTO;34;3.4;;0;0.0;;0;0.0;;0;0.0;;0;0.0
4107702003;Sevilla;55.1;PP;32.0;154;32.0;146;30.3;45;9.3;29;6.0;0;0.0;PODER ANDALUZ;40;8.3;;0;0.0;;0;0.0;;0;0.0;;0;0.0
4107702004;Sevilla;60.4;PSOE-A;28.6;93;20.3;131;28.6;73;15.9;8;1.8;0;0.0;SALF;83;18.1;PACMA;27;5.9;;0;0.0;;0;0.0;;0;0.0
4107703001;Sevilla;54.4;PP;28.9;168;28.9;137;23.6;40;6.9;62;10.7;0;0.0;PCPA;70;12.0;PACMA;52;9.0;;0;0.0;;0;0.0;;0;0.0
4107703002;Sevilla;48.1;PSOE-A;29.3;100;18.9;155;29.3;30;5.7;71;13.4;0;0.0;PODER ANDALUZ;57;10.8;PCPA;38;7.2;;0;0.0;;0;0.0;;0;0.0
4107801001;Sevilla;52.2;PSOE-A;45.9;43;14.2;139;45.9;17;5.6;30;9.9;0;0.0;MUNDO+JUSTO;23;7.6;PODER ANDALUZ;19;6.3;;0;0.0;;0;0.0;;0;0.0
4107802001;Sevilla;63.3;PP;38.4;145;38.4;78;20.6;4;1.1;4;1.1;0;0.0;PARTIDO AUTÓNOMOS;71;18.8;MUNDO+JUSTO;36;9.5;PCTE;11;2.9;;0;0.0;;0;0.0
4107802002;Sevilla;60.4;PSOE-A;32.9;175;24.3;237;32.9;46;6.4;50;6.9;0;0.0;PCTE;83;11.5;PODER ANDALUZ;73;10.1;;0;0.0;;0;0.0;;0;0.0
4107901001;Sevilla;60.4;PP;44.8;331;44.8;120;16.2;64;8.7;29;3.9;0;0.0;PACMA;92;12.4;;0;0.0;;0;0.0;;0;0.0;;0;0.0
4107901002;Sevilla;57.0;PP;45.6;440;45.6;132;13.7;102;10.6;8;0.8;0;0.0;ANDALUCISTAS - PA;69;7.1;PCTE;58;6.0;;0;0.0;;0;0.0;;0;0.0
4107901003;Sevilla;47.3;PSOE-A;31.6;128;18.7;216;31.6;116;17.0;10;1.5;0;0.0;PARTIDO AUTÓNOMOS;87;12.7;PACMA;49;7.2;;0;0.0;;0;0.0;;0;0.0
4107901004;Sevilla;54.5;PP;30.2;173;30.2;153;26.7;64;11.2;30;5.2;0;0.0;SALF;44;7.7;;0;0.0;;0;0.0;;0;0.0;;0;0.0
4107901005;Sevilla;46.9;PSOE-A;35.2;135;23.9;199;35.2;36;6.4;84;14.9;0;0.0;PCTE;48;8.5;;0;0.0;;0;0.0;;0;0.0;;0;0.0
4107901006;Sevilla;51.9;PSOE-A;32.1;242;24.9;312;32.1;83;8.5;83;8.5;0;0.0;MUNDO+JUSTO;132;13.6;;0;0.0;;0;0.0;;0;0.0;;0;0.0
4107901007;Sevilla;60.0;PP;36.7;200;36.7;91;16.7;13;2.4;57;10.5;0;0.0;ANDALUCISTAS - PA;58;10.6;PCPA;54;9.9;;0;0.0;;0;0.0;;0;0.0
4108001001;Sevilla;54.9;PP;30.0;203;30.0;200;29.5;111;16.4;13;1.9;0;0.0;PODER ANDALUZ;44;6.5;FE de las JONS;30;4.4;;0;0.0;;0;0.0;;0;0.0
4108101001;Sevilla;63.6;PSOE-A;39.5;109;17.1;251;39.5;28;4.4;45;7.1;0;0.0;PCTE;81;12.7;ANDALUCISTAS - PA;58;9.1;;0;0.0;;0;0.0;;0;0.0
4108101002;Sevilla;59.0;PSOE-A;36.8;261;26.3;365;36.8;106;10.7;37;3.7;0;0.0;PACMA;95;9.6;;0;0.0;;0;0.0;;0;0.0;;0;0.0
4108101003;Sevilla;55.0;PSOE-A;46.8;78;11.5;316;46.8;20;3.0;35;5.2;76;11.2;FE de las JONS;65;9.6;;0;0.0;;0;0.0;;0;0.0;;0;0.0
4108101004;Sevilla;64.2;PSOE-A;32.4;164;19.5;272;32.4;107;12.7;84;10.0;0;0.0;SALF;55;6.6;;0;0.0;;0;0.0;;0;0.0;;0;0.0
4108101005;Sevilla;57.9;PSOE-A;54.3;96;19.2;271;54.3;50;10.0;27;5.4;0;0.0;ESCAÑOS EN BLANCO;37;7.4;;0;0.0;;0;0.0;;0;0.0;;0;0.0
4108101006;Sevilla;57.1;PSOE-A;39.2;150;21.2;277;39.2;43;6.1;44;6.2;45;6.4;;0;0.0;;0;0.0;;0;0.0;;0;0.0;;0;0.0
4108101007;Sevilla;58.1;PSOE-A;39.1;168;27.1;242;39.1;77;12.4;5;0.8;0;0.0;SALF;47;7.6;PACMA;41;6.6;;0;0.0;;0;0.0;;0;0.0
4108102001;Sevilla;53.2;PSOE-A;34.2;125;19.4;221;34.2;30;4.6;85;13.2;0;0.0;FE de las JONS;50;7.7;PACMA;49;7.6;;0;0.0;;0;0.0;;0;0.0
4108102002;Sevilla;59.9;PP;35.2;305;35.2;216;24.9;14;1.6;86;9.9;0;0.0;NA;105;12.1;SALF;85;9.8;;0;0.0;;0;0.0;;0;0.0
4108102003;Sevilla;56.8;PP;28.5;264;28.5;226;24.4;70;7.6;114;12.3;122;13.2;;0;0.0;;0;0.0;;0;0.0;;0;0.0;;0;0.0
4108102004;Sevilla;53.9;PSOE-A;52.4;8;2.7;156;52.4;19;6.4;36;12.1;0;0.0;PCTE;18;6.0;MUNDO+JUSTO;18;6.0;;0;0.0;;0;0.0;;0;0.0
4108102005;Sevilla;60.1;PP;39.0;321;39.0;238;28.9;1;0.1;112;13.6;0;0.0;PARTIDO AUTÓNOMOS;100;12.1;NA;24;2.9;;0;0.0;;0;0.0;;0;0.0
4108102006;Sevilla;60.9;PSOE-A;31.7;265;29.2;287;31.7;56;6.2;39;4.3;0;0.0;PCTE;56;6.2;SALF;51;5.6;;0;0.0;;0;0.0;;0;0.0
4108102007;Sevilla;55.4;PSOE-A;38.6;59;16.2;140;38.6;30;8.3;41;11.3;0;0.0;FE de las JONS;24;6.6;;0;0.0;;0;0.0;;0;0.0;;0;0.0
4108102008;Sevilla;60.0;PSOE-A;47.7;30;8.7;165;47.7;5;1.4;36;10.4;0;0.0;PACMA;39;11.3;MUNDO+JUSTO;28;8.1;;0;0.0;;0;0.0;;0;0.0
4108102009;Sevilla;62.3;PSOE-A;37.6;241;24.8;366;37.6;94;9.7;66;6.8;0;0.0;NA;110;11.3;;0;0.0;;0;0.0;;0;0.0;;0;0.0
4108102010;Sevilla;58.7;PSOE-A;30.8;200;30.7;201;30.8;67;10.3;43;6.6;0;0.0;PACMA;42;6.4;;0;0.0;;0;0.0;;0;0.0;;0;0.0
4108102011;Sevilla;60.3;PSOE-A;34.4;227;25.4;307;34.4;43;4.8;46;5.2;0;0.0;MUNDO+JUSTO;90;10.1;ESCAÑOS EN BLANCO;80;9.0;;0;0.0;;0;0.0;;0;0.0
4108102012;Sevilla;47.9;PP;25.4;142;25.4;96;17.2;126;22.5;32;5.7;14;2.5;PODER ANDALUZ;68;12.2;;0;0.0;;0;0.0;;0;0.0;;0;0.0
4108102013;Sevilla;61.9;PSOE-A;31.1;177;23.7;232;31.1;12;1.6;95;12.7;0;0.0;PACMA;111;14.9;ANDALUCISTAS - PA;82;11.0;;0;0.0;;0;0.0;;0;0.0
4108102014;Sevilla;65.3;PSOE-A;28.2;236;24.6;270;28.2;27;2.8;198;20.6;31;3.2;PARTIDO AUTÓNOMOS;49;5.1;PCTE;37;3.9;;0;0.0;;0;0.0;;0;0.0
4108102015;Sevilla;60.4;PSOE-A;34.2;164;16.8;333;34.2;55;5.6;80;8.2;0;0.0;MUNDO+JUSTO;114;11.7;PODER ANDALUZ;80;8.2;;0;0.0;;0;0.0;;0;0.0
4108102016;Sevilla;59.2;PSOE-A;39.9;206;21.6;380;39.9;49;5.2;52;5.5;0;0.0;SALF;75;7.9;;0;0.0;;0;0.0;;0;0.0;;0;0.0
4108102017;Sevilla;58.5;PP;27.3;213;27.3;179;23.0;37;4.7;134;17.2;0;0.0;ANDALUCISTAS - PA;75;9.6;PACMA;59;7.6;;0;0.0;;0;0.0;;0;0.0
4108102018;Sevilla;66.2;PP;32.0;292;32.0;232;25.4;21;2.3;161;17.6;43;4.7;MUNDO+JUSTO;59;6.5;;0;0.0;;0;0.0;;0;0.0;;0;0.0
4108102019;Sevilla;61.1;PSOE-A;36.7;116;22.5;189;36.7;37;7.2;34;6.6;0;0.0;MUNDO+JUSTO;36;7.0;;0;0.0;;0;0.0;;0;0.0;;0;0.0
4108201001;Sevilla;64.2;PSOE-A;43.0;138;23.1;257;43.0;68;11.4;16;2.7;0;0.0;PCPA;25;4.2;PCTE;24;4.0;;0;0.0;;0;0.0;;0;0.0
4108201002;Sevilla;65.5;PP;33.6;312;33.6;260;28.0;5;0.5;119;12.8;0;0.0;PCPA;94;10.1;PCTE;90;9.7;;0;0.0;;0;0.0;;0;0.0
4108201003;Sevilla;71.7;PSOE-A;33.6;198;29.3;227;33.6;41;6.1;15;2.2;0;0.0;PCPA;89;13.2;NA;28;4.2;;0;0.0;;0;0.0;;0;0.0
4108301001;Sevilla;63.6;PSOE-A;38.5;158;20.1;303;38.5;43;5.5;44;5.6;0;0.0;PCTE;96;12.2;MUNDO+JUSTO;87;11.0;;0;0.0;;0;0.0;;0;0.0
4108401001;Sevilla;66.2;PSOE-A;39.8;281;25.8;434;39.8;70;6.4;39;3.6;0;0.0;ESCAÑOS EN BLANCO;73;6.7;FE de las JONS;42;3.8;;0;0.0;;0;0.0;;0;0.0
4108402001;Sevilla;66.2;PP;40.4;251;40.4;172;27.6;47;7.6;19;3.0;0;0.0;PCTE;28;4.5;FE de las JONS;28;4.5;;0;0.0;;0;0.0;;0;0.0
4108501001;Sevilla;67.8;PSOE-A;34.8;419;32.9;443;34.8;97;7.6;95;7.5;0;0.0;NA;44;3.5;;0;0.0;;0;0.0;;0;0.0;;0;0.0
4108501002;Sevilla;67.9;PP;42.9;399;42.9;116;12.5;47;5.0;95;10.2;0;0.0;PARTIDO AUTÓNOMOS;108;11.6;PCPA;107;11.5;;0;0.0;;0;0.0;;0;0.0
4108501003;Sevilla;74.6;PP;35.4;314;35.4;140;15.8;8;0.9;113;12.7;106;11.9;FE de las JONS;116;13.1;;0;0.0;;0;0.0;;0;0.0;;0;0.0
4108601001;Sevilla;60.2;VOX;38.0;114;30.7;65;17.5;141;38.0;0;0.0;0;0.0;PCPA;16;4.3;PARTIDO AUTÓNOMOS;13;3.5;;0;0.0;;0;0.0;;0;0.0
4108601002;Sevilla;57.3;PP;34.2;116;34.2;59;17.4;61;18.0;37;10.9;0;0.0;ESCAÑOS EN BLANCO;54;15.9;;0;0.0;;0;0.0;;0;0.0;;0;0.0
4108601003;Sevilla;61.2;PSOE-A;30.2;96;28.7;101;30.2;34;10.2;25;7.5;0;0.0;ANDALUCISTAS - PA;44;13.2;;0;0.0;;0;0.0;;0;0.0;;0;0.0
4108602001;Sevilla;60.8;PP;27.2;161;27.2;138;23.3;81;13.7;19;3.2;0;0.0;PACMA;85;14.3;MUNDO+JUSTO;38;6.4;;0;0.0;;0;0.0;;0;0.0
4108602002;Sevilla;56.8;PSOE-A;33.2;109;27.2;133;33.2;43;10.8;10;2.5;0;0.0;ESCAÑOS EN BLANCO;86;21.5;;0;0.0;;0;0.0;;0;0.0;;0;0.0
4108602003;Sevilla;53.4;PP;31.4;221;31.4;166;23.6;111;15.7;27;3.8;57;8.1;PACMA;41;5.8;;0;0.0;;0;0.0;;0;0.0;;0;0.0
4108603001;Sevilla;48.4;PP;27.6;128;27.6;109;23.5;49;10.6;32;6.9;0;0.0;PODER ANDALUZ;63;13.6;ESCAÑOS EN BLANCO;36;7.8;;0;0.0;;0;0.0;;0;0.0
4108603002;Sevilla;50.9;PP;40.2;128;40.2;53;16.7;35;11.0;4;1.3;0;0.0;PODER ANDALUZ;65;20.4;PARTIDO AUTÓNOMOS;18;5.7;;0;0.0;;0;0.0;;0;0.0
4108603003;Sevilla;37.0;PSOE-A;60.7;75;21.1;216;60.7;4;1.1;22;6.2;0;0.0;ESCAÑOS EN BLANCO;12;3.4;PARTIDO AUTÓNOMOS;8;2.2;;0;0.0;;0;0.0;;0;0.0
4108603004;Sevilla;43.8;PSOE-A;36.0;109;23.2;169;36.0;49;10.4;8;1.7;0;0.0;NA;49;10.4;MUNDO+JUSTO;21;4.5;;0;0.0;;0;0.0;;0;0.0
4108603005;Sevilla;57.5;PP;30.6;187;30.6;125;20.5;51;8.4;144;23.6;0;0.0;PARTIDO AUTÓNOMOS;49;8.0;;0;0.0;;0;0.0;;0;0.0;;0;0.0
4108603006;Sevilla;69.8;PP;47.9;409;47.9;72;8.4;4;0.5;117;13.7;86;10.1;PACMA;145;17.0;;0;0.0;;0;0.0;;0;0.0;;0;0.0
4108603007;Sevilla;51.8;PP;34.3;198;34.3;98;17.0;63;10.9;17;3.0;0;0.0;FE de las JONS;59;10.2;PCTE;46;8.0;;0;0.0;;0;0.0;;0;0.0
4108604001;Sevilla;50.0;PP;39.1;279;39.1;243;34.0;40;5.6;24;3.4;0;0.0;NA;72;10.1;;0;0.0;;0;0.0;;0;0.0;;0;0.0
4108604002;Sevilla;52.0;PSOE-A;34.4;131;25.0;180;34.4;53;10.1;58;11.1;0;0.0;PCTE;56;10.7;;0;0.0;;0;0.0;;0;0.0;;0;0.0
4108604003;Sevilla;46.2;PSOE-A;32.3;134;23.4;185;32.3;66;11.5;12;2.1;0;0.0;FE de las JONS;57;10.0;SALF;34;5.9;;0;0.0;;0;0.0;;0;0.0
4108604004;Sevilla;48.0;PSOE-A;35.3;82;20.2;143;35.3;65;16.0;8;2.0;0;0.0;PCPA;26;6.4;PACMA;22;5.4;;0;0.0;;0;0.0;;0;0.0
4108604005;Sevilla;41.8;PP;28.2;73;28.2;70;27.0;14;5.4;18;7.0;0;0.0;PODER ANDALUZ;55;21.2;;0;0.0;;0;0.0;;0;0.0;;0;0.0
4108701001;Sevilla;51.4;PP;36.8;241;36.8;126;19.2;36;5.5;69;10.5;0;0.0;PCPA;77;11.8;;0;0.0;;0;0.0;;0;0.0;;0;0.0
4108701002;Sevilla;54.6;PP;50.8;217;50.8;98;23.0;47;11.0;11;2.6;0;0.0;PACMA;24;5.6;PCTE;15;3.5;;0;0.0;;0;0.0;;0;0.0
4108701003;Sevilla;60.2;PP;34.1;320;34.1;172;18.3;139;14.8;60;6.4;0;0.0;PCPA;117;12.5;;0;0.0;;0;0.0;;0;0.0;;0;0.0
4108701004;Sevilla;46.2;PP;37.5;191;37.5;145;28.5;3;0.6;28;5.5;0;0.0;NA;64;12.6;PACMA;43;8.4;;0;0.0;;0;0.0;;0;0.0
4108701005;Sevilla;60.9;PP;40.1;340;40.1;122;14.4;150;17.7;40;4.7;0;0.0;FE de las JONS;82;9.7;PACMA;44;5.2;;0;0.0;;0;0.0;;0;0.0
4108702001;Sevilla;63.6;PP;44.8;208;44.8;68;14.7;26;5.6;25;5.4;0;0.0;FE de las JONS;105;22.6;PARTIDO AUTÓNOMOS;30;6.5;;0;0.0;;0;0.0;;0;0.0
4108702002;Sevilla;58.3;PP;41.6;430;41.6;203;19.6;123;11.9;7;0.7;0;0.0;FE de las JONS;84;8.1;NA;41;4.0;;0;0.0;;0;0.0;;0;0.0
4108702003;Sevilla;63.6;PP;31.6;170;31.6;126;23.4;68;12.6;24;4.5;0;0.0;ANDALUCISTAS - PA;71;13.2;FE de las JONS;33;6.1;;0;0.0;;0;0.0;;0;0.0
4108702004;Sevilla;51.8;PP;35.1;326;35.1;81;8.7;160;17.2;95;10.2;0;0.0;ANDALUCISTAS - PA;120;12.9;;0;0.0;;0;0.0;;0;0.0;;0;0.0
4108801001;Sevilla;65.6;PSOE-A;44.3;67;19.5;152;44.3;2;0.6;10;2.9;0;0.0;ESCAÑOS EN BLANCO;80;23.3;PARTIDO AUTÓNOMOS;22;6.4;;0;0.0;;0;0.0;;0;0.0
4108901001;Sevilla;56.3;PP;30.3;204;30.3;147;21.8;88;13.1;54;8.0;0;0.0;FE de las JONS;78;11.6;PODER ANDALUZ;55;8.2;;0;0.0;;0;0.0;;0;0.0
4108902001;Sevilla;61.3;Empate;25.9;284;25.9;284;25.9;80;7.3;116;10.6;0;0.0;PACMA;103;9.4;PCPA;97;8.8;;0;0.0;;0;0.0;;0;0.0
4108902002;Sevilla;52.9;PSOE-A;33.3;123;21.6;190;33.3;46;8.1;48;8.4;0;0.0;ANDALUCISTAS - PA;49;8.6;PACMA;48;8.4;;0;0.0;;0;0.0;;0;0.0
4108902003;Sevilla;60.9;PP;36.1;202;36.1;106;19.0;48;8.6;27;4.8;0;0.0;NA;81;14.5;PCPA;29;5.2;;0;0.0;;0;0.0;;0;0.0
4108902004;Sevilla;59.7;PP;32.3;347;32.3;268;25.0;57;5.3;110;10.2;0;0.0;PCTE;104;9.7;;0;0.0;;0;0.0;;0;0.0;;0;0.0
4109001001;Sevilla;73.9;PP;54.8;229;54.8;37;8.8;4;1.0;33;7.9;0;0.0;PODER ANDALUZ;45;10.8;PARTIDO AUTÓNOMOS;27;6.5;;0;0.0;;0;0.0;;0;0.0
4109001002;Sevilla;61.7;PSOE-A;31.6;183;27.7;209;31.6;65;9.8;27;4.1;0;0.0;NA;75;11.4;PCPA;28;4.2;;0;0.0;;0;0.0;;0;0.0
4109001003;Sevilla;64.5;PSOE-A;40.6;68;18.3;151;40.6;39;10.5;9;2.4;0;0.0;PODER ANDALUZ;39;10.5;ESCAÑOS EN BLANCO;19;5.1;;0;0.0;;0;0.0;;0;0.0
4109001004;Sevilla;63.2;PSOE-A;29.5;196;28.4;204;29.5;22;3.2;70;10.1;0;0.0;FE de las JONS;87;12.6;ESCAÑOS EN BLANCO;33;4.8;;0;0.0;;0;0.0;;0;0.0
4109101001;Sevilla;76.0;PP;36.6;277;36.6;121;16.0;3;0.4;137;18.1;0;0.0;FE de las JONS;96;12.7;ESCAÑOS EN BLANCO;54;7.1;;0;0.0;;0;0.0;;0;0.0
4109101002;Sevilla;69.5;PP;47.5;226;47.5;113;23.7;68;14.3;11;2.3;0;0.0;MUNDO+JUSTO;43;9.0;;0;0.0;;0;0.0;;0;0.0;;0;0.0
4109101003;Sevilla;68.5;PP;46.4;157;46.4;24;7.1;47;13.9;18;5.3;0;0.0;MUNDO+JUSTO;44;13.0;FE de las JONS;36;10.6;;0;0.0;;0;0.0;;0;0.0
4109101004;Sevilla;71.4;PP;59.5;294;59.5;67;13.6;50;10.1;0;0.0;0;0.0;PARTIDO AUTÓNOMOS;57;11.5;MUNDO+JUSTO;21;4.2;;0;0.0;;0;0.0;;0;0.0
4109101005;Sevilla;70.0;PP;43.2;188;43.2;97;22.3;22;5.1;32;7.4;0;0.0;PACMA;76;17.5;;0;0.0;;0;0.0;;0;0.0;;0;0.0
4109101006;Sevilla;71.3;PP;57.1;334;57.1;7;1.2;47;8.0;45;7.7;0;0.0;PARTIDO AUTÓNOMOS;107;18.3;NA;28;4.8;;0;0.0;;0;0.0;;0;0.0
4109101007;Sevilla;76.2;PP;45.2;329;45.2;58;8.0;207;28.5;14;1.9;0;0.0;FE de las JONS;66;9.1;ESCAÑOS EN BLANCO;22;3.0;;0;0.0;;0;0.0;;0;0.0
4109101008;Sevilla;73.9;PP;34.2;292;34.2;142;16.6;75;8.8;52;6.1;45;5.3;ESCAÑOS EN BLANCO;86;10.1;;0;0.0;;0;0.0;;0;0.0;;0;0.0
4109101009;Sevilla;71.2;PP;38.1;177;38.1;34;7.3;67;14.4;95;20.4;0;0.0;PACMA;28;6.0;;0;0.0;;0;0.0;;0;0.0;;0;0.0
4109101010;Sevilla;73.8;PP;44.6;349;44.6;173;22.1;26;3.3;75;9.6;0;0.0;SALF;61;7.8;ESCAÑOS EN BLANCO;40;5.1;;0;0.0;;0;0.0;;0;0.0
4109101011;Sevilla;72.8;PP;47.0;276;47.0;40;6.8;94;16.0;34;5.8;0;0.0;MUNDO+JUSTO;68;11.6;;0;0.0;;0;0.0;;0;0.0;;0;0.0
4109101012;Sevilla;77.9;PP;46.7;358;46.7;72;9.4;82;10.7;8;1.0;0;0.0;ESCAÑOS EN BLANCO;98;12.8;PARTIDO AUTÓNOMOS;69;9.0;;0;0.0;;0;0.0;;0;0.0
4109101013;Sevilla;72.0;PP;44.2;254;44.2;61;10.6;27;4.7;80;13.9;0;0.0;ANDALUCISTAS - PA;90;15.6;ESCAÑOS EN BLANCO;38;6.6;;0;0.0;;0;0.0;;0;0.0
4109101014;Sevilla;69.0;PP;37.1;268;37.1;152;21.0;59;8.2;69;9.6;0;0.0;PCPA;75;10.4;;0;0.0;;0;0.0;;0;0.0;;0;0.0
4109101016;Sevilla;77.3;PP;36.1;419;36.1;301;25.9;62;5.3;114;9.8;0;0.0;SALF;58;5.0;;0;0.0;;0;0.0;;0;0.0;;0;0.0
4109101017;Sevilla;68.0;PorA;22.5;105;19.0;95;17.2;74;13.4;124;22.5;0;0.0;FE de las JONS;96;17.4;;0;0.0;;0;0.0;;0;0.0;;0;0.0
4109101018;Sevilla;67.0;PP;39.8;249;39.8;83;13.3;30;4.8;39;6.2;87;13.9;PCPA;48;7.7;;0;0.0;;0;0.0;;0;0.0;;0;0.0
4109101019;Sevilla;67.5;Empate;21.2;91;21.2;91;21.2;18;4.2;82;19.1;0;0.0;PACMA;52;12.1;MUNDO+JUSTO;33;7.7;;0;0.0;;0;0.0;;0;0.0
4109101020;Sevilla;72.6;PP;33.8;165;33.8;59;12.1;31;6.4;45;9.2;0;0.0;ESCAÑOS EN BLANCO;118;24.2;;0;0.0;;0;0.0;;0;0.0;;0;0.0
4109101021;Sevilla;72.9;PP;43.8;225;43.8;37;7.2;55;10.7;20;3.9;0;0.0;ESCAÑOS EN BLANCO;117;22.8;PCPA;37;7.2;;0;0.0;;0;0.0;;0;0.0
4109101022;Sevilla;64.1;PP;45.9;297;45.9;93;14.4;44;6.8;56;8.7;0;0.0;PODER ANDALUZ;83;12.8;;0;0.0;;0;0.0;;0;0.0;;0;0.0
4109101023;Sevilla;69.4;PP;23.0;258;23.0;214;19.1;43;3.8;184;16.4;0;0.0;PARTIDO AUTÓNOMOS;96;8.6;SALF;95;8.5;;0;0.0;;0;0.0;;0;0.0
4109101024;Sevilla;71.7;PP;35.8;277;35.8;86;11.1;26;3.4;155;20.0;0;0.0;PACMA;102;13.2;ESCAÑOS EN BLANCO;37;4.8;;0;0.0;;0;0.0;;0;0.0
4109101025;Sevilla;71.3;PP;27.3;320;27.3;162;13.8;54;4.6;227;19.4;0;0.0;ANDALUCISTAS - PA;169;14.4;PCTE;67;5.7;;0;0.0;;0;0.0;;0;0.0
4109101026;Sevilla;78.2;PP;50.9;375;50.9;46;6.2;36;4.9;41;5.6;0;0.0;ESCAÑOS EN BLANCO;86;11.7;FE de las JONS;83;11.3;;0;0.0;;0;0.0;;0;0.0
4109101027;Sevilla;81.9;PP;49.1;442;49.1;11;1.2;193;21.4;8;0.9;0;0.0;NA;71;7.9;ESCAÑOS EN BLANCO;59;6.6;MUNDO+JUSTO;41;4.6;;0;0.0;;0;0.0
4109101028;Sevilla;73.1;SALF;35.2;145;26.8;31;5.7;28;5.2;70;13.0;0;0.0;SALF;190;35.2;PARTIDO AUTÓNOMOS;32;5.9;;0;0.0;;0;0.0;;0;0.0
4109101029;Sevilla;65.9;PP;45.8;382;45.8;99;11.9;72;8.6;55;6.6;0;0.0;PCTE;84;10.1;;0;0.0;;0;0.0;;0;0.0;;0;0.0
4109101030;Sevilla;74.2;PP;44.5;173;44.5;20;5.1;9;2.3;18;4.6;0;0.0;FE de las JONS;104;26.7;PARTIDO AUTÓNOMOS;25;6.4;ESCAÑOS EN BLANCO;21;5.4;;0;0.0;;0;0.0
4109101032;Sevilla;69.9;PP;36.5;214;36.5;92;15.7;37;6.3;15;2.6;0;0.0;PCTE;89;15.2;MUNDO+JUSTO;48;8.2;;0;0.0;;0;0.0;;0;0.0
4109101033;Sevilla;67.3;VOX;32.4;80;14.3;171;30.6;181;32.4;77;13.8;0;0.0;FE de las JONS;15;2.7;;0;0.0;;0;0.0;;0;0.0;;0;0.0
4109101034;Sevilla;79.3;PP;54.9;453;54.9;47;5.7;100;12.1;6;0.7;75;9.1;PACMA;73;8.8;;0;0.0;;0;0.0;;0;0.0;;0;0.0
4109101035;Sevilla;72.4;PP;53.8;330;53.8;2;0.3;68;11.1;46;7.5;0;0.0;SALF;58;9.4;MUNDO+JUSTO;38;6.2;;0;0.0;;0;0.0;;0;0.0
4109101037;Sevilla;74.9;PP;52.6;348;52.6;65;9.8;116;17.5;13;2.0;0;0.0;MUNDO+JUSTO;32;4.8;PARTIDO AUTÓNOMOS;30;4.5;;0;0.0;;0;0.0;;0;0.0
4109101038;Sevilla;78.2;PP;51.4;402;51.4;56;7.2;109;13.9;18;2.3;59;7.5;PCPA;102;13.0;;0;0.0;;0;0.0;;0;0.0;;0;0.0
4109101039;Sevilla;76.7;PP;64.8;449;64.8;3;0.4;10;1.4;162;23.4;0;0.0;NA;22;3.2;PCPA;12;1.7;PCTE;12;1.7;;0;0.0;;0;0.0
4109101040;Sevilla;76.1;PP;60.8;500;60.8;52;6.3;92;11.2;29;3.5;0;0.0;PACMA;71;8.6;;0;0.0;;0;0.0;;0;0.0;;0;0.0
4109101041;Sevilla;77.9;PP;52.7;352;52.7;47;7.0;85;12.7;0;0.0;0;0.0;PODER ANDALUZ;50;7.5;SALF;34;5.1;;0;0.0;;0;0.0;;0;0.0
4109101042;Sevilla;70.8;PP;50.5;206;50.5;61;15.0;24;5.9;0;0.0;0;0.0;MUNDO+JUSTO;81;19.8;ESCAÑOS EN BLANCO;20;4.9;;0;0.0;;0;0.0;;0;0.0
4109101043;Sevilla;76.3;PP;56.6;325;56.6;5;0.9;62;10.8;40;7.0;0;0.0;SALF;69;12.0;MUNDO+JUSTO;32;5.6;;0;0.0;;0;0.0;;0;0.0
4109101045;Sevilla;71.5;PP;41.7;180;41.7;66;15.3;50;11.6;3;0.7;0;0.0;NA;65;15.0;MUNDO+JUSTO;35;8.1;;0;0.0;;0;0.0;;0;0.0
4109101046;Sevilla;76.9;PP;53.3;473;53.3;86;9.7;101;11.4;18;2.0;0;0.0;PACMA;65;7.3;MUNDO+JUSTO;60;6.8;;0;0.0;;0;0.0;;0;0.0
4109101047;Sevilla;72.4;PP;43.6;342;43.6;111;14.2;109;13.9;15;1.9;0;0.0;PODER ANDALUZ;81;10.3;MUNDO+JUSTO;42;5.4;;0;0.0;;0;0.0;;0;0.0
4109101048;Sevilla;73.8;PP;41.3;315;41.3;81;10.6;96;12.6;5;0.7;0;0.0;ESCAÑOS EN BLANCO;84;11.0;PCTE;79;10.4;;0;0.0;;0;0.0;;0;0.0
4109101049;Sevilla;73.3;PP;40.1;150;40.1;10;2.7;38;10.2;48;12.8;0;0.0;PCTE;51;13.6;MUNDO+JUSTO;23;6.2;;0;0.0;;0;0.0;;0;0.0
4109101050;Sevilla;66.9;PP;39.9;144;39.9;58;16.1;24;6.6;37;10.2;48;13.3;NA;26;7.2;;0;0.0;;0;0.0;;0;0.0;;0;0.0
4109101051;Sevilla;72.3;PP;45.7;338;45.7;60;8.1;101;13.7;32;4.3;0;0.0;PCPA;48;6.5;ESCAÑOS EN BLANCO;43;5.8;;0;0.0;;0;0.0;;0;0.0
4109102001;Sevilla;62.6;PP;36.4;379;36.4;177;17.0;104;10.0;83;8.0;0;0.0;NA;141;13.6;;0;0.0;;0;0.0;;0;0.0;;0;0.0
4109102002;Sevilla;59.7;PSOE-A;30.8;151;22.0;212;30.8;147;21.4;36;5.2;0;0.0;FE de las JONS;57;8.3;MUNDO+JUSTO;47;6.8;;0;0.0;;0;0.0;;0;0.0
4109102003;Sevilla;72.3;PP;26.3;223;26.3;199;23.4;16;1.9;78;9.2;75;8.8;PODER ANDALUZ;77;9.1;;0;0.0;;0;0.0;;0;0.0;;0;0.0
4109102004;Sevilla;75.6;PACMA;29.4;125;28.2;78;17.6;52;11.7;10;2.3;0;0.0;PACMA;130;29.4;PARTIDO AUTÓNOMOS;26;5.9;;0;0.0;;0;0.0;;0;0.0
4109102005;Sevilla;74.1;PP;46.4;501;46.4;93;8.6;145;13.4;12;1.1;0;0.0;NA;158;14.6;ESCAÑOS EN BLANCO;113;10.4;;0;0.0;;0;0.0;;0;0.0
4109102006;Sevilla;62.9;PP;39.1;177;39.1;133;29.4;5;1.1;42;9.3;0;0.0;MUNDO+JUSTO;54;11.9;ESCAÑOS EN BLANCO;26;5.7;;0;0.0;;0;0.0;;0;0.0
4109102007;Sevilla;74.7;PP;29.6;224;29.6;119;15.7;115;15.2;91;12.0;0;0.0;PODER ANDALUZ;92;12.1;;0;0.0;;0;0.0;;0;0.0;;0;0.0
4109102008;Sevilla;58.5;PSOE-A;27.0;78;17.0;124;27.0;71;15.5;34;7.4;0;0.0;ANDALUCISTAS - PA;106;23.1;PACMA;34;7.4;;0;0.0;;0;0.0;;0;0.0
4109102009;Sevilla;47.2;PSOE-A;39.3;97;20.0;190;39.3;44;9.1;33;6.8;53;11.0;;0;0.0;;0;0.0;;0;0.0;;0;0.0;;0;0.0
4109102010;Sevilla;59.3;PSOE-A;40.5;73;15.7;188;40.5;41;8.8;68;14.7;0;0.0;MUNDO+JUSTO;44;9.5;;0;0.0;;0;0.0;;0;0.0;;0;0.0
4109102011;Sevilla;49.7;PSOE-A;31.6;125;22.8;173;31.6;128;23.4;37;6.8;0;0.0;PCTE;48;8.8;;0;0.0;;0;0.0;;0;0.0;;0;0.0
4109102012;Sevilla;43.0;PSOE-A;29.1;85;26.9;92;29.1;84;26.6;22;7.0;0;0.0;FE de las JONS;18;5.7;;0;0.0;;0;0.0;;0;0.0;;0;0.0
4109102013;Sevilla;51.4;PSOE-A;40.2;124;26.2;190;40.2;28;5.9;31;6.6;0;0.0;ANDALUCISTAS - PA;38;8.0;;0;0.0;;0;0.0;;0;0.0;;0;0.0
4109102014;Sevilla;61.1;PSOE-A;36.7;91;22.4;149;36.7;117;28.8;3;0.7;0;0.0;ESCAÑOS EN BLANCO;16;3.9;MUNDO+JUSTO;13;3.2;;0;0.0;;0;0.0;;0;0.0
4109102015;Sevilla;43.9;PP;33.7;97;33.7;41;14.2;16;5.6;31;10.8;0;0.0;ANDALUCISTAS - PA;38;13.2;PACMA;23;8.0;;0;0.0;;0;0.0;;0;0.0
4109102016;Sevilla;53.6;PP;30.9;106;30.9;66;19.2;100;29.2;50;14.6;0;0.0;ESCAÑOS EN BLANCO;8;2.3;;0;0.0;;0;0.0;;0;0.0;;0;0.0
4109102017;Sevilla;68.1;PP;35.4;177;35.4;107;21.4;0;0.0;75;15.0;0;0.0;MUNDO+JUSTO;105;21.0;PCTE;12;2.4;;0;0.0;;0;0.0;;0;0.0
4109102018;Sevilla;65.1;PSOE-A;32.1;133;24.7;173;32.1;37;6.9;47;8.7;0;0.0;PCTE;50;9.3;;0;0.0;;0;0.0;;0;0.0;;0;0.0
4109102019;Sevilla;74.0;PSOE-A;25.4;136;23.8;145;25.4;0;0.0;74;12.9;0;0.0;PARTIDO AUTÓNOMOS;96;16.8;MUNDO+JUSTO;44;7.7;;0;0.0;;0;0.0;;0;0.0
4109102020;Sevilla;73.3;PP;33.2;273;33.2;128;15.6;38;4.6;119;14.5;0;0.0;PODER ANDALUZ;76;9.3;ESCAÑOS EN BLANCO;62;7.6;;0;0.0;;0;0.0;;0;0.0
4109102021;Sevilla;59.1;PP;38.0;147;38.0;100;25.8;3;0.8;63;16.3;0;0.0;FE de las JONS;29;7.5;PACMA;28;7.2;;0;0.0;;0;0.0;;0;0.0
4109102022;Sevilla;51.3;PSOE-A;31.0;57;16.1;110;31.0;91;25.6;59;16.6;0;0.0;PCPA;20;5.6;;0;0.0;;0;0.0;;0;0.0;;0;0.0
4109102023;Sevilla;40.8;PSOE-A;33.0;90;17.4;171;33.0;6;1.2;57;11.0;0;0.0;PCPA;83;16.0;PCTE;31;6.0;;0;0.0;;0;0.0;;0;0.0
4109102024;Sevilla;72.9;PP;51.2;334;51.2;117;17.9;48;7.4;25;3.8;0;0.0;NA;74;11.4;;0;0.0;;0;0.0;;0;0.0;;0;0.0
4109102025;Sevilla;62.2;PSOE-A;29.6;103;27.8;110;29.6;38;10.2;9;2.4;0;0.0;PARTIDO AUTÓNOMOS;104;28.0;;0;0.0;;0;0.0;;0;0.0;;0;0.0
4109102026;Sevilla;54.8;PP;29.3;153;29.3;142;27.2;42;8.0;76;14.6;0;0.0;PCTE;40;7.7;;0;0.0;;0;0.0;;0;0.0;;0;0.0
4109102027;Sevilla;59.3;PSOE-A;32.2;178;21.5;267;32.2;72;8.7;173;20.9;0;0.0;NA;31;3.7;;0;0.0;;0;0.0;;0;0.0;;0;0.0
4109102028;Sevilla;50.3;PSOE-A;28.6;98;21.6;130;28.6;15;3.3;45;9.9;0;0.0;SALF;62;13.7;NA;36;7.9;;0;0.0;;0;0.0;;0;0.0
4109102029;Sevilla;60.6;PSOE-A;29.0;87;27.7;91;29.0;49;15.6;3;1.0;0;0.0;PACMA;69;22.0;MUNDO+JUSTO;6;1.9;;0;0.0;;0;0.0;;0;0.0
4109102030;Sevilla;56.1;PSOE-A;41.2;183;36.6;206;41.2;23;4.6;28;5.6;0;0.0;PCTE;19;3.8;;0;0.0;;0;0.0;;0;0.0;;0;0.0
4109102031;Sevilla;39.6;PP;30.8;78;30.8;58;22.9;30;11.9;36;14.2;0;0.0;PACMA;43;17.0;;0;0.0;;0;0.0;;0;0.0;;0;0.0
4109102032;Sevilla;73.5;PP;40.6;228;40.6;163;29.0;62;11.0;18;3.2;0;0.0;FE de las JONS;35;6.2;MUNDO+JUSTO;29;5.2;;0;0.0;;0;0.0;;0;0.0
4109102033;Sevilla;64.5;PSOE-A;36.6;95;18.3;190;36.6;33;6.4;46;8.9;0;0.0;PARTIDO AUTÓNOMOS;83;16.0;;0;0.0;;0;0.0;;0;0.0;;0;0.0
4109102036;Sevilla;52.4;PSOE-A;24.5;139;23.0;148;24.5;23;3.8;70;11.6;0;0.0;FE de las JONS;100;16.5;PACMA;48;7.9;;0;0.0;;0;0.0;;0;0.0
4109102038;Sevilla;64.1;PSOE-A;33.1;137;30.9;147;33.1;8;1.8;0;0.0;0;0.0;ESCAÑOS EN BLANCO;84;18.9;MUNDO+JUSTO;37;8.3;NA;30;6.8;;0;0.0;;0;0.0
4109102039;Sevilla;64.0;PP;28.7;252;28.7;216;24.6;94;10.7;99;11.3;57;6.5;;0;0.0;;0;0.0;;0;0.0;;0;0.0;;0;0.0
4109102040;Sevilla;62.0;PSOE-A;29.9;189;26.4;214;29.9;131;18.3;116;16.2;0;0.0;PACMA;25;3.5;;0;0.0;;0;0.0;;0;0.0;;0;0.0
4109102041;Sevilla;45.4;PSOE-A;31.5;61;22.1;87;31.5;65;23.6;35;12.7;0;0.0;PACMA;13;4.7;;0;0.0;;0;0.0;;0;0.0;;0;0.0
4109102042;Sevilla;40.3;PSOE-A;46.1;36;13.4;124;46.1;2;0.7;1;0.4;0;0.0;NA;49;18.2;PCPA;21;7.8;PCTE;15;5.6;;0;0.0;;0;0.0
4109102043;Sevilla;54.5;PSOE-A;30.1;187;21.8;258;30.1;70;8.2;51;6.0;0;0.0;NA;91;10.6;PCPA;64;7.5;;0;0.0;;0;0.0;;0;0.0
4109102044;Sevilla;67.5;PP;29.2;283;29.2;193;19.9;31;3.2;131;13.5;0;0.0;NA;96;9.9;MUNDO+JUSTO;77;7.9;;0;0.0;;0;0.0;;0;0.0
4109102045;Sevilla;71.7;PP;40.2;356;40.2;147;16.6;30;3.4;46;5.2;0;0.0;PARTIDO AUTÓNOMOS;141;15.9;PCPA;50;5.6;;0;0.0;;0;0.0;;0;0.0
4109102047;Sevilla;32.5;PSOE-A;46.0;45;13.9;149;46.0;16;4.9;34;10.5;0;0.0;PARTIDO AUTÓNOMOS;32;9.9;PCPA;29;9.0;;0;0.0;;0;0.0;;0;0.0
4109102048;Sevilla;74.4;PP;29.7;170;29.7;168;29.4;0;0.0;87;15.2;0;0.0;MUNDO+JUSTO;133;23.2;PACMA;3;0.5;;0;0.0;;0;0.0;;0;0.0
4109102049;Sevilla;55.6;PSOE-A;29.2;113;21.7;152;29.2;16;3.1;54;10.4;0;0.0;FE de las JONS;83;16.0;NA;60;11.5;;0;0.0;;0;0.0;;0;0.0
4109102050;Sevilla;59.0;PP;32.7;175;32.7;132;24.7;13;2.4;59;11.0;40;7.5;NA;72;13.5;;0;0.0;;0;0.0;;0;0.0;;0;0.0
4109102052;Sevilla;42.2;PSOE-A;34.8;77;16.1;166;34.8;52;10.9;73;15.3;0;0.0;ESCAÑOS EN BLANCO;44;9.2;;0;0.0;;0;0.0;;0;0.0;;0;0.0
4109102053;Sevilla;65.3;PP;42.3;159;42.3;51;13.6;23;6.1;24;6.4;0;0.0;PARTIDO AUTÓNOMOS;65;17.3;;0;0.0;;0;0.0;;0;0.0;;0;0.0
4109102054;Sevilla;50.6;PSOE-A;29.0;141;28.4;144;29.0;48;9.7;23;4.6;0;0.0;PCPA;68;13.7;ANDALUCISTAS - PA;31;6.2;;0;0.0;;0;0.0;;0;0.0
4109102056;Sevilla;66.7;PP;34.5;234;34.5;122;18.0;149;22.0;12;1.8;0;0.0;PCPA;104;15.3;FE de las JONS;21;3.1;;0;0.0;;0;0.0;;0;0.0
4109102057;Sevilla;64.4;PP;27.4;108;27.4;101;25.6;57;14.5;50;12.7;0;0.0;MUNDO+JUSTO;44;11.2;;0;0.0;;0;0.0;;0;0.0;;0;0.0
4109102058;Sevilla;35.3;PSOE-A;50.7;32;11.8;138;50.7;0;0.0;36;13.2;0;0.0;PACMA;37;13.6;PARTIDO AUTÓNOMOS;12;4.4;;0;0.0;;0;0.0;;0;0.0
4109102060;Sevilla;58.5;PP;35.9;129;35.9;38;10.6;14;3.9;21;5.8;125;34.8;PACMA;25;7.0;;0;0.0;;0;0.0;;0;0.0;;0;0.0
4109102061;Sevilla;72.2;PP;36.5;185;36.5;108;21.3;13;2.6;38;7.5;0;0.0;FE de las JONS;87;17.2;PACMA;39;7.7;;0;0.0;;0;0.0;;0;0.0
4109102063;Sevilla;62.0;PP;30.1;106;30.1;76;21.6;1;0.3;76;21.6;0;0.0;PCTE;45;12.8;MUNDO+JUSTO;25;7.1;;0;0.0;;0;0.0;;0;0.0
4109102064;Sevilla;70.9;PP;31.8;359;31.8;270;23.9;27;2.4;35;3.1;0;0.0;PODER ANDALUZ;107;9.5;PARTIDO AUTÓNOMOS;100;8.8;MUNDO+JUSTO;95;8.4;;0;0.0;;0;0.0
4109102065;Sevilla;73.4;PP;38.9;395;38.9;201;19.8;55;5.4;51;5.0;0;0.0;NA;132;13.0;MUNDO+JUSTO;53;5.2;;0;0.0;;0;0.0;;0;0.0
4109102066;Sevilla;74.4;PP;45.4;239;45.4;43;8.2;42;8.0;32;6.1;0;0.0;NA;92;17.5;PCTE;37;7.0;;0;0.0;;0;0.0;;0;0.0
4109102067;Sevilla;70.5;PP;29.5;134;29.5;122;26.9;40;8.8;5;1.1;0;0.0;ESCAÑOS EN BLANCO;51;11.2;MUNDO+JUSTO;36;7.9;;0;0.0;;0;0.0;;0;0.0
4109103001;Sevilla;79.0;PP;55.6;601;55.6;96;8.9;111;10.3;8;0.7;0;0.0;PACMA;70;6.5;PCTE;54;5.0;;0;0.0;;0;0.0;;0;0.0
4109103002;Sevilla;74.7;PP;55.6;415;55.6;29;3.9;23;3.1;51;6.8;0;0.0;ANDALUCISTAS - PA;140;18.8;MUNDO+JUSTO;48;6.4;;0;0.0;;0;0.0;;0;0.0
4109103003;Sevilla;77.3;PP;55.0;704;55.0;133;10.4;59;4.6;60;4.7;0;0.0;MUNDO+JUSTO;164;12.8;PCPA;64;5.0;;0;0.0;;0;0.0;;0;0.0
4109103004;Sevilla;72.5;PP;32.5;279;32.5;182;21.2;60;7.0;54;6.3;0;0.0;FE de las JONS;136;15.8;ESCAÑOS EN BLANCO;91;10.6;;0;0.0;;0;0.0;;0;0.0
4109103005;Sevilla;76.2;PP;44.6;412;44.6;145;15.7;133;14.4;53;5.7;24;2.6;MUNDO+JUSTO;43;4.7;;0;0.0;;0;0.0;;0;0.0;;0;0.0
4109103006;Sevilla;77.8;PP;50.5;511;50.5;49;4.8;235;23.2;37;3.7;0;0.0;ESCAÑOS EN BLANCO;54;5.3;MUNDO+JUSTO;37;3.7;;0;0.0;;0;0.0;;0;0.0
4109103007;Sevilla;69.0;PP;49.6;379;49.6;76;10.0;61;8.0;72;9.4;0;0.0;FE de las JONS;65;8.5;;0;0.0;;0;0.0;;0;0.0;;0;0.0
4109103008;Sevilla;72.8;PP;57.2;377;57.2;111;16.8;39;5.9;20;3.0;0;0.0;MUNDO+JUSTO;30;4.6;FE de las JONS;27;4.1;;0;0.0;;0;0.0;;0;0.0
4109103009;Sevilla;74.8;PP;56.0;479;56.0;24;2.8;82;9.6;92;10.8;53;6.2;MUNDO+JUSTO;49;5.7;;0;0.0;;0;0.0;;0;0.0;;0;0.0
4109103010;Sevilla;79.0;PP;67.7;510;67.7;0;0.0;21;2.8;28;3.7;0;0.0;MUNDO+JUSTO;63;8.4;PACMA;51;6.8;ESCAÑOS EN BLANCO;40;5.3;;0;0.0;;0;0.0
4109103011;Sevilla;78.1;PP;51.9;275;51.9;19;3.6;82;15.5;38;7.2;0;0.0;MUNDO+JUSTO;79;14.9;;0;0.0;;0;0.0;;0;0.0;;0;0.0
4109103012;Sevilla;71.5;PP;47.4;321;47.4;78;11.5;61;9.0;34;5.0;0;0.0;ANDALUCISTAS - PA;67;9.9;;0;0.0;;0;0.0;;0;0.0;;0;0.0
4109103013;Sevilla;72.2;PP;63.2;546;63.2;16;1.8;56;6.5;35;4.0;0;0.0;PARTIDO AUTÓNOMOS;55;6.4;PACMA;54;6.2;;0;0.0;;0;0.0;;0;0.0
4109103014;Sevilla;80.7;PP;49.4;293;49.4;2;0.3;107;18.0;0;0.0;0;0.0;ANDALUCISTAS - PA;90;15.2;MUNDO+JUSTO;43;7.2;PACMA;41;6.9;;0;0.0;;0;0.0
4109103015;Sevilla;78.4;PP;53.8;393;53.8;68;9.3;46;6.3;40;5.5;0;0.0;MUNDO+JUSTO;76;10.4;ANDALUCISTAS - PA;46;6.3;;0;0.0;;0;0.0;;0;0.0
4109103016;Sevilla;72.1;PP;47.8;237;47.8;73;14.7;8;1.6;46;9.3;0;0.0;PCPA;76;15.3;FE de las JONS;29;5.8;;0;0.0;;0;0.0;;0;0.0
4109103017;Sevilla;78.0;PP;52.1;467;52.1;81;9.0;92;10.3;0;0.0;0;0.0;PODER ANDALUZ;87;9.7;SALF;40;4.5;;0;0.0;;0;0.0;;0;0.0
4109103019;Sevilla;62.2;PP;33.3;220;33.3;156;23.6;60;9.1;51;7.7;48;7.3;NA;85;12.9;;0;0.0;;0;0.0;;0;0.0;;0;0.0
4109103020;Sevilla;63.5;PSOE-A;29.4;124;25.0;146;29.4;26;5.2;71;14.3;0;0.0;ESCAÑOS EN BLANCO;116;23.3;;0;0.0;;0;0.0;;0;0.0;;0;0.0
4109103021;Sevilla;59.5;PSOE-A;32.9;54;14.3;124;32.9;120;31.8;20;5.3;0;0.0;PCPA;24;6.4;PACMA;21;5.6;;0;0.0;;0;0.0;;0;0.0
4109103022;Sevilla;66.7;PSOE-A;37.2;128;22.3;213;37.2;64;11.2;9;1.6;0;0.0;PCPA;49;8.6;MUNDO+JUSTO;32;5.6;;0;0.0;;0;0.0;;0;0.0
4109103023;Sevilla;72.7;PP;50.4;452;50.4;56;6.2;12;1.3;16;1.8;0;0.0;PCPA;207;23.1;MUNDO+JUSTO;44;4.9;PARTIDO AUTÓNOMOS;33;3.7;;0;0.0;;0;0.0
4109103024;Sevilla;67.8;PP;36.2;194;36.2;78;14.6;33;6.2;59;11.0;0;0.0;MUNDO+JUSTO;56;10.4;PCPA;51;9.5;;0;0.0;;0;0.0;;0;0.0
4109103025;Sevilla;68.2;PP;40.5;246;40.5;125;20.6;78;12.8;38;6.2;0;0.0;PACMA;42;6.9;;0;0.0;;0;0.0;;0;0.0;;0;0.0
4109103026;Sevilla;68.0;PP;53.2;209;53.2;26;6.6;70;17.8;24;6.1;43;10.9;;0;0.0;;0;0.0;;0;0.0;;0;0.0;;0;0.0
4109103027;Sevilla;78.1;PP;57.5;542;57.5;46;4.9;85;9.0;26;2.8;0;0.0;NA;75;8.0;MUNDO+JUSTO;50;5.3;;0;0.0;;0;0.0;;0;0.0
4109103028;Sevilla;82.7;PP;60.0;618;60.0;7;0.7;207;20.1;66;6.4;0;0.0;PARTIDO AUTÓNOMOS;43;4.2;MUNDO+JUSTO;32;3.1;;0;0.0;;0;0.0;;0;0.0
4109103029;Sevilla;77.6;PP;65.5;266;65.5;44;10.8;5;1.2;11;2.7;0;0.0;PCPA;50;12.3;PCTE;18;4.4;ESCAÑOS EN BLANCO;12;3.0;;0;0.0;;0;0.0
4109103030;Sevilla;76.5;PP;69.3;359;69.3;5;1.0;8;1.5;44;8.5;0;0.0;MUNDO+JUSTO;61;11.8;ESCAÑOS EN BLANCO;22;4.2;PARTIDO AUTÓNOMOS;10;1.9;;0;0.0;;0;0.0
4109103031;Sevilla;71.6;PP;38.5;178;38.5;42;9.1;109;23.6;15;3.2;0;0.0;MUNDO+JUSTO;44;9.5;NA;31;6.7;;0;0.0;;0;0.0;;0;0.0
4109103032;Sevilla;80.1;PP;60.0;779;60.0;36;2.8;179;13.8;39;3.0;0;0.0;MUNDO+JUSTO;100;7.7;PARTIDO AUTÓNOMOS;90;6.9;;0;0.0;;0;0.0;;0;0.0
4109103033;Sevilla;72.5;PP;58.9;439;58.9;60;8.0;72;9.7;24;3.2;0;0.0;PARTIDO AUTÓNOMOS;46;6.2;PCTE;37;5.0;;0;0.0;;0;0.0;;0;0.0
4109103034;Sevilla;74.4;PP;36.7;211;36.7;89;15.5;6;1.0;203;35.3;0;0.0;MUNDO+JUSTO;50;8.7;PARTIDO AUTÓNOMOS;16;2.8;;0;0.0;;0;0.0;;0;0.0
4109103035;Sevilla;79.3;PP;36.7;250;36.7;134;19.6;53;7.8;38;5.6;0;0.0;PACMA;72;10.6;;0;0.0;;0;0.0;;0;0.0;;0;0.0
4109103036;Sevilla;75.4;PP;52.8;353;52.8;35;5.2;29;4.3;60;9.0;0;0.0;PARTIDO AUTÓNOMOS;41;6.1;MUNDO+JUSTO;41;6.1;PCPA;41;6.1;;0;0.0;;0;0.0
4109103037;Sevilla;80.1;PP;46.1;547;46.1;244;20.6;63;5.3;50;4.2;0;0.0;ANDALUCISTAS - PA;57;4.8;MUNDO+JUSTO;52;4.4;;0;0.0;;0;0.0;;0;0.0
4109103038;Sevilla;80.9;PP;51.1;448;51.1;63;7.2;132;15.0;0;0.0;0;0.0;PCTE;114;13.0;MUNDO+JUSTO;45;5.1;;0;0.0;;0;0.0;;0;0.0
4109103039;Sevilla;73.9;PP;35.8;179;35.8;60;12.0;68;13.6;3;0.6;0;0.0;PCTE;167;33.4;NA;15;3.0;;0;0.0;;0;0.0;;0;0.0
4109103040;Sevilla;82.1;PP;61.0;349;61.0;2;0.4;42;7.3;0;0.0;0;0.0;PARTIDO AUTÓNOMOS;82;14.3;ESCAÑOS EN BLANCO;27;4.7;PCPA;26;4.6;;0;0.0;;0;0.0
4109103041;Sevilla;80.2;PP;53.5;657;53.5;68;5.5;81;6.6;90;7.3;0;0.0;PCTE;100;8.1;MUNDO+JUSTO;72;5.9;;0;0.0;;0;0.0;;0;0.0
4109103042;Sevilla;75.2;PP;51.9;285;51.9;50;9.1;60;10.9;47;8.6;0;0.0;MUNDO+JUSTO;62;11.3;;0;0.0;;0;0.0;;0;0.0;;0;0.0
4109104001;Sevilla;40.8;ANDALUCISTAS - PA;31.8;60;25.1;67;28.0;7;2.9;1;0.4;0;0.0;ANDALUCISTAS - PA;76;31.8;MUNDO+JUSTO;22;9.2;;0;0.0;;0;0.0;;0;0.0
4109104002;Sevilla;36.0;PSOE-A;55.3;36;9.8;203;55.3;20;5.4;11;3.0;0;0.0;PACMA;64;17.4;NA;11;3.0;;0;0.0;;0;0.0;;0;0.0
4109104003;Sevilla;25.7;PSOE-A;38.5;39;20.3;74;38.5;6;3.1;20;10.4;0;0.0;FE de las JONS;30;15.6;MUNDO+JUSTO;12;6.2;;0;0.0;;0;0.0;;0;0.0
4109104004;Sevilla;35.5;PSOE-A;55.1;23;7.3;173;55.1;13;4.1;33;10.5;0;0.0;PCPA;43;13.7;;0;0.0;;0;0.0;;0;0.0;;0;0.0
4109104005;Sevilla;34.7;PSOE-A;47.5;50;18.0;132;47.5;22;7.9;31;11.2;0;0.0;MUNDO+JUSTO;18;6.5;;0;0.0;;0;0.0;;0;0.0;;0;0.0
4109104006;Sevilla;36.2;PSOE-A;39.4;50;16.3;121;39.4;17;5.5;32;10.4;0;0.0;PCTE;29;9.4;SALF;22;7.2;;0;0.0;;0;0.0;;0;0.0
4109104007;Sevilla;41.5;PSOE-A;38.4;31;15.3;78;38.4;17;8.4;8;3.9;0;0.0;PACMA;27;13.3;PCTE;14;6.9;;0;0.0;;0;0.0;;0;0.0
4109104008;Sevilla;39.8;PSOE-A;35.5;65;18.3;126;35.5;13;3.7;17;4.8;0;0.0;PACMA;52;14.6;NA;43;12.1;;0;0.0;;0;0.0;;0;0.0
4109104009;Sevilla;42.5;PSOE-A;55.0;87;17.5;273;55.0;18;3.6;16;3.2;0;0.0;ANDALUCISTAS - PA;66;13.3;;0;0.0;;0;0.0;;0;0.0;;0;0.0
4109104010;Sevilla;49.6;ESCAÑOS EN BLANCO;38.3;64;17.0;117;31.1;2;0.5;12;3.2;0;0.0;ESCAÑOS EN BLANCO;144;38.3;PACMA;21;5.6;;0;0.0;;0;0.0;;0;0.0
4109104011;Sevilla;52.2;PSOE-A;36.1;89;20.0;161;36.1;87;19.5;3;0.7;0;0.0;FE de las JONS;27;6.0;PACMA;24;5.4;;0;0.0;;0;0.0;;0;0.0
4109104012;Sevilla;48.6;PSOE-A;49.6;24;9.4;127;49.6;0;0.0;8;3.1;0;0.0;PARTIDO AUTÓNOMOS;53;20.7;MUNDO+JUSTO;17;6.6;PCTE;8;3.1;;0;0.0;;0;0.0
4109104013;Sevilla;43.1;PSOE-A;34.1;52;14.4;123;34.1;49;13.6;54;15.0;0;0.0;PODER ANDALUZ;46;12.7;;0;0.0;;0;0.0;;0;0.0;;0;0.0
4109104014;Sevilla;63.0;PSOE-A;28.5;136;22.4;173;28.5;25;4.1;87;14.3;0;0.0;MUNDO+JUSTO;51;8.4;NA;50;8.2;;0;0.0;;0;0.0;;0;0.0
4109104015;Sevilla;70.2;PP;31.2;343;31.2;241;21.9;30;2.7;20;1.8;0;0.0;MUNDO+JUSTO;191;17.4;PARTIDO AUTÓNOMOS;111;10.1;ANDALUCISTAS - PA;60;5.4;;0;0.0;;0;0.0
4109104016;Sevilla;56.2;PSOE-A;41.6;27;9.3;121;41.6;85;29.2;19;6.5;0;0.0;NA;18;6.2;;0;0.0;;0;0.0;;0;0.0;;0;0.0
4109104017;Sevilla;49.9;PP;28.9;91;28.9;77;24.4;43;13.6;4;1.3;0;0.0;PCTE;80;25.4;FE de las JONS;6;1.9;;0;0.0;;0;0.0;;0;0.0
4109104018;Sevilla;53.3;PSOE-A;34.6;165;30.7;186;34.6;53;9.9;66;12.3;0;0.0;NA;20;3.7;;0;0.0;;0;0.0;;0;0.0;;0;0.0
4109104019;Sevilla;54.5;PSOE-A;35.9;52;17.9;104;35.9;18;6.2;25;8.6;0;0.0;ANDALUCISTAS - PA;43;14.8;;0;0.0;;0;0.0;;0;0.0;;0;0.0
4109104020;Sevilla;53.2;PSOE-A;30.7;65;16.8;119;30.7;26;6.7;48;12.4;0;0.0;ESCAÑOS EN BLANCO;106;27.3;;0;0.0;;0;0.0;;0;0.0;;0;0.0
4109104021;Sevilla;52.5;PSOE-A;25.5;111;23.4;121;25.5;41;8.6;68;14.4;0;0.0;ANDALUCISTAS - PA;39;8.2;;0;0.0;;0;0.0;;0;0.0;;0;0.0
4109104022;Sevilla;55.3;PSOE-A;29.1;85;24.2;102;29.1;24;6.8;28;8.0;0;0.0;FE de las JONS;94;26.8;;0;0.0;;0;0.0;;0;0.0;;0;0.0
4109104023;Sevilla;62.7;PSOE-A;47.6;138;25.6;256;47.6;52;9.7;9;1.7;0;0.0;MUNDO+JUSTO;43;8.0;NA;30;5.6;;0;0.0;;0;0.0;;0;0.0
4109104024;Sevilla;59.1;PP;34.0;249;34.0;148;20.2;41;5.6;26;3.6;0;0.0;SALF;78;10.7;ESCAÑOS EN BLANCO;75;10.2;;0;0.0;;0;0.0;;0;0.0
4109104025;Sevilla;56.2;PP;31.1;140;31.1;112;24.9;0;0.0;4;0.9;0;0.0;PARTIDO AUTÓNOMOS;104;23.1;MUNDO+JUSTO;51;11.3;ESCAÑOS EN BLANCO;33;7.3;;0;0.0;;0;0.0
4109104026;Sevilla;53.1;PP;35.2;193;35.2;151;27.6;20;3.6;27;4.9;0;0.0;PODER ANDALUZ;81;14.8;PACMA;28;5.1;;0;0.0;;0;0.0;;0;0.0
4109104027;Sevilla;23.0;PSOE-A;43.3;29;20.6;61;43.3;39;27.7;2;1.4;0;0.0;FE de las JONS;7;5.0;ESCAÑOS EN BLANCO;2;1.4;;0;0.0;;0;0.0;;0;0.0
4109104030;Sevilla;36.7;PSOE-A;42.4;18;6.4;120;42.4;58;20.5;0;0.0;0;0.0;PCTE;44;15.6;PACMA;16;5.6;;0;0.0;;0;0.0;;0;0.0
4109104031;Sevilla;50.2;PP;34.2;112;34.2;59;18.0;6;1.8;0;0.0;0;0.0;PODER ANDALUZ;101;30.9;MUNDO+JUSTO;29;8.9;FE de las JONS;17;5.2;;0;0.0;;0;0.0
4109104032;Sevilla;57.2;PP;32.4;214;32.4;164;24.8;34;5.1;68;10.3;0;0.0;ESCAÑOS EN BLANCO;66;10.0;MUNDO+JUSTO;60;9.1;;0;0.0;;0;0.0;;0;0.0
4109104033;Sevilla;56.9;PSOE-A;36.2;91;18.0;183;36.2;52;10.3;41;8.1;0;0.0;PCTE;49;9.7;;0;0.0;;0;0.0;;0;0.0;;0;0.0
4109104034;Sevilla;59.1;PSOE-A;29.4;223;26.9;244;29.4;65;7.8;75;9.0;20;2.4;PACMA;79;9.5;;0;0.0;;0;0.0;;0;0.0;;0;0.0
4109104035;Sevilla;54.2;PSOE-A;32.4;153;26.7;186;32.4;45;7.8;9;1.6;73;12.7;PACMA;25;4.4;;0;0.0;;0;0.0;;0;0.0;;0;0.0
4109104036;Sevilla;38.4;PorA;38.2;70;27.0;82;31.7;6;2.3;99;38.2;0;0.0;PCTE;1;0.4;;0;0.0;;0;0.0;;0;0.0;;0;0.0
4109104037;Sevilla;45.6;PSOE-A;35.4;48;17.9;95;35.4;36;13.4;2;0.8;54;20.2;NA;12;4.5;;0;0.0;;0;0.0;;0;0.0;;0;0.0
4109104039;Sevilla;49.2;PP;33.2;110;33.2;68;20.5;33;10.0;13;3.9;0;0.0;MUNDO+JUSTO;34;10.3;ESCAÑOS EN BLANCO;21;6.3;;0;0.0;;0;0.0;;0;0.0
4109104040;Sevilla;59.7;PSOE-A;41.4;113;21.8;215;41.4;34;6.6;52;10.0;0;0.0;PACMA;31;6.0;;0;0.0;;0;0.0;;0;0.0;;0;0.0
4109104041;Sevilla;66.2;PSOE-A;30.4;208;27.2;232;30.4;16;2.1;42;5.5;44;5.8;ANDALUCISTAS - PA;81;10.6;MUNDO+JUSTO;70;9.2;;0;0.0;;0;0.0;;0;0.0
4109104042;Sevilla;57.1;PSOE-A;33.4;152;14.4;354;33.4;159;15.0;46;4.3;0;0.0;PCPA;79;7.5;MUNDO+JUSTO;68;6.4;;0;0.0;;0;0.0;;0;0.0
4109104043;Sevilla;63.2;PSOE-A;33.8;214;27.0;268;33.8;14;1.8;33;4.2;0;0.0;MUNDO+JUSTO;94;11.8;PCTE;83;10.4;PARTIDO AUTÓNOMOS;38;4.8;;0;0.0;;0;0.0
4109104044;Sevilla;54.3;PSOE-A;45.1;112;17.0;297;45.1;58;8.8;11;1.7;0;0.0;FE de las JONS;68;10.3;ESCAÑOS EN BLANCO;66;10.0;;0;0.0;;0;0.0;;0;0.0
4109104045;Sevilla;65.2;PSOE-A;42.3;108;17.4;262;42.3;92;14.8;36;5.8;43;6.9;;0;0.0;;0;0.0;;0;0.0;;0;0.0;;0;0.0
4109104046;Sevilla;57.2;PSOE-A;30.4;143;21.3;204;30.4;74;11.0;142;21.2;0;0.0;ESCAÑOS EN BLANCO;41;6.1;;0;0.0;;0;0.0;;0;0.0;;0;0.0
4109104047;Sevilla;51.9;PSOE-A;32.8;81;28.5;93;32.8;31;10.9;3;1.1;0;0.0;ESCAÑOS EN BLANCO;59;20.8;MUNDO+JUSTO;13;4.6;;0;0.0;;0;0.0;;0;0.0
4109104048;Sevilla;62.9;PP;37.0;122;37.0;65;19.7;61;18.5;4;1.2;0;0.0;MUNDO+JUSTO;25;7.6;ESCAÑOS EN BLANCO;19;5.8;;0;0.0;;0;0.0;;0;0.0
4109104049;Sevilla;63.7;PP;32.9;189;32.9;123;21.4;76;13.2;24;4.2;0;0.0;PARTIDO AUTÓNOMOS;67;11.6;PCTE;41;7.1;;0;0.0;;0;0.0;;0;0.0
4109104050;Sevilla;59.9;PP;26.8;185;26.8;173;25.1;122;17.7;31;4.5;0;0.0;MUNDO+JUSTO;66;9.6;PARTIDO AUTÓNOMOS;34;4.9;;0;0.0;;0;0.0;;0;0.0
4109104052;Sevilla;35.2;PSOE-A;38.6;69;17.6;151;38.6;46;11.8;23;5.9;0;0.0;NA;61;15.6;;0;0.0;;0;0.0;;0;0.0;;0;0.0
4109104053;Sevilla;63.5;PSOE-A;55.1;59;18.7;174;55.1;4;1.3;25;7.9;0;0.0;PARTIDO AUTÓNOMOS;21;6.6;MUNDO+JUSTO;20;6.3;;0;0.0;;0;0.0;;0;0.0
4109104054;Sevilla;37.5;PSOE-A;43.8;45;16.5;119;43.8;32;11.8;6;2.2;0;0.0;PODER ANDALUZ;23;8.5;PARTIDO AUTÓNOMOS;16;5.9;;0;0.0;;0;0.0;;0;0.0
4109104055;Sevilla;50.6;PSOE-A;37.0;54;14.0;143;37.0;49;12.7;37;9.6;0;0.0;ANDALUCISTAS - PA;22;5.7;;0;0.0;;0;0.0;;0;0.0;;0;0.0
4109104056;Sevilla;58.5;PP;28.4;111;28.4;108;27.6;7;1.8;68;17.4;0;0.0;PCTE;28;7.2;MUNDO+JUSTO;22;5.6;;0;0.0;;0;0.0;;0;0.0
4109104057;Sevilla;48.5;PSOE-A;35.4;78;14.4;192;35.4;53;9.8;57;10.5;17;3.1;PCTE;64;11.8;;0;0.0;;0;0.0;;0;0.0;;0;0.0
4109104058;Sevilla;56.3;PP;33.4;261;33.4;112;14.3;8;1.0;57;7.3;0;0.0;PCTE;110;14.1;PACMA;106;13.6;;0;0.0;;0;0.0;;0;0.0
4109104059;Sevilla;66.0;PP;31.8;268;31.8;224;26.6;99;11.7;31;3.7;0;0.0;PCPA;94;11.2;MUNDO+JUSTO;45;5.3;;0;0.0;;0;0.0;;0;0.0
4109104060;Sevilla;36.2;PP;27.2;134;27.2;133;27.0;37;7.5;37;7.5;0;0.0;PCTE;49;10.0;FE de las JONS;39;7.9;;0;0.0;;0;0.0;;0;0.0
4109104061;Sevilla;46.3;PSOE-A;38.5;116;20.0;223;38.5;33;5.7;60;10.4;0;0.0;PACMA;58;10.0;MUNDO+JUSTO;52;9.0;;0;0.0;;0;0.0;;0;0.0
4109104062;Sevilla;48.6;PSOE-A;37.2;121;20.2;223;37.2;47;7.8;34;5.7;39;6.5;MUNDO+JUSTO;36;6.0;;0;0.0;;0;0.0;;0;0.0;;0;0.0
4109104063;Sevilla;44.7;PSOE-A;37.2;122;17.0;267;37.2;63;8.8;66;9.2;0;0.0;ESCAÑOS EN BLANCO;59;8.2;;0;0.0;;0;0.0;;0;0.0;;0;0.0
4109104064;Sevilla;46.3;PSOE-A;38.4;140;20.2;266;38.4;42;6.1;25;3.6;0;0.0;NA;66;9.5;FE de las JONS;32;4.6;;0;0.0;;0;0.0;;0;0.0
4109104065;Sevilla;61.5;PSOE-A;29.0;133;24.4;158;29.0;42;7.7;64;11.7;0;0.0;PCPA;56;10.3;MUNDO+JUSTO;44;8.1;;0;0.0;;0;0.0;;0;0.0
4109104066;Sevilla;43.9;PSOE-A;39.2;85;16.4;203;39.2;28;5.4;15;2.9;45;8.7;PCPA;69;13.3;;0;0.0;;0;0.0;;0;0.0;;0;0.0
4109104067;Sevilla;58.7;PP;28.9;271;28.9;201;21.4;54;5.8;73;7.8;51;5.4;MUNDO+JUSTO;110;11.7;ESCAÑOS EN BLANCO;77;8.2;;0;0.0;;0;0.0;;0;0.0
4109104068;Sevilla;55.7;PSOE-A;29.0;158;21.0;218;29.0;43;5.7;146;19.4;0;0.0;MUNDO+JUSTO;90;12.0;;0;0.0;;0;0.0;;0;0.0;;0;0.0
4109104069;Sevilla;52.5;PSOE-A;31.5;102;19.6;164;31.5;28;5.4;116;22.3;41;7.9;;0;0.0;;0;0.0;;0;0.0;;0;0.0;;0;0.0
4109104070;Sevilla;57.7;PP;31.1;257;31.1;159;19.2;38;4.6;117;14.2;116;14.0;MUNDO+JUSTO;47;5.7;;0;0.0;;0;0.0;;0;0.0;;0;0.0
4109105001;Sevilla;80.9;PP;58.9;521;58.9;89;10.1;37;4.2;37;4.2;51;5.8;MUNDO+JUSTO;44;5.0;PCTE;37;4.2;;0;0.0;;0;0.0;;0;0.0
4109105002;Sevilla;79.1;PP;65.2;410;65.2;3;0.5;1;0.2;0;0.0;0;0.0;FE de las JONS;139;22.1;MUNDO+JUSTO;41;6.5;PARTIDO AUTÓNOMOS;18;2.9;ESCAÑOS EN BLANCO;13;2.1;;0;0.0
4109105003;Sevilla;77.0;PP;50.6;479;50.6;21;2.2;158;16.7;112;11.8;0;0.0;ESCAÑOS EN BLANCO;66;7.0;PCTE;27;2.8;;0;0.0;;0;0.0;;0;0.0
4109105004;Sevilla;72.0;PP;37.0;234;37.0;125;19.8;45;7.1;36;5.7;50;7.9;NA;58;9.2;;0;0.0;;0;0.0;;0;0.0;;0;0.0
4109105005;Sevilla;85.2;PP;58.4;502;58.4;92;10.7;80;9.3;13;1.5;0;0.0;SALF;64;7.4;PCTE;26;3.0;;0;0.0;;0;0.0;;0;0.0
4109105006;Sevilla;77.7;PP;44.4;397;44.4;85;9.5;119;13.3;2;0.2;0;0.0;PCPA;177;19.8;PARTIDO AUTÓNOMOS;42;4.7;;0;0.0;;0;0.0;;0;0.0
4109105007;Sevilla;79.1;PP;67.9;409;67.9;8;1.3;78;13.0;26;4.3;0;0.0;FE de las JONS;43;7.1;PACMA;27;4.5;;0;0.0;;0;0.0;;0;0.0
4109105008;Sevilla;70.9;PP;33.3;127;33.3;79;20.7;50;13.1;9;2.4;0;0.0;PCTE;103;27.0;;0;0.0;;0;0.0;;0;0.0;;0;0.0
4109105009;Sevilla;65.3;PP;35.4;255;35.4;98;13.6;78;10.8;38;5.3;0;0.0;MUNDO+JUSTO;93;12.9;PARTIDO AUTÓNOMOS;76;10.6;;0;0.0;;0;0.0;;0;0.0
4109105010;Sevilla;48.4;PSOE-A;35.8;101;21.4;169;35.8;56;11.9;20;4.2;0;0.0;NA;61;12.9;ESCAÑOS EN BLANCO;40;8.5;;0;0.0;;0;0.0;;0;0.0
4109105011;Sevilla;22.9;PSOE-A;62.9;1;0.9;73;62.9;13;11.2;0;0.0;0;0.0;PODER ANDALUZ;20;17.2;PCTE;5;4.3;MUNDO+JUSTO;2;1.7;;0;0.0;;0;0.0
4109105012;Sevilla;65.9;MUNDO+JUSTO;31.0;111;25.3;112;25.5;0;0.0;12;2.7;0;0.0;MUNDO+JUSTO;136;31.0;PACMA;31;7.1;FE de las JONS;24;5.5;;0;0.0;;0;0.0
4109105013;Sevilla;21.3;PSOE-A;47.3;30;22.9;62;47.3;0;0.0;0;0.0;0;0.0;PCPA;22;16.8;PACMA;6;4.6;MUNDO+JUSTO;6;4.6;;0;0.0;;0;0.0
4109105014;Sevilla;73.4;PP;48.3;494;48.3;17;1.7;240;23.5;63;6.2;0;0.0;PACMA;56;5.5;MUNDO+JUSTO;45;4.4;;0;0.0;;0;0.0;;0;0.0
4109105015;Sevilla;60.7;PSOE-A;35.1;128;20.8;216;35.1;3;0.5;31;5.0;30;4.9;PACMA;90;14.6;;0;0.0;;0;0.0;;0;0.0;;0;0.0
4109105016;Sevilla;58.0;PP;34.2;174;34.2;145;28.5;16;3.1;41;8.1;0;0.0;SALF;88;17.3;MUNDO+JUSTO;18;3.5;;0;0.0;;0;0.0;;0;0.0
4109105017;Sevilla;80.3;PP;28.8;193;28.8;149;22.3;34;5.1;102;15.2;0;0.0;ESCAÑOS EN BLANCO;60;9.0;PCTE;54;8.1;;0;0.0;;0;0.0;;0;0.0
4109105018;Sevilla;28.6;PSOE-A;48.3;28;13.3;102;48.3;0;0.0;29;13.7;0;0.0;SALF;35;16.6;PCTE;7;3.3;;0;0.0;;0;0.0;;0;0.0
4109105019;Sevilla;78.7;PP;61.2;366;61.2;9;1.5;44;7.4;29;4.8;0;0.0;PACMA;52;8.7;NA;32;5.4;;0;0.0;;0;0.0;;0;0.0
4109105020;Sevilla;73.5;PP;47.5;658;47.5;149;10.8;182;13.2;33;2.4;0;0.0;MUNDO+JUSTO;115;8.3;PCPA;85;6.1;;0;0.0;;0;0.0;;0;0.0
4109105021;Sevilla;70.7;PP;50.0;390;50.0;40;5.1;88;11.3;43;5.5;0;0.0;PCPA;95;12.2;FE de las JONS;45;5.8;;0;0.0;;0;0.0;;0;0.0
4109105022;Sevilla;84.6;PP;60.6;605;60.6;55;5.5;89;8.9;0;0.0;0;0.0;SALF;66;6.6;PCTE;62;6.2;;0;0.0;;0;0.0;;0;0.0
4109105023;Sevilla;81.2;PP;58.0;286;58.0;12;2.4;89;18.0;0;0.0;0;0.0;NA;69;14.0;PCTE;30;6.1;;0;0.0;;0;0.0;;0;0.0
4109105024;Sevilla;63.1;PSOE-A;25.0;118;20.4;145;25.0;30;5.2;30;5.2;0;0.0;FE de las JONS;73;12.6;PODER ANDALUZ;61;10.5;MUNDO+JUSTO;34;5.9;;0;0.0;;0;0.0
4109105025;Sevilla;77.7;PP;49.8;500;49.8;128;12.8;186;18.5;24;2.4;0;0.0;NA;47;4.7;PCTE;24;2.4;;0;0.0;;0;0.0;;0;0.0
4109105027;Sevilla;74.2;PP;53.3;481;53.3;89;9.9;78;8.6;17;1.9;0;0.0;MUNDO+JUSTO;127;14.1;PARTIDO AUTÓNOMOS;30;3.3;;0;0.0;;0;0.0;;0;0.0
4109105029;Sevilla;75.8;PP;47.1;242;47.1;69;13.4;36;7.0;63;12.3;0;0.0;MUNDO+JUSTO;44;8.6;;0;0.0;;0;0.0;;0;0.0;;0;0.0
4109105030;Sevilla;70.6;PP;48.2;341;48.2;144;20.3;58;8.2;85;12.0;0;0.0;NA;19;2.7;;0;0.0;;0;0.0;;0;0.0;;0;0.0
4109105031;Sevilla;35.3;PSOE-A;39.5;37;19.5;75;39.5;16;8.4;13;6.8;0;0.0;NA;38;20.0;;0;0.0;;0;0.0;;0;0.0;;0;0.0
4109105032;Sevilla;48.2;PSOE-A;39.3;66;14.7;176;39.3;9;2.0;48;10.7;28;6.2;MUNDO+JUSTO;53;11.8;;0;0.0;;0;0.0;;0;0.0;;0;0.0
4109105033;Sevilla;55.0;PSOE-A;31.6;129;17.9;228;31.6;72;10.0;147;20.4;0;0.0;NA;63;8.7;;0;0.0;;0;0.0;;0;0.0;;0;0.0
4109105034;Sevilla;38.2;PSOE-A;38.6;88;18.7;182;38.6;5;1.1;82;17.4;0;0.0;MUNDO+JUSTO;32;6.8;ESCAÑOS EN BLANCO;28;5.9;;0;0.0;;0;0.0;;0;0.0
4109105035;Sevilla;44.7;PSOE-A;31.1;117;21.9;166;31.1;29;5.4;104;19.5;0;0.0;ANDALUCISTAS - PA;31;5.8;;0;0.0;;0;0.0;;0;0.0;;0;0.0
4109105037;Sevilla;61.8;PSOE-A;33.4;130;28.4;153;33.4;45;9.8;27;5.9;0;0.0;NA;54;11.8;;0;0.0;;0;0.0;;0;0.0;;0;0.0
4109105038;Sevilla;61.1;PP;29.7;102;29.7;81;23.6;0;0.0;16;4.7;0;0.0;PODER ANDALUZ;88;25.7;PACMA;23;6.7;ESCAÑOS EN BLANCO;16;4.7;;0;0.0;;0;0.0
4109105039;Sevilla;62.5;PP;27.7;114;27.7;107;26.0;46;11.2;50;12.2;0;0.0;MUNDO+JUSTO;50;12.2;;0;0.0;;0;0.0;;0;0.0;;0;0.0
4109105040;Sevilla;68.3;PP;40.5;297;40.5;159;21.7;113;15.4;0;0.0;0;0.0;PARTIDO AUTÓNOMOS;67;9.1;MUNDO+JUSTO;28;3.8;;0;0.0;;0;0.0;;0;0.0
4109105041;Sevilla;82.5;PP;60.1;798;60.1;25;1.9;83;6.2;91;6.8;0;0.0;PACMA;120;9.0;MUNDO+JUSTO;110;8.3;;0;0.0;;0;0.0;;0;0.0
4109105042;Sevilla;47.0;PSOE-A;37.6;123;24.4;189;37.6;38;7.6;19;3.8;0;0.0;PACMA;41;8.2;SALF;27;5.4;;0;0.0;;0;0.0;;0;0.0
4109105043;Sevilla;47.7;PP;30.9;179;30.9;145;25.0;31;5.4;64;11.0;0;0.0;MUNDO+JUSTO;90;15.5;PACMA;46;7.9;;0;0.0;;0;0.0;;0;0.0
4109105044;Sevilla;28.1;PSOE-A;42.9;23;9.1;109;42.9;23;9.1;21;8.3;0;0.0;PACMA;67;26.4;;0;0.0;;0;0.0;;0;0.0;;0;0.0
4109105045;Sevilla;8.0;Empate;22.5;7;17.5;9;22.5;6;15.0;4;10.0;0;0.0;PCTE;9;22.5;;0;0.0;;0;0.0;;0;0.0;;0;0.0
4109105046;Sevilla;49.3;PP;29.0;174;29.0;130;21.6;12;2.0;53;8.8;0;0.0;ESCAÑOS EN BLANCO;83;13.8;MUNDO+JUSTO;74;12.3;;0;0.0;;0;0.0;;0;0.0
4109105047;Sevilla;30.1;PSOE-A;42.2;64;29.4;92;42.2;26;11.9;4;1.8;0;0.0;PACMA;9;4.1;ESCAÑOS EN BLANCO;8;3.7;;0;0.0;;0;0.0;;0;0.0
4109105048;Sevilla;82.2;PP;66.4;618;66.4;54;5.8;26;2.8;24;2.6;0;0.0;PARTIDO AUTÓNOMOS;77;8.3;NA;44;4.7;PCTE;35;3.8;;0;0.0;;0;0.0
4109105049;Sevilla;57.4;PSOE-A;31.1;221;24.3;283;31.1;31;3.4;41;4.5;0;0.0;PCTE;95;10.4;ESCAÑOS EN BLANCO;82;9.0;FE de las JONS;69;7.6;;0;0.0;;0;0.0
4109105051;Sevilla;44.6;PP;33.9;269;33.9;156;19.7;39;4.9;72;9.1;0;0.0;ESCAÑOS EN BLANCO;110;13.9;;0;0.0;;0;0.0;;0;0.0;;0;0.0
4109105052;Sevilla;27.4;PSOE-A;58.6;41;13.8;174;58.6;20;6.7;5;1.7;0;0.0;PCPA;18;6.1;PARTIDO AUTÓNOMOS;11;3.7;;0;0.0;;0;0.0;;0;0.0
4109105054;Sevilla;73.5;PP;58.7;538;58.7;125;13.6;64;7.0;58;6.3;0;0.0;NA;59;6.4;;0;0.0;;0;0.0;;0;0.0;;0;0.0
4109105056;Sevilla;18.5;PSOE-A;59.8;10;4.9;122;59.8;7;3.4;5;2.4;15;7.4;SALF;22;10.8;;0;0.0;;0;0.0;;0;0.0;;0;0.0
4109105057;Sevilla;80.4;PP;58.7;457;58.7;152;19.5;42;5.4;0;0.0;0;0.0;MUNDO+JUSTO;41;5.3;PCPA;31;4.0;;0;0.0;;0;0.0;;0;0.0
4109106001;Sevilla;73.5;PP;56.3;456;56.3;63;7.8;33;4.1;9;1.1;0;0.0;PCTE;102;12.6;MUNDO+JUSTO;69;8.5;;0;0.0;;0;0.0;;0;0.0
4109106002;Sevilla;77.1;PP;55.0;562;55.0;81;7.9;91;8.9;22;2.2;0;0.0;PCPA;121;11.8;FE de las JONS;60;5.9;;0;0.0;;0;0.0;;0;0.0
4109106003;Sevilla;75.3;PP;55.3;347;55.3;33;5.3;56;8.9;3;0.5;0;0.0;MUNDO+JUSTO;68;10.8;PACMA;56;8.9;;0;0.0;;0;0.0;;0;0.0
4109106004;Sevilla;66.0;PP;60.3;302;60.3;71;14.2;33;6.6;5;1.0;0;0.0;ESCAÑOS EN BLANCO;62;12.4;PCPA;12;2.4;;0;0.0;;0;0.0;;0;0.0
4109106005;Sevilla;69.5;PP;43.4;264;43.4;86;14.1;14;2.3;69;11.4;0;0.0;PARTIDO AUTÓNOMOS;73;12.0;MUNDO+JUSTO;72;11.8;;0;0.0;;0;0.0;;0;0.0
4109106006;Sevilla;71.4;PP;35.6;133;35.6;66;17.6;3;0.8;51;13.6;0;0.0;PACMA;60;16.0;MUNDO+JUSTO;24;6.4;;0;0.0;;0;0.0;;0;0.0
4109106007;Sevilla;65.8;PP;42.6;243;42.6;85;14.9;59;10.4;14;2.5;0;0.0;PODER ANDALUZ;63;11.0;MUNDO+JUSTO;41;7.2;;0;0.0;;0;0.0;;0;0.0
4109106008;Sevilla;70.7;PP;39.7;220;39.7;112;20.2;9;1.6;9;1.6;112;20.2;ESCAÑOS EN BLANCO;43;7.8;MUNDO+JUSTO;23;4.2;;0;0.0;;0;0.0;;0;0.0
4109106009;Sevilla;73.8;PP;32.2;218;32.2;198;29.3;5;0.7;98;14.5;0;0.0;ESCAÑOS EN BLANCO;45;6.7;NA;39;5.8;;0;0.0;;0;0.0;;0;0.0
4109106010;Sevilla;68.9;PP;43.5;312;43.5;99;13.8;61;8.5;40;5.6;0;0.0;PCPA;141;19.7;;0;0.0;;0;0.0;;0;0.0;;0;0.0
4109106011;Sevilla;70.4;PP;41.8;155;41.8;57;15.4;50;13.5;0;0.0;0;0.0;MUNDO+JUSTO;44;11.9;PARTIDO AUTÓNOMOS;37;10.0;;0;0.0;;0;0.0;;0;0.0
4109106012;Sevilla;71.8;PP;35.1;410;35.1;247;21.2;35;3.0;105;9.0;0;0.0;MUNDO+JUSTO;109;9.3;PODER ANDALUZ;78;6.7;;0;0.0;;0;0.0;;0;0.0
4109106013;Sevilla;63.2;PP;33.5;174;33.5;95;18.3;38;7.3;24;4.6;0;0.0;ESCAÑOS EN BLANCO;82;15.8;MUNDO+JUSTO;34;6.6;;0;0.0;;0;0.0;;0;0.0
4109106014;Sevilla;74.9;PP;36.3;206;36.3;146;25.8;43;7.6;55;9.7;0;0.0;MUNDO+JUSTO;47;8.3;;0;0.0;;0;0.0;;0;0.0;;0;0.0
4109106015;Sevilla;71.7;PP;40.8;351;40.8;95;11.0;25;2.9;75;8.7;0;0.0;PARTIDO AUTÓNOMOS;97;11.3;MUNDO+JUSTO;77;8.9;;0;0.0;;0;0.0;;0;0.0
4109106016;Sevilla;72.2;PP;34.6;167;34.6;83;17.2;73;15.2;0;0.0;0;0.0;ESCAÑOS EN BLANCO;44;9.1;MUNDO+JUSTO;35;7.3;;0;0.0;;0;0.0;;0;0.0
4109106017;Sevilla;72.5;PP;41.5;520;41.5;203;16.2;48;3.8;139;11.1;0;0.0;MUNDO+JUSTO;109;8.7;PARTIDO AUTÓNOMOS;78;6.2;;0;0.0;;0;0.0;;0;0.0
4109106018;Sevilla;67.6;PP;40.0;291;40.0;172;23.6;69;9.5;43;5.9;0;0.0;PCPA;56;7.7;MUNDO+JUSTO;44;6.0;;0;0.0;;0;0.0;;0;0.0
4109106019;Sevilla;63.8;PP;41.6;361;41.6;137;15.8;87;10.0;164;18.9;0;0.0;PACMA;30;3.5;;0;0.0;;0;0.0;;0;0.0;;0;0.0
4109106020;Sevilla;69.4;PP;51.8;330;51.8;29;4.6;28;4.4;63;9.9;0;0.0;PARTIDO AUTÓNOMOS;82;12.9;MUNDO+JUSTO;62;9.7;;0;0.0;;0;0.0;;0;0.0
4109106021;Sevilla;73.1;PP;38.4;394;38.4;194;18.9;170;16.6;29;2.8;0;0.0;PACMA;69;6.7;PCTE;54;5.3;;0;0.0;;0;0.0;;0;0.0
4109106022;Sevilla;72.7;PP;54.2;235;54.2;104;24.0;14;3.2;42;9.7;0;0.0;NA;17;3.9;;0;0.0;;0;0.0;;0;0.0;;0;0.0
4109106023;Sevilla;76.5;PP;36.4;191;36.4;96;18.3;91;17.4;0;0.0;0;0.0;PARTIDO AUTÓNOMOS;68;13.0;PACMA;36;6.9;;0;0.0;;0;0.0;;0;0.0
4109106024;Sevilla;73.8;PP;45.4;332;45.4;232;31.7;5;0.7;56;7.6;0;0.0;ESCAÑOS EN BLANCO;24;3.3;MUNDO+JUSTO;24;3.3;;0;0.0;;0;0.0;;0;0.0
4109106025;Sevilla;77.0;PP;38.2;224;38.2;117;19.9;60;10.2;5;0.8;0;0.0;PACMA;138;23.5;PCTE;11;1.9;;0;0.0;;0;0.0;;0;0.0
4109106026;Sevilla;68.2;PP;40.8;154;40.8;78;20.7;18;4.8;53;14.1;0;0.0;PACMA;59;15.6;;0;0.0;;0;0.0;;0;0.0;;0;0.0
4109106027;Sevilla;58.7;PP;47.6;155;47.6;38;11.7;38;11.7;0;0.0;0;0.0;ANDALUCISTAS - PA;65;19.9;PACMA;23;7.1;;0;0.0;;0;0.0;;0;0.0
4109106028;Sevilla;61.2;PorA;29.4;131;27.9;129;27.5;1;0.2;138;29.4;0;0.0;MUNDO+JUSTO;28;6.0;PACMA;14;3.0;;0;0.0;;0;0.0;;0;0.0
4109106029;Sevilla;70.9;PP;47.1;306;47.1;71;10.9;102;15.7;9;1.4;0;0.0;MUNDO+JUSTO;58;8.9;ANDALUCISTAS - PA;39;6.0;;0;0.0;;0;0.0;;0;0.0
4109106031;Sevilla;76.3;PP;57.3;479;57.3;107;12.8;84;10.0;47;5.6;0;0.0;MUNDO+JUSTO;42;5.0;;0;0.0;;0;0.0;;0;0.0;;0;0.0
4109106033;Sevilla;73.4;PP;32.7;231;32.7;163;23.1;90;12.8;45;6.4;0;0.0;PCPA;78;11.0;ANDALUCISTAS - PA;60;8.5;;0;0.0;;0;0.0;;0;0.0
4109106034;Sevilla;70.3;PP;40.8;288;40.8;176;24.9;68;9.6;42;6.0;0;0.0;MUNDO+JUSTO;26;3.7;;0;0.0;;0;0.0;;0;0.0;;0;0.0
4109106035;Sevilla;73.2;PP;38.0;233;38.0;119;19.4;86;14.0;57;9.3;0;0.0;PARTIDO AUTÓNOMOS;63;10.3;;0;0.0;;0;0.0;;0;0.0;;0;0.0
4109106036;Sevilla;73.1;PP;56.0;329;56.0;11;1.9;59;10.0;64;10.9;0;0.0;MUNDO+JUSTO;74;12.6;PCTE;32;5.4;;0;0.0;;0;0.0;;0;0.0
4109106037;Sevilla;77.6;PP;58.6;505;58.6;96;11.2;101;11.7;6;0.7;0;0.0;SALF;84;9.8;FE de las JONS;24;2.8;;0;0.0;;0;0.0;;0;0.0
4109106038;Sevilla;61.4;PP;31.6;174;31.6;142;25.8;38;6.9;20;3.6;0;0.0;ESCAÑOS EN BLANCO;66;12.0;MUNDO+JUSTO;57;10.4;;0;0.0;;0;0.0;;0;0.0
4109106039;Sevilla;63.7;PP;44.9;293;44.9;98;15.0;102;15.6;28;4.3;0;0.0;PARTIDO AUTÓNOMOS;35;5.4;MUNDO+JUSTO;30;4.6;;0;0.0;;0;0.0;;0;0.0
4109106040;Sevilla;59.1;PSOE-A;33.4;79;20.2;131;33.4;129;32.9;11;2.8;0;0.0;FE de las JONS;20;5.1;PCTE;13;3.3;;0;0.0;;0;0.0;;0;0.0
4109106041;Sevilla;57.3;PSOE-A;44.1;75;18.2;182;44.1;61;14.8;0;0.0;0;0.0;ANDALUCISTAS - PA;58;14.0;MUNDO+JUSTO;30;7.3;;0;0.0;;0;0.0;;0;0.0
4109106042;Sevilla;57.5;PSOE-A;34.2;81;14.1;196;34.2;60;10.5;61;10.6;0;0.0;PCTE;49;8.6;;0;0.0;;0;0.0;;0;0.0;;0;0.0
4109106043;Sevilla;62.6;PSOE-A;35.1;75;22.1;119;35.1;58;17.1;34;10.0;0;0.0;PCTE;28;8.3;;0;0.0;;0;0.0;;0;0.0;;0;0.0
4109107001;Sevilla;70.2;PSOE-A;27.0;241;26.8;243;27.0;49;5.4;52;5.8;49;5.4;ANDALUCISTAS - PA;114;12.7;MUNDO+JUSTO;54;6.0;;0;0.0;;0;0.0;;0;0.0
4109107002;Sevilla;67.9;PP;53.9;251;53.9;113;24.2;44;9.4;10;2.2;0;0.0;PACMA;37;7.9;;0;0.0;;0;0.0;;0;0.0;;0;0.0
4109107003;Sevilla;60.4;PP;31.6;238;31.6;232;30.8;52;6.9;123;16.3;0;0.0;SALF;36;4.8;;0;0.0;;0;0.0;;0;0.0;;0;0.0
4109107004;Sevilla;71.0;PP;39.5;302;39.5;132;17.3;3;0.4;96;12.6;0;0.0;MUNDO+JUSTO;142;18.6;PACMA;49;6.4;;0;0.0;;0;0.0;;0;0.0
4109107005;Sevilla;67.1;PSOE-A;32.8;177;21.4;272;32.8;44;5.3;182;22.0;0;0.0;ESCAÑOS EN BLANCO;54;6.5;;0;0.0;;0;0.0;;0;0.0;;0;0.0
4109107006;Sevilla;68.7;PSOE-A;27.5;129;19.0;186;27.5;55;8.1;59;8.7;0;0.0;FE de las JONS;105;15.5;MUNDO+JUSTO;71;10.5;;0;0.0;;0;0.0;;0;0.0
4109107007;Sevilla;71.0;PSOE-A;36.4;116;21.1;200;36.4;54;9.8;15;2.7;0;0.0;NA;67;12.2;PACMA;39;7.1;;0;0.0;;0;0.0;;0;0.0
4109107008;Sevilla;70.2;PSOE-A;33.1;105;24.3;143;33.1;0;0.0;52;12.0;0;0.0;NA;90;20.8;MUNDO+JUSTO;36;8.3;;0;0.0;;0;0.0;;0;0.0
4109107009;Sevilla;41.1;PP;32.7;111;32.7;68;20.1;29;8.6;15;4.4;0;0.0;SALF;58;17.1;NA;23;6.8;;0;0.0;;0;0.0;;0;0.0
4109107010;Sevilla;65.3;PP;30.2;223;30.2;167;22.6;26;3.5;109;14.8;0;0.0;MUNDO+JUSTO;110;14.9;PODER ANDALUZ;61;8.2;;0;0.0;;0;0.0;;0;0.0
4109107011;Sevilla;62.5;PSOE-A;33.7;229;21.2;365;33.7;50;4.6;80;7.4;0;0.0;PARTIDO AUTÓNOMOS;129;11.9;PACMA;116;10.7;;0;0.0;;0;0.0;;0;0.0
4109107012;Sevilla;68.6;PP;43.9;407;43.9;212;22.9;55;5.9;14;1.5;0;0.0;FE de las JONS;69;7.4;PCPA;32;3.4;;0;0.0;;0;0.0;;0;0.0
4109107013;Sevilla;55.1;PSOE-A;26.8;146;24.2;162;26.8;42;7.0;73;12.1;12;2.0;PARTIDO AUTÓNOMOS;46;7.6;;0;0.0;;0;0.0;;0;0.0;;0;0.0
4109107014;Sevilla;59.3;PSOE-A;24.6;152;22.4;167;24.6;49;7.2;97;14.3;0;0.0;ANDALUCISTAS - PA;86;12.7;;0;0.0;;0;0.0;;0;0.0;;0;0.0
4109107015;Sevilla;64.0;PSOE-A;26.6;163;24.2;179;26.6;19;2.8;59;8.8;0;0.0;PCTE;156;23.2;MUNDO+JUSTO;37;5.5;;0;0.0;;0;0.0;;0;0.0
4109107016;Sevilla;64.5;PSOE-A;36.9;59;16.1;135;36.9;9;2.5;63;17.2;0;0.0;MUNDO+JUSTO;78;21.3;PACMA;13;3.6;;0;0.0;;0;0.0;;0;0.0
4109107017;Sevilla;48.8;PSOE-A;49.8;22;7.5;146;49.8;14;4.8;25;8.5;0;0.0;FE de las JONS;44;15.0;;0;0.0;;0;0.0;;0;0.0;;0;0.0
4109107018;Sevilla;56.8;PSOE-A;26.4;102;19.2;140;26.4;58;10.9;28;5.3;0;0.0;PARTIDO AUTÓNOMOS;138;26.0;;0;0.0;;0;0.0;;0;0.0;;0;0.0
4109107019;Sevilla;52.2;PSOE-A;28.9;55;11.8;135;28.9;18;3.8;17;3.6;0;0.0;SALF;94;20.1;PCTE;83;17.8;MUNDO+JUSTO;20;4.3;;0;0.0;;0;0.0
4109107020;Sevilla;48.5;PSOE-A;50.1;40;10.9;184;50.1;63;17.2;14;3.8;0;0.0;MUNDO+JUSTO;24;6.5;ESCAÑOS EN BLANCO;17;4.6;;0;0.0;;0;0.0;;0;0.0
4109107021;Sevilla;56.3;PP;26.1;168;26.1;161;25.0;71;11.0;77;12.0;0;0.0;NA;73;11.3;;0;0.0;;0;0.0;;0;0.0;;0;0.0
4109107022;Sevilla;53.9;PSOE-A;27.0;163;26.2;168;27.0;94;15.1;24;3.8;0;0.0;NA;89;14.3;PACMA;67;10.8;;0;0.0;;0;0.0;;0;0.0
4109107023;Sevilla;56.5;PSOE-A;41.8;137;17.6;325;41.8;58;7.5;23;3.0;0;0.0;MUNDO+JUSTO;44;5.7;PACMA;38;4.9;;0;0.0;;0;0.0;;0;0.0
4109107024;Sevilla;58.8;PSOE-A;47.1;52;10.6;231;47.1;70;14.3;0;0.0;0;0.0;PARTIDO AUTÓNOMOS;65;13.3;MUNDO+JUSTO;45;9.2;;0;0.0;;0;0.0;;0;0.0
4109107025;Sevilla;63.7;Empate;31.7;312;31.7;312;31.7;173;17.6;3;0.3;0;0.0;MUNDO+JUSTO;74;7.5;PODER ANDALUZ;26;2.6;;0;0.0;;0;0.0;;0;0.0
4109107026;Sevilla;69.8;PP;26.1;335;26.1;291;22.7;93;7.2;97;7.6;0;0.0;PCTE;162;12.6;;0;0.0;;0;0.0;;0;0.0;;0;0.0
4109107027;Sevilla;62.4;PSOE-A;30.3;95;17.3;166;30.3;3;0.6;33;6.0;0;0.0;ANDALUCISTAS - PA;123;22.4;MUNDO+JUSTO;56;10.2;;0;0.0;;0;0.0;;0;0.0
4109107028;Sevilla;61.1;PSOE-A;44.8;118;17.0;311;44.8;22;3.2;62;8.9;72;10.4;MUNDO+JUSTO;32;4.6;;0;0.0;;0;0.0;;0;0.0;;0;0.0
4109107029;Sevilla;62.9;PSOE-A;29.8;154;23.1;199;29.8;51;7.6;63;9.4;50;7.5;ESCAÑOS EN BLANCO;59;8.8;;0;0.0;;0;0.0;;0;0.0;;0;0.0
4109107030;Sevilla;60.8;PSOE-A;41.6;54;9.5;237;41.6;4;0.7;27;4.8;92;16.2;ANDALUCISTAS - PA;50;8.8;MUNDO+JUSTO;37;6.5;;0;0.0;;0;0.0;;0;0.0
4109107031;Sevilla;55.6;PSOE-A;35.8;98;14.7;238;35.8;88;13.2;52;7.8;0;0.0;MUNDO+JUSTO;106;15.9;;0;0.0;;0;0.0;;0;0.0;;0;0.0
4109107032;Sevilla;67.9;PSOE-A;34.0;199;26.1;259;34.0;34;4.5;26;3.4;0;0.0;SALF;104;13.6;PACMA;27;3.5;;0;0.0;;0;0.0;;0;0.0
4109107033;Sevilla;63.0;PP;35.6;335;35.6;210;22.3;34;3.6;129;13.7;0;0.0;MUNDO+JUSTO;103;11.0;PCPA;40;4.3;;0;0.0;;0;0.0;;0;0.0
4109107034;Sevilla;60.6;PSOE-A;26.2;198;23.5;221;26.2;92;10.9;178;21.1;0;0.0;NA;93;11.0;;0;0.0;;0;0.0;;0;0.0;;0;0.0
4109107035;Sevilla;64.8;PSOE-A;33.3;184;28.0;219;33.3;42;6.4;82;12.5;36;5.5;;0;0.0;;0;0.0;;0;0.0;;0;0.0;;0;0.0
4109107036;Sevilla;57.6;PSOE-A;33.6;113;20.8;183;33.6;66;12.1;48;8.8;0;0.0;ESCAÑOS EN BLANCO;31;5.7;;0;0.0;;0;0.0;;0;0.0;;0;0.0
4109107037;Sevilla;58.1;PSOE-A;33.8;247;33.6;249;33.8;81;11.0;105;14.3;0;0.0;PARTIDO AUTÓNOMOS;19;2.6;;0;0.0;;0;0.0;;0;0.0;;0;0.0
4109107038;Sevilla;60.5;PSOE-A;35.5;81;14.0;206;35.5;46;7.9;51;8.8;0;0.0;MUNDO+JUSTO;69;11.9;;0;0.0;;0;0.0;;0;0.0;;0;0.0
4109107039;Sevilla;57.4;PSOE-A;36.4;130;22.8;207;36.4;17;3.0;0;0.0;0;0.0;PODER ANDALUZ;76;13.4;MUNDO+JUSTO;44;7.7;FE de las JONS;22;3.9;;0;0.0;;0;0.0
4109107040;Sevilla;64.9;PSOE-A;28.1;204;27.1;212;28.1;67;8.9;32;4.2;0;0.0;PACMA;80;10.6;ANDALUCISTAS - PA;77;10.2;;0;0.0;;0;0.0;;0;0.0
4109107041;Sevilla;62.2;PSOE-A;38.9;79;15.5;199;38.9;59;11.6;68;13.3;11;2.2;ANDALUCISTAS - PA;30;5.9;;0;0.0;;0;0.0;;0;0.0;;0;0.0
4109107042;Sevilla;58.9;PSOE-A;42.0;116;23.8;205;42.0;14;2.9;47;9.6;66;13.5;MUNDO+JUSTO;16;3.3;;0;0.0;;0;0.0;;0;0.0;;0;0.0
4109107043;Sevilla;57.9;PSOE-A;37.2;124;23.8;194;37.2;15;2.9;56;10.7;0;0.0;PARTIDO AUTÓNOMOS;53;10.2;ESCAÑOS EN BLANCO;29;5.6;;0;0.0;;0;0.0;;0;0.0
4109107044;Sevilla;59.3;PSOE-A;30.9;135;25.4;164;30.9;51;9.6;22;4.1;0;0.0;MUNDO+JUSTO;78;14.7;PCPA;23;4.3;;0;0.0;;0;0.0;;0;0.0
4109107045;Sevilla;60.5;PP;29.9;201;29.9;186;27.7;100;14.9;37;5.5;0;0.0;ANDALUCISTAS - PA;52;7.7;;0;0.0;;0;0.0;;0;0.0;;0;0.0
4109107046;Sevilla;66.1;PP;27.0;272;27.0;263;26.1;116;11.5;94;9.3;0;0.0;FE de las JONS;80;7.9;;0;0.0;;0;0.0;;0;0.0;;0;0.0
4109107047;Sevilla;69.9;PP;43.0;400;43.0;224;24.1;15;1.6;55;5.9;0;0.0;MUNDO+JUSTO;73;7.8;ANDALUCISTAS - PA;54;5.8;;0;0.0;;0;0.0;;0;0.0
4109107048;Sevilla;62.6;PSOE-A;27.4;108;12.3;241;27.4;58;6.6;144;16.4;0;0.0;MUNDO+JUSTO;155;17.6;NA;86;9.8;;0;0.0;;0;0.0;;0;0.0
4109107049;Sevilla;63.7;PSOE-A;42.2;200;22.6;374;42.2;48;5.4;100;11.3;0;0.0;PARTIDO AUTÓNOMOS;51;5.8;;0;0.0;;0;0.0;;0;0.0;;0;0.0
4109107050;Sevilla;60.9;PSOE-A;26.5;149;26.3;150;26.5;49;8.7;6;1.1;0;0.0;PACMA;72;12.7;MUNDO+JUSTO;67;11.8;;0;0.0;;0;0.0;;0;0.0
4109107051;Sevilla;59.8;PP;32.0;321;32.0;215;21.5;23;2.3;92;9.2;0;0.0;MUNDO+JUSTO;142;14.2;PACMA;66;6.6;;0;0.0;;0;0.0;;0;0.0
4109108001;Sevilla;64.5;PP;48.0;301;48.0;33;5.3;33;5.3;56;8.9;0;0.0;PCPA;100;16.0;PCTE;50;8.0;;0;0.0;;0;0.0;;0;0.0
4109108002;Sevilla;64.9;PP;32.6;287;32.6;146;16.6;108;12.3;88;10.0;0;0.0;FE de las JONS;108;12.3;;0;0.0;;0;0.0;;0;0.0;;0;0.0
4109108003;Sevilla;76.3;PP;48.5;393;48.5;196;24.2;103;12.7;18;2.2;0;0.0;PACMA;34;4.2;NA;28;3.4;;0;0.0;;0;0.0;;0;0.0
4109108004;Sevilla;75.5;PP;57.6;359;57.6;46;7.4;63;10.1;0;0.0;0;0.0;PACMA;120;19.3;PARTIDO AUTÓNOMOS;13;2.1;;0;0.0;;0;0.0;;0;0.0
4109108005;Sevilla;78.5;PP;41.6;583;41.6;209;14.9;107;7.6;57;4.1;0;0.0;PARTIDO AUTÓNOMOS;180;12.8;PCTE;95;6.8;;0;0.0;;0;0.0;;0;0.0
4109108006;Sevilla;73.6;PP;42.4;283;42.4;76;11.4;79;11.8;8;1.2;0;0.0;SALF;101;15.1;ANDALUCISTAS - PA;79;11.8;;0;0.0;;0;0.0;;0;0.0
4109108007;Sevilla;75.3;PP;41.8;385;41.8;168;18.2;32;3.5;77;8.4;0;0.0;FE de las JONS;99;10.7;PCTE;77;8.4;;0;0.0;;0;0.0;;0;0.0
4109108008;Sevilla;75.8;PP;48.2;559;48.2;149;12.8;159;13.7;43;3.7;0;0.0;PCPA;84;7.2;MUNDO+JUSTO;69;5.9;;0;0.0;;0;0.0;;0;0.0
4109108009;Sevilla;73.9;PP;40.9;289;40.9;97;13.7;21;3.0;76;10.8;0;0.0;PACMA;54;7.6;PCTE;52;7.4;;0;0.0;;0;0.0;;0;0.0
4109108010;Sevilla;71.2;PP;41.2;451;41.2;116;10.6;48;4.4;32;2.9;0;0.0;PCPA;95;8.7;MUNDO+JUSTO;92;8.4;ESCAÑOS EN BLANCO;71;6.5;;0;0.0;;0;0.0
4109108011;Sevilla;66.6;PP;31.9;237;31.9;166;22.4;37;5.0;79;10.6;0;0.0;NA;62;8.4;PCTE;47;6.3;;0;0.0;;0;0.0;;0;0.0
4109108012;Sevilla;62.7;PSOE-A;35.2;182;23.2;276;35.2;5;0.6;113;14.4;0;0.0;PACMA;57;7.3;PCTE;46;5.9;;0;0.0;;0;0.0;;0;0.0
4109108014;Sevilla;52.7;PSOE-A;45.8;10;2.6;175;45.8;15;3.9;50;13.1;0;0.0;FE de las JONS;97;25.4;PARTIDO AUTÓNOMOS;26;6.8;;0;0.0;;0;0.0;;0;0.0
4109108015;Sevilla;73.1;PP;38.7;314;38.7;147;18.1;135;16.6;53;6.5;0;0.0;PCTE;71;8.8;;0;0.0;;0;0.0;;0;0.0;;0;0.0
4109108016;Sevilla;61.1;PSOE-A;29.7;96;18.6;153;29.7;39;7.6;23;4.5;0;0.0;MUNDO+JUSTO;71;13.8;PCTE;70;13.6;;0;0.0;;0;0.0;;0;0.0
4109108017;Sevilla;62.8;PSOE-A;31.4;92;20.8;139;31.4;33;7.4;12;2.7;0;0.0;PARTIDO AUTÓNOMOS;58;13.1;FE de las JONS;29;6.6;;0;0.0;;0;0.0;;0;0.0
4109108018;Sevilla;76.6;PP;52.4;463;52.4;57;6.4;71;8.0;36;4.1;0;0.0;MUNDO+JUSTO;60;6.8;FE de las JONS;45;5.1;;0;0.0;;0;0.0;;0;0.0
4109108019;Sevilla;73.5;PP;57.8;425;57.8;33;4.5;33;4.5;5;0.7;0;0.0;PCTE;64;8.7;NA;52;7.1;MUNDO+JUSTO;43;5.8;;0;0.0;;0;0.0
4109108020;Sevilla;76.4;PP;45.0;439;45.0;130;13.3;65;6.7;43;4.4;0;0.0;NA;164;16.8;;0;0.0;;0;0.0;;0;0.0;;0;0.0
4109108021;Sevilla;51.6;PSOE-A;47.7;92;26.1;168;47.7;8;2.3;60;17.0;0;0.0;ESCAÑOS EN BLANCO;12;3.4;;0;0.0;;0;0.0;;0;0.0;;0;0.0
4109108022;Sevilla;62.6;PP;31.7;133;31.7;96;22.9;51;12.2;24;5.7;39;9.3;PCTE;30;7.2;;0;0.0;;0;0.0;;0;0.0;;0;0.0
4109108023;Sevilla;68.5;PP;57.3;386;57.3;98;14.5;45;6.7;45;6.7;0;0.0;PARTIDO AUTÓNOMOS;25;3.7;;0;0.0;;0;0.0;;0;0.0;;0;0.0
4109108024;Sevilla;56.9;PSOE-A;33.7;111;23.5;159;33.7;35;7.4;37;7.8;0;0.0;MUNDO+JUSTO;44;9.3;;0;0.0;;0;0.0;;0;0.0;;0;0.0
4109108025;Sevilla;64.0;PP;32.4;351;32.4;266;24.5;74;6.8;71;6.6;0;0.0;ANDALUCISTAS - PA;96;8.9;FE de las JONS;85;7.8;;0;0.0;;0;0.0;;0;0.0
4109108026;Sevilla;64.7;PP;28.1;156;28.1;150;27.0;15;2.7;8;1.4;0;0.0;PARTIDO AUTÓNOMOS;91;16.4;NA;79;14.2;MUNDO+JUSTO;30;5.4;;0;0.0;;0;0.0
4109108027;Sevilla;61.1;PP;32.5;156;32.5;101;21.0;118;24.6;26;5.4;0;0.0;MUNDO+JUSTO;51;10.6;;0;0.0;;0;0.0;;0;0.0;;0;0.0
4109108028;Sevilla;77.0;PP;50.1;245;50.1;143;29.2;4;0.8;47;9.6;0;0.0;PARTIDO AUTÓNOMOS;21;4.3;MUNDO+JUSTO;10;2.0;;0;0.0;;0;0.0;;0;0.0
4109108029;Sevilla;71.5;PP;41.8;220;41.8;70;13.3;87;16.5;77;14.6;0;0.0;PACMA;33;6.3;;0;0.0;;0;0.0;;0;0.0;;0;0.0
4109108030;Sevilla;64.1;PP;33.4;120;33.4;112;31.2;63;17.6;39;10.9;0;0.0;MUNDO+JUSTO;24;6.7;;0;0.0;;0;0.0;;0;0.0;;0;0.0
4109108031;Sevilla;72.2;PSOE-A;34.0;165;21.4;263;34.0;98;12.7;110;14.2;0;0.0;PCTE;42;5.4;;0;0.0;;0;0.0;;0;0.0;;0;0.0
4109108032;Sevilla;68.6;PP;38.0;347;38.0;146;16.0;0;0.0;80;8.8;0;0.0;PODER ANDALUZ;95;10.4;FE de las JONS;91;10.0;MUNDO+JUSTO;80;8.8;;0;0.0;;0;0.0
4109108033;Sevilla;78.0;PP;32.6;287;32.6;175;19.9;46;5.2;82;9.3;0;0.0;NA;68;7.7;PACMA;56;6.4;;0;0.0;;0;0.0;;0;0.0
4109108034;Sevilla;49.4;PSOE-A;28.3;77;20.9;104;28.3;58;15.8;0;0.0;0;0.0;MUNDO+JUSTO;46;12.5;PACMA;19;5.2;;0;0.0;;0;0.0;;0;0.0
4109108035;Sevilla;49.4;PSOE-A;30.8;60;21.0;88;30.8;10;3.5;27;9.4;0;0.0;MUNDO+JUSTO;44;15.4;PCPA;17;5.9;;0;0.0;;0;0.0;;0;0.0
4109108036;Sevilla;76.3;PP;45.3;511;45.3;171;15.2;97;8.6;86;7.6;0;0.0;FE de las JONS;73;6.5;;0;0.0;;0;0.0;;0;0.0;;0;0.0
4109108037;Sevilla;48.1;PSOE-A;41.8;63;20.3;130;41.8;26;8.4;0;0.0;0;0.0;FE de las JONS;51;16.4;ESCAÑOS EN BLANCO;16;5.1;;0;0.0;;0;0.0;;0;0.0
4109108038;Sevilla;58.2;PSOE-A;41.7;47;13.2;148;41.7;102;28.7;7;2.0;0;0.0;MUNDO+JUSTO;13;3.7;PCPA;13;3.7;;0;0.0;;0;0.0;;0;0.0
4109108039;Sevilla;60.5;PSOE-A;32.7;108;19.1;185;32.7;59;10.4;42;7.4;0;0.0;SALF;57;10.1;;0;0.0;;0;0.0;;0;0.0;;0;0.0
4109108041;Sevilla;55.6;PP;29.6;132;29.6;121;27.1;37;8.3;29;6.5;0;0.0;PCPA;58;13.0;;0;0.0;;0;0.0;;0;0.0;;0;0.0
4109108042;Sevilla;51.1;PSOE-A;33.9;132;21.6;207;33.9;52;8.5;63;10.3;0;0.0;NA;51;8.4;;0;0.0;;0;0.0;;0;0.0;;0;0.0
4109108043;Sevilla;46.2;PSOE-A;40.0;50;16.1;124;40.0;42;13.6;0;0.0;0;0.0;ESCAÑOS EN BLANCO;87;28.1;MUNDO+JUSTO;7;2.3;;0;0.0;;0;0.0;;0;0.0
4109108045;Sevilla;55.8;PSOE-A;31.1;103;23.2;138;31.1;68;15.3;7;1.6;0;0.0;ESCAÑOS EN BLANCO;65;14.6;PCPA;20;4.5;;0;0.0;;0;0.0;;0;0.0
4109108046;Sevilla;52.1;PSOE-A;31.8;98;29.4;106;31.8;29;8.7;7;2.1;0;0.0;MUNDO+JUSTO;24;7.2;ESCAÑOS EN BLANCO;23;6.9;;0;0.0;;0;0.0;;0;0.0
4109108047;Sevilla;54.1;PSOE-A;42.2;46;14.9;130;42.2;93;30.2;24;7.8;0;0.0;NA;9;2.9;;0;0.0;;0;0.0;;0;0.0;;0;0.0
4109108048;Sevilla;55.8;PP;33.3;167;33.3;133;26.5;17;3.4;27;5.4;0;0.0;MUNDO+JUSTO;44;8.8;ESCAÑOS EN BLANCO;40;8.0;PCPA;37;7.4;;0;0.0;;0;0.0
4109108049;Sevilla;52.0;PP;33.8;138;33.8;91;22.3;11;2.7;6;1.5;0;0.0;PACMA;94;23.0;MUNDO+JUSTO;28;6.9;ESCAÑOS EN BLANCO;20;4.9;;0;0.0;;0;0.0
4109108050;Sevilla;51.9;PP;29.8;160;29.8;138;25.7;103;19.2;13;2.4;0;0.0;PACMA;36;6.7;PARTIDO AUTÓNOMOS;29;5.4;;0;0.0;;0;0.0;;0;0.0
4109108052;Sevilla;80.8;PP;50.8;343;50.8;10;1.5;138;20.4;13;1.9;0;0.0;MUNDO+JUSTO;76;11.3;PARTIDO AUTÓNOMOS;45;6.7;FE de las JONS;18;2.7;;0;0.0;;0;0.0
4109109001;Sevilla;60.9;PSOE-A;39.7;108;15.6;274;39.7;41;5.9;43;6.2;0;0.0;FE de las JONS;64;9.3;PODER ANDALUZ;57;8.3;;0;0.0;;0;0.0;;0;0.0
4109109002;Sevilla;58.5;PP;28.1;179;28.1;160;25.2;97;15.2;15;2.4;0;0.0;SALF;60;9.4;PCTE;53;8.3;;0;0.0;;0;0.0;;0;0.0
4109109003;Sevilla;67.3;PP;32.2;369;32.2;283;24.7;122;10.6;127;11.1;48;4.2;NA;101;8.8;;0;0.0;;0;0.0;;0;0.0;;0;0.0
4109109004;Sevilla;64.5;PP;36.7;406;36.7;194;17.5;54;4.9;190;17.2;73;6.6;MUNDO+JUSTO;66;6.0;;0;0.0;;0;0.0;;0;0.0;;0;0.0
4109109005;Sevilla;72.2;PP;44.4;399;44.4;120;13.4;69;7.7;50;5.6;0;0.0;ESCAÑOS EN BLANCO;113;12.6;ANDALUCISTAS - PA;67;7.5;;0;0.0;;0;0.0;;0;0.0
4109109006;Sevilla;75.6;PP;46.6;395;46.6;39;4.6;53;6.2;33;3.9;0;0.0;PCTE;94;11.1;ANDALUCISTAS - PA;87;10.3;PARTIDO AUTÓNOMOS;54;6.4;;0;0.0;;0;0.0
4109109007;Sevilla;72.8;PP;66.0;278;66.0;44;10.4;17;4.0;0;0.0;0;0.0;PCPA;25;5.9;PACMA;14;3.3;;0;0.0;;0;0.0;;0;0.0
4109109008;Sevilla;75.2;PP;55.6;469;55.6;88;10.4;89;10.6;33;3.9;0;0.0;PACMA;73;8.7;;0;0.0;;0;0.0;;0;0.0;;0;0.0
4109109009;Sevilla;74.3;PSOE-A;32.2;110;27.4;129;32.2;50;12.5;0;0.0;0;0.0;PODER ANDALUZ;53;13.2;MUNDO+JUSTO;23;5.7;;0;0.0;;0;0.0;;0;0.0
4109109010;Sevilla;75.5;PP;44.4;520;44.4;247;21.1;91;7.8;33;2.8;0;0.0;ESCAÑOS EN BLANCO;74;6.3;MUNDO+JUSTO;60;5.1;;0;0.0;;0;0.0;;0;0.0
4109109011;Sevilla;68.3;PP;37.6;275;37.6;237;32.4;39;5.3;62;8.5;0;0.0;PCTE;42;5.8;;0;0.0;;0;0.0;;0;0.0;;0;0.0
4109109012;Sevilla;55.6;PSOE-A;42.3;179;25.4;298;42.3;57;8.1;43;6.1;0;0.0;ANDALUCISTAS - PA;44;6.2;;0;0.0;;0;0.0;;0;0.0;;0;0.0
4109109013;Sevilla;59.1;PorA;32.4;95;25.4;81;21.7;45;12.0;121;32.4;0;0.0;PACMA;18;4.8;;0;0.0;;0;0.0;;0;0.0;;0;0.0
4109109014;Sevilla;61.9;PSOE-A;26.2;170;22.5;198;26.2;97;12.8;6;0.8;0;0.0;PACMA;115;15.2;FE de las JONS;43;5.7;;0;0.0;;0;0.0;;0;0.0
4109109015;Sevilla;61.8;PP;31.7;258;31.7;213;26.2;80;9.8;36;4.4;0;0.0;PACMA;113;13.9;;0;0.0;;0;0.0;;0;0.0;;0;0.0
4109109016;Sevilla;56.4;PP;34.3;285;34.3;207;24.9;89;10.7;79;9.5;0;0.0;ESCAÑOS EN BLANCO;55;6.6;;0;0.0;;0;0.0;;0;0.0;;0;0.0
4109109017;Sevilla;63.4;PP;26.4;271;26.4;181;17.6;76;7.4;39;3.8;0;0.0;SALF;160;15.6;PARTIDO AUTÓNOMOS;85;8.3;;0;0.0;;0;0.0;;0;0.0
4109109018;Sevilla;44.3;PSOE-A;42.0;111;19.5;239;42.0;48;8.4;21;3.7;20;3.5;PCTE;40;7.0;PCPA;25;4.4;;0;0.0;;0;0.0;;0;0.0
4109109019;Sevilla;31.7;PSOE-A;74.8;5;1.5;246;74.8;15;4.6;0;0.0;0;0.0;SALF;28;8.5;PODER ANDALUZ;18;5.5;ESCAÑOS EN BLANCO;7;2.1;;0;0.0;;0;0.0
4109109020;Sevilla;27.6;PSOE-A;64.0;7;3.8;119;64.0;20;10.8;3;1.6;0;0.0;FE de las JONS;27;14.5;ESCAÑOS EN BLANCO;8;4.3;;0;0.0;;0;0.0;;0;0.0
4109109021;Sevilla;21.6;PSOE-A;48.7;32;20.5;76;48.7;15;9.6;2;1.3;0;0.0;PODER ANDALUZ;16;10.3;PARTIDO AUTÓNOMOS;5;3.2;;0;0.0;;0;0.0;;0;0.0
4109109022;Sevilla;35.1;PSOE-A;40.6;74;16.7;180;40.6;105;23.7;22;5.0;0;0.0;ESCAÑOS EN BLANCO;30;6.8;PACMA;23;5.2;;0;0.0;;0;0.0;;0;0.0
4109109023;Sevilla;45.7;PP;34.7;179;34.7;175;33.9;47;9.1;58;11.2;0;0.0;PACMA;19;3.7;;0;0.0;;0;0.0;;0;0.0;;0;0.0
4109109024;Sevilla;48.5;PSOE-A;34.8;148;25.0;206;34.8;29;4.9;45;7.6;0;0.0;NA;81;13.7;PCPA;47;7.9;;0;0.0;;0;0.0;;0;0.0
4109109025;Sevilla;50.1;PSOE-A;46.3;113;14.7;357;46.3;39;5.1;27;3.5;0;0.0;NA;88;11.4;FE de las JONS;55;7.1;;0;0.0;;0;0.0;;0;0.0
4109109026;Sevilla;45.7;PSOE-A;34.1;99;23.9;141;34.1;53;12.8;19;4.6;0;0.0;PARTIDO AUTÓNOMOS;47;11.4;;0;0.0;;0;0.0;;0;0.0;;0;0.0
4109109027;Sevilla;55.4;PSOE-A;35.0;116;17.3;235;35.0;10;1.5;60;8.9;0;0.0;PCTE;83;12.4;PACMA;52;7.8;;0;0.0;;0;0.0;;0;0.0
4109109028;Sevilla;70.3;PP;40.3;438;40.3;165;15.2;101;9.3;174;16.0;0;0.0;MUNDO+JUSTO;58;5.3;;0;0.0;;0;0.0;;0;0.0;;0;0.0
4109109029;Sevilla;69.7;PP;40.0;285;40.0;83;11.7;11;1.5;81;11.4;0;0.0;PACMA;133;18.7;NA;43;6.0;;0;0.0;;0;0.0;;0;0.0
4109109030;Sevilla;72.7;PP;35.9;374;35.9;171;16.4;134;12.9;34;3.3;0;0.0;FE de las JONS;120;11.5;PACMA;55;5.3;;0;0.0;;0;0.0;;0;0.0
4109109031;Sevilla;74.2;PP;54.0;567;54.0;105;10.0;169;16.1;3;0.3;0;0.0;MUNDO+JUSTO;94;8.9;PACMA;30;2.8;;0;0.0;;0;0.0;;0;0.0
4109109032;Sevilla;71.4;PP;33.3;233;33.3;126;18.0;66;9.4;27;3.9;0;0.0;MUNDO+JUSTO;109;15.6;FE de las JONS;69;9.9;;0;0.0;;0;0.0;;0;0.0
4109109033;Sevilla;76.7;PP;35.5;415;35.5;215;18.4;159;13.6;37;3.2;0;0.0;PACMA;108;9.2;PODER ANDALUZ;83;7.1;;0;0.0;;0;0.0;;0;0.0
4109109034;Sevilla;73.3;PP;32.9;363;32.9;304;27.6;42;3.8;49;4.4;105;9.5;ESCAÑOS EN BLANCO;84;7.6;FE de las JONS;51;4.6;;0;0.0;;0;0.0;;0;0.0
4109109035;Sevilla;73.6;PSOE-A;42.3;160;29.7;228;42.3;53;9.8;6;1.1;0;0.0;MUNDO+JUSTO;39;7.2;NA;35;6.5;;0;0.0;;0;0.0;;0;0.0
4109109036;Sevilla;73.3;PP;43.0;296;43.0;42;6.1;93;13.5;36;5.2;0;0.0;MUNDO+JUSTO;48;7.0;PCPA;46;6.7;;0;0.0;;0;0.0;;0;0.0
4109109037;Sevilla;63.2;PP;34.6;376;34.6;167;15.4;128;11.8;182;16.8;0;0.0;PACMA;104;9.6;;0;0.0;;0;0.0;;0;0.0;;0;0.0
4109109039;Sevilla;52.3;PSOE-A;33.3;74;22.8;108;33.3;17;5.2;35;10.8;0;0.0;ESCAÑOS EN BLANCO;29;9.0;PCTE;21;6.5;;0;0.0;;0;0.0;;0;0.0
4109109040;Sevilla;55.0;PSOE-A;29.2;88;22.7;113;29.2;36;9.3;3;0.8;0;0.0;PCPA;86;22.2;MUNDO+JUSTO;19;4.9;;0;0.0;;0;0.0;;0;0.0
4109109041;Sevilla;62.1;PSOE-A;30.1;180;23.3;233;30.1;43;5.6;91;11.8;26;3.4;PARTIDO AUTÓNOMOS;43;5.6;;0;0.0;;0;0.0;;0;0.0;;0;0.0
4109109042;Sevilla;58.2;PSOE-A;36.8;100;21.0;175;36.8;43;9.0;6;1.3;0;0.0;PCPA;75;15.8;MUNDO+JUSTO;36;7.6;;0;0.0;;0;0.0;;0;0.0
4109109043;Sevilla;58.2;PSOE-A;33.0;139;25.3;181;33.0;22;4.0;62;11.3;0;0.0;NA;65;11.8;;0;0.0;;0;0.0;;0;0.0;;0;0.0
4109109044;Sevilla;54.3;PSOE-A;26.3;145;20.3;188;26.3;23;3.2;166;23.2;0;0.0;SALF;74;10.4;NA;27;3.8;;0;0.0;;0;0.0;;0;0.0
4109109045;Sevilla;70.8;VOX;32.5;111;17.5;190;30.0;206;32.5;30;4.7;0;0.0;FE de las JONS;35;5.5;;0;0.0;;0;0.0;;0;0.0;;0;0.0
4109109046;Sevilla;70.5;PP;29.3;278;29.3;243;25.6;46;4.8;47;5.0;0;0.0;PARTIDO AUTÓNOMOS;165;17.4;ESCAÑOS EN BLANCO;102;10.8;;0;0.0;;0;0.0;;0;0.0
4109109047;Sevilla;62.4;PSOE-A;30.9;99;19.1;160;30.9;101;19.5;4;0.8;0;0.0;MUNDO+JUSTO;53;10.2;FE de las JONS;46;8.9;;0;0.0;;0;0.0;;0;0.0
4109109048;Sevilla;72.1;PP;49.8;467;49.8;81;8.6;33;3.5;119;12.7;0;0.0;PARTIDO AUTÓNOMOS;154;16.4;;0;0.0;;0;0.0;;0;0.0;;0;0.0
4109109049;Sevilla;65.0;PP;36.1;271;36.1;123;16.4;66;8.8;148;19.7;0;0.0;ANDALUCISTAS - PA;51;6.8;;0;0.0;;0;0.0;;0;0.0;;0;0.0
4109109050;Sevilla;61.6;PP;31.2;302;31.2;193;19.9;117;12.1;8;0.8;0;0.0;MUNDO+JUSTO;96;9.9;PODER ANDALUZ;60;6.2;;0;0.0;;0;0.0;;0;0.0
4109109051;Sevilla;63.5;PP;35.8;353;35.8;200;20.3;52;5.3;75;7.6;0;0.0;PACMA;104;10.6;ANDALUCISTAS - PA;78;7.9;;0;0.0;;0;0.0;;0;0.0
4109109052;Sevilla;70.2;PP;32.8;256;32.8;166;21.2;56;7.2;32;4.1;0;0.0;PACMA;134;17.2;MUNDO+JUSTO;50;6.4;;0;0.0;;0;0.0;;0;0.0
4109109053;Sevilla;69.6;PP;52.2;636;52.2;169;13.9;49;4.0;104;8.5;0;0.0;NA;66;5.4;PCPA;59;4.8;;0;0.0;;0;0.0;;0;0.0
4109109054;Sevilla;59.1;PP;27.5;214;27.5;207;26.6;63;8.1;95;12.2;0;0.0;MUNDO+JUSTO;101;13.0;;0;0.0;;0;0.0;;0;0.0;;0;0.0
4109109055;Sevilla;54.7;PP;28.2;107;28.2;93;24.5;19;5.0;39;10.3;0;0.0;ESCAÑOS EN BLANCO;96;25.3;;0;0.0;;0;0.0;;0;0.0;;0;0.0
4109109056;Sevilla;58.4;PSOE-A;38.0;125;20.8;228;38.0;56;9.3;8;1.3;0;0.0;PCPA;71;11.8;PCTE;56;9.3;;0;0.0;;0;0.0;;0;0.0
4109109057;Sevilla;64.2;PSOE-A;37.2;80;17.3;172;37.2;0;0.0;72;15.6;0;0.0;PACMA;61;13.2;PARTIDO AUTÓNOMOS;28;6.1;;0;0.0;;0;0.0;;0;0.0
4109109058;Sevilla;62.4;PP;33.3;234;33.3;231;32.9;9;1.3;28;4.0;72;10.3;PACMA;42;6.0;;0;0.0;;0;0.0;;0;0.0;;0;0.0
4109109059;Sevilla;64.1;PP;29.6;327;29.6;240;21.7;61;5.5;69;6.2;47;4.2;PACMA;149;13.5;;0;0.0;;0;0.0;;0;0.0;;0;0.0
4109109060;Sevilla;66.5;PSOE-A;30.2;288;28.1;310;30.2;127;12.4;15;1.5;0;0.0;FE de las JONS;186;18.1;MUNDO+JUSTO;36;3.5;;0;0.0;;0;0.0;;0;0.0
4109109061;Sevilla;75.1;PP;34.0;242;34.0;116;16.3;38;5.3;33;4.6;0;0.0;PACMA;107;15.0;PARTIDO AUTÓNOMOS;65;9.1;;0;0.0;;0;0.0;;0;0.0
4109109062;Sevilla;59.7;PSOE-A;40.0;40;8.2;195;40.0;57;11.7;82;16.8;0;0.0;ESCAÑOS EN BLANCO;60;12.3;;0;0.0;;0;0.0;;0;0.0;;0;0.0
4109109063;Sevilla;59.0;PSOE-A;29.7;126;22.3;168;29.7;28;5.0;1;0.2;0;0.0;ANDALUCISTAS - PA;82;14.5;PODER ANDALUZ;48;8.5;PACMA;40;7.1;;0;0.0;;0;0.0
4109109064;Sevilla;62.3;PP;39.9;391;39.9;279;28.5;50;5.1;70;7.1;65;6.6;;0;0.0;;0;0.0;;0;0.0;;0;0.0;;0;0.0
4109109065;Sevilla;68.0;PSOE-A;26.7;120;20.4;157;26.7;102;17.4;1;0.2;0;0.0;MUNDO+JUSTO;78;13.3;PCPA;44;7.5;;0;0.0;;0;0.0;;0;0.0
4109109066;Sevilla;64.5;PP;27.3;307;27.3;209;18.6;53;4.7;190;16.9;0;0.0;PCTE;112;10.0;MUNDO+JUSTO;87;7.7;;0;0.0;;0;0.0;;0;0.0
4109109067;Sevilla;71.7;PP;38.5;337;38.5;59;6.7;72;8.2;41;4.7;0;0.0;MUNDO+JUSTO;232;26.5;PACMA;51;5.8;;0;0.0;;0;0.0;;0;0.0
4109109068;Sevilla;66.9;PP;33.4;233;33.4;128;18.4;54;7.8;37;5.3;0;0.0;PCTE;186;26.7;;0;0.0;;0;0.0;;0;0.0;;0;0.0
4109109069;Sevilla;42.6;PP;34.9;128;34.9;63;17.2;34;9.3;25;6.8;0;0.0;PACMA;56;15.3;;0;0.0;;0;0.0;;0;0.0;;0;0.0
4109109070;Sevilla;69.8;PP;24.2;206;24.2;195;22.9;17;2.0;69;8.1;62;7.3;MUNDO+JUSTO;201;23.6;;0;0.0;;0;0.0;;0;0.0;;0;0.0
4109109071;Sevilla;68.9;PP;42.0;580;42.0;246;17.8;183;13.2;7;0.5;80;5.8;MUNDO+JUSTO;100;7.2;;0;0.0;;0;0.0;;0;0.0;;0;0.0
4109109072;Sevilla;63.4;PP;33.7;299;33.7;197;22.2;21;2.4;107;12.1;0;0.0;PODER ANDALUZ;76;8.6;PARTIDO AUTÓNOMOS;60;6.8;;0;0.0;;0;0.0;;0;0.0
4109110001;Sevilla;59.9;PSOE-A;40.0;116;14.7;316;40.0;110;13.9;84;10.6;0;0.0;FE de las JONS;68;8.6;;0;0.0;;0;0.0;;0;0.0;;0;0.0
4109110002;Sevilla;64.1;PSOE-A;35.2;140;18.1;273;35.2;0;0.0;64;8.3;99;12.8;PCTE;71;9.2;MUNDO+JUSTO;64;8.3;;0;0.0;;0;0.0;;0;0.0
4109110003;Sevilla;61.4;PP;27.9;186;27.9;170;25.5;13;2.0;87;13.1;0;0.0;MUNDO+JUSTO;65;9.8;PCPA;32;4.8;;0;0.0;;0;0.0;;0;0.0
4109110004;Sevilla;58.0;PSOE-A;37.8;158;28.3;211;37.8;43;7.7;5;0.9;0;0.0;ANDALUCISTAS - PA;44;7.9;MUNDO+JUSTO;31;5.6;;0;0.0;;0;0.0;;0;0.0
4109110005;Sevilla;62.0;PP;26.7;136;26.7;126;24.8;15;3.0;60;11.8;29;5.7;MUNDO+JUSTO;46;9.0;PARTIDO AUTÓNOMOS;38;7.5;;0;0.0;;0;0.0;;0;0.0
4109110006;Sevilla;61.9;PSOE-A;40.3;60;11.7;206;40.3;0;0.0;70;13.7;0;0.0;MUNDO+JUSTO;45;8.8;ESCAÑOS EN BLANCO;38;7.4;;0;0.0;;0;0.0;;0;0.0
4109110007;Sevilla;56.2;PSOE-A;48.0;0;0.0;169;48.0;45;12.8;2;0.6;0;0.0;ANDALUCISTAS - PA;98;27.8;PACMA;16;4.6;PARTIDO AUTÓNOMOS;12;3.4;;0;0.0;;0;0.0
4109110008;Sevilla;53.8;PSOE-A;39.3;93;13.2;278;39.3;51;7.2;109;15.4;0;0.0;PACMA;123;17.4;;0;0.0;;0;0.0;;0;0.0;;0;0.0
4109110009;Sevilla;68.4;PP;33.6;314;33.6;127;13.6;176;18.9;32;3.4;0;0.0;SALF;127;13.6;ESCAÑOS EN BLANCO;47;5.0;;0;0.0;;0;0.0;;0;0.0
4109110010;Sevilla;76.9;PP;49.1;356;49.1;22;3.0;175;24.1;63;8.7;0;0.0;NA;61;8.4;MUNDO+JUSTO;34;4.7;;0;0.0;;0;0.0;;0;0.0
4109110011;Sevilla;71.6;PP;54.8;284;54.8;18;3.5;119;23.0;0;0.0;0;0.0;PACMA;36;7.0;NA;17;3.3;;0;0.0;;0;0.0;;0;0.0
4109110012;Sevilla;75.5;PP;57.0;343;57.0;21;3.5;91;15.1;0;0.0;0;0.0;PCPA;70;11.6;PACMA;40;6.6;;0;0.0;;0;0.0;;0;0.0
4109110013;Sevilla;67.2;PP;59.8;452;59.8;21;2.8;104;13.8;11;1.5;0;0.0;PCPA;81;10.7;NA;43;5.7;ESCAÑOS EN BLANCO;24;3.2;;0;0.0;;0;0.0
4109110015;Sevilla;57.7;PP;35.4;98;35.4;62;22.4;59;21.3;36;13.0;0;0.0;MUNDO+JUSTO;20;7.2;;0;0.0;;0;0.0;;0;0.0;;0;0.0
4109110016;Sevilla;78.6;PP;50.9;555;50.9;7;0.6;294;27.0;43;3.9;0;0.0;ANDALUCISTAS - PA;75;6.9;MUNDO+JUSTO;49;4.5;;0;0.0;;0;0.0;;0;0.0
4109110017;Sevilla;81.0;PP;46.9;417;46.9;1;0.1;160;18.0;30;3.4;0;0.0;ESCAÑOS EN BLANCO;86;9.7;MUNDO+JUSTO;78;8.8;PARTIDO AUTÓNOMOS;46;5.2;;0;0.0;;0;0.0
4109110018;Sevilla;70.4;PP;40.0;492;40.0;166;13.5;220;17.9;8;0.6;0;0.0;ANDALUCISTAS - PA;106;8.6;PODER ANDALUZ;83;6.8;;0;0.0;;0;0.0;;0;0.0
4109110019;Sevilla;65.9;PP;29.2;143;29.2;120;24.5;81;16.6;12;2.4;0;0.0;PARTIDO AUTÓNOMOS;69;14.1;MUNDO+JUSTO;41;8.4;;0;0.0;;0;0.0;;0;0.0
4109110020;Sevilla;69.1;PP;48.2;470;48.2;113;11.6;133;13.6;45;4.6;51;5.2;MUNDO+JUSTO;49;5.0;;0;0.0;;0;0.0;;0;0.0;;0;0.0
4109110021;Sevilla;80.6;PP;44.8;405;44.8;162;17.9;89;9.8;25;2.8;0;0.0;MUNDO+JUSTO;76;8.4;ANDALUCISTAS - PA;64;7.1;;0;0.0;;0;0.0;;0;0.0
4109110022;Sevilla;55.8;PP;37.8;238;37.8;154;24.5;44;7.0;19;3.0;0;0.0;PARTIDO AUTÓNOMOS;80;12.7;PCTE;35;5.6;;0;0.0;;0;0.0;;0;0.0
4109110023;Sevilla;68.4;PP;54.3;328;54.3;41;6.8;93;15.4;15;2.5;29;4.8;ESCAÑOS EN BLANCO;25;4.1;;0;0.0;;0;0.0;;0;0.0;;0;0.0
4109110024;Sevilla;75.8;PP;48.1;700;48.1;140;9.6;158;10.9;51;3.5;0;0.0;FE de las JONS;91;6.2;SALF;88;6.0;;0;0.0;;0;0.0;;0;0.0
4109110025;Sevilla;72.2;PP;38.3;508;38.3;181;13.6;109;8.2;117;8.8;0;0.0;MUNDO+JUSTO;113;8.5;;0;0.0;;0;0.0;;0;0.0;;0;0.0
4109110026;Sevilla;80.8;PP;42.5;428;42.5;138;13.7;158;15.7;44;4.4;0;0.0;SALF;71;7.0;MUNDO+JUSTO;62;6.2;;0;0.0;;0;0.0;;0;0.0
4109110027;Sevilla;75.9;PP;52.9;465;52.9;96;10.9;91;10.4;0;0.0;0;0.0;PODER ANDALUZ;99;11.3;ESCAÑOS EN BLANCO;29;3.3;;0;0.0;;0;0.0;;0;0.0
4109110028;Sevilla;78.6;PP;64.4;495;64.4;30;3.9;82;10.7;41;5.3;0;0.0;PCTE;45;5.9;;0;0.0;;0;0.0;;0;0.0;;0;0.0
4109110029;Sevilla;80.5;PP;57.3;435;57.3;33;4.4;16;2.1;32;4.2;22;2.9;PCTE;71;9.4;PACMA;50;6.6;FE de las JONS;37;4.9;;0;0.0;;0;0.0
4109110030;Sevilla;71.2;PP;34.3;312;34.3;194;21.3;119;13.1;36;4.0;0;0.0;FE de las JONS;119;13.1;MUNDO+JUSTO;78;8.6;;0;0.0;;0;0.0;;0;0.0
4109111001;Sevilla;77.7;PP;50.2;594;50.2;42;3.6;95;8.0;33;2.8;0;0.0;FE de las JONS;132;11.2;MUNDO+JUSTO;92;7.8;PACMA;59;5.0;;0;0.0;;0;0.0
4109111002;Sevilla;76.3;PP;66.8;525;66.8;22;2.8;67;8.5;83;10.6;0;0.0;PODER ANDALUZ;37;4.7;NA;25;3.2;;0;0.0;;0;0.0;;0;0.0
4109111003;Sevilla;55.5;PP;42.9;127;42.9;39;13.2;20;6.8;1;0.3;0;0.0;ESCAÑOS EN BLANCO;50;16.9;PACMA;21;7.1;;0;0.0;;0;0.0;;0;0.0
4109111004;Sevilla;79.3;PP;46.9;300;46.9;17;2.7;98;15.3;0;0.0;0;0.0;FE de las JONS;136;21.2;ESCAÑOS EN BLANCO;36;5.6;MUNDO+JUSTO;24;3.8;;0;0.0;;0;0.0
4109111005;Sevilla;71.7;PP;45.4;285;45.4;29;4.6;134;21.4;36;5.7;0;0.0;PODER ANDALUZ;126;20.1;;0;0.0;;0;0.0;;0;0.0;;0;0.0
4109111006;Sevilla;78.4;PP;58.5;683;58.5;128;11.0;163;14.0;25;2.1;0;0.0;ESCAÑOS EN BLANCO;37;3.2;PACMA;35;3.0;;0;0.0;;0;0.0;;0;0.0
4109111007;Sevilla;83.6;PP;58.4;758;58.4;80;6.2;222;17.1;25;1.9;0;0.0;SALF;59;4.6;PODER ANDALUZ;49;3.8;;0;0.0;;0;0.0;;0;0.0
4109111008;Sevilla;81.3;PP;50.8;459;50.8;23;2.5;240;26.6;101;11.2;0;0.0;MUNDO+JUSTO;27;3.0;;0;0.0;;0;0.0;;0;0.0;;0;0.0
4109111009;Sevilla;78.4;PP;61.4;297;61.4;0;0.0;75;15.5;0;0.0;0;0.0;PODER ANDALUZ;40;8.3;PARTIDO AUTÓNOMOS;26;5.4;PCTE;16;3.3;;0;0.0;;0;0.0
4109111010;Sevilla;75.2;PP;60.2;447;60.2;23;3.1;47;6.3;76;10.2;0;0.0;NA;58;7.8;PARTIDO AUTÓNOMOS;32;4.3;;0;0.0;;0;0.0;;0;0.0
4109111011;Sevilla;80.0;PP;70.0;557;70.0;100;12.6;31;3.9;27;3.4;0;0.0;FE de las JONS;41;5.2;;0;0.0;;0;0.0;;0;0.0;;0;0.0
4109111012;Sevilla;77.6;PP;64.0;831;64.0;131;10.1;116;8.9;27;2.1;0;0.0;MUNDO+JUSTO;48;3.7;ANDALUCISTAS - PA;41;3.2;;0;0.0;;0;0.0;;0;0.0
4109111013;Sevilla;83.1;PP;55.8;434;55.8;66;8.5;213;27.4;17;2.2;0;0.0;PARTIDO AUTÓNOMOS;14;1.8;;0;0.0;;0;0.0;;0;0.0;;0;0.0
4109111014;Sevilla;79.9;PP;61.6;508;61.6;63;7.6;73;8.9;51;6.2;0;0.0;PCTE;43;5.2;;0;0.0;;0;0.0;;0;0.0;;0;0.0
4109111015;Sevilla;81.8;PP;56.4;477;56.4;20;2.4;146;17.3;18;2.1;0;0.0;ANDALUCISTAS - PA;69;8.2;MUNDO+JUSTO;29;3.4;ESCAÑOS EN BLANCO;23;2.7;;0;0.0;;0;0.0
4109111016;Sevilla;80.9;PP;59.7;487;59.7;29;3.6;87;10.7;19;2.3;86;10.5;PACMA;49;6.0;;0;0.0;;0;0.0;;0;0.0;;0;0.0
4109111017;Sevilla;81.2;PP;59.9;397;59.9;40;6.0;109;16.4;5;0.8;0;0.0;PACMA;52;7.8;PCPA;24;3.6;;0;0.0;;0;0.0;;0;0.0
4109111018;Sevilla;77.2;PP;54.5;422;54.5;12;1.6;124;16.0;40;5.2;0;0.0;PCPA;49;6.3;PARTIDO AUTÓNOMOS;34;4.4;;0;0.0;;0;0.0;;0;0.0
4109111019;Sevilla;80.1;PP;57.8;560;57.8;64;6.6;103;10.6;32;3.3;0;0.0;MUNDO+JUSTO;60;6.2;SALF;40;4.1;;0;0.0;;0;0.0;;0;0.0
4109201002;Sevilla;53.9;PP;33.9;190;33.9;181;32.3;37;6.6;7;1.2;0;0.0;ANDALUCISTAS - PA;46;8.2;MUNDO+JUSTO;45;8.0;;0;0.0;;0;0.0;;0;0.0
4109201003;Sevilla;53.5;PP;31.7;271;31.7;234;27.3;36;4.2;25;2.9;0;0.0;PACMA;112;13.1;ANDALUCISTAS - PA;50;5.8;PODER ANDALUZ;37;4.3;;0;0.0;;0;0.0
4109201004;Sevilla;49.5;PP;32.0;182;32.0;143;25.1;21;3.7;14;2.5;0;0.0;NA;57;10.0;ESCAÑOS EN BLANCO;55;9.7;PACMA;29;5.1;;0;0.0;;0;0.0
4109202001;Sevilla;58.7;PSOE-A;36.9;97;19.8;181;36.9;51;10.4;29;5.9;0;0.0;PACMA;52;10.6;PCTE;52;10.6;;0;0.0;;0;0.0;;0;0.0
4109202002;Sevilla;54.2;PSOE-A;34.1;127;25.3;171;34.1;60;12.0;12;2.4;0;0.0;PACMA;32;6.4;ESCAÑOS EN BLANCO;25;5.0;;0;0.0;;0;0.0;;0;0.0
4109202003;Sevilla;62.9;PSOE-A;38.0;89;15.2;223;38.0;175;29.8;34;5.8;0;0.0;FE de las JONS;21;3.6;;0;0.0;;0;0.0;;0;0.0;;0;0.0
4109202004;Sevilla;47.7;PSOE-A;37.0;120;23.4;190;37.0;20;3.9;14;2.7;0;0.0;PCPA;60;11.7;PCTE;44;8.6;PACMA;29;5.6;;0;0.0;;0;0.0
4109301001;Sevilla;57.3;PP;33.1;280;33.1;186;22.0;39;4.6;140;16.5;0;0.0;MUNDO+JUSTO;56;6.6;NA;47;5.6;;0;0.0;;0;0.0;;0;0.0
4109301002;Sevilla;61.9;PP;41.1;386;41.1;186;19.8;11;1.2;124;13.2;0;0.0;ANDALUCISTAS - PA;77;8.2;SALF;59;6.3;;0;0.0;;0;0.0;;0;0.0
4109301003;Sevilla;59.8;PP;39.8;248;39.8;83;13.3;74;11.9;55;8.8;0;0.0;PARTIDO AUTÓNOMOS;42;6.7;;0;0.0;;0;0.0;;0;0.0;;0;0.0
4109301004;Sevilla;69.3;PP;35.8;371;35.8;178;17.2;140;13.5;36;3.5;0;0.0;PCTE;67;6.5;ANDALUCISTAS - PA;52;5.0;;0;0.0;;0;0.0;;0;0.0
4109301005;Sevilla;75.6;PP;48.6;374;48.6;68;8.8;82;10.6;27;3.5;0;0.0;NA;79;10.3;PCTE;65;8.4;;0;0.0;;0;0.0;;0;0.0
4109301006;Sevilla;74.2;PP;45.4;571;45.4;112;8.9;157;12.5;62;4.9;56;4.5;ANDALUCISTAS - PA;144;11.5;;0;0.0;;0;0.0;;0;0.0;;0;0.0
4109301007;Sevilla;72.1;PP;47.7;512;47.7;234;21.8;143;13.3;10;0.9;0;0.0;FE de las JONS;55;5.1;ANDALUCISTAS - PA;45;4.2;;0;0.0;;0;0.0;;0;0.0
4109301008;Sevilla;63.5;PSOE-A;34.1;184;29.4;214;34.1;87;13.9;17;2.7;0;0.0;PCTE;59;9.4;FE de las JONS;29;4.6;;0;0.0;;0;0.0;;0;0.0
4109301009;Sevilla;78.0;PP;45.0;516;45.0;89;7.8;90;7.8;2;0.2;59;5.1;NA;109;9.5;MUNDO+JUSTO;104;9.1;ANDALUCISTAS - PA;104;9.1;;0;0.0;;0;0.0
4109301010;Sevilla;69.8;PP;30.0;296;30.0;291;29.5;65;6.6;66;6.7;0;0.0;FE de las JONS;100;10.2;PACMA;84;8.5;;0;0.0;;0;0.0;;0;0.0
4109301011;Sevilla;78.1;PP;49.4;555;49.4;104;9.2;104;9.2;51;4.5;0;0.0;PACMA;101;9.0;NA;93;8.3;;0;0.0;;0;0.0;;0;0.0
4109301012;Sevilla;77.0;PP;39.4;593;39.4;352;23.4;94;6.2;170;11.3;0;0.0;MUNDO+JUSTO;74;4.9;;0;0.0;;0;0.0;;0;0.0;;0;0.0
4109301013;Sevilla;79.4;PP;56.5;749;56.5;118;8.9;154;11.6;101;7.6;0;0.0;PACMA;46;3.5;;0;0.0;;0;0.0;;0;0.0;;0;0.0
4109301014;Sevilla;73.1;PP;54.0;502;54.0;83;8.9;54;5.8;98;10.5;0;0.0;ANDALUCISTAS - PA;68;7.3;;0;0.0;;0;0.0;;0;0.0;;0;0.0
4109401001;Sevilla;69.3;PP;40.0;496;40.0;254;20.5;159;12.8;58;4.7;0;0.0;FE de las JONS;72;5.8;;0;0.0;;0;0.0;;0;0.0;;0;0.0
4109401002;Sevilla;66.4;PP;38.8;289;38.8;158;21.2;149;20.0;33;4.4;0;0.0;FE de las JONS;59;7.9;;0;0.0;;0;0.0;;0;0.0;;0;0.0
4109401003;Sevilla;56.4;PP;36.4;261;36.4;129;18.0;163;22.8;45;6.3;0;0.0;PARTIDO AUTÓNOMOS;39;5.4;;0;0.0;;0;0.0;;0;0.0;;0;0.0
4109402001;Sevilla;59.2;PSOE-A;33.1;131;28.5;152;33.1;47;10.2;11;2.4;0;0.0;SALF;75;16.3;PARTIDO AUTÓNOMOS;25;5.4;;0;0.0;;0;0.0;;0;0.0
4109402002;Sevilla;62.9;PP;36.7;275;36.7;150;20.0;161;21.5;65;8.7;0;0.0;PARTIDO AUTÓNOMOS;44;5.9;;0;0.0;;0;0.0;;0;0.0;;0;0.0
4109402003;Sevilla;63.5;PP;30.4;199;30.4;170;26.0;30;4.6;47;7.2;50;7.6;NA;100;15.3;;0;0.0;;0;0.0;;0;0.0;;0;0.0
4109501001;Sevilla;66.7;PP;47.7;270;47.7;63;11.1;77;13.6;0;0.0;0;0.0;MUNDO+JUSTO;107;18.9;PARTIDO AUTÓNOMOS;28;5.0;;0;0.0;;0;0.0;;0;0.0
4109501002;Sevilla;66.1;PP;60.9;458;60.9;60;8.0;32;4.3;16;2.1;64;8.5;PCPA;20;2.7;;0;0.0;;0;0.0;;0;0.0;;0;0.0
4109501003;Sevilla;64.6;PP;44.6;380;44.6;120;14.1;56;6.6;24;2.8;0;0.0;NA;104;12.2;MUNDO+JUSTO;69;8.1;;0;0.0;;0;0.0;;0;0.0
4109501004;Sevilla;59.4;PSOE-A;38.7;141;20.0;273;38.7;29;4.1;72;10.2;0;0.0;MUNDO+JUSTO;60;8.5;ESCAÑOS EN BLANCO;55;7.8;;0;0.0;;0;0.0;;0;0.0
4109501005;Sevilla;54.8;PSOE-A;30.5;179;30.2;181;30.5;32;5.4;22;3.7;0;0.0;SALF;47;7.9;MUNDO+JUSTO;38;6.4;;0;0.0;;0;0.0;;0;0.0
4109501006;Sevilla;66.2;PP;53.2;281;53.2;43;8.1;8;1.5;137;26.0;0;0.0;PACMA;34;6.4;PCTE;11;2.1;;0;0.0;;0;0.0;;0;0.0
4109501007;Sevilla;61.9;PSOE-A;30.0;199;25.8;231;30.0;90;11.7;9;1.2;0;0.0;ESCAÑOS EN BLANCO;92;12.0;ANDALUCISTAS - PA;47;6.1;;0;0.0;;0;0.0;;0;0.0
4109501008;Sevilla;54.1;PP;33.8;175;33.8;144;27.8;5;1.0;41;7.9;0;0.0;PCPA;59;11.4;PARTIDO AUTÓNOMOS;43;8.3;;0;0.0;;0;0.0;;0;0.0
4109501009;Sevilla;61.4;PP;46.6;243;46.6;94;18.0;37;7.1;27;5.2;0;0.0;ESCAÑOS EN BLANCO;52;10.0;PACMA;34;6.5;;0;0.0;;0;0.0;;0;0.0
4109501010;Sevilla;58.4;PP;39.8;225;39.8;114;20.2;57;10.1;8;1.4;0;0.0;PODER ANDALUZ;75;13.3;ESCAÑOS EN BLANCO;28;5.0;;0;0.0;;0;0.0;;0;0.0
4109502001;Sevilla;63.0;PP;58.8;412;58.8;23;3.3;26;3.7;43;6.1;0;0.0;NA;52;7.4;PCTE;39;5.6;ESCAÑOS EN BLANCO;32;4.6;;0;0.0;;0;0.0
4109502002;Sevilla;54.1;PP;34.1;240;34.1;171;24.3;32;4.6;85;12.1;0;0.0;MUNDO+JUSTO;87;12.4;;0;0.0;;0;0.0;;0;0.0;;0;0.0
4109502003;Sevilla;53.4;PP;29.2;288;29.2;266;27.0;135;13.7;50;5.1;0;0.0;MUNDO+JUSTO;98;9.9;PCPA;51;5.2;;0;0.0;;0;0.0;;0;0.0
4109502004;Sevilla;31.1;PSOE-A;36.3;50;24.9;73;36.3;3;1.5;28;13.9;0;0.0;PARTIDO AUTÓNOMOS;19;9.4;MUNDO+JUSTO;16;8.0;;0;0.0;;0;0.0;;0;0.0
4109502005;Sevilla;73.0;PP;46.8;377;46.8;96;11.9;130;16.1;75;9.3;0;0.0;PCPA;107;13.3;;0;0.0;;0;0.0;;0;0.0;;0;0.0
4109503002;Sevilla;42.9;PP;31.5;147;31.5;109;23.3;9;1.9;31;6.6;0;0.0;MUNDO+JUSTO;87;18.6;PACMA;44;9.4;;0;0.0;;0;0.0;;0;0.0
4109503003;Sevilla;60.4;PP;39.1;234;39.1;118;19.7;68;11.4;21;3.5;0;0.0;NA;50;8.4;PCTE;35;5.8;;0;0.0;;0;0.0;;0;0.0
4109503004;Sevilla;60.9;PP;43.8;321;43.8;108;14.8;130;17.8;6;0.8;52;7.1;SALF;30;4.1;;0;0.0;;0;0.0;;0;0.0;;0;0.0
4109503005;Sevilla;65.4;PP;42.5;430;42.5;121;12.0;137;13.5;39;3.8;0;0.0;PCTE;102;10.1;NA;55;5.4;;0;0.0;;0;0.0;;0;0.0
4109503006;Sevilla;53.5;PP;34.6;340;34.6;192;19.5;187;19.0;0;0.0;79;8.0;MUNDO+JUSTO;44;4.5;;0;0.0;;0;0.0;;0;0.0;;0;0.0
4109503007;Sevilla;53.2;PP;31.0;211;31.0;178;26.1;20;2.9;80;11.8;0;0.0;PODER ANDALUZ;62;9.1;SALF;46;6.8;;0;0.0;;0;0.0;;0;0.0
4109504001;Sevilla;63.7;PP;55.5;187;55.5;31;9.2;25;7.4;3;0.9;0;0.0;PCTE;59;17.5;PARTIDO AUTÓNOMOS;11;3.3;;0;0.0;;0;0.0;;0;0.0
4109504002;Sevilla;59.3;PP;43.6;476;43.6;161;14.7;84;7.7;83;7.6;95;8.7;;0;0.0;;0;0.0;;0;0.0;;0;0.0;;0;0.0
4109504003;Sevilla;55.6;PP;30.8;100;30.8;74;22.8;40;12.3;1;0.3;0;0.0;PODER ANDALUZ;60;18.5;PCPA;21;6.5;;0;0.0;;0;0.0;;0;0.0
4109505001;Sevilla;39.1;PP;27.4;147;27.4;86;16.0;119;22.2;52;9.7;0;0.0;FE de las JONS;41;7.6;;0;0.0;;0;0.0;;0;0.0;;0;0.0
4109505004;Sevilla;56.9;PP;32.5;269;32.5;206;24.9;74;9.0;24;2.9;0;0.0;PCPA;75;9.1;ANDALUCISTAS - PA;33;4.0;;0;0.0;;0;0.0;;0;0.0
4109505005;Sevilla;36.7;PSOE-A;63.6;26;8.4;196;63.6;21;6.8;0;0.0;0;0.0;FE de las JONS;46;14.9;PCPA;8;2.6;;0;0.0;;0;0.0;;0;0.0
4109505006;Sevilla;49.9;PP;31.4;172;31.4;50;9.1;93;17.0;32;5.8;0;0.0;PODER ANDALUZ;105;19.2;MUNDO+JUSTO;35;6.4;;0;0.0;;0;0.0;;0;0.0
4109505007;Sevilla;72.8;PP;41.5;344;41.5;117;14.1;90;10.9;85;10.2;0;0.0;PARTIDO AUTÓNOMOS;95;11.5;;0;0.0;;0;0.0;;0;0.0;;0;0.0
4109505008;Sevilla;49.5;PSOE-A;32.0;140;27.5;163;32.0;26;5.1;39;7.7;0;0.0;ANDALUCISTAS - PA;50;9.8;PCPA;42;8.2;;0;0.0;;0;0.0;;0;0.0
4109505009;Sevilla;62.6;PP;40.6;398;40.6;99;10.1;123;12.6;88;9.0;0;0.0;PACMA;161;16.4;;0;0.0;;0;0.0;;0;0.0;;0;0.0
4109505010;Sevilla;46.6;PP;41.8;224;41.8;88;16.4;79;14.7;17;3.2;0;0.0;MUNDO+JUSTO;71;13.2;PARTIDO AUTÓNOMOS;20;3.7;;0;0.0;;0;0.0;;0;0.0
4109505011;Sevilla;60.2;PP;26.8;177;26.8;119;18.0;92;13.9;55;8.3;29;4.4;PCPA;91;13.8;;0;0.0;;0;0.0;;0;0.0;;0;0.0
4109505012;Sevilla;33.1;PSOE-A;43.8;43;12.9;146;43.8;47;14.1;3;0.9;0;0.0;PACMA;25;7.5;MUNDO+JUSTO;14;4.2;;0;0.0;;0;0.0;;0;0.0
4109505013;Sevilla;54.6;PP;35.2;271;35.2;167;21.7;88;11.4;37;4.8;77;10.0;ESCAÑOS EN BLANCO;51;6.6;;0;0.0;;0;0.0;;0;0.0;;0;0.0
4109505014;Sevilla;35.8;PP;27.9;113;27.9;92;22.7;72;17.8;40;9.9;0;0.0;ESCAÑOS EN BLANCO;31;7.6;;0;0.0;;0;0.0;;0;0.0;;0;0.0
4109601001;Sevilla;65.6;PP;42.1;403;42.1;179;18.7;61;6.4;56;5.8;0;0.0;ESCAÑOS EN BLANCO;86;9.0;;0;0.0;;0;0.0;;0;0.0;;0;0.0
4109601002;Sevilla;68.2;PP;37.0;405;37.0;191;17.5;59;5.4;54;4.9;0;0.0;ANDALUCISTAS - PA;94;8.6;NA;88;8.0;;0;0.0;;0;0.0;;0;0.0
4109601003;Sevilla;70.0;PP;41.7;446;41.7;208;19.4;71;6.6;49;4.6;0;0.0;ANDALUCISTAS - PA;96;9.0;SALF;90;8.4;;0;0.0;;0;0.0;;0;0.0
4109601004;Sevilla;72.4;PP;36.9;276;36.9;139;18.6;81;10.8;42;5.6;0;0.0;MUNDO+JUSTO;71;9.5;PACMA;62;8.3;;0;0.0;;0;0.0;;0;0.0
4109601005;Sevilla;62.4;PSOE-A;29.2;163;27.5;173;29.2;38;6.4;23;3.9;50;8.4;PODER ANDALUZ;55;9.3;;0;0.0;;0;0.0;;0;0.0;;0;0.0
4109701001;Sevilla;64.1;PSOE-A;33.2;328;32.7;333;33.2;166;16.5;22;2.2;0;0.0;PACMA;81;8.1;;0;0.0;;0;0.0;;0;0.0;;0;0.0
4109702001;Sevilla;57.2;PSOE-A;37.7;356;37.6;357;37.7;67;7.1;23;2.4;35;3.7;FE de las JONS;29;3.1;;0;0.0;;0;0.0;;0;0.0;;0;0.0
4109801001;Sevilla;65.1;PP;46.4;418;46.4;150;16.7;41;4.6;43;4.8;0;0.0;FE de las JONS;59;6.6;PCPA;53;5.9;;0;0.0;;0;0.0;;0;0.0
4109801002;Sevilla;68.4;PP;43.6;391;43.6;155;17.3;44;4.9;34;3.8;32;3.6;ANDALUCISTAS - PA;58;6.5;PACMA;58;6.5;;0;0.0;;0;0.0;;0;0.0
4109801003;Sevilla;64.9;PSOE-A;34.4;253;28.5;305;34.4;118;13.3;4;0.4;0;0.0;PACMA;86;9.7;PCPA;30;3.4;;0;0.0;;0;0.0;;0;0.0
4109801004;Sevilla;58.0;PP;33.8;305;33.8;247;27.4;141;15.6;106;11.8;0;0.0;ESCAÑOS EN BLANCO;25;2.8;;0;0.0;;0;0.0;;0;0.0;;0;0.0
4109901001;Sevilla;49.0;PSOE-A;36.6;137;21.4;234;36.6;21;3.3;61;9.5;0;0.0;ANDALUCISTAS - PA;65;10.2;SALF;38;5.9;;0;0.0;;0;0.0;;0;0.0
4109902001;Sevilla;43.1;PSOE-A;42.7;50;13.8;155;42.7;32;8.8;34;9.4;0;0.0;PARTIDO AUTÓNOMOS;50;13.8;;0;0.0;;0;0.0;;0;0.0;;0;0.0
4109902002;Sevilla;38.8;PSOE-A;47.8;27;13.4;96;47.8;36;17.9;0;0.0;0;0.0;ANDALUCISTAS - PA;15;7.5;ESCAÑOS EN BLANCO;8;4.0;;0;0.0;;0;0.0;;0;0.0
4109903001;Sevilla;48.7;PSOE-A;28.4;178;25.9;195;28.4;48;7.0;88;12.8;0;0.0;MUNDO+JUSTO;46;6.7;;0;0.0;;0;0.0;;0;0.0;;0;0.0
4110001001;Sevilla;63.4;PSOE-A;41.6;178;33.6;220;41.6;36;6.8;8;1.5;0;0.0;PCPA;55;10.4;PACMA;16;3.0;;0;0.0;;0;0.0;;0;0.0
4110101001;Sevilla;65.2;PP;52.7;341;52.7;102;15.8;59;9.1;5;0.8;0;0.0;PCPA;70;10.8;FE de las JONS;24;3.7;;0;0.0;;0;0.0;;0;0.0
4110101002;Sevilla;54.6;PP;31.8;275;31.8;228;26.4;96;11.1;65;7.5;0;0.0;PCTE;55;6.4;;0;0.0;;0;0.0;;0;0.0;;0;0.0
4110101003;Sevilla;56.0;PSOE-A;40.5;255;27.5;375;40.5;79;8.5;21;2.3;0;0.0;NA;67;7.2;PCPA;37;4.0;;0;0.0;;0;0.0;;0;0.0
4110101004;Sevilla;69.2;PP;40.9;252;40.9;138;22.4;28;4.6;10;1.6;30;4.9;PCPA;93;15.1;;0;0.0;;0;0.0;;0;0.0;;0;0.0
4110101005;Sevilla;63.9;PSOE-A;34.6;177;29.1;211;34.6;66;10.8;34;5.6;0;0.0;ANDALUCISTAS - PA;52;8.5;;0;0.0;;0;0.0;;0;0.0;;0;0.0
4110201001;Sevilla;60.8;PP;54.7;277;54.7;30;5.9;95;18.8;12;2.4;0;0.0;ANDALUCISTAS - PA;34;6.7;ESCAÑOS EN BLANCO;22;4.4;;0;0.0;;0;0.0;;0;0.0
4110201002;Sevilla;69.9;PP;47.5;452;47.5;120;12.6;46;4.8;76;8.0;0;0.0;PODER ANDALUZ;97;10.2;ANDALUCISTAS - PA;51;5.4;;0;0.0;;0;0.0;;0;0.0
4110201003;Sevilla;58.7;PP;28.7;221;28.7;210;27.3;56;7.3;90;11.7;0;0.0;NA;93;12.1;;0;0.0;;0;0.0;;0;0.0;;0;0.0
4110201004;Sevilla;65.3;PP;34.6;231;34.6;147;22.0;77;11.5;37;5.5;0;0.0;NA;51;7.6;MUNDO+JUSTO;39;5.8;;0;0.0;;0;0.0;;0;0.0
4110201005;Sevilla;58.9;PP;30.3;179;30.3;141;23.9;52;8.8;113;19.2;0;0.0;PACMA;31;5.2;;0;0.0;;0;0.0;;0;0.0;;0;0.0
4110202001;Sevilla;52.2;PP;39.3;290;39.3;138;18.7;92;12.5;58;7.9;0;0.0;FE de las JONS;46;6.2;;0;0.0;;0;0.0;;0;0.0;;0;0.0
4110203001;Sevilla;58.9;PP;31.7;296;31.7;209;22.4;71;7.6;88;9.4;0;0.0;PARTIDO AUTÓNOMOS;69;7.4;;0;0.0;;0;0.0;;0;0.0;;0;0.0
4110203002;Sevilla;58.0;PP;27.9;155;27.9;145;26.1;115;20.7;6;1.1;0;0.0;FE de las JONS;65;11.7;PCPA;17;3.1;;0;0.0;;0;0.0;;0;0.0
4110203003;Sevilla;65.1;PP;41.0;309;41.0;146;19.4;45;6.0;51;6.8;0;0.0;PCTE;90;11.9;;0;0.0;;0;0.0;;0;0.0;;0;0.0
4110203004;Sevilla;53.1;PSOE-A;31.8;135;26.8;160;31.8;53;10.5;28;5.6;0;0.0;MUNDO+JUSTO;60;11.9;;0;0.0;;0;0.0;;0;0.0;;0;0.0
4110203005;Sevilla;61.9;PP;39.6;458;39.6;226;19.5;66;5.7;91;7.9;0;0.0;MUNDO+JUSTO;109;9.4;;0;0.0;;0;0.0;;0;0.0;;0;0.0
4110203006;Sevilla;58.0;PP;33.1;247;33.1;127;17.0;114;15.3;25;3.4;0;0.0;PCPA;69;9.2;MUNDO+JUSTO;45;6.0;;0;0.0;;0;0.0;;0;0.0
4190101001;Sevilla;69.2;PSOE-A;56.4;138;15.5;501;56.4;23;2.6;17;1.9;0;0.0;PACMA;71;8.0;ESCAÑOS EN BLANCO;36;4.0;PCPA;31;3.5;;0;0.0;;0;0.0
4190101002;Sevilla;69.1;PSOE-A;55.3;41;9.0;251;55.3;42;9.2;0;0.0;44;9.7;PACMA;25;5.5;;0;0.0;;0;0.0;;0;0.0;;0;0.0
4190101003;Sevilla;69.1;PSOE-A;45.6;148;27.2;248;45.6;9;1.6;17;3.1;0;0.0;PARTIDO AUTÓNOMOS;68;12.5;MUNDO+JUSTO;32;5.9;;0;0.0;;0;0.0;;0;0.0
4190201001;Sevilla;51.8;PP;44.1;257;44.1;165;28.3;38;6.5;24;4.1;0;0.0;ESCAÑOS EN BLANCO;75;12.9;;0;0.0;;0;0.0;;0;0.0;;0;0.0
4190201002;Sevilla;46.3;PSOE-A;32.4;128;28.3;147;32.4;50;11.0;0;0.0;0;0.0;PCTE;43;9.5;PCPA;19;4.2;;0;0.0;;0;0.0;;0;0.0
4190201003;Sevilla;37.6;PSOE-A;45.5;94;19.8;216;45.5;23;4.8;17;3.6;0;0.0;PODER ANDALUZ;35;7.4;NA;31;6.5;FE de las JONS;24;5.0;;0;0.0;;0;0.0
4190201004;Sevilla;50.2;PP;45.6;275;45.6;122;20.2;38;6.3;44;7.3;0;0.0;ANDALUCISTAS - PA;37;6.1;;0;0.0;;0;0.0;;0;0.0;;0;0.0
4190301001;Sevilla;60.3;PP;45.0;181;45.0;133;33.1;30;7.5;4;1.0;0;0.0;PACMA;19;4.7;ESCAÑOS EN BLANCO;10;2.5;;0;0.0;;0;0.0;;0;0.0
4190301002;Sevilla;56.8;PP;48.6;334;48.6;147;21.4;95;13.8;5;0.7;0;0.0;PACMA;33;4.8;PCTE;22;3.2;;0;0.0;;0;0.0;;0;0.0
4190301003;Sevilla;58.4;PP;46.4;496;46.4;166;15.5;55;5.1;62;5.8;0;0.0;MUNDO+JUSTO;124;11.6;FE de las JONS;92;8.6;;0;0.0;;0;0.0;;0;0.0
4190301004;Sevilla;56.2;PP;39.9;134;39.9;80;23.8;45;13.4;0;0.0;0;0.0;MUNDO+JUSTO;29;8.6;NA;22;6.6;;0;0.0;;0;0.0;;0;0.0
4190301005;Sevilla;53.5;PP;37.4;365;37.4;275;28.2;44;4.5;35;3.6;0;0.0;PARTIDO AUTÓNOMOS;58;5.9;MUNDO+JUSTO;43;4.4;;0;0.0;;0;0.0;;0;0.0
4190301006;Sevilla;60.0;PP;49.8;244;49.8;66;13.5;0;0.0;47;9.6;0;0.0;SALF;37;7.6;PARTIDO AUTÓNOMOS;35;7.1;;0;0.0;;0;0.0;;0;0.0
4190401001;Sevilla;43.3;PSOE-A;53.2;117;15.2;410;53.2;44;5.7;9;1.2;0;0.0;ANDALUCISTAS - PA;89;11.5;PCTE;29;3.8;;0;0.0;;0;0.0;;0;0.0
