nom_normal,nom_munici,x,y
Calle Encina,Cañaveral de León,-6.5245202995345,38.013378888212
Calle el Algarbe,Hinojos,-6.38240899967538,37.2890529998962
Avenida Villarrasa,Rociana del Condado,-6.60030599999993,37.3129420000001
Ronda Norte,Villarrasa,-6.60375899997773,37.3895379995792
Calle los Morcelos,San Bartolomé de la Torre,-7.10530999999992,37.4437500000001
Calle Arroyito,Ayamonte,-7.3420710001697085,37.185196999904505
Avenida de los Cisnes,Ayamonte,-7.35538348918338,37.179927246836
Calle Machado,Cartaya,-7.06043599999992,37.213826
Calle Bilbao,Valverde del Camino,-6.760225000607426,37.57558500013159
Calle María Auxiliadora,Valverde del Camino,-6.75373700045065,37.572073999594
Calle León,Valverde del Camino,-6.76060900066361,37.5761190003932
Paraje Sierra Tinajero,Calañas,-6.9175067283869,37.616272944504
Plaza Elio Antonio de Nebrija,Huelva,-6.92615595445198,37.2617859631056
Calle Teleras,Minas de Riotinto,-6.59116900034905,37.693500000025
Calle Luis Braille,Ayamonte,-7.40909237820172,37.2121922871853
Barriada Santa Ana,Nerva,-6.54273099973423,37.6945010004583
Parque Alonso Sánchez,Huelva,-6.94636279519966,37.2574898743038
Avenida del Decano del Fútbol Español,Huelva,-6.9562562297011,37.247880533611
Calle Peñas,Puebla de Guzmán,-7.24844499999995,37.6115910000001
Avenida Playas de Cartaya (Nuevo Portil),Cartaya,-7.05757875099994,37.2115665970001
Polígono San Jorge E,Palos de la Frontera,-6.87834199997752,37.2225720001797
Plaza la Nava,Huelva,-6.9317810001646,37.2564329995671
Calle Colón,Alosno,-7.12090699999993,37.601029
Travesía Jacinto Benavente,Calañas,-6.8803996607899,37.652358683055
Calle Sierra de Huelva,Cortegana,-6.82102099999992,37.9098870000001
Plaza de los Capellanes,Huelva,-6.94475446927745,37.2782713086881
Plaza del Niño Miguel,Huelva,-6.93679956089846,37.2792132901856
Calle Ollero,Encinasola,-6.86513306443916,38.1322853398967
Calle Colón,Encinasola,-6.87435300039049,38.1371420000035
Calle Toledo,Valverde del Camino,-6.76252575899941,37.5743069637547
Vereda de los Cerreños,Alájar,-6.673648999955276,37.83867399984821
Camino de Labradillos,Beas,-6.78808000010595,37.4735809999338
Carretera HU-4402 Villanueva de los Castillejos a Sanlucar de Guadiana,El Granado,-7.34224699999993,37.504237
Carretera A-499 de Ayamonte a Puebla de Guzmán,El Almendro,-7.25579499999992,37.5259240000001
Calle Niebla,San Juan del Puerto,-6.83271599399995,37.316154495
"Calle Dolores Ibárruri ""La Pasionaria""",Huelva,-6.9240850002911,37.2615020003392
Callejón de los Cántaros,La Palma del Condado,-6.551686401999916,37.38602907700016
Avenida de la Unión Europea,Huelva,-6.95036600024725,37.2725400003354
Calle Fernando Múgica Herzog,Lepe,-7.203230324262815,37.26806176002635
Calle Nazaret,Aljaraque,-6.994653522975745,37.269206270421115
Calle Puerto de la Cruz,Puebla de Guzmán,-7.24518299999994,37.6153410000001
Calle Ocho de Abril,Aljaraque,-7.0259053305329,37.273893483262
Conjunto Herrerías Sardón Diseminado,Puebla de Guzmán,-7.2931277110661,37.608954876655
Transversal Castillo Iglesia,Cumbres Mayores,-6.64657699962871,38.0654909999099
Calle Baleares,Huelva,-6.93856300043405,37.2686060000163
Calle Miguel Hernández,Cumbres Mayores,-6.64525958070744,38.0588503321828
Avenida de la Canaliega,Almonte,-6.48964699970867,37.132138999966216
Calle Juan de Robles,San Juan del Puerto,-6.84348699999993,37.3136140000001
Calle Romeral,Bollullos Par del Condado,-6.54396599993076,37.3333209998644
Calle Cicerón,Nerva,-6.5536251523418,37.6970234814578
Calle Alcatraz,Lepe,-7.22526000052784,37.2079049998898
Calle Jesús Chaparro,Minas de Riotinto,-6.59032900028308,37.6923490000064
Calle Miguel de Unamuno,Nerva,-6.54238273967542,37.6919386211411
Calle Sagasta,Nerva,-6.5538660000944,37.6949750000166
Calle Frias,San Silvestre de Guzmán,-7.35031099999992,37.386848
Barriada Doñana,Rociana del Condado,-6.59022182314478,37.3109819832401
Camino la Molinilla,Linares de la Sierra,-6.59641600039797,37.8706439996211
Carretera Talleres,Alosno,-7.11178499999994,37.600712
Camino de los Espinos,Bonares,-6.69515900035764,37.3004919999929
Camino de los Guijos,Alosno,-7.102258999999947,37.533220000000085
Calle Martínez Ituño,Palos de la Frontera,-6.89183397858736,37.2281970336912
Calle Sanabria,Hinojos,-6.38423700033716,37.2869249997891
Calle Cuesta Palero,Galaroza,-6.70372661499994,37.9253151030001
Camino del Acerado,Villalba del Alcor,-6.44246000047237,37.3659619995348
Plaza José Morales Gallego,San Juan del Puerto,-6.8477518632483,37.3146859388199
Carretera HU-4104 Bollullos Par del Condado a Rociana del Condado,Rociana del Condado,-6.57823503199995,37.3099849860001
Calle Sierra Buyones,Aljaraque,-6.9911265237327,37.2787061207528
Calle Presbítero Inocencio Fernández,Higuera de la Sierra,-6.44812969572871,37.834282939806
Calle Concha Suárez,Almonte,-6.50934300009631,37.2632610003832
Calle Jara,Aljaraque,-7.02977599499292,37.2635305847237
Calle Bilbao,Valdelarco,-6.68422199994518,37.9492789998261
Calle Almonte,Hinojos,-6.38104399968066,37.289860000239
Calle Atún,Ayamonte,-7.31365900005764,37.2285129997375
Calle Escacena,Manzanilla,-6.42507749643411,37.390641291004
Calle Arenal,Bonares,-6.68531400053074,37.3203600004668
Urbanización Luz de Nuevo Portil,Cartaya,-7.0599210964304,37.216561300991
Calle Carlos Mauricio Morales,La Palma del Condado,-6.55332355799993,37.3883464950001
Calle Luis Benjumea,Bollullos Par del Condado,-6.5406279997822,37.3368259996204
Plaza del Cristo del Perdón,La Palma del Condado,-6.55619029499996,37.3892346380001
Calle Frailes,Cortegana,-6.81921099999994,37.9096490000001
Grupo Circunvalación Guadiana,Puebla de Guzmán,-7.29523220151382,37.6097454873089
Calle Alejandro Rincón Recio,Santa Olalla del Cala,-6.22598909221142,37.9082925854689
Carretera A-499 de Ayamonte a Puebla de Guzmán,Villablanca,-7.34409299999993,37.316852
Camino El Turnio,Valverde del Camino,-6.77521700017311,37.5842869998041
Carretera N-431 de Huelva a Ayamonte,Ayamonte,-7.3670729393836,37.237999763499
Carretera N-431A,Ayamonte,-7.36452199995662,37.2303139997092
Carretera N-431 de Huelva a Ayamonte,Huelva,-6.902216999662617,37.31233300011243
Calle Jaguarzo,El Cerro de Andévalo,-6.93348682299995,37.7346370980001
Calle Manuela Martín Puchichina,Lepe,-7.201706569950018,37.26954678719427
Calle Extremadura,Escacena del Campo,-6.3903119998987,37.4082950003142
Calle San Pablo,Almonte,-6.50930499959884,37.263132999716
Calle Benavente,El Campillo,-6.62974299999991,37.691828
Calle Chucena,Huelva,-6.93909400035537,37.2690749998862
Calle Concha Espina,El Campillo,-6.62528099999992,37.694691
Calle Córdoba,El Campillo,-6.62908399999992,37.69588
Calle Iglesia Nueva,Castaño del Robledo,-6.70475599999992,37.895515
Calle Real Escuela Andaluza del Arte Ecuestre,Gibraleón,-6.96202759398065,37.3719562745285
Camino de Jabuguillo a Higuera de la Sierra,Aracena,-6.50670008527273,37.8557569206254
Calle Tarantos,Moguer,-6.80800522813683,37.1301578167507
Avenida Rosalía de Castro,Ayamonte,-7.39708100042958,37.263573000304
Calle Altozano,Almonte,-6.51540954419439,37.2609431004655
Calle Virgen del Rocío,Alosno,-7.12003999999996,37.5507640000001
Barriada Santa Bárbara,Alosno,-7.11689899999993,37.5999810000001
Paraje Calvario,Rociana del Condado,-6.60886249567457,37.303822879019854
Camino de los Carrascales,Rociana del Condado,-6.57520026435271,37.3017891008599
Calle Juan Hernández González,Punta Umbría,-6.9737784280611,37.188264185848
Calle Acacias,Punta Umbría,-6.96601199999992,37.1793230000001
Calle Rey Felipe VI,La Palma del Condado,-6.55209443299992,37.3870484330001
Calle Jara,Aracena,-6.57537802838729,37.8899434985831
Camino de los Silos,Paymogo,-7.358151999999961,37.69434700000005
Calle Maya,Moguer,-6.84160100036983,37.2741200001668
Urbanización Residencial las Lomas de Esuri - Manzanza III,Ayamonte,-7.4107757700915,37.259660473269
Urbanización Residencial las Lomas de Esuri - Manzana V,Ayamonte,-7.4085493656238,37.261283887563
Parque Municipal de San Bartolomé de la Torre,San Bartolomé de la Torre,-7.10209099999992,37.437594
Calle la Plaza (Castañuelo),Aracena,-6.5812378389815,37.937191365389
Calle Sierra de Aracena,Punta Umbría,-6.9760492002639,37.1888375090729
Santiago de Chile,Palos de la Frontera,-6.892355603267192,37.22100467503359
Camino Viejo a Puebla de Guzmán,Villanueva de las Cruces,-7.04107499999992,37.6267580000001
Camino del Alamillo,Lucena del Puerto,-6.72068399999995,37.2817640000001
Carretera Camino de Valdeflores,Cartaya,-7.1647239999999215,37.30118100000004
Calle Galinda,Manzanilla,-6.43044336972108,37.389058142529
Calle Trasmallo,Isla Cristina,-7.32218899969293,37.2045040001775
Carretera N-445 de la A-49 a la N-431,Lepe,-7.23817247964296,37.2640970321277
Calle Río de la Plata,Huelva,-6.942978000289535,37.28115299958228
Calle Ignacio Fossi,Almonaster La Real,-6.78602282315367,37.872477155833
Calle Cortegana,Huelva,-6.93539400015505,37.2624020000031
Calle el Greco,Aljaraque,-6.99845799966691,37.277094000108
Calle Dos de Mayo,La Palma del Condado,-6.55189369099992,37.3810290710002
Calle Cortelazor,Huelva,-6.93523986084645,37.2563193952048
Calle la Fuente,Almonaster La Real,-6.7896120350196,37.872320912465
Calle Sebastián Carrillo Escámez,Isla Cristina,-7.326733626246081,37.195702441034655
Calle San Sebastián,Cartaya,-7.15775699999995,37.279252
Carretera Almonaster la Real a Escalada,Almonaster La Real,-6.783141999999941,37.845278000000064
Calle Vicente Aleixandre,Almonte,-6.51397599999028,37.2624720002862
Avenida Montes de Toledo,Aljaraque,-6.9943616564183,37.286114269756
Calle Berrocal,Valverde del Camino,-6.75427199979855,37.5759019997379
Calle Presbítero Francisco Gaona,Huelva,-6.937026000460039,37.25455799960883
Calle Pedro de Lope,Isla Cristina,-7.26992899981603,37.2212050000187
Calle la Pavona,Almonte,-6.52016399993244,37.2635649996789
Calle Isabel II,Huelva,-6.954777000226999,37.258599999959635
Calle Viriato,Lepe,-7.20432800068079,37.2598390002781
Calle Córdoba,Trigueros,-6.8406670579998945,37.38474162000011
Calle Velázquez,Manzanilla,-6.4282350004448,37.3886879999514
Calle Ribera de Huelva,Santa Olalla del Cala,-6.22494784699995,37.9061658240001
Calle Estadio,Ayamonte,-7.397351,37.216938
Calle Petunia,Cartaya,-7.14913893299996,37.287932245
Urbanización Marina 4,Ayamonte,-7.33894499969636,37.1860779998071
Carretera Hv-5132,Paterna del Campo,-6.421063999803644,37.46714299994966
Calle Juncia,Aljaraque,-7.022526000606115,37.26230400005973
Calle Jineta,Punta Umbría,-6.981423999999947,37.19064000000009
Calle Pino,Cala,-6.319389999999942,37.97254900000007
Calle los Olivitos,Almonte,-6.5223159998787,37.2653949996748
Calle Daoíz,Lepe,-7.20445500013688,37.2602220001467
Calle Perales,La Palma del Condado,-6.547934192999946,37.389197325000055
Callejón de Servicio,Almonte,-6.478365658855,37.134007683393
Calle Campoamor,Alosno,-7.11737837737774,37.6011358512514
Calle Azteca,Moguer,-6.84218495882857,37.2739333229704
Calle Pinta,Villarrasa,-6.603878000069464,37.38740300004857
Calle los Mesones,Trigueros,-6.83198837099991,37.382869245
Calle Alcornocales,Beas,-6.79941599995479,37.4455099996867
Carretera HU-8100 Aroche a la HU-9101,Aroche,-6.954621999999915,38.003584000000046
Calle Hinojales,Huelva,-6.926515999911487,37.27559400009839
Calle Panadero,Aljaraque,-7.030005543599854,37.277793033306295
Calle Velázquez,Lepe,-7.197463722917943,37.2563822000592
Calle Boyeros,Lepe,-7.194888999680902,37.26927200041205
Calle Clara Campoamor,Trigueros,-6.82975797123969,37.3841731321595
Calle de las Hermandades,Huelva,-6.94085401852408,37.2617158860195
Calle Vicente Tapada,Encinasola,-6.87348890596464,38.1359604034599
Calle Albatros,Aljaraque,-7.0279894218344,37.267550738351
Calle Tropezón,Alosno,-7.119491,37.600969
Calle Fuenteheridos,Huelva,-6.95545099986843,37.2638739997097
Plaza Fuentepiña,Huelva,-6.926391000557,37.2660809999966
Calle San José,Isla Cristina,-7.325613906421206,37.1963492439684
Calle Villarrasa,Manzanilla,-6.42918800032576,37.3868739999353
Calle Perú,Ayamonte,-7.398740852685314,37.22184000414202
Calle Piña Gorga,Almonaster La Real,-6.80530499999992,37.8932270000001
Callejón del Lobo,Villalba del Alcor,-6.474828000295123,37.39330600014819
Plaza de los Alcázares,Huelva,-6.958013000461031,37.25938499959426
Calle Cineasta Francisco Elías,Huelva,-6.943896000667429,37.255491000226456
Camino de la Cañada,Rociana del Condado,-6.59564499999993,37.3003390000001
Plaza Virgen del Rocío,Rociana del Condado,-6.59763099999992,37.3032230000001
Callejón Cano González,Gibraleón,-6.96964367399994,37.37368656600006
Calle Pablo Ruiz Picasso,Aracena,-6.57459200032046,37.8860080003691
Carretera HU-6105 Nerva a la Granada de Río Tinto,Nerva,-6.539569001028154,37.72175700030761
Plaza José María Morales Quintero,Niebla,-6.68034700021371,37.3655620000864
Avenida Sundheim,Punta Umbría,-6.97916299999991,37.190367
Barriada las Colonias Fase II,Cortegana,-6.81722499999995,37.9148920000001
Calle Santa Engracia,Cortegana,-6.82165299999991,37.9116180000001
Calle Dolores Valladares,Aracena,-6.56228700034461,37.8959890001924
Calle Riotinto,Niebla,-6.67681500011198,37.361233000103
Calle Acebuche,Rociana del Condado,-6.58952099999993,37.310837
Calle Puente,Punta Umbría,-6.961981999999921,37.180892000000085
Calle Jara,Lepe,-7.204497752511362,37.2581490518269
Calle el Ejido,Almonte,-6.5138889992131,37.2597389999297
Calle Concepción,Almonte,-6.51939199995938,37.2611849998834
Camino de Peñate,Trigueros,-6.8678878614847,37.444174546007
Calle Rubén Darío,Valverde del Camino,-6.752742999929835,37.58025200032083
Calle Practicante Juan Romero Domínguez,Aljaraque,-6.992329523786935,37.27705695394736
Calle Víctor Fuentes casas,Huelva,-6.9560512354599,37.254240689079
Grupo X (Valdelamusa),Cortegana,-6.88059999999996,37.7868340000001
Residencial Benelux,Lepe,-7.2052919769503,37.209684839946
Calle los Alcornocales,Santa Olalla del Cala,-6.22893278781119,37.9097939897484
Calle Murcia,Isla Cristina,-7.31698881246344,37.1971210336078
Calle Colón,Isla Cristina,-7.32531767748248,37.2045805839629
Carretera N-431 de Huelva a Ayamonte,Cartaya,-7.11683203856,37.296880174876
Calle Corta,Isla Cristina,-7.320347862341905,37.20037809648217
Calle Palangre,Huelva,-6.96029800026964,37.2688690003701
Polígono Industrial Miraval,Huelva,-6.916033041312,37.2652797686087
Calle Isaac Albéniz,Huelva,-6.95320400028555,37.2390759995804
Calle Manuel de Falla,Trigueros,-6.83129961935423,37.382083309537
Calle Doctor Gómez Bastero,Isla Cristina,-7.32691063338712,37.2036169656129
Calle Cañavate,Isla Cristina,-7.3282170004281,37.2049330000724
Calle Bodega Teba,La Palma del Condado,-6.54406578442687,37.3641354074969
Calle Isaac Peral,Isla Cristina,-7.32566511,37.20435025
Calle Rezón,Isla Cristina,-7.31478695010309,37.1999812062961
Calle Valverde del Camino,Isla Cristina,-7.314133999914608,37.199623999913754
Plaza San Francisco,Isla Cristina,-7.32727206818956,37.203638841624
Barriada Nuestra Señora del Mar,Isla Cristina,-7.326250398898638,37.19634265389521
Calle Armada Española,Isla Cristina,-7.32565483167128,37.2031229522253
Calle Caracol,Isla Cristina,-7.253157000404642,37.20481799958986
Calle Reducto,Isla Cristina,-7.271959000060209,37.2225410004045
Calle Anchoa (Urbasur),Isla Cristina,-7.24850973672092,37.207699654050614
Calle Algallarín,Isla Cristina,-7.27327900054223,37.2210540004269
Avenida Arquitecto Aramburu Maqua,Isla Cristina,-7.32265223999365,37.1975360568773
Calle Boga,Isla Cristina,-7.247927000189629,37.20714999990507
Calle de la Brisa,Isla Cristina,-7.318965770379274,37.20267473097
Calle Morena,Isla Cristina,-7.25244500062756,37.2073150003497
Calle Doctor Fleming,Isla Cristina,-7.325850000588038,37.19925199994016
Calle Isabel Pérez Siles,Isla Cristina,-7.3261570000561145,37.20126799954824
Urbanización Playa San Miguel - Av. Playas de Cartaya,Cartaya,-7.1101931639191,37.2174155225224
Calle Pérez Galdós,Nerva,-6.54445267841254,37.6981299175485
Calle San Francisco,Isla Cristina,-7.328070336260299,37.203792453711245
Plaza Nuestra Señora de la Salud,Beas,-6.8613663858922,37.483827620686
Calle Veta la Arena,Hinojos,-6.38457499973629,37.2884219995758
Calle Manuel Siurot,Isla Cristina,-7.324337000160524,37.20305999955502
Calle Juan XXIII,Isla Cristina,-7.327171742279094,37.19481754356429
Avenida Huelva,Isla Cristina,-7.32427024000708,37.2042218975763
Calle Carreras,Isla Cristina,-7.32628299976186,37.204488999678
Calle Jara,Isla Cristina,-7.269056999627428,37.23992099984478
Calle Ramón y Cajal,Isla Cristina,-7.326412907649804,37.2042518089414
Calle Concha,Isla Cristina,-7.245710999817723,37.20560699987445
Calle Viudas,Isla Cristina,-7.32333714483095,37.2016659299282
Calle Encina,Isla Cristina,-7.3087532142005704,37.198912626612966
Calle los Rafales,Isla Cristina,-7.312331999900862,37.19792899973263
Calle Pino,Isla Cristina,-7.3080480005402775,37.197057999736714
Calle Fuente,Isla Cristina,-7.271271999833438,37.22116400013244
Calle Cerezo,Isla Cristina,-7.305901529577803,37.1988789928329
Calle Almejeros,Isla Cristina,-7.31725295761669,37.202115512697
Calle Alájar,Huelva,-6.936925999634577,37.25566199994548
Paraje Molinos De Viento,Gibraleón,-6.96343281203314,37.3809365599182
Avenida Villa de Madrid,Huelva,-6.954587392825,37.253124292422
Calle Chaparro (La Umbría),Aracena,-6.460055489677631,37.86049983549036
Calle Nardos,Moguer,-6.835392982324927,37.280727300505134
Urbanización Villa Conchita (Primera Fase),Huelva,-6.94667099815221,37.2629121664294
Calle Transversal Benavente,El Campillo,-6.628286999999943,37.69143600000007
Calle Alfonso Xiii,Palos de la Frontera,-6.89300215545959,37.2287162136443
Calle Carlos Cano,Bollullos Par del Condado,-6.53740300034803,37.341038999650266
Calle San Blas,Huelva,-6.95133100014435,37.2717490003335
Calle Cartaya,Bollullos Par del Condado,-6.531131999841778,37.33855200007492
Calle de la Barquera,Aracena,-6.57224294083328,37.8874917833531
Calle Cervantes,Calañas,-6.877550999999926,37.655234000000064
Calle Rivera,Villanueva de los Castillejos,-7.26997799999992,37.5009480000001
Calle Santa Cristina,Huelva,-6.94209999959914,37.2679759998776
Calle Perdiz,Huelva,-6.94308900004202,37.26436199965669
Calle D,Huelva,-6.93872699981377,37.25553399980199
Calle Hélice,Huelva,-6.931954000436766,37.26141200015673
Calle Alosno,Huelva,-6.934856000449802,37.25994999980565
Calle Amado de Lázaro,Huelva,-6.952891000399589,37.26086799973348
Plaza Antonio Barceló,Huelva,-6.937482999561584,37.28220899980677
Calle Arcipreste Julio Guzmán,Huelva,-6.951000000664,37.26958499995096
Calle Argentina,Huelva,-6.941513000283407,37.280372999987314
Calle Argantonio,Huelva,-6.94717485819677,37.259066803565005
Plaza Hermanos Capuchinos,Huelva,-6.9314921184165,37.259621750892
Calle Begonia,Huelva,-6.932914000378216,37.27471600041929
Callejón de las Siete Muertes,Huelva,-6.942487707120642,37.26977416763032
Calle Camarada Montiel Pichardo,Huelva,-6.928672000267221,37.26265899991333
Calle Carmen,Huelva,-6.954924000681988,37.25616200029491
Calle Cataluña,Huelva,-6.93273900039085,37.2561379999085
Plaza Cristóbal Quintero,Huelva,-6.9452852871862705,37.25775441511769
Calle Daniel Vázquez Díaz,Huelva,-6.9419210081423035,37.258143752889744
Plaza de la Constitución,Huelva,-6.949911777141385,37.25660912562967
Calle Duque de Rivas,Huelva,-6.937384000573248,37.268217999780816
Calle Encinasola,Huelva,-6.929990000401016,37.26009199993628
Calle Escacena del Campo,Huelva,-6.928223000073986,37.26528199970869
Calle Eucaliptus,Huelva,-6.938648000428646,37.25940299954255
Calle Garci-Fernández,Huelva,-6.948502999597975,37.255111000149405
Calle Gibraleón,Huelva,-6.934783000380185,37.255285000035244
Calle Federico García Lorca,Huelva,-6.929496999874245,37.26469299994205
Calle I,Huelva,-6.936781112979473,37.25509755129482
Plaza Jofre Tenorio,Huelva,-6.936622000227768,37.280435999737136
Calle Juan Niño,Huelva,-6.941848999888363,37.25687300036507
Calle Margarita,Huelva,-6.9322030002864565,37.27797500024448
Callejón la Torre,Huelva,-6.9474980006390075,37.25656200001138
Calle Lima,Huelva,-6.94439700065022,37.2830780000193
Avenida Martín Alonso Pinzón,Huelva,-6.949139999987986,37.25601799985233
Calle Muro de Piedra,Huelva,-6.9407800000589495,37.26072000007815
Paseo Norte,Huelva,-6.940886000504653,37.25594500013296
Calle Rafael Guillén,Huelva,-6.954882000105318,37.259174999791796
Calle Pedro Gómez,Huelva,-6.948877999615982,37.265651999710435
Calle Pedro de Valdivia,Huelva,-6.9423550000429035,37.25765299955095
Calle Rábida,Huelva,-6.95108899981306,37.2555820001382
Calle Presbítero Pablo Rodríguez,Huelva,-6.936624554840421,37.25705859297434
Calle Querubines,Huelva,-6.952328999607068,37.26852600009707
Calle Río Nervión,Huelva,-6.928760999647321,37.25680100034498
Calle Roque Barcia,Huelva,-6.936609077453953,37.25494431390849
Plaza Russelsheim,Huelva,-6.935074823388066,37.25418895976283
Calle San Juan,Huelva,-6.933520999860427,37.26038400022121
Calle Sansón Carrasco,Huelva,-6.923956999645472,37.26254000019631
Calle Santa Eulalia,Huelva,-6.9513250001068325,37.270946000442926
Calle Severo Ochoa,Huelva,-6.940962999993625,37.27907899973878
Calle Valdelamusa,Huelva,-6.930475999767503,37.26269000022536
Calle Soforas,Huelva,-6.940106000554788,37.26095500026624
Calle Santos Chocano,Huelva,-6.936444000334032,37.269896000281726
Calle Uruguay,Huelva,-6.930338999594504,37.25749099981218
Calle Zaragoza,Huelva,-6.95019200031063,37.27127200041129
Calle Zenobia,Huelva,-6.939168930139067,37.2807246266752
Parque Moret,Huelva,-6.945414000583134,37.272036999799326
Calle Teniente Navío de José Estrada Cepeda,Huelva,-6.93943500057243,37.258967999746964
Plaza Rogelio Buendía,Huelva,-6.934791000492453,37.27112399973224
Plaza Tagores,Huelva,-6.94048599982219,37.280536999946
Plaza Teresa Panza,Huelva,-6.9267480000049035,37.261707000266064
Plaza Altisidora,Huelva,-6.92893083572135,37.25917295650659
Plaza de la Amistad,Huelva,-6.943849310681768,37.28371356827876
Calle Espátula,Huelva,-6.9514080435642605,37.27792380635525
Plaza del Cardenal Spinola,Huelva,-6.928149346682166,37.2607609921008
Calle Valdelarco,Huelva,-6.927559999641773,37.27483999960067
Plaza de Moguer,Huelva,-6.93114300058033,37.27150800030562
Plaza de Corteconcepción,Huelva,-6.926502000576576,37.27475100032134
Calle Ciruelo,Aljaraque,-7.01840199998194,37.284785999610236
Plaza Santa Raquel,Huelva,-6.9333750003806704,37.27171300020081
Calle Barbados,Huelva,-6.9221494448228,37.2733163450772
Calle Antonio J. Martínez Navarro,Huelva,-6.930894626019385,37.25521861405041
Calle Ernesto Deligny,Huelva,-6.93184237039812,37.2545455858141
Paraje Los Alunaos,Cartaya,-7.12933474201377,37.2713382364398
Calle Las Mallas,Niebla,-6.69147169587433,37.356508031818
Playa Hoyo Del,Isla Cristina,-7.28738160458384,37.2014047965837
Calle Virgen del Carmen,Chucena,-6.393790000208223,37.36314700023408
Calle Libertad,Bollullos Par del Condado,-6.538154999953106,37.345580000416874
Calle Nueva,La Nava,-6.74645400005189,37.96362799963268
Travesía Puerto Bajo,La Nava,-6.748217999560931,37.96413899981511
Calle Ayamonte,Aljaraque,-7.027069999703398,37.26765800040422
Paraje Puro Aire,Rociana del Condado,-6.61244624662902,37.308191828654
Grupo Garajes,Cortegana,-6.96822499999996,37.7937010000001
Carretera HU-3107 Niebla a Beas,Niebla,-6.719130999995495,37.381196999841876
Camino Los Almendros,Gibraleón,-6.9486296432768,37.352762612579
Calle Jacinto Benavente,Calañas,-6.87980799999991,37.6525350000001
Calle F (Laguna del Tornejón),Trigueros,-6.813529451999898,37.32526300600006
Calle tras Iglesia,Villarrasa,-6.609114999657319,37.391323000056545
Camino Padron de las Peñas,Paterna del Campo,-6.421708999870334,37.44569099993988
Calle Santa Teresa,Trigueros,-6.832294245999947,37.384212183000045
Avenida Reyes Magos,Calañas,-6.88358399999993,37.6562500000001
Calle Federico García Lorca,Villarrasa,-6.60905489,37.38813323
Calle Olivo,Bollullos Par del Condado,-6.544761999766314,37.337265000079896
Calle del Hospital,Villarrasa,-6.6073541377977,37.389852336881
Vía de Santa Bárbara,Puebla de Guzmán,-7.2269699999999375,37.638554000000056
Calle Luis Francisco Naranjo Acosta,Minas de Riotinto,-6.593331000225419,37.695140000110996
Camino del Manzanito,Niebla,-6.6178670003616125,37.506333999614625
Calle Rociana,Niebla,-6.68783623371144,37.3577443103694
Calle Zorzaleña,La Palma del Condado,-6.554246245999934,37.38122668300008
Calle Carrascal,Alosno,-7.11676099999994,37.54864400000008
Calle Carnicería,Cartaya,-7.15392099999991,37.284319
Calle Llana,Aroche,-6.955056999999954,37.943095000000085
Calle Alicante,Alosno,-7.12083199999995,37.59888900000004
Calle Clavel,Aroche,-6.953795999999954,37.94287300000008
Calle Ciudad de Huelva,Alosno,-7.121234999999956,37.60175700000008
Calle Santos,Aroche,-6.9536189999999465,37.94391800000005
Calle Rábida,Cabezas Rubias,-7.088465999999926,37.726091000000054
Calle Camino,El Campillo,-6.658860999999945,37.699546000000055
Calle Galeón,Cartaya,-7.124197999999922,37.21716500000008
Calle D,Calañas,-6.876516999999922,37.65552300000007
Calle Fuenteheridos,Cartaya,-7.15687006499991,37.2780140190001
Calle Granada,El Campillo,-6.62695599999995,37.692374000000086
Aldea Ventas de Arriba,Campofrío,-6.6186969999999405,37.76620200000008
Calle Carretera de la Corte,Cortegana,-6.829740999999956,37.95290700000004
Avenida Reyes Católicos,Gibraleón,-6.96840699999996,37.37789
Callejón Cantarranas,El Cerro de Andévalo,-7.07102664699994,37.68190078500004
Calle Galaroza,Castaño del Robledo,-6.704258999999922,37.896645000000035
Calle Pirita,Almonaster La Real,-6.6754252405601,37.7769842308551
Calle Frailes,Cartaya,-7.1534789999999475,37.28334700000005
Calle Río Guadiana,Cartaya,-7.12027499999994,37.2180530000001
Calle Peña Alta,Aroche,-6.858259999999916,37.96792500000004
Calle Serranos,Cartaya,-7.153690196999946,37.28383098300009
Paraje Fuente Aroche,Gibraleón,-6.975693999999919,37.37600700000007
Urbanización Residencial la Colina,Ayamonte,-7.4058951908561,37.268946073797
Calle Poeta Rafael Alberti,Bonares,-6.67853100008799,37.321152999959
Calle Paralela a Vallejito,Fuenteheridos,-6.66149999999993,37.9016070000001
Calle Dámaso Alonso,Aljaraque,-7.005116000163256,37.27854300012674
Calle María Zambrano,San Bartolomé de la Torre,-7.10477199999991,37.4471780000001
Calle Pez Espada,Ayamonte,-7.31523099970418,37.2317119995933
Calle Libertad,Jabugo,-6.729682999999909,37.91834700000004
Calle Trinidad,El Granado,-7.41594499999991,37.522182
Calle Cuba,San Juan del Puerto,-6.846141644999932,37.312010144000055
Calle Hermanos Niño,Palos de la Frontera,-6.89094400050016,37.2276909998343
Travesía Huelva,Ayamonte,-7.4043780004602135,37.214168000022106
Calle San Antonio,San Juan del Puerto,-6.84229799999991,37.317147
Calle Cabezuela,Jabugo,-6.729350578999913,37.91598986000008
Travesía Duque Travesia,Valverde del Camino,-6.753342999685133,37.57500800018412
Calle de los Álamos,Ayamonte,-7.39773699989605,37.2187390002558
Calle Bajel,Ayamonte,-7.343947000640765,37.190164999827374
Calle Catamarán,Ayamonte,-7.343157000158624,37.18863100028754
Calle Poeta Miguel Hernández,Rociana del Condado,-6.596898999999951,37.306039000000055
Plaza de las Palmeras,Lucena del Puerto,-6.732497999999907,37.30470600000007
Plaza Piscis,Punta Umbría,-6.972011552999959,37.18998218200005
Ronda de los Patos,Punta Umbría,-7.05166399999996,37.220308
Calle Tomillo,Villablanca,-7.34294799999992,37.3047990000001
Calle Cintia,Valverde del Camino,-6.762433000224763,37.576333000374674
Vereda de Valdejudios,Villablanca,-7.3294559999999365,37.26271100000008
Calle Nueva,Villablanca,-7.34295199999991,37.3037140000001
Calle Juncos,Punta Umbría,-7.051482999999905,37.21221600000007
Plaza Presidente Adolfo Suárez,Valverde del Camino,-6.75342925390044,37.5775566364734
Camino de San Bartolomé,Calañas,-6.953123999999946,37.54991400000006
Calle Ventorro,Puebla de Guzmán,-7.242726999999945,37.61215700000008
Plaza de España,Trigueros,-6.834226870999942,37.38316974500003
Calle Pino Gordo,Almonte,-6.52360599983902,37.2657999992175
Vía de los Huertos de Batan a San Bartolomé,Villanueva de los Castillejos,-7.188580999999942,37.400610000000086
Calle Malpica,Punta Umbría,-6.978196999999909,37.18711700000006
Plaza Iglesia,Zufre,-6.338747999999953,37.833837000000074
Calle el Prado,Santa Ana La Real,-6.72640199999995,37.8629730000001
Calle Huelva,Arroyomolinos de León,-6.42033780399804,38.0237289633536
Camino el Carabo,Valverde del Camino,-6.79160358603555,37.5361638477558
Camino Carb Castañuelo,Aracena,-6.5451479995804025,37.91826400038348
Calle Perelillo,Almonaster La Real,-6.83099203122027,37.884989036121
Carretera HU-9103 N-435 a Encinasola,Cumbres Mayores,-6.758177000168242,38.00981999929375
Calle Rinconada,Minas de Riotinto,-6.589845336792791,37.691243368087044
Senda de Lagunazo,Alosno,-7.17012799999992,37.63279800000004
Carretera A-493 de la Palma del Condado a Valverde del Camino,Bollullos Par del Condado,-6.5402978814226,37.35823157008
Camino Callejón de los Adobes,Alosno,-7.125791999999933,37.55340400000006
Camino los Campillos,Valverde del Camino,-6.77825523666678,37.5846197098165
Travesía Extremadura Trv,Cañaveral de León,-6.52699299962703,38.01482499987397
Camino Pinares,Bollullos Par del Condado,-6.54403899969992,37.3475979999479
Travesía Andalucía Trasera,Arroyomolinos de León,-6.418399999999906,38.01937900000007
Camino de Macias,Aroche,-7.102882999999906,37.86462000000006
Calle Mirador del Atlantico (Euroosa),Cartaya,-7.102172128999939,37.217300108000074
Camino el Tomillo,Valverde del Camino,-6.7760182325532,37.556758845532
Travesía San Roque,Manzanilla,-6.43489299991184,37.38914799958067
Camino Camino de Paymogo,Cabezas Rubias,-7.1555179999999154,37.727152000000046
Camino Camino de Alcolea,Gibraleón,-6.961391717999959,37.39762464100005
Camino Linarejo,Calañas,-6.904456999999923,37.632419000000084
Camino de las Veredas,Calañas,-6.880909999999915,37.668675000000064
Camino de la Bascula,La Granada de Río-Tinto,-6.50590399999993,37.77003700000006
Avenida Laguna del Guijarrillo,Palos de la Frontera,-6.823194600231463,37.13106842243659
Travesía Arriba,Hinojales,-6.588859999988873,38.00815099966907
Vía Carril del Corchuelo al Abalario,Lucena del Puerto,-6.740615999999932,37.15758100000005
Calle Ejidos del Molino de Viento,Villanueva de las Cruces,-7.022647999999947,37.62728400000009
Camino de Manzanilla al Indiano,Paterna del Campo,-6.481338000448166,37.460639000389754
Camino el Carbonero,Valverde del Camino,-6.78187405162833,37.5206551544921
Calle Gustavo Adolfo Bécquer,San Juan del Puerto,-6.84817199999992,37.31567600000005
Camino de Villanueva a de los Castillejos,Sanlúcar de Guadiana,-7.4316549996784005,37.48048400003672
Camino del Puerto,Santa Ana La Real,-6.727361999999914,37.866036000000065
Travesía Oriente,Santa Bárbara de Casa,-7.188022999761458,37.793543000009564
Calle Nuevo Mundo,Moguer,-6.836521000411843,37.139267000588575
Vereda del Camino del Cerro,Santa Bárbara de Casa,-7.16295330824199,37.7385454104618
Calle de los Correlimos,Ayamonte,-7.37964148320705,37.1760016807109
Camino del Jabuguillo,La Granada de Río-Tinto,-6.531554999999912,37.803911000000085
Plaza José Antonio Escuredo Raimóndez,Jabugo,-6.7300628004606,37.913593105664
Vía de Huerta Vieja,Lucena del Puerto,-6.767176999999947,37.28793500000006
Vía del Dique,Villablanca,-7.381561999999917,37.28322200000008
Camino de las Adelfas,Paymogo,-7.362831999999912,37.78663400000005
Grupo J (Zafrero),Puebla de Guzmán,-7.2947059999999055,37.61103700000007
Rotonda Los Cuatro Caminillos,Rociana del Condado,-6.595018206999953,37.30056088200007
Vía de los Quijos,Villanueva de los Castillejos,-7.063280999999961,37.489716000000044
Plaza Constitución,Punta Umbría,-6.9668095453951,37.182282879909
Calle Maestro Francisco Pérez Toro,Rociana del Condado,-6.5915469999999345,37.30692400000004
Camino a Cala,Zufre,-6.343356999999912,37.83923200000004
Plaza de la Constitución,Villalba del Alcor,-6.476802999795342,37.39727100021764
Calle Molino,Villalba del Alcor,-6.474083999696382,37.39765900040102
Camino del Canrio,Santa Olalla del Cala,-6.23565968599991,37.908550226
Polígono Agropecuario Calle D,Villanueva de los Castillejos,-7.27476799999994,37.4915360000001
Calle el Cabezo Primero,Sanlúcar de Guadiana,-7.46472400031222,37.4726080001593
Vereda de Portugal a Sevilla,Rosal de la Frontera,-7.277139999999918,37.88094700000005
Calle Bolivia,San Juan del Puerto,-6.846477554999922,37.312985334000075
Calle Onofre López,Huelva,-6.95319200733175,37.2536423942891
Calle Cisnes,Huelva,-6.95230027028627,37.2750006878685
Calle Nueva,San Bartolomé de la Torre,-7.10617095599991,37.446087789
Calle Cervantes,Bonares,-6.68196500055613,37.3224780001386
Calle Antonio Machado,Beas,-6.7950640002606875,37.426922999990445
Calle Lepanto,Beas,-6.79223256502295,37.4275043129038
Calle Pozo Concejo,Beas,-6.78862100024215,37.4245149999478
Calle Valverde,Beas,-6.73901100066013,37.390585000579
Calle Virgen de la Bella,Beas,-6.7713519997354,37.4039309996527
Calle Nuestra Señora del Reposo,Beas,-6.737780000597983,37.39003400024613
Plaza Constitución,Bonares,-6.682920999762301,37.321565000452885
Calle Iglesia,Bonares,-6.684000999241661,37.3211149995659
Calle Chucena,Moguer,-6.832994999465599,37.27256799983092
Calle Trafalgar,Bonares,-6.682926999365,37.3227749996388
Calle Costa de las Perlas,Moguer,-6.82474899965473,37.1363010002766
Calle Chile,Moguer,-6.836237000285143,37.28053499969851
Plaza del Cabildo,Moguer,-6.838705999680622,37.27501699968526
Calle Osario,Moguer,-6.83837699956093,37.2782930001773
Calle Maríneros,Moguer,-6.846029999864698,37.27737399970049
Calle Zalamea la Real,Moguer,-6.8328810004856075,37.27505700048177
Calle Aracena,Moguer,-6.832514999884243,37.273696000782074
Calle Isla Margarita,Moguer,-6.84213761435541,37.2723827686717
Calle Alcalde Antonio Batista,Moguer,-6.8320690005425115,37.27352899994373
Calle Eslora,Moguer,-6.830049000273611,37.13860900046263
Calle Puntales,Moguer,-6.843993999582928,37.276942000131434
Calle Hermanos Álvarez Quintero,Moguer,-6.836231999855038,37.27259900040974
Calle Fandango,Moguer,-6.80866150529939,37.1297695221795
Calle León Felipe,Valverde del Camino,-6.75359700050815,37.5801209996455
Calle el Arroyo,Huelva,-6.91757096697553,37.264156708168
Calle Picasso,Valverde del Camino,-6.75387900006747,37.5690709999186
Calle Francisco Pérez y Vacas,Bollullos Par del Condado,-6.53855000018225,37.3377629996629
Calle el Barrio,Paymogo,-7.34470027841714,37.7419308462808
Camino Viejo de San Miguel,Almonaster La Real,-6.720435000605326,37.75734699936857
Calle Candileja,Los Marines,-6.62042899979831,37.9042400002759
Calle Ildefonso Valero,Valverde del Camino,-6.762781000641991,37.57782199993686
Calle Escultor Elias Rodríguez Picon,Rociana del Condado,-6.592212999999958,37.310753000000034
Calle Condado de Niebla,Bollullos Par del Condado,-6.542873999935,37.3387959996358
Avenida Villa Real de San Antonio,Ayamonte,-7.409508999738681,37.21073299991963
Calle San Juan,Aljaraque,-6.99107999957561,37.2715579997304
Camino Villalba del Alcor,Almonte,-6.51091000042047,37.2705940004588
Calle Don Pedro González,Galaroza,-6.712778999999955,37.92549800000006
Calle Sánchez de Ortega,Aracena,-6.5732319996569,37.8868480004351
Calle Jilguero,Bonares,-6.685817999753279,37.31902699965929
Plaza Diego Marín,Bonares,-6.682576328953924,37.32440212585655
Plaza Rutherford,Aljaraque,-6.98774998260775,37.2748227167153
Calle Príncipe Felipe,Palos de la Frontera,-6.891998863204251,37.22855718129325
Polígono Industrial el Conde,Puebla de Guzmán,-7.264477670257,37.613495238978
Carretera HU-4403 Alosno a Puebla de Guzmán,Alosno,-7.131287999999927,37.553792000000044
Camino de Villalba,Paterna del Campo,-6.428142999799435,37.41087000035046
Calle Obrapia,Almonte,-6.52285999931487,37.2595640000639
Calle José Rizal,Nerva,-6.545892000080302,37.69290400053702
Plaza Portocarreros (*Diseminado*),Moguer,-6.839047999651348,37.276252999570836
Paraje Puente,Beas,-6.817743000057896,37.50247799961203
Vía del Rocío,Lucena del Puerto,-6.741039999999941,37.19545800000009
Callejón Valle,San Silvestre de Guzmán,-7.34938639099994,37.3883492590001
Calle Cinco Alto,Punta Umbría,-6.959389999999928,37.17686400000008
Calle la Herradura,Almonte,-6.51160699930066,37.2681170006415
Calle Tesoro del Carambolo,Huelva,-6.932089843865799,37.264972500721576
Calle Cabezo Gordo,Almonte,-6.51021000026899,37.2578390006779
Calle el Lince,Almonte,-6.47574551148579,37.132867670208
Calle la Flamenca,Almonte,-6.51464900022717,37.2532110002092
Avenida Luis Cernuda,Almonte,-6.52804604194816,37.2614013186075
Calle Ramón y Cajal,Corteconcepción,-6.497747000046593,37.89260100054332
Calle Descorchadores,Corteconcepción,-6.50308100030079,37.89280700020853
Calle Ruiz Zorrilla,Nerva,-6.544284999929088,37.69453299959145
Calle el Emigrante,Nerva,-6.544966000721811,37.69478999981965
Calle Alemania,Nerva,-6.55503699960932,37.69499899993
Plaza Pedro Fernández Crespo,Nerva,-6.543202648153069,37.689341760045586
Calle Alba,Nerva,-6.553977000460096,37.696528999937605
Calle Trafalgar,Nerva,-6.54961399943045,37.69574899991179
Calle Lepanto,Nerva,-6.547887341677546,37.69839854375659
Calle Pérez González,Nerva,-6.543467000390915,37.69469899929217
Calle Cervantes,Nerva,-6.549568236507075,37.70008170051579
Calle Pacífico,Nerva,-6.54701400006096,37.6959709999981
Calle Colón,Nerva,-6.55034000010288,37.6968220003934
Calle Barranco de Enmedio,Nerva,-6.5511424201561255,37.69306044615927
Plaza de Alfonso Pascual,Huelva,-6.943116267476874,37.26271025214865
Calle F (Polígono Industrial Fortiz),Huelva,-6.89584100067549,37.2896359999187
Calle Madre Teresa de Calcuta,Huelva,-6.936025886110623,37.27622022142236
Pasaje Antiguo Teatro Mora,Huelva,-6.95578279735827,37.2577971013421
Calle de la Agricultura,Huelva,-6.86876168090037,37.3114702070551
Calle el Pastral,Rociana del Condado,-6.591235999999924,37.30750000000006
Calle Hermanos Pinzón,Rociana del Condado,-6.599658999999917,37.312452000000064
Calle Tía Humilde,Aracena,-6.49358100026275,37.8660619996617
Calle Cruz de Montañina,Bollullos Par del Condado,-6.544119999837983,37.338025000053875
Calle Pozo,Chucena,-6.394504999905716,37.35953500004038
Solar Suelo Saur P3,Chucena,-6.392133000237567,37.3587319998821
Camino de Almonte a Hinojos,Hinojos,-6.399225999979785,37.293658000016904
Camino Cañada de la Bejarana,Hinojos,-6.389095000433753,37.271933000008076
Calle Virgen de Luna,Higuera de la Sierra,-6.4472149997722195,37.83704199958879
Calle Batan,Niebla,-6.679104000449079,37.36617200033767
Calle San Walabonso,Niebla,-6.68021100023727,37.3593549998336
Camino de Villarrasa,Niebla,-6.6510740001648605,37.36667900033574
Camino de Valdemo Rales,Niebla,-6.660855999804407,37.332904999566225
Camino a las Minas Carril,Villalba del Alcor,-6.504230000794865,37.45363200018091
Camino de las Coloradas,Paterna del Campo,-6.400691000089375,37.49735300004104
Avenida Extremadura Prolongación,Villablanca,-7.34435299999996,37.2998910000001
Urbanización Prado Golf,Ayamonte,-7.3859654003942,37.193736072177
Plaza del Llano,Almonaster La Real,-6.78653448304411,37.872091079038
Calle Duende,Aracena,-6.56704506687614,37.893954247191
Urbanización Residencial los Pelícanos,Ayamonte,-7.3520776168974,37.179306137176
Urbanización los Cisnes,Ayamonte,-7.3617360220185,37.176869535124
Carril a la Depuradora,Castaño del Robledo,-6.708136999999908,37.894445000000076
Carretera HU-8119 N-433 a Navahermosa,Galaroza,-6.66762099999994,37.927312000000086
Camino Camino de Navahermosa,Fuenteheridos,-6.665773999999942,37.91208500000005
Aldea el Collado,Alájar,-6.674830368033599,37.87110612567815
Camino Carril las Cumbres de Blanca,Aroche,-6.986578999999949,37.85778300000004
Calle Casa Vieja,Almonaster La Real,-6.8301802954358,37.883690546959
Carretera Acceso a Mina de Aguas Teñidas,Almonaster La Real,-6.838059529826877,37.783851807765714
Camino del Pinillo,Alosno,-7.139005999999938,37.598246000000074
Camino Callejón del Hervedero,Alosno,-7.087804999999946,37.55130100000008
Camino de Alosno a Paymogo,Alosno,-7.147670999999946,37.57704700000005
Camino de Lagunazo a la Mina de la Peñita,Alosno,-7.142212999999913,37.62983100000008
Camino el Chaparral,Cañaveral de León,-6.516991544723833,38.01622901875433
Camino de la Huerta,Bonares,-6.672339000202428,37.32599699985581
Camino Poderosa,El Campillo,-6.635772999999915,37.72079800000006
Camino Trocha del Picadero,Cortegana,-6.84738799999991,37.918476000000055
Camino del Alcornocal,Villanueva de los Castillejos,-7.28601599999996,37.4846700000001
Camino Viejo de Alosno a Valverde,Calañas,-6.915112999999906,37.60675300000008
Camino a Calañas,Calañas,-6.956564999999955,37.64057500000007
Calle Huelva,Trigueros,-6.83556912099988,37.38040762
Calle Peligro,Alájar,-6.665772999845693,37.872635000230424
Calle Adelfa,La Granada de Río-Tinto,-6.50863199999992,37.7678470000001
Calle Alcalde Ricardo Serrano Terrades,Punta Umbría,-6.96930799999996,37.1822460000001
Calle Virgen del Prado,Higuera de la Sierra,-6.4455958042401,37.834854265228
Calle Jazmines,Isla Cristina,-7.270266000173567,37.2403810000359
Grupo Estanco,Cortegana,-6.9664389485379,37.7965682455728
,Alosno,-7.121816336270978,37.55099880668746
Calle la Suerte,Aracena,-6.4577523987421,37.860144536969
Placita de la Trini,Chucena,-6.3941278854206,37.363452278322
Calle Benito Arias Montano,Gibraleón,-6.96348299999994,37.378338
Calle Sagrado Corazón de Jesús,Paterna del Campo,-6.40025699986055,37.4188499996279
Barriada Pío XII,Almonte,-6.52249400006133,37.2641050000666
Calle José Figueroa,Punta Umbría,-6.967286999999942,37.18299700000006
Calle Subastador Manuel Perenales,Lepe,-7.18175039383781,37.22443301320005
Calle Trasera Sagrado Corazon de Jesús,Aracena,-6.5643531957588,37.896961485232
Calleja de Guía,Aracena,-6.56048581828941,37.8908778464464
Polígono Explanada Cooperativa del Vino,La Palma del Condado,-6.5441099929999496,37.366328714000076
Camino Raya de la Cueva del Lobo,Hinojos,-6.439118999641946,37.30062900042822
Camino los Molares,Almonaster La Real,-6.7478144211899,37.864663272826
Camino de Calabazares,Almonaster La Real,-6.7467047592871,37.863259571713
"Calle Rosa Villegas Martín ""La Gandola""",Punta Umbría,-6.96475199999992,37.1814760000001
Calle Señor de la Columna,Niebla,-6.677281000017934,37.36495399992727
Camino Camino al Toril,Gibraleón,-7.06475204599991,37.478377357000056
Camino Camino de Segura,Cumbres Mayores,-6.635733484312734,38.07575125091963
Camino de Cabezo de la Pachona,El Granado,-7.44261599999993,37.51341200000007
Carretera A-481R de Hinojos a A-474,Hinojos,-6.36524400041013,37.295499000378754
Calle Mirador,Hinojales,-6.587094230614067,38.008583206649845
Calle Charo del Cura,Hinojos,-6.383186999580237,37.286989000042425
Vía de las Cortecillas,Puebla de Guzmán,-7.297339999999906,37.58107700000005
Vía de los Terminos,Puebla de Guzmán,-7.383801999999946,37.67657500000007
Vía de la Peña,Puebla de Guzmán,-7.233552999999915,37.608629000000064
Camino de la Serena,Paterna del Campo,-6.468254999668276,37.48971600039325
Camino de Servidumbre,Paterna del Campo,-6.417227000025915,37.47072499965921
Carretera HU-4103 la Palma del Condado a Berrocal,Paterna del Campo,-6.549572000347358,37.473333000317936
Carretera Hv-1172,La Nava,-6.7337100580725915,37.93457049603172
Vía de Valbuena del Río,Lucena del Puerto,-6.765384999999924,37.298650000000066
Camino del Alcornocal,Niebla,-6.622809999881443,37.34366300014753
Camino Fuente Vieja,Lucena del Puerto,-6.712740999999937,37.28561200000007
Vía de los Pantano,Lucena del Puerto,-6.7506512539478,37.2961407797
Camino Palos - Padron,La Palma del Condado,-6.5695358039999405,37.37787300700006
Camino de Toscano,Niebla,-6.656872000442351,37.33088099975848
Camino de la Uceta,Nerva,-6.487880999857953,37.72103200013589
Camino del Padroncillo de Palos,Niebla,-6.6428410000119475,37.35834700011415
Calle Pp Sr10 Calle D,Trigueros,-6.838292766999928,37.389614067000025
Calle Puerta de Sevilla,Aroche,-6.951296999999954,37.943542000000036
Calle Rematantes Hermanos Mario,Lepe,-7.183779870497075,37.22523711581097
Camino Viejo de Bollullos,La Palma del Condado,-6.54770930760299,37.3731554426449
Camino la Marta,Valverde del Camino,-6.7946611377004,37.526277087891
Glorieta de los Estudiantes,La Palma del Condado,-6.550803878999886,37.38208182100004
Calle Ginés Martín,Huelva,-6.95201999990861,37.2597150002238
Calle el Telar,Ayamonte,-7.40557000060378,37.21537399956329
Calle Camino Molino Nuevo,La Palma del Condado,-6.5599381209999,37.3932197450001
Grupo B (Barrenero),Puebla de Guzmán,-7.293004999999937,37.610419000000036
Calle Moreno Corpas,Puebla de Guzmán,-7.247947999999951,37.613342000000046
Calle de las Cañadas,La Palma del Condado,-6.545702512999981,37.38597667400006
Calle los Labraillos,Higuera de la Sierra,-6.4464924880376895,37.833753159980496
Calle Padre Pedro María Ayala,Bollullos Par del Condado,-6.535928999823371,37.335996000015584
Vía de la Borralla,Villablanca,-7.339061999999956,37.305734000000086
Calle Aracena (La Umbria),Aracena,-6.459786000323541,37.861209999841776
Calle Cervantes,Manzanilla,-6.4334760002171,37.3899939999233
Calle Antonio Soldan,La Palma del Condado,-6.553913432999934,37.38467805800008
Calle San Roque,La Palma del Condado,-6.54835462099993,37.3870291830002
Plaza de Conserje Manuel Quintero,Palos de la Frontera,-6.891735677833714,37.221998448011796
Calle Río Genil,Ayamonte,-7.396944000037095,37.218176999919564
Calle Abeto,Aljaraque,-7.0060139995954325,37.28779800006251
Calle Ciclamen,Aljaraque,-7.02276439681739,37.263432435716
Calle Doctor Olla Jara,Cortegana,-6.827570999999921,37.907534000000055
Calle Alcalde José Francisco Gómez Ávila,Rociana del Condado,-6.59850299999994,37.3126270000001
Calle Francisco de Herrera,Cartaya,-7.159449999999936,37.28616000000005
Calle Tamborilero,Galaroza,-6.669698999999923,37.931021000000044
Calle Dalías,Punta Umbría,-6.981887999999913,37.193962000000056
Calle Mirlo,Aljaraque,-7.0189439998900145,37.26780400005518
Calle Juan de Zamora,Ayamonte,-7.40676500073525,37.2131910002601
Calle Remedios,Puebla de Guzmán,-7.243703999999923,37.613011000000085
Calle Cooperativista Antonio M.Regidor,Lucena del Puerto,-6.73173799999995,37.30483300000009
Calle Verdial,Ayamonte,-7.40377200027914,37.2153170000574
Calle Pedro Romero,Valverde del Camino,-6.755151000070226,37.56860100027763
Calle la Cerca,Zufre,-6.34810799999991,37.8309190000001
Camino Real de Arroche,Cabezas Rubias,-7.085023999999919,37.728548000000046
Calle Barranco de la Calzada,Cabezas Rubias,-7.08652499999994,37.7260350000001
Calle Barrio,Calañas,-6.8788529999999355,37.65699100000006
Calle Marie Curie,San Bartolomé de la Torre,-7.09999799999991,37.443357
Calle Cortegana,Cala,-6.32120418386711,37.9719576705971
Zona Residencial Juan del Cid Calonge,Cala,-6.32308065464643,37.9751591332978
Camino Estadion,Calañas,-6.884003999999948,37.64479600000004
Calle José María Noriega,Calañas,-6.880453999999929,37.65233100000006
Calle Rafael Alberti,Calañas,-6.880640999999912,37.651695000000075
Calle Solana (Sotiel),Calañas,-6.846413999999925,37.60015400000009
Calle Arenal,El Campillo,-6.658636999999942,37.699681000000055
Calle Daoíz y Velarde,Santa Olalla del Cala,-6.222368484999947,37.90702940600005
Travesía Huelva Trasera,Villanueva de las Cruces,-7.022477496999954,37.62775698200005
Calle Córdoba,Cartaya,-7.113196999999957,37.219764000000055
Calle el Zorzal,Paterna del Campo,-6.40710299999962,37.4743929996458
Vereda de la Hoya del Novillo Rabiado,Rosal de la Frontera,-7.190052999999921,37.98626600000006
Travesía Murillo Transve,Santa Olalla del Cala,-6.234048289999919,37.907753392000075
Calle Malacate,Almonaster La Real,-6.67464499999994,37.7768530000001
Calle la Lentisca,Paterna del Campo,-6.40555799979775,37.4724799995613
Calle de las Monjas,Villalba del Alcor,-6.475228000429897,37.397321999644625
Paraje Pol 42 Gigarrito,Beas,-6.81130425210263,37.4232980494017
Calle Gaviota,Punta Umbría,-6.956937999999923,37.17442200000005
Grupo a (Manganeso),Puebla de Guzmán,-7.292964999999924,37.61109600000009
Trasera Iglesia,Puebla de Guzmán,-7.246841999999958,37.61147500000004
Calle Doctor Emilio Morales Morales,Punta Umbría,-6.96750105476287,37.1816015138058
Paraje Corral Fernando,Villablanca,-7.349685266999927,37.292897424000046
Calle Constitución,Villanueva de las Cruces,-7.024259999999913,37.62792900000005
Paseo de la Ribera,Moguer,-6.846782871835432,37.280699113204484
Calle Pintor Fontenla,Nerva,-6.55141600005749,37.6978039997826
Urbanización Residencial Ntra Sra del Carmen,Niebla,-6.67866572060419,37.3640866677565
Calle Maestro Rojas,Nerva,-6.55267148590389,37.6955052338303
Paraje Pol. 41 - Parralejo,Beas,-6.8250477766024,37.424705455113
Calle Luis Buñuel,Trigueros,-6.83320380499993,37.3846920400001
Calle Capitán San Roman,La Palma del Condado,-6.55028812299986,37.386545073
Calle Trasera Benavente,El Campillo,-6.629193999999927,37.69130000000007
Camino de Monte Blanco,Almonaster La Real,-6.793486045170943,37.78722632074502
Vía los Diques,Puebla de Guzmán,-7.288947999999948,37.61782100000005
Calle Virgen de Coronada,Valverde del Camino,-6.756888999851758,37.5749979997104
Calle sin Salida,Castaño del Robledo,-6.70377899999994,37.896555000000035
Plaza de España,Villanueva de los Castillejos,-7.27261299999992,37.5008090000001
Calle Rosario,Galaroza,-6.66915999999992,37.93120400000004
Calle la Huerta,San Bartolomé de la Torre,-7.11061199999995,37.445991
Plaza de los Padres,Paterna del Campo,-6.398176000122157,37.42051900015193
Urbanización Oraque,Villanueva de las Cruces,-7.02415037299994,37.6272703580001
Plaza de Paco Toronjo,Trigueros,-6.82707867199991,37.3850423430001
Calle Pozo,Paterna del Campo,-6.40003400036861,37.4182150000224
Calle Virgen del Mayor Dolor,Paterna del Campo,-6.40339299968704,37.4168869999353
Calle Lope de Vega,Trigueros,-6.83904112099998,37.388470495000035
Camino de las Carboneras o de los Rosales,Paterna del Campo,-6.446881999704378,37.43543800016375
Plaza de la Coral,Trigueros,-6.831191936999971,37.38134000200006
Camino de la Alpisar,Paterna del Campo,-6.417351000348192,37.43163700024751
Camino del Hinojar,Paterna del Campo,-6.421272000402344,37.41657199979808
Calle el Pacifico,Trigueros,-6.8305408079999665,37.38454212000005
Calle Molino Campo,Trigueros,-6.8317104329999,37.3833961830001
Calle Concepción,Valdelarco,-6.683465365234292,37.95030322961058
Calle Pascuales,Trigueros,-6.83779174599994,37.3834774950001
Calle Olleros,Trigueros,-6.83593418299989,37.3818995580002
Calle Santa María,Trigueros,-6.83035280799993,37.3792656830001
Calle Arias,Valdelarco,-6.68382690682868,37.9501713440374
Calle San Juan,Trigueros,-6.836261209999861,37.37325849900009
Calle Llamas,Valdelarco,-6.68322048075717,37.951148401956
Urbanización Hoyo 3,Cartaya,-7.065386571999909,37.21567587700008
Urbanización Residencial San Miguel,Cartaya,-7.101980579999918,37.21737806400006
Calle Carretera,Alosno,-7.11906700047482,37.5919079998734
Calle Olmo,Cartaya,-7.16038999999995,37.28539500000005
Calle Tipuana,Aljaraque,-7.009848999688568,37.289003999730795
Calle Santa Marta,Valverde del Camino,-6.74905600022808,37.5686220000889
Calle Almaden,Santa Olalla del Cala,-6.2207005719999415,37.905439631000036
Calle Hornillo,Zufre,-6.34066485600412,37.8358568464432
Urbanización Miguel Ángel Sol,Cartaya,-7.060328999999911,37.21313800000007
Calle Alonso de Mendoza,Cartaya,-7.073056999999949,37.21795000000009
Calle Golondrina,Cartaya,-7.15018248,37.28080292
Calle Rodrigo de Bastida,Cartaya,-7.061022175999938,37.21719465700005
Calle Arroyo de Tariquejo,Cartaya,-7.119540999999913,37.21793900000006
Urbanización Torreones de Cartaya,Cartaya,-7.066672737999909,37.21897342900007
Calle Paca la Zandunga,Cartaya,-7.158618504999936,37.28704751500004
Calle del Rosario,Castaño del Robledo,-6.70527099999993,37.893085
Calle Ribera,Cartaya,-7.14851799999991,37.279566
Carretera a Cumbres Mayores,Hinojales,-6.590133000237554,38.00936699998719
Carretera H-9008,El Cerro de Andévalo,-7.077637999999922,37.68281200000007
Calle PP Callejón Niebla V4,Valverde del Camino,-6.74651475,37.56455472
Calle Pilar,Cumbres de San Bartolomé,-6.74332614346713,38.0783423163694
Calle Castillo,El Cerro de Andévalo,-6.94028499999996,37.735636000000056
Calle Vuelta Falsa,Aljaraque,-6.992913966681031,37.268761811851114
Avenida Ingeniero Montenegro,Palos de la Frontera,-6.89500100015295,37.2296440001236
Plaza Villacisneros,Aljaraque,-6.993789000197093,37.270418999771714
Calle Mendo,Cortegana,-6.8205180448397,37.906838480424
Calle Sevilla,Fuenteheridos,-6.662420999999938,37.90527600000007
Calle Puerto,Cortelazor,-6.624336999999912,37.933362000000045
Travesía Virgen de los Remedios,Cortelazor,-6.62333708199992,37.9357489800001
Calle Fuentes,Cortelazor,-6.62328499999995,37.9335830000001
Calle la Era,Cortelazor,-6.623997999999915,37.93382800000006
Calle San Rafael,Fuenteheridos,-6.66178393452867,37.905821421236
Calle Méndez Núñez,Galaroza,-6.71366299999994,37.925677000000064
Calle Portugal,Galaroza,-6.705202999999926,37.924469000000045
Plaza Constitución,Galaroza,-6.712414999999908,37.92640600000004
Calle Alfonso XII (Navahermosa),Galaroza,-6.66982599999994,37.9308090000001
Calle Tenerias,Gibraleón,-6.972198999999932,37.37664300000006
Plaza Cilla,Gibraleón,-6.971961999999905,37.375478000000044
Calle Ernest Lluch,Gibraleón,-6.968591717999914,37.379461855000045
Calle Goya,Gibraleón,-6.974232999999913,37.37852300000009
Calle la Paz,Gibraleón,-6.96100599999994,37.3758100000001
Camino Apeadero de Gil Marquez,Almonaster La Real,-6.8518828774008025,37.85610162237043
Calle Manuel Siurot,Gibraleón,-6.96602099999996,37.377033
Calle Villadentro,Gibraleón,-6.974584999999934,37.376266000000044
Calle Virgen de la Bella,Gibraleón,-6.974365999999918,37.37232000000006
Calle Tharsis,Gibraleón,-6.97008799999992,37.3789
Calle Arboleda,Almonaster La Real,-6.81279399999994,37.8889240000001
Paraje Valle del Pozo,Beas,-6.788864000288964,37.4235040004294
Calle Galeón España,Ayamonte,-7.40435976281287,37.2004049218829
Calle Paz,Punta Umbría,-6.964621999999906,37.18276700000007
Calle Manuel de Falla,San Bartolomé de la Torre,-7.108436999999924,37.44834300000008
Calle Pp1 - Calle C,Aracena,-6.570315057593723,37.89225774180157
Calle Josefa Navarro (Jabug),Aracena,-6.51644499973681,37.8596580002167
Calle Sol,Aracena,-6.56421932413206,37.8962221890992
Calle la Pasa (Carboneras),Aracena,-6.5436469996091535,37.91770699987829
Calle Boca de Oro,Aracena,-6.571022,37.887974
Calle El Pollo,Aracena,-6.6009578684986,37.937928716371
Plaza los Castaños,Aracena,-6.563626107028199,37.8924272114383
Calle Ejido (Jabuguillo),Aracena,-6.51696726788993,37.8585975695282
Calle Puerto Rico,Bollullos Par del Condado,-6.54151600026299,37.3500050003307
Calle Carpinteros,Bollullos Par del Condado,-6.54237100012146,37.3546749998515
Calle Lepanto,Bollullos Par del Condado,-6.53607800039925,37.3391250004186
Calle Santa María,Bollullos Par del Condado,-6.539827999762194,37.334227000276
Calle Pastorcitos,Bollullos Par del Condado,-6.540264000083374,37.34326299968782
Calle Igualdad,Bollullos Par del Condado,-6.538407999929097,37.345770000185595
Calle el Salvador,Bollullos Par del Condado,-6.542499999775,37.3357159996938
Calle Almería,Bollullos Par del Condado,-6.53783000025413,37.3466219999055
Calle Méjico,Bollullos Par del Condado,-6.54294812392221,37.3499115621512
Calle Condesa de Barcelona,Bollullos Par del Condado,-6.537934999700335,37.33992799967763
Calle San Vicente,Bollullos Par del Condado,-6.5351160001032,37.3347110001127
Calle Pedro Miguel Pérez Ayala,Bollullos Par del Condado,-6.535625000193457,37.334341000137194
Calle Pérez Merchante,Bollullos Par del Condado,-6.5380129997000385,37.33669699996673
Calle II Duque de Ahumada,Bollullos Par del Condado,-6.53711399961118,37.3477319998321
Calle la Fuente,Cañaveral de León,-6.52913999971106,38.015391999941
Camino Jacaco,Cañaveral de León,-6.540794353676322,38.02536789161511
Plaza Libertad,Cumbres Mayores,-6.64407507940118,38.06532285456624
Plaza Mon de Santa Clara,Cumbres Mayores,-6.64441157873118,38.06123501138681
Carretera HU-9105 N-435 a Cumbres de San Bartolomé,Cumbres de Enmedio,-6.706387371879564,38.074357573343505
Plaza Amparo,Cumbres Mayores,-6.64385199986971,38.065182000049475
Calle Florencio Velasco,Encinasola,-6.87224706784774,38.1357931122625
Calle Nuestra Señora del Rocío,Cumbres Mayores,-6.64300200024196,38.060689999743886
Calle los Abades,Cumbres Mayores,-6.64589981912122,38.0634514184483
Calle Padron el Tejar,Rociana del Condado,-6.599539169999957,37.30214343600005
Calle Tharsis,San Bartolomé de la Torre,-7.10798304640672,37.4442447800505
Calle Gabaton,Valverde del Camino,-6.7506290000607745,37.572118999948
Calle Cartuja,Chucena,-6.395588000385767,37.36512899990353
Calle Niño Pérez,Chucena,-6.39262699963611,37.3628219996357
Travesía Purchena Trasera,Chucena,-6.395713999901033,37.35997899983109
Calle Benafique,Manzanilla,-6.428842999704537,37.38883100025059
Calle Nuestro Padre Jesús Nazareno,Escacena del Campo,-6.389544999601825,37.41050100042103
Calle Sargento López,Escacena del Campo,-6.3909491041701,37.409706936584
Calle Veta Carrizosa,Hinojos,-6.38452500012855,37.288867000312
Calle Diego Franco,Hinojos,-6.38015700014533,37.2914150000024
Calle Manuel Rodríguez Cano,Hinojos,-6.382336999952398,37.29029200037567
Calle las Laderas,Hinojos,-6.3834679999481,37.28947899975623
Calle Baldomero Olivencia,Hinojos,-6.37979399959322,37.2895720004476
Calle la Mora,Hinojos,-6.37508299998032,37.2910320003267
Calle la Niña,Manzanilla,-6.426826000219593,37.38692200035021
Callejón de la Veguita,La Nava,-6.743766000200565,37.96280000012008
Camino Raya de los Pinos,Hinojos,-6.413923999692661,37.296503999959825
Camino Raya Nueva,Hinojos,-6.37199999989994,37.2192280003721
Camino de Majamon,Manzanilla,-6.43541183678664,37.3938687289588
Camino Cordel de Portugal,Niebla,-6.731706999877942,37.41471200035868
Camino el Palo,La Nava,-6.743759761603548,37.96075256397981
Aldea las Chinas,La Nava,-6.729481551032609,37.93344359964263
Calle Padre Vázquez Castillejas,Niebla,-6.67946800014791,37.3638280001622
Calle Alfonso X el Sabio,Niebla,-6.67734800040975,37.3655670003169
Calle Pajaritos,Niebla,-6.67837300001378,37.3639450001618
Calle Virgen de la Amargura,La Palma del Condado,-6.54874292799991,37.3904414450002
Calle Lepanto,La Palma del Condado,-6.55131780799996,37.389037683
Calle del Medio,La Palma del Condado,-6.55026743299993,37.3874162450002
Calle Rey Juan Carlos I,La Palma del Condado,-6.55289162099996,37.3870159330001
Calle Senador Agustín Díaz Camacho,La Palma del Condado,-6.551886995999951,37.38079612000007
Plaza del Rocío,La Palma del Condado,-6.554165052999963,37.38625725500003
Calle Médico Sandino,La Palma del Condado,-6.54988162099994,37.38096162000005
Calle Luis Rosales,La Palma del Condado,-6.560056932999942,37.38871643300007
Calle Pilas,La Palma del Condado,-6.54598025999985,37.3847576470001
Paseo las Palmeras,La Palma del Condado,-6.553510870999958,37.38282830800006
Calle Moguer,La Palma del Condado,-6.55613974599987,37.384129683
Calle los Girasoles,La Palma del Condado,-6.5448711209999715,37.39140068300003
Calle Vendimiadores,La Palma del Condado,-6.55656474599994,37.3850494330001
Calle Doctor Fleming,Paterna del Campo,-6.3994870003246875,37.418944000365514
Calle San Isidro,Paterna del Campo,-6.40473200028144,37.4166319998671
Calle Enebro,Aljaraque,-7.0237400005787425,37.26473000028122
Calle Mar Cantabrico,Palos de la Frontera,-6.8552220006321996,37.14537299971205
Calle Canoa,Palos de la Frontera,-6.8326197355478,37.136635043428
Calle Santa Ana,Punta Umbría,-6.96201699999995,37.179336
Plaza Andalucía,Jabugo,-6.730272999999954,37.91809400000005
Camino de Campofrío,Linares de la Sierra,-6.621182000348887,37.86815199981511
Calle Cruz,Linares de la Sierra,-6.6225700643567995,37.87961588996152
Calle Colón,Linares de la Sierra,-6.622042061591645,37.879934737398415
Calle Santa María,Alosno,-7.112567999999953,37.54867100000007
Camino el Pardillo,Valverde del Camino,-6.78865385815095,37.5366157501476
Calle del Sol,Aroche,-6.954418999999916,37.94501400000007
Calle Fray Juan Bros,Aroche,-6.954264999999907,37.94405900000004
Calle Zizoa,Aroche,-6.954260999999917,37.94537500000007
Calle la Fuente,Castaño del Robledo,-6.703743999999915,37.89612800000009
Calle Islas Canarias,Palos de la Frontera,-6.89336706373695,37.2208595469492
Calle Sierra Nevada,Punta Umbría,-6.976283999999907,37.18895300000008
Calle Corraletes,Puebla de Guzmán,-7.24936499999995,37.6135980000001
Vía de la Algarrobera Villablanca,Villablanca,-7.40037899999993,37.312699000000066
Calle Abajo,Santa Bárbara de Casa,-7.187581000062927,37.7971340001342
Avenida Andalucía,Villanueva de las Cruces,-7.024707999999919,37.627128000000084
Vía a San Bartolomé,Villanueva de los Castillejos,-7.16479599999991,37.43665800000008
Calle Fuentecilla,Los Marines,-6.624698999758861,37.902995000419125
Calle Cerrillo,Villalba del Alcor,-6.477763000750571,37.395687999907445
Camino de las Guardianas,Manzanilla,-6.43164377543969,37.3941690035968
Calle Trasera Molino,Santa Bárbara de Casa,-7.18889400035764,37.7988340002891
Calle Rábida,Ayamonte,-7.4063750006631315,37.21451099980643
Calle Murillo,Ayamonte,-7.40178099996359,37.2056950000031
Calle la Regaera,Puerto Moral,-6.479676772999937,37.891185696000036
Calle Moguer,Ayamonte,-7.404147008601127,37.211940965870454
Calle Encina,Higuera de la Sierra,-6.449417999740712,37.83777500011635
Calle Manganilla,Puebla de Guzmán,-7.250225999999941,37.613991000000055
Calle Canoa,Punta Umbría,-6.956935999999928,37.17946500000005
Calle Navio,Punta Umbría,-6.95916399999993,37.179084000000046
Calle Gloria Fuertes,San Bartolomé de la Torre,-7.107704999999953,37.444742000000076
Calle Huelva,Rosal de la Frontera,-7.21704166799992,37.965473892
Calle la Fuente,Santa Ana La Real,-6.72372395199994,37.864521638
Carretera Carretera H-V-5135,Villalba del Alcor,-6.521523000307634,37.43871900026852
Vía del Alcoronal,Villanueva de los Castillejos,-7.303546999999924,37.49962500000004
Urbanización Apartamentos Leo,Ayamonte,-7.37622353856298,37.175150168732
Vía de San Bartolomé a la Puebla,Villanueva de los Castillejos,-7.199082999999916,37.49375800000007
Vía del Olivar de Alosna,Villanueva de los Castillejos,-7.254127999999923,37.49740600000007
Colada del Trabuco,Zufre,-6.225521999999955,37.74453500000004
Camino del Antiguo Ferrocarril de las Minas de Cala,Zufre,-6.248367999999914,37.760816000000034
Calle Venezuela,Ayamonte,-7.400044571485255,37.22265125529002
Carretera A-481 de Chucena a Villamanrique de la Condesa,Hinojos,-6.381556999955451,37.326599000143915
Calle Bermejal,San Juan del Puerto,-6.84511099999992,37.3148630000001
Camino del Canal,Sanlúcar de Guadiana,-7.389933000207655,37.468419000336795
Camino de Almonaster,Santa Ana La Real,-6.744191999999941,37.85804200000007
Camino de San Bartolomé,San Silvestre de Guzmán,-7.3370389999999475,37.389891000000034
Avenida de Punta Umbría,Aljaraque,-7.021363999912727,37.26846699975467
Camino de Cala a Santa Olalla,Santa Olalla del Cala,-6.276628999999957,37.92141900000007
Camino Tabla de la Cruz de Clarines,Trigueros,-6.82822622599997,37.378699648000065
Calle la Ausera,Cumbres Mayores,-6.641687999901158,38.059471999333496
Plaza Granado Valdés,Nerva,-6.55289757300477,37.6982549680263
Camino de Zufre a Almaden de la Plata,Santa Olalla del Cala,-6.210331999999937,37.85365800000005
Calle PP Callejón Niebla V3,Valverde del Camino,-6.7465147514913,37.564554720209
Calle Costa Rica,Aljaraque,-7.02797100009647,37.269481999818
Calle Encina,Aljaraque,-7.011356,37.288922
Plaza Sabina,Moguer,-6.829493760361381,37.13812283444074
Calle Umbría,Moguer,-6.821431824625071,37.258042135947214
Calle Botavara,Moguer,-6.831401323814542,37.13848113766065
Calle Coquina,Punta Umbría,-6.964439999999911,37.18008100000009
Calle Chile,San Juan del Puerto,-6.8461291829999595,37.31294963300007
Calle Monasterio,Palos de la Frontera,-6.895253000074857,37.228203999613335
Calle Pozo de Mackay,Punta Umbría,-6.95969599999995,37.1756770000001
Calle de los Naranjos,Moguer,-6.8307820005649,37.2720460002509
Calle Cristóbal Colón,Palos de la Frontera,-6.89271200057224,37.228893999691
Calle Cruz de los Mozos (Diseminado),Niebla,-6.68278999955866,37.36558999957897
Calle Castaño,Moguer,-6.8306285421244,37.27333629529
Camino de los Serranos,Almonte,-6.5378572548593,37.2568562430443
Calle Cigüeña,Punta Umbría,-7.05174999999991,37.2131420000001
Calle Sapu Si A-490 Calle I,Villanueva de los Castillejos,-7.25496381299996,37.4889207090001
Camino de las Viñas,Cumbres de San Bartolomé,-6.725238320167249,38.07336922870111
Calle Arrabal,Aracena,-6.55985640894597,37.8898412994366
Calle Playas del Sur,Punta Umbría,-7.04793299999994,37.2109150000001
Calle los Barreros,Higuera de la Sierra,-6.444815999758378,37.833167999903395
Calle Retama,Lepe,-7.1751561732612155,37.225115605099646
Calle Martinete,Lepe,-7.223044707423476,37.20724565979459
Calle Aroche,Santa Bárbara de Casa,-7.1854444668539,37.798621581084
Avenida Alcalde José Conceglieri,Aljaraque,-7.02167883362725,37.2695021957479
Calle Roque de los Muchachos,Aljaraque,-6.99094545928716,37.2963133963498
Calle de la Canela,Aracena,-6.5581096654706,37.895687320693
Plaza de Méjico,Cartaya,-7.15663399999994,37.2864280000001
Calle Torre,Zufre,-6.3388429336559,37.834621402021
Calle el Cabezuelo,Higuera de la Sierra,-6.447373404558752,37.83576199721856
Calle Soyaux,Palos de la Frontera,-6.89155657452594,37.2203921519319
Plaza Concordia,La Palma del Condado,-6.5498341166602,37.390062434885
Avenida de la Constitución,La Palma del Condado,-6.55415554468385,37.3905542969291
Calle Duque,Zufre,-6.339821429999915,37.83343935400006
Calle Río Manzanares,Ayamonte,-7.396067999698538,37.21888699970916
Calle Finlandia,Aljaraque,-7.0201796279125785,37.26497069357432
Calle Azor,Punta Umbría,-7.04518899999994,37.2096060000001
Calle Tuberia,Aljaraque,-6.993061883374631,37.27622049908707
Calle Avellano,Aljaraque,-7.009804999795928,37.282774999760576
Calle Begonia,Aljaraque,-7.0260680004793565,37.2658420001268
Calle los Palomares,Santa Olalla del Cala,-6.226492999999948,37.90813700000007
Calle Nuestra Señora del Puerto,Zufre,-6.340232903999947,37.83409700100009
Plaza de Manuel Gómez Orta,Lepe,-7.183358000137823,37.22573600032544
Calle Nicaragua,Aljaraque,-7.026753000145039,37.26919500002675
Calle Crucero,Ayamonte,-7.342619506454799,37.18859842223283
Calle San Silvestre de Guzmán,Ayamonte,-7.40634000059905,37.2083889998565
Calle Hermanos Pinzón,Santa Olalla del Cala,-6.23034199999995,37.9065150000001
Calle las Encinas,Santa Olalla del Cala,-6.223436999999933,37.908217000000036
Calle Manuel Lerdo de Tejada,Ayamonte,-7.40898799981055,37.2167610004209
Plaza San Mateo,Paymogo,-7.344287999999949,37.73962000000006
Calle Talleres,Zufre,-6.34164607999992,37.8332777690001
Prolongación Lepe Prolong,Villanueva de los Castillejos,-7.27072699999991,37.496064
Calle Raya,Punta Umbría,-6.968993999999952,37.184060000000045
Calle Isla Fuerteventura,Punta Umbría,-6.97429011062686,37.1866903094172
Calle Granado,Aljaraque,-7.0177570003233365,37.28355700033647
Calle Gladiolo,Punta Umbría,-6.982732999999939,37.19575700000007
Calle Canoa,Ayamonte,-7.342739999790626,37.18916800001787
Calle Amura,Punta Umbría,-6.962335999999937,37.178473000000054
Calle Julio Romero de Torres,Valverde del Camino,-6.75392200046589,37.5686790003473
Calle Palmera,Aljaraque,-7.005600000348515,37.28431099994418
Calle Aracena,Aljaraque,-7.033217229142816,37.263107680557816
Calle de las Cigüeñas,Ayamonte,-7.35596500019776,37.179537000043
Calle de los Pelícanos,Ayamonte,-7.35338988814153,37.17891253957717
Calle de los Estorninos,Ayamonte,-7.37875000037067,37.1749489998061
Calle Reyes Católicos,Palos de la Frontera,-6.89424000016625,37.2290380003043
Barrio San José,Jabugo,-6.748589999999922,37.89500600000008
Calle Valle,Santa Bárbara de Casa,-7.189869000353934,37.79633700025255
Plaza Nuestra Señora de las Flores,Sanlúcar de Guadiana,-7.46601000026115,37.4740989996693
Calle Galera,Punta Umbría,-6.96424699999994,37.1813670000001
Calle Tobas,Higuera de la Sierra,-6.443568999809299,37.83444799957569
Calle Vázquez Díaz,Lucena del Puerto,-6.72976999999992,37.3052840000001
Calle Numancia,Rociana del Condado,-6.593744999999956,37.311209000000076
Calle San Francisco Javier,Punta Umbría,-6.95721070999991,37.1797860610001
Calle Tres de Agosto,Palos de la Frontera,-6.88406399966212,37.2247009999254
Calle Lis,Aljaraque,-7.02583200047138,37.2662200002706
Calle Decisión,Ayamonte,-7.31436934163506,37.2255652048311
Calle Álamos,Punta Umbría,-6.967125999999951,37.17938700000008
Calle Fragata,Palos de la Frontera,-6.888245000315189,37.22695499972201
Calle Lagar,Rociana del Condado,-6.59704099999993,37.3028200000001
Calle Rábida,Valverde del Camino,-6.7507270934236,37.573228137814
Calle Charles Adams,Huelva,-6.95217443636461,37.2512785303883
Plaza Ramón y Cajal,Aljaraque,-7.0261140003854,37.2691420000395
Calle Vázquez Díaz,Aljaraque,-7.003037,37.270865
Calle Pintor Antonio Gómez Feu,Ayamonte,-7.398535000090881,37.215675000077944
Calle del Pez,Ayamonte,-7.409151000697158,37.212779000113485
Calle de la Cruz,Higuera de la Sierra,-6.44438956391784,37.8333255463412
Ronda Latina,Punta Umbría,-6.969063999999946,37.190960000000075
Calle el Almendral,Punta Umbría,-6.976442999999961,37.185422000000074
Calle Río Tinto,Lucena del Puerto,-6.7306330424944,37.306753923662
Calle Hermanos Álvarez Quintero,Rociana del Condado,-6.59568499999995,37.305393
Calle Luis Cernuda,Valverde del Camino,-6.753330000221234,37.57729300032752
Calle Centeno,Villanueva de los Castillejos,-7.269482999999923,37.50385600000004
Calle Pelicano,Punta Umbría,-6.951371999999935,37.173601000000076
Calle Rábida,Palos de la Frontera,-6.89452900034967,37.2278639997034
Calle Pino,Villablanca,-7.34553299999993,37.301652
Paseo Cartaya,San Silvestre de Guzmán,-7.348195999999916,37.38615700000008
Calle Sanlucar de Guadiana,Ayamonte,-7.402593000225805,37.207386999815355
Calle Diego José Navarro,Higuera de la Sierra,-6.444851353906698,37.833718022568846
Calle Sagrada Familia,Santa Olalla del Cala,-6.224687511999946,37.90617862900007
Paraje La Multilla,Calañas,-6.9075155795087,37.603589904964
Paraje Martín Villa,Trigueros,-6.8689564208698,37.466258759733
Calle Robalito,Ayamonte,-7.338878000494333,37.18660000005924
Calle Jovellanos,Ayamonte,-7.40700800025475,37.2137049998318
Calle Molino,Higuera de la Sierra,-6.446918328717741,37.83722724733971
Calle Peral,Higuera de la Sierra,-6.44738000018671,37.8338390002698
Calle Plaza,El Granado,-7.41656899999992,37.5214690000001
Calle Talero,Jabugo,-6.72804171999991,37.9191974180001
Calle Juan Ramón Jiménez,Villanueva de las Cruces,-7.024588500999926,37.62688662100004
Calle Empalme,Jabugo,-6.73025328299991,37.9146876940001
Calle Eugenio Ducler,Aljaraque,-6.98818500037257,37.2793819998849
Calle Real,Los Marines,-6.62300900006516,37.9036479999554
Calle Cabreros,Rociana del Condado,-6.595292999999913,37.307585000000074
Calle Bergantín,Punta Umbría,-6.960802999999942,37.17859400000009
Calle la Santa María,Rociana del Condado,-6.596836362999909,37.313975508000055
Calle Guadiana,Lepe,-7.206383000716402,37.25217899970765
Camino de Soloviejo,Almonaster La Real,-6.705258000148124,37.75432499984603
Camino de La Corte de Arriba,Almonaster La Real,-6.75381299999992,37.8590270000001
Calle Camino de Santa Eulalia,Almonaster La Real,-6.75175376725043,37.860522295
Barriada Bloques Estrella,Minas de Riotinto,-6.597188585484787,37.69161282667068
Calle Mesana,Lepe,-7.197242000216451,37.26288499971908
Calle Filón Norte,Minas de Riotinto,-6.598210052551849,37.69046147231916
Calle Doctor Marañón,Minas de Riotinto,-6.58090400001953,37.71499100003467
Calle Picasso,Minas de Riotinto,-6.581577456434445,37.714420799280504
Calle Pozo Victoria,Minas de Riotinto,-6.600147773201115,37.69127776086003
Calle Ramón y Cajal,Minas de Riotinto,-6.591515000117113,37.6969499999426
Calle Río Genil,Lepe,-7.2026140000289205,37.24979000000407
Calle la Huerta,Minas de Riotinto,-6.5939059997620575,37.691470999986734
Calle Vázquez Díaz,Minas de Riotinto,-6.580569999905549,37.71577100003168
Calle Huesca,Minas de Riotinto,-6.587343658483007,37.69482451613857
Calle Sagunto,Minas de Riotinto,-6.589196000195216,37.6963769995989
Calle Fenicios,Minas de Riotinto,-6.588908000403876,37.69562499999381
Barriada la Naya,Minas de Riotinto,-6.588671000266402,37.69163700044726
Barriada Estación de Enmedio,Minas de Riotinto,-6.587921999900345,37.69061600012833
Calle Matalascañas,Lepe,-7.205148000732796,37.24817599990662
Calle Foque,Lepe,-7.197006000717198,37.26372099988701
Calle Trafalgar,Minas de Riotinto,-6.593838000223457,37.693131000095605
Calle Tarantos,Lepe,-7.184131000261633,37.22607199981824
Calle Oficiales,Lepe,-7.194371000386133,37.2704439996933
Calle Forjadores,Lepe,-7.196008999835907,37.25089900035337
Calle Aguadulce,Lepe,-7.2016595873887495,37.20788116064082
Calle Manuel de Falla,Lepe,-7.21178068334319,37.26140166539249
Calle Guadiana (La Antilla),Lepe,-7.223517999656917,37.20463999991829
Calle Valverde,Lepe,-7.204047000664397,37.2519800000687
Calle del Tren,Lepe,-7.20566700035352,37.2566549999979
Calle Espatula,Lepe,-7.222678537840251,37.20985259344829
Calle Isla Cristina,Lepe,-7.20609162007469,37.2553253020281
Calle Playa de San Miguel,Lepe,-7.204171000053842,37.248248999671866
Calle Valle Taray,Lepe,-7.206615000281262,37.24979199989988
Calle de la Higuera,Lepe,-7.2091159999111065,37.2582920002853
Calle Mineras,Lepe,-7.1830560003518,37.22374800036004
Calle Encarnación,Lepe,-7.20364499981538,37.2559139998004
Camino de la Tinajita,Lepe,-7.1813517323171485,37.22919405113807
Avenida Tomás Cacho,Lepe,-7.219989000713679,37.20830899986458
Plaza Manuel Summers,Lepe,-7.19901254597746,37.2574425648793
Plaza de los Acebuches,Lepe,-7.20995999997798,37.2575300001237
Calle Pensamiento,Lepe,-7.194528000588845,37.25735099965837
Calle Bella González,Lepe,-7.22764000016174,37.2052880003611
Calle del Muelle,Lepe,-7.17353499987964,37.22509799959557
Calle Juan Santana,Lepe,-7.203076999905644,37.25604799967688
Calle Concordia,Lepe,-7.197448000586936,37.26156800010866
Calle Alcalde Victoriano Durán,Lepe,-7.20218100014765,37.2542350001701
Calle el Pino,Lepe,-7.20213854584825,37.2508202272878
Calle Calañas,Lepe,-7.19978600022907,37.2601630002449
Calle Velarde,Lepe,-7.20564600035083,37.258718999760376
Pasaje las Dunas,Lepe,-7.222480184280205,37.205336405907715
Calle Gaviota,Lepe,-7.220863999901803,37.20830800033734
Urbanización Residencial Bitácora II,Lepe,-7.204229000181338,37.20763100005669
Calle Isla de Saltés,Lepe,-7.206701000569538,37.2471820001638
Calle Patera,Lepe,-7.216463000373167,37.209850999995794
Calle Carpinteros,Lepe,-7.19519899999848,37.2688509997251
Calle Seguidilla,Lepe,-7.184422407326631,37.22358314214936
Calle Guadalquivir,Lepe,-7.20057106149576,37.25087846312617
Calle Curtidores,Lepe,-7.197879999969732,37.24948899991575
Calle Peteneras,Lepe,-7.185270000510776,37.22684099969604
Urbanización Residencial Almoharín,Lepe,-7.23092645232644,37.2139461369779
Calle Jóvenes Acción Católica,Lepe,-7.182662000514842,37.22407199982826
Calle Francisco Sotomayor,Lepe,-7.203383999754632,37.24833099969261
Calle Capataz Juan A. Franco,Lepe,-7.2011539997606056,37.25376399996361
Calle Canarias,Lepe,-7.198215000587579,37.252741000196096
Calle Fuente Nueva,Lepe,-7.2076847455432,37.2538616011003
Calle Baleares,Lepe,-7.19884200024474,37.2523029999963
Paseo de la Vera,Lepe,-7.2313490004022976,37.20960000028658
Calle San Bartolomé,Lepe,-7.203320660256465,37.26069169164925
Calle Petunia,Lepe,-7.195046377781708,37.25878017104409
Avenida de las Flores,Lepe,-7.196235000386544,37.26035799976247
Calle Azahar,Lepe,-7.1931980001957125,37.25827200037367
Avenida Villanueva de los Castillejos,Lepe,-7.203297575766872,37.259908170169865
Avenida de las Marismas,Lepe,-7.1747754186535735,37.224841359443744
Pasaje de la Casa Grande,Lepe,-7.203419247986424,37.25323241716264
Calle F,Lepe,-7.198280108172959,37.24425851387571
Carretera de la Cañada,Lepe,-7.212400190088672,37.28110650164428
Camino a la Cañada de Sánchez Ramírez,Lepe,-7.2124781272790734,37.30593028738719
Núcleo Residencial San Juan,Lepe,-7.202446290765415,37.25448284437407
Calle I,Lepe,-7.203827191918145,37.26425707672599
Calle Clavel,Lepe,-7.1931980001957125,37.25827200037367
Calle las Violetas,Lepe,-7.193178000640376,37.25973200018068
Urbanización Rosa de los Vientos,Lepe,-7.2156303680136,37.2217983277028
Calleja las Pilas,Cortelazor,-6.62577799999991,37.9370400000001
Plaza Constitución,Cortegana,-6.82060999113963,37.9093397188234
Camino de San Silvestre,Lepe,-7.2800055644531305,37.35628013416229
Camino de Villablanca a Alosno,Lepe,-7.283920265928266,37.3639284353607
Calle Sierra,Villanueva de los Castillejos,-7.27349299999992,37.4973130000001
Calleja de Teodoro,Villanueva de los Castillejos,-7.27360399999992,37.500009
Calle Vasco Núñez de Balboa,Moguer,-6.83839300110974,37.2710750000435
Carretera Valdelamusa,El Cerro de Andévalo,-6.932002999999952,37.73541700000004
Plaza de los Mártires,El Campillo,-6.627856999999949,37.69345400000009
Paraje La Taboa,Villablanca,-7.3527259399802,37.300174675823
Paraje Gadea,Villarrasa,-6.60936940777939,37.4213752827648
Camino los Leñeros,Chucena,-6.40109919512872,37.3703677692009
Camino de los Lirios,Villarrasa,-6.5896845923922,37.349204607379
Camino Camino de Servicio,Campofrío,-6.593085999999914,37.754477000000065
Vía de Pobres de las Duquesa,Lucena del Puerto,-6.717319999999916,37.31066800000008
Paraje de la Cebada,El Campillo,-6.63618199999991,37.6684630000001
Camino el Cimajo,Cumbres Mayores,-6.6421827394623,37.993155359524
Camino Lepe de Gravera,Lucena del Puerto,-6.73136331480901,37.3180244885946
Camino la Lavandera,Valverde del Camino,-6.7878996860685,37.536140430384
Calle León Felipe,Almonte,-6.52774000875419,37.2638733963313
Camino el Brezo,Valverde del Camino,-6.77904204352295,37.5596303359547
Calle Sevilla,Punta Umbría,-6.97621299999992,37.183182
Calle la Moriana,Almonte,-6.51499260212822,37.2658156920311
Camino de la Cruz del Niño,Gibraleón,-7.006904002999931,37.36815730100005
Callejón de Servicio,Almonte,-6.48661593624692,37.1330776949461
Calle Feria,Almonte,-6.51523499967404,37.2601600005975
Calle Triana,Almonte,-6.51637199960526,37.2600349995742
Calle la Espátula,Almonte,-6.489194089855775,37.13357343763361
Calle Torre la Higuera,Almonte,-6.47381499958578,37.1313579995778
Calle el Acebuche,Almonte,-6.523026469133486,37.25798419968689
Plaza de Miguel Ángel y María,Almonte,-6.523893484748,37.261478569258
Calle los Varales,Almonte,-6.4881578501615,37.1371461537135
Calle Mes de Mayo,Almonte,-6.51428800064611,37.2510670000336
Calle Camino de Villamanrique,Almonte,-6.4824350002294,37.1300909998748
Calle la Palmosa,Almonte,-6.51479400012321,37.2571049993115
Calle la Lentisquilla,Almonte,-6.48499600030825,37.1351849995745
Calle la Romeria,Almonte,-6.48448100020458,37.1316319998042
Camino de los Llanos,Almonte,-6.48453121647578,37.1373110953432
Calle el Rincón,Almonte,-6.49155699993918,37.132793999873
Calle Zurbarán,Almonte,-6.51307600053979,37.2629619996991
Calle Sanlucar,Almonte,-6.48046699993924,37.1289229997216
Calle los Potros,Almonte,-6.51187200074798,37.2698149999839
Calle Alcalde Mojarro,Almonte,-6.51765900017405,37.2595510003486
Calle Senda de los Tunos,Almonte,-6.5242492033644,37.257431750693
Calle los Chaparrillos,Almonte,-6.52090999975195,37.254649999579
Calle el Ajoli,Almonte,-6.48271599965972,37.1348380002307
Calle Camino de los Llanos,Almonte,-6.51054163354624,37.24421848063944
Calle Laguna Seca,Punta Umbría,-7.0530897878904,37.2132020579998
Calle la Palma del Condado,Bonares,-6.685636914352897,37.32232527666906
Camino de Toril,Lepe,-7.26928883181106,37.3548141564515
Calle Núñez de Balboa,Cartaya,-7.05329399999994,37.2198210000001
Calle Nerva,Huelva,-6.949591000296921,37.273707999948485
Poblado Bodegones,Almonte,-6.6719116459951,37.179140827756
Calle Bajamar,Isla Cristina,-7.322886662452987,37.20340259191264
Calle José Caballero,Aljaraque,-7.00264699964734,37.279835999868
Calle Román Pérez,Isla Cristina,-7.327692999946584,37.20830300010023
Calle Luis de Góngora y Argote,Isla Cristina,-7.27127200061643,37.2203620003896
Calle Honduras,Moguer,-6.836180999663397,37.27858600014601
Camino de Tharsis a Villanueva de los Castillejos,Alosno,-7.153586999999959,37.58960200000007
Calle Gustavo Aldolfo Bécquer,Alosno,-7.12354099999993,37.606592
Barriada Virgen del Rocío,Punta Umbría,-6.9715202401949,37.184641574606
Calle Buenavista,Zufre,-6.34370699999994,37.832476
Calle Virgen de la Cinta,Alosno,-7.11827899999992,37.5504220000001
Camino Arroyo de los Lobos,Trigueros,-6.8412413521521,37.432017866393
Carretera Villablanca-Lepe,Villablanca,-7.33958520199991,37.303592429
Calle A Zona Industrial,Villanueva de los Castillejos,-7.26972099999995,37.4958810000001
Calle Cuenca Minera,Villanueva de los Castillejos,-7.27562899999992,37.4978610000001
Calle Huelva,Ayamonte,-7.40172700049542,37.2144560000062
Avenida de la Jara,Palos de la Frontera,-6.9168462620387,37.2082183071737
Travesía Barrio,Paymogo,-7.34150399999993,37.7427480000001
Calle Camino de los Bellascos,Trigueros,-6.844794946645,37.441209030727
Calle Juan Contreras Olivera,Isla Cristina,-7.32442100015529,37.1956150000018
Urbanización Los Jarales,Alosno,-7.1215696714173,37.603796126941
Calle Montes Claros,Encinasola,-6.87230822984081,38.1350266983237
Plaza del Prado,Cumbres Mayores,-6.6440082750617,38.0622877712638
Urbanización Residencial las Dunas,Ayamonte,-7.3378155937665,37.18495306493
Urbanización Residencial Atlántico,Ayamonte,-7.337103661372928,37.18651755697378
Calle Jazmín,Cartaya,-7.14983699999993,37.2861290000001
Callejón del Agua,Paterna del Campo,-6.40799000033811,37.4732279999724
Calle Linares de la Sierra,Los Marines,-6.61932836298545,37.9039034191088
Avenida de Portugal,Rosal de la Frontera,-7.22240199999993,37.9673460000001
Calle el Lanero,Almonaster La Real,-6.80475054717654,37.8908193552875
Avenida Andalucía,Cumbres de Enmedio,-6.69162699968617,38.0725060005516
Calle las Huertas,Almonaster La Real,-6.75046699999996,37.8612860000001
Calle Federico García Lorca,San Silvestre de Guzmán,-7.346368999999925,37.38662800000009
Calle Carretera Segunda,Calañas,-6.85317124266538,37.6021228340757
Camino las Gamonosas,Valverde del Camino,-6.78112818315011,37.5251866313053
Calle Federico García Lorca,Higuera de la Sierra,-6.4487280002968195,37.83434600026784
Calle Antonio Machado,Almonte,-6.5179150004725,37.2639689993235
Calle Miguel Hernández,Nerva,-6.545280000808803,37.69211299983854
Calle Callejón Galanas,El Cerro de Andévalo,-6.941844999999944,37.73360100000008
Calle José Nogales,Aracena,-6.55935299994083,37.893331999972
Calle San Roque,La Zarza-Perrunal,-6.85218299999991,37.7124230000001
Calle Alonso Morgado,Villanueva de los Castillejos,-7.27394630862981,37.4991472225643
Carretera A-474 de Sevilla a Almonte por Pilas,Almonte,-6.45350999983362,37.2633339999217
Grupo Doctor Manuel Segovia garcía,Cortegana,-6.96752923947148,37.7969270782197
Camino de los Tarajales,Almonte,-6.48618286259878,37.2257487165708
Grupo Maestra Aurora Wert Ramírez,Cortegana,-6.96787142733777,37.7949732398905
Calle Reyes Católicos (Mazagon),Moguer,-6.837739000141882,37.13937099972705
Grupo Casino Minero,Cortegana,-6.9686223190163,37.795855323787
Calle Rafael Alberti,San Juan del Puerto,-6.84648395,37.31650315
Camino Cementerio,El Campillo,-6.63723399999992,37.6944580000001
Plaza del Álamo,Castaño del Robledo,-6.7039799999999445,37.89519700000005
Camino de Ayamonte,Villanueva de los Castillejos,-7.2853719999999385,37.43984500000005
Plaza la Constitución,Jabugo,-6.731021999999939,37.915170000000046
Calle Zalamea,La Zarza-Perrunal,-6.85660999999993,37.7145180000001
Camino de San Bartolomé,Sanlúcar de Guadiana,-7.3118189997468725,37.39378200013937
Carretera HU-5401 Puebla de Guzmán a Paymogo,Paymogo,-7.2918979999999465,37.69952400000005
Vía de las a Herrerias,Puebla de Guzmán,-7.304040999999927,37.61026100000004
Carretera HU-8128 N-433 a Cañaveral de León,Cañaveral de León,-6.506847254097387,37.986703850602375
Grupo Nuestra Señora del Rocío,Almonte,-6.51483183517996,37.2556213079872
Barriada Pío XII,San Silvestre de Guzmán,-7.346617999999921,37.38595000000004
Carretera HU-6104 Riotinto a las Delgadas,Minas de Riotinto,-6.58463100012051,37.68706700014201
Calle Cervantes (La Zarza),La Zarza-Perrunal,-6.85511399999996,37.7156220000001
Calle Virgen de Montemayor,Huelva,-6.93998500043342,37.2686870002546
Calle Paymogo,La Zarza-Perrunal,-6.87056699999994,37.7100510000001
Calle San Roman,La Zarza-Perrunal,-6.85776699999991,37.7150050000001
Calle San Telmo,La Zarza-Perrunal,-6.85488799999996,37.7152360000001
Calle San Victor,La Zarza-Perrunal,-6.85709299999991,37.714591
Calle Barrio Modelo,La Zarza-Perrunal,-6.85641199999992,37.7177920000001
Calle San Gaspar,La Zarza-Perrunal,-6.85757599999994,37.7144870000001
Camino de los Silos a el Villar,La Zarza-Perrunal,-6.84652199999994,37.711103
Calle la Joya,La Zarza-Perrunal,-6.85488099999992,37.7148350000001
Calle San Francisco,La Zarza-Perrunal,-6.85729499999991,37.713736
Calle Lagunita,La Zarza-Perrunal,-6.85926799999993,37.7127780000001
Calle Marte,La Zarza-Perrunal,-6.85486899999995,37.7141780000001
Calle Velázquez,Trigueros,-6.83055224599991,37.3845704950001
Calle San Miguel,Cumbres Mayores,-6.64436332740549,38.061834422121
Calle 28 de Febrero,Cumbres Mayores,-6.64962956053674,38.0618802666182
Barriada Chorrito,Puebla de Guzmán,-7.25483263099994,37.608740433
Calle Perpendicular Teniente Pérez Macías,Paymogo,-7.34028999999992,37.7383390000001
Calle Cuenca Minera,Alosno,-7.12397899999991,37.560094
Plaza Audiencia,Palos de la Frontera,-6.89093219558164,37.2300994401883
Calle la Isabela,Palos de la Frontera,-6.89664528264457,37.227750509567
Calle Oceanía,Bonares,-6.67714400026911,37.3205419993412
Calle Águila,Fuenteheridos,-6.66274782264979,37.9049437210469
Calle San Quintín,Santa Olalla del Cala,-6.22118599999993,37.9068760000001
Calle Tégula,Punta Umbría,-6.97131499999995,37.189084
Callejón de la Fábrica,Rosal de la Frontera,-7.217247999999927,37.971287000000075
Calle Castillo,Fuenteheridos,-6.66228641523039,37.9042992635612
Calle Don Enrique González,Fuenteheridos,-6.66369575132914,37.9040418686128
Calle Ruiseñor,Fuenteheridos,-6.661677713056,37.903745695884
Calle Francisco Martínez,Hinojales,-6.586558999997706,38.00697999962742
Calle Martínez Chaparro,Galaroza,-6.71283799999992,37.926356000000055
Camino de Rubiales,Hinojos,-6.36356700041659,37.2852770002335
Camino Cueva de la Mora a San Miguel,Almonaster La Real,-6.7674270561748,37.766970185767
Aldea la Juliána,Almonaster La Real,-6.815858000344554,37.795805999631675
Calle la Zarza,Almonte,-6.50973299964306,37.2567729995645
Calle el Enebro,Almonte,-6.50967050013436,37.2576125001325
Calle Josefa Martín Sánchez,Castaño del Robledo,-6.704752999999926,37.894813000000056
Calle Domínguez Moran (Jabuguillo),Aracena,-6.51631099985256,37.8588940000583
Plaza Cruz Limónes,Moguer,-6.834967000001323,37.27652100020361
Travesía Prado San Sebastián,San Juan del Puerto,-6.830384744999947,37.316357294000056
Calle Fernando de Villalón,Huelva,-6.93757226977365,37.2686262060267
Carretera Desvío a Villalba del Alcor,Villalba del Alcor,-6.464262000504201,37.39455599963884
Calle Fernando Márquez Tirado,Galaroza,-6.70532703269133,37.926869025834
Calle Limónero,Ayamonte,-7.39926399967219,37.2192909996375
Calle Cantautor Nicolás Capelo,Moguer,-6.83665700020347,37.2775249993934
Camino de los Pinos de Trigueros,Trigueros,-6.867888327999935,37.46373221900018
Calle Abelardo Rodríguez Mora,Punta Umbría,-6.968123752999929,37.18175718800006
Paseo de la Vera,Isla Cristina,-7.23472699961536,37.2120769997536
Barriada Minas de Cala,Cala,-6.3495810884571,37.956560513519
Carretera Estación,Escacena del Campo,-6.39047300012865,37.4012490000415
Calle Picasso,Bollullos Par del Condado,-6.541174999826216,37.347476999763906
Calle Padre Domínguez García,Bollullos Par del Condado,-6.536131000145351,37.334367000436885
Camino de la Era de Juan Rodríguez,San Silvestre de Guzmán,-7.382815999999934,37.374821000000054
Calle Sánchez Mora,Nerva,-6.555307999811185,37.694880999950655
Paraje Tejada,Paterna del Campo,-6.3658416798073,37.448862017938
Calle Adriano,Cartaya,-7.150103999999942,37.28792000000004
Camino del Rocín,Villablanca,-7.382775999999922,37.31560900000005
Barriada Casas Prefabricadas,Isla Cristina,-7.324264144782,37.20896450885
Vía Valcampero,Puebla de Guzmán,-7.3729760693288,37.615525643086
Urbanización el Castillo (Calle Clara Campoamor),Cartaya,-7.1582175444335,37.283518779297
Paraje Diseminados Raboconejo,Niebla,-6.71440799982916,37.4832509999339
Paraje Caballón (Pol 44 - Par 23),Niebla,-6.71681392026463,37.4819857269099
Calle San José (Redondela),Isla Cristina,-7.2657040004157,37.2224310002172
Camino de Vallemenores,Fuenteheridos,-6.66226399999994,37.9064420000001
Paraje Pantano San Walabonso,Niebla,-6.71599700026119,37.4438749998316
Camino de las Dehesas,Moguer,-6.83808140678528,37.2190660445937
Carretera A-475 de Calañas a Puebla de Guzmán,La Zarza-Perrunal,-6.93771199999992,37.6750630000001
Calle la Morilla,Aracena,-6.56964395920122,37.8917821317402
Paraje Diseminado Pedro Bueno (Pol 18 - Par 36),Trigueros,-6.8321584443348,37.390141709405
Paraje Nicoba,Gibraleón,-6.87620336399993,37.3794067150001
Calle Al-Ándalus,Huelva,-6.93303017169129,37.2670704950408
Camino de Valleinfanta,Cartaya,-7.10646565683174,37.3112619594449
Camino Divino,Isla Cristina,-7.2941486465701,37.2237046023
Avenida las Magnolias,Aljaraque,-7.02231500060805,37.2649350000877
Camino del Prieto,Aljaraque,-7.03186967264999,37.270083397637
Calle Noria,Aracena,-6.566783044031,37.891937474239
Paraje la Lobera,Beas,-6.7833671814915,37.440034107233
Paraje Santiago,Bollullos Par del Condado,-6.54965008668199,37.3082089974474
Calle Minas de San Telmo,Huelva,-6.92164885839092,37.262103530191
Calle Filipinas,Huelva,-6.943270862122626,37.26302562567677
Zona el Tortillo (Pol 27 - Par 144),Niebla,-6.7111316160449,37.350837734186
Camino de Cortelazar,Fuenteheridos,-6.65796999999992,37.906257
Grupo W (Valdelamusa),Cortegana,-6.87990099999996,37.7888260000001
Calle Íberos,Huelva,-6.93189041010855,37.2670823916425
Parque Robinson Crusoe,Huelva,-6.9571195297527,37.26564197849
Paraje el Alamillo,Galaroza,-6.70399199999991,37.9162180000001
Travesía José Ferrer Robles,Palos de la Frontera,-6.891480999675848,37.22888499977876
Calle Sapu Si A-490 Calle N,Villanueva de los Castillejos,-7.25486547199995,37.4900991980001
Calle Francia,Aljaraque,-7.02284999962537,37.2669160004113
Camino de las Gavias,Almonte,-6.52924369365474,37.2759954617185
Paraje las Gavias,Almonte,-6.526625410261723,37.276514445845606
Calle Florencia Monge,Paterna del Campo,-6.40352400033222,37.4194789998561
Grupo S (Valdelamusa),Cortegana,-6.8796586359849,37.789554747213
Zona Camping Playa la Bota,Punta Umbría,-7.0235982822406,37.206797693573
Grupo Virgen del Carmen,Cortegana,-6.87905099999995,37.786456
Grupo Q (Valdelamusa),Cortegana,-6.87780099999992,37.7883830000001
Calle Fuente Jiménez,Aljaraque,-6.993955,37.27531
Calle Forjadores,Cortegana,-6.83621799999992,37.9172550000001
Barrio Centro,Calañas,-6.848412999999937,37.60162500000007
Calle Transversal Calle Lepanto,Escacena del Campo,-6.387160000233693,37.40688800018124
Urbanización las Casas Blancas,Isla Cristina,-7.2458092647222,37.208772035169
Calle Badajoz,Lepe,-7.20247200025265,37.2511010002592
Urbanización Residencial Augusta,Lepe,-7.2225637839741,37.214235049694
Urbanización la Cigüeña VI,Lepe,-7.2322928859181,37.218040605565
Urbanización las Moras II,Lepe,-7.228225417563,37.217547369166
Calle Hernán Cortés,Almonte,-6.51350199988628,37.2555649995342
Calle Doctor Fleming,Aroche,-6.95173899999992,37.9445810000001
Carretera A-472 de Sanlúcar la Mayor a San Juan del Puerto,Villarrasa,-6.627139999910948,37.38068300042026
Calle los Chirri,San Juan del Puerto,-6.84416499999992,37.3129740000001
Calle José Pérez Barroso,Ayamonte,-7.40906474205824,37.2157450228213
Calle la Atarazana,Chucena,-6.39101932927847,37.3612887256943
Calle Mirador,Ayamonte,-7.40711700079361,37.2227800001983
Calle Ticiano,Cartaya,-7.14736599999992,37.2812690000001
Calle Arzobispo Juan del Río Martín,Ayamonte,-7.39963063358557,37.2200543448863
Calle Cormoranes,Huelva,-6.95206669537408,37.2757673146398
Barriada Guadiana,Ayamonte,-7.40169277369568,37.208002338042
Calle Ánsares,Huelva,-6.95243528194591,37.2746178073681
Calle Cervantes,Jabugo,-6.77202799999992,37.9271880000001
Calle Canalejas,Jabugo,-6.77148399999993,37.9283240000001
Calle Chanza,Paymogo,-7.34290481099993,37.7396012020001
Trasera Calle Manuel Rebollo,Alosno,-7.11584099999993,37.545462
Calle Huelva,Aracena,-6.51558699974007,37.8603020002373
Paraje Camino Los Moros,Beas,-6.798794000011,37.4376379997638
Calle Sevilla,Trigueros,-6.82577429999992,37.3826369650002
Calle Tramontana,Ayamonte,-7.31902201332748,37.2273100201998
Calle Rábida,Santa Olalla del Cala,-6.225357999999915,37.906592000000046
Calle Reina Isabel la Católica,Palos de la Frontera,-6.90204247442557,37.224370344332
Travesía Rábida Transversal,Beas,-6.79118199921581,37.43649099974624
Urbanización Jardines del Piedras - Avda Playas de Cartaya,Cartaya,-7.1165697269999555,37.21836450300009
Calle Aragón,Bollullos Par del Condado,-6.54404397717805,37.339367610514
Calleja del Tapies,Aracena,-6.56881980476227,37.887325230597
Travesía Carretera A-486,Lucena del Puerto,-6.71942199999995,37.302241
Calle Virgen de Flores,Palos de la Frontera,-6.90205787613257,37.2229559884752
Calle Cuesta de Nuestro Padre Jesús Cautivo y Rescatado,Beas,-6.79436099975579,37.4257729991838
Calle Alemania,Palos de la Frontera,-6.89455594,37.22480821
Calle Geranio,Palos de la Frontera,-6.91741800034678,37.2101400002127
Calle Polonia,Palos de la Frontera,-6.894923997154239,37.22565444054926
Calle Bogotá,Palos de la Frontera,-6.89207612476698,37.2202631098655
Calle Convento,Cartaya,-7.15191399999992,37.282628
Calle Camino de la Bella,Lepe,-7.184819940931519,37.22446758736888
Calle Quevedo,Cartaya,-7.05801699999995,37.2142940000001
Calle Santa Joaquina de Vedruna,La Palma del Condado,-6.55292893299998,37.38581987
Calle Pepe Luis el Practicante,Lepe,-7.20458599971002,37.2556210002516
Calle Antonio Machado,Moguer,-6.83805900037178,37.2803410003538
Calle Conde Vallellano,Isla Cristina,-7.326525000513881,37.20097799985409
Calle Labranza,San Juan del Puerto,-6.8414153363045,37.320283892077
Calle Arquitecto Pinto,La Palma del Condado,-6.55168799599994,37.3846622450001
Calle Núcleo la Cañada,Jabugo,-6.72726819069577,37.9173762706588
Calle Nuestra Señora del Carmen,Gibraleón,-6.96098399999994,37.3763890000001
Calle Timanfaya,Almonte,-6.51059119774231,37.2521345132549
Plaza Manuel Roméu Martín,Huelva,-6.94380552341304,37.2633445251284
Calle Alcalde Antonio Ramírez Almansa,Rociana del Condado,-6.60421520051831,37.3049584995322
calle Charrán,Aljaraque,-7.029758893572575,37.26569166713801
Calle Alcaudón,Aljaraque,-7.02737019633962,37.2672448721412
Calle Vulcano,Punta Umbría,-6.97097499999995,37.189124
Calle del Loro,Punta Umbría,-7.05196399999994,37.21718
Calle Manuel Zapata Carmona,Isla Cristina,-7.32246562670906,37.1958541382643
Calle Nuestra Señora de la Blanca,Isla Cristina,-7.3210159996367,37.1987999996399
Calle Alegría de la Huerta,La Palma del Condado,-6.55812349599995,37.388811933
Calle Celestino Maestre,Cartaya,-7.15230199999991,37.2869830000001
Calle Chucena,Hinojos,-6.37454300025911,37.2933490001565
Calle los Corralillos,Higuera de la Sierra,-6.45020600010665,37.8356459999631
Calle Doctor Muela,Isla Cristina,-7.321364000323824,37.204894000035644
Calle Lucena del Puerto,La Palma del Condado,-6.56036051537964,37.3870988066683
Calle Maestro Carlos Ros López,Santa Olalla del Cala,-6.22566699999993,37.90862200000004
Urbanización Residencial La Quinta de Isla Canela II,Ayamonte,-7.39407517646245,37.1960696618658
Calle Moguer,Palos de la Frontera,-6.88724900063873,37.2226449996115
Calle Pablo Rada,Palos de la Frontera,-6.89150799967435,37.2276169999849
Calle los Breznos,Cartaya,-7.06056199999995,37.211123
Calle Jesús Nazareno,Cortegana,-6.82656299999991,37.9065870000001
Urbanización Residencial las Marismas,Ayamonte,-7.3854088568813,37.189633354475
Avenida Sundheim,La Palma del Condado,-6.54587493641189,37.3913585028291
Plaza Renacimiento,Lepe,-7.1975669209764,37.2557819146526
Calle Trébol,Isla Cristina,-7.32639200073954,37.199030999829
Calle Miguel Hernández,Valverde del Camino,-6.75264900067325,37.5792790001942
Calle San Rafael,Moguer,-6.84038699953463,37.2733660004675
Calle Puerta del Buey,Niebla,-6.680808999935297,37.358914000181144
Calle Rederos,Isla Cristina,-7.32185299976101,37.2046600001576
Calle Marabú,Punta Umbría,-7.05048099999993,37.2119260000001
Calle Cabo de Gata,Punta Umbría,-6.97574699999996,37.1886890000001
Calle la Esperanza,Aracena,-6.56338000038655,37.8953860002639
Paraje Arroyo el Puerco,Gibraleón,-6.91209060799991,37.3814345390001
Camino del Ferrocarril,La Palma del Condado,-6.5432542500112,37.376952993562
Calle el Cobujón,Huelva,-6.93379100047363,37.2617559999929
Calle Pintor Antonio Milla,Alájar,-6.66345000037196,37.8729910003599
Camino del Mojón de Mangas,Trigueros,-6.8418245835374,37.421348553198
Calle Hermanos Álvarez Quintero,San Juan del Puerto,-6.84372509899993,37.314461367
Avenida Puerta del Buey,Niebla,-6.68222899976839,37.358700000205
Camino de Tariquejo a San Bartolomé,Villanueva de los Castillejos,-7.149436999999921,37.42732300000006
Calle Castillo de las Flores,Ayamonte,-7.4042663664689,37.2222333400002
Calle Padre Rasco,Ayamonte,-7.40781666133168,37.2191877171589
Camino Viejo de Aroche,Cortegana,-6.83979599999992,37.9213560000001
Plaza Santa Ángela de la Cruz,Ayamonte,-7.408661,37.215412
Calle Málaga,Ayamonte,-7.40133100066164,37.205670999805
Calle el Saucejo,La Palma del Condado,-6.554927823999947,37.36695984500011
Calle Málaga,El Campillo,-6.62734299999994,37.695183
Camino de la Fontanilla,La Palma del Condado,-6.5560987723162,37.363606469694
Calle del Mediodía,Isla Cristina,-7.32287947024082,37.2043885592535
Camino Padrón de los Cantos,La Palma del Condado,-6.5683101062854,37.404331278786
Camino la Gravera,Isla Cristina,-7.3123928100672,37.243056837345
Camino de la Aceña,Almonaster La Real,-6.783049654292249,37.87357560112623
Carretera de Veredas al Puerto,Almonaster La Real,-6.8377510005298925,37.88512099942491
Calle Alta (Valdezufre),Aracena,-6.49384199970836,37.8661760004222
Solar Sapu R-1 Calle I,Villalba del Alcor,-6.473719999811749,37.399770000288086
Camino Oscura,Villalba del Alcor,-6.472175999746129,37.40541299951936
Plazoleta Cádiz,Punta Umbría,-6.9659809999999425,37.18743200000006
Calle Palos de la Frontera,San Juan del Puerto,-6.83405399999992,37.316088
Paraje la Bárcena,Beas,-6.823519999794906,37.42880700040794
Solar Pp4 Camino Villalba,Bollullos Par del Condado,-6.5305039996596985,37.336817000104645
Calle F (Polígono Industrial Polirrosa),Huelva,-6.92131699993246,37.2653979996906
Avenida de Virazón,Lepe,-7.173544558782039,37.22635064160308
Polígono Industrial La Luz,Huelva,-6.91140500054275,37.2723719997005
Calle Arroyo de Valcasado,Huelva,-6.91246001159222,37.2730516988841
Calle Barrio Don Rodrigo,Calañas,-6.881464999999935,37.65332600000005
Calle Isla del Sol,Huelva,-6.9180823,37.27112527
Paraje Valdeperros,Villarrasa,-6.6044315936193,37.385502720583
Calle Vistamar,Moguer,-6.815565999865762,37.13052700003956
Callejón de Servicio,Almonte,-6.48417339772062,37.1342108529669
Calle Fragata,Moguer,-6.831645999143617,37.136981000101564
Camino de la Gra,Beas,-6.7578380003898895,37.384996999412266
Camino del Riego,Beas,-6.7476809995231655,37.37360799948746
Camino del Toro,Beas,-6.7628439994700384,37.4048560004
Paraje Matamujeres,Bonares,-6.666898000043581,37.31511400018158
Camino de Morote,Bonares,-6.696983000364914,37.30753499974709
Camino de Rijeta,Bonares,-6.702216999757212,37.30422099978546
Camino del Bosque,Bonares,-6.695073000453796,37.29845099969989
Calle Jerez,Aroche,-6.95440863840893,37.9468084770517
Camino del Avispero,Bonares,-6.692983000651534,37.268110000296495
Calle Oropendola,Bonares,-6.684087463126019,37.31866501122255
Urbanización Nucleo Residencial Juan Ramón Jiménez,Moguer,-6.842235000220306,37.27634400010172
Calle Haiti,Moguer,-6.83455000040763,37.2787050000216
Calle Estero,Moguer,-6.82858800027301,37.1370080005595
Urbanización Villa Ramos,Ayamonte,-7.4010094824919,37.221355963471
Calle el Caballo,Almonte,-6.5131279999562475,37.26895300016564
Calle Babor,Ayamonte,-7.348877999993102,37.18873500037663
Calle Paraguay,Ayamonte,-7.39888214732038,37.222811708729665
Calle Don Alonso Quijano,Ayamonte,-7.401326900291076,37.21950243959083
Calle Uruguay,Ayamonte,-7.399435372598393,37.222572573310586
Calle Carmen Burgos,Moguer,-6.82132631578294,37.1334989086671
Calle la Margarita,Almonte,-6.56409497900622,37.0079373778701
Calle Cervantes,Villalba del Alcor,-6.47375299920189,37.3988330005481
Camino la Zamalla,Valverde del Camino,-6.7892437329223,37.535898226012
Avenida Constitución,Valverde del Camino,-6.75175600054633,37.5795730000283
Avenida del Belén Viviente,Beas,-6.78795499985641,37.4254390001493
Plaza El Minero,Almonaster La Real,-6.80276260861212,37.7797770417696
Calle Ollería,Lepe,-7.20528800034529,37.2565430003104
Barriada Veintiocho de Febrero,Punta Umbría,-6.96559016653737,37.1874467017381
Vía Nueva,Sanlúcar de Guadiana,-7.46479722025587,37.4702227752177
Calle Pozo del Pilar,Almonte,-6.51585700019628,37.2578920001271
Calle Alfonso Peñate,Gibraleón,-6.96358199999992,37.3758560000001
Calle Marismas del Odiel,Punta Umbría,-6.96137599999992,37.180028
Carretera HU-9113 Acceso Sureste a Corteconcepción (Puerto Gil),Corteconcepción,-6.4944277970436355,37.889345700463544
Calle Virgen de la Luz,Beas,-6.77055200011793,37.4031579996331
Calle Jacinto Benavente,Campofrío,-6.576792999999952,37.76698200000004
Calle Convento,Aracena,-6.55958499984767,37.8911170003494
Calle Villablanca,Villanueva de los Castillejos,-7.26825290826396,37.4995904658387
Paraje Escamochos,Rociana del Condado,-6.58200304358057,37.31766762619097
Calle Salsipuedes,Escacena del Campo,-6.39127500024092,37.4114740003251
Polígono Industrial la Carrasca,El Cerro de Andévalo,-6.924668432999908,37.730425307000075
Calle Bogotá,Huelva,-6.94484300052414,37.2801590004114
Calle Río Tinto,San Juan del Puerto,-6.8430296015418,37.312543032543
Plaza la Solea,San Juan del Puerto,-6.8415598521885,37.312833873688
Calle Góndola,Palos de la Frontera,-6.82942605177929,37.1351901702738
Urbanización Lusitania,Palos de la Frontera,-6.85984650712202,37.1473769374137
Paraje Centenales,Hinojos,-6.38811100002247,37.2820669996925
Calle los Centenales,Hinojos,-6.38536692884828,37.2837530856033
Calle José María Pereda,Huelva,-6.9517810005694,37.2678239998232
Calle Ramón y Cajal,Huelva,-6.95162599960102,37.2683280002559
Paraje las Metas,Huelva,-6.94277515583878,37.2518416579285
Calle Posadas,Calañas,-6.85516642827802,37.6061774608517
Carretera A-496 de Valverde del Camino a Cabezas Rubias,Calañas,-6.90544899999992,37.659276
Calle Sur,La Zarza-Perrunal,-6.85789199999994,37.7144480000001
Calle Gobernador Alonso,Huelva,-6.95227299989507,37.2558789995896
Glorieta Aviador Georges Leforestier,Huelva,-6.9442840356873,37.2534606142765
Calle Azadón,Huelva,-6.8976030002349,37.3106240000472
Calle Real (Castañuelos),Aracena,-6.58140315198429,37.9367522743041
Calle Arado,Huelva,-6.8966711616004,37.3115552316733
Plaza Sierra de Aroche,Aroche,-6.95410530890871,37.9444612601679
Aldea el Calabacino,Alájar,-6.6770458131551,37.875053618769
Calle San Marcos,Alájar,-6.6653637776752594,37.87396585992625
Calle Tórtola,Aljaraque,-7.02103599985134,37.2699580002038
Calle Arroyo Garabato (Residencial La Fontita),Villablanca,-7.34660239131885,37.3078149784922
Calle Almería,Huelva,-6.94433300008225,37.2670559997737
Camino Padrón de Palos,Villarrasa,-6.5957605034128,37.371068207791
Calle Rucio,Ayamonte,-7.401667644932913,37.216730466596786
Calle Colón,San Juan del Puerto,-6.83573099999995,37.3143120000001
Calle Málaga,Huelva,-6.94503600021099,37.2671629998884
Carretera Ctra. Ayamonte-Aracena,Villanueva de los Castillejos,-7.27240699999993,37.5046740000001
Calle Paymogo,Cortegana,-6.82115499999992,37.9059450000001
Calle Código Libre,Isla Cristina,-7.326539999656262,37.19819799984637
Callejón Camino del Malaño,Almonaster La Real,-6.7541721541655,37.873888243462
Callejón del Duende,Manzanilla,-6.431424000017477,37.389680999878436
Camino Pozo Nuevo,Manzanilla,-6.4328320001965,37.3878629996778
Avenida Blas Infante,Bonares,-6.68418099957442,37.3221490003124
Urbanización Marina de El Rompido-Apartahotel Precise Resort,Cartaya,-7.13574868699993,37.2254232750001
Calle Acacia,Almonaster La Real,-6.70462325892676,37.8010086094636
Calle Lavanda,Almonaster La Real,-6.70329,37.801414
Paraje los Molinos,Valverde del Camino,-6.762955434275451,37.570260862914736
Carretera A-472 de Sanlúcar la Mayor a San Juan del Puerto,Manzanilla,-6.40521400002596,37.3881529995614
Calle Carmen Amaya,Aljaraque,-7.02612946739932,37.2721550012501
Polígono Industrial Ituci,Escacena del Campo,-6.39186599961605,37.3969349998506
Conjunto Instituto Nacional Vázquez Díaz,Nerva,-6.5505252614845,37.699738514117
Calle Alcorcón,Moguer,-6.81095100085532,37.1292090008079
Polígono 3 Parcela 21,Linares de la Sierra,-6.59217057609463,37.871909682778
Paraje Umbría del Pinar,Calañas,-6.85910299999995,37.6464970000001
Calle Cuesta,Ayamonte,-7.405891000478539,37.22224500011421
Calle Menéndez Pallares,Nerva,-6.552110371770514,37.696479642000256
Camino de Majada Llana,Villalba del Alcor,-6.492750999620508,37.363741000190586
Calle Asturias,Ayamonte,-7.407032000680401,37.2279120002345
Camino de Rosales,Palos de la Frontera,-6.87502080892929,37.19968631250586
Carretera de San Bartolomé,Alájar,-6.672664999612555,37.86933300027781
Camino de la Lapa,Almonte,-6.52832838989426,37.2499160385926
Callejón de Servicio,Almonte,-6.49097610660489,37.1328086893487
Calle del Jabali,Almonte,-6.53714946940061,36.9892868824949
Camino Colada del Camino Real,Beas,-6.801939000191968,37.50074600034215
Carretera A-494 de San Juan del Puerto a Matalascañas por Mazagón,Palos de la Frontera,-6.873973999561359,37.200993999845274
Calle San Antonio (Gol Isla Canela),Ayamonte,-7.382698181703991,37.19338901728395
Camino de la Aldea de Álamo,Nerva,-6.5285380001494655,37.6759779991775
Camino de los Huertos,Beas,-6.7675689993710035,37.41110400024947
Camino de Moguer,Beas,-6.7832230009306125,37.40724999983489
Calle Ermita de Santa Cruz,Cartaya,-7.14959699999991,37.2895240000001
Calle Río Chanza,Cartaya,-7.152284999999949,37.28726100000006
Avenida Punta Umbría,Cartaya,-7.14470493376908,37.2874958924053
Camino de la Giralda,Alájar,-6.666488999638772,37.855490000218595
Vereda de las Tierras de la Virgen,Alájar,-6.667438000153437,37.82859700027721
Camino de Campofrío,Alájar,-6.657824000047002,37.86228199987402
Carretera HU-9111 Acceso Norte a Corteconcepción,Corteconcepción,-6.500169607274628,37.903035727492004
Camino de Barraca,Alájar,-6.678870000491693,37.86791999986042
Camino del Padre Caro,Nerva,-6.511120999659317,37.724054000194606
Calle Párroco José Miranda,Aljaraque,-7.02315026438357,37.2722905662139
Camino de la Cruz de la Vieja,Beas,-6.80811099960127,37.4344009999895
Urbanización Jardines de la Rábida Fase II,Palos de la Frontera,-6.91664899958163,37.2098639997031
Camino del Breero,Palos de la Frontera,-6.888065872704792,37.20003543113267
Calle Neron,Aljaraque,-6.994240806836845,37.27136165185978
Travesía Don Francisco Romero,Valverde del Camino,-6.753068999916367,37.575354000092034
Carretera del Polígono San Jorge,Palos de la Frontera,-6.88577100043802,37.2258109995804
Calle Sol y Mar,Moguer,-6.81376299986438,37.1312690002489
Calle Puerto Playa,Ayamonte,-7.3398850007001055,37.18594200015713
Plaza del Pintor Rafael Aguilera,Ayamonte,-7.40244699998979,37.21116500031989
Calle Cinema,Aljaraque,-6.9886950005191775,37.273875999965185
Calle Vázquez Coronado,Palos de la Frontera,-6.818525000398961,37.13026499954091
Senda del Algarbe,Villalba del Alcor,-6.475293000018158,37.33353900024468
Camino de Zaratalejo,Villalba del Alcor,-6.495292999676616,37.365600999689285
Avenida del Parador,Moguer,-6.81318100013186,37.1349770005899
Calle Río Guadiana,Aljaraque,-6.9925725140262625,37.271063206615125
Camino de la Marisma,Palos de la Frontera,-6.883108874566553,37.20714944358601
Calle el Pocito C,Almonte,-6.50761422766944,37.2675473248616
Calle Camino de los Arrieros,Villanueva de los Castillejos,-7.26929569946438,37.5042440264053
Calle Bartolomé de las Casas,Ayamonte,-7.41811099972549,37.2622080002789
Calle Camino Laguna del Tornejón,Trigueros,-6.808816860999912,37.32133647400008
Calle Alcalde Juan Páez Palma,San Bartolomé de la Torre,-7.10216699999995,37.4470120000001
Calle Río Mississippi,Palos de la Frontera,-6.85499027055198,37.1478887489687
Calle Mar de Galilea,Palos de la Frontera,-6.86623498452726,37.1506806297617
Plaza de España,Bonares,-6.68038500018325,37.3221819993404
Calle Quito Frasquito,Hinojos,-6.37661300038953,37.2913729998643
Carretera HU-9103 N-435 a Encinasola,La Nava,-6.75396875470642,38.0001208247703
Urbanización Puerto Quemado,Los Marines,-6.6173195483481,37.904122169811
Camino San Juan del Puerto-La Torre,San Juan del Puerto,-6.85060606899992,37.3262213580001
Vereda de Carne,San Juan del Puerto,-6.86187090004173,37.323676736692
Paraje Toscones,Valverde del Camino,-6.7820699534152,37.539958465966
Polígono Parque Industrial y Tecnológico Valverde del Camino,Valverde del Camino,-6.7512079420138,37.565595087739
Vía Verde de Molinos de Agua,Trigueros,-6.8265436209607,37.405006238262
Carretera Nerva-Riotinto,Nerva,-6.55531731066361,37.6981512958593
Paraje Umbría Perianes,Santa Olalla del Cala,-6.26351299999993,37.8864380000001
Camino Antiguo Ferrocarril La Mina de Teuler,Santa Olalla del Cala,-6.26400799999993,37.9219630000001
Carretera HU-9115 Zufre al Castillo de las Guardas (Sevilla),Zufre,-6.28392199999996,37.7886120000001
Carretera HU-8111 N-435 a los Romeros,Almonaster La Real,-6.74608344104,37.883411250078
Carretera N-433 de Sevilla a Lisboa,Higuera de la Sierra,-6.460437999813715,37.840452000359704
Carretera A-434 de Santa Olalla de Cala a Arroyomolinos de León,Santa Olalla del Cala,-6.24488199999996,37.9430260000001
Carretera A-434 de Santa Olalla de Cala a Arroyomolinos de León,Cala,-6.263767999999914,37.95977400000004
Carretera A-434 de Santa Olalla de Cala a Arroyomolinos de León,Arroyomolinos de León,-6.44855499999994,38.0520730000001
Carretera HU-8132 Higuera de la Sierra a la Estación de la Junta,Zufre,-6.41047899999995,37.845152
Urbanización Tabladilla,La Palma del Condado,-6.56145838699996,37.390581942
Calle Juan Vázquez Rañon,La Palma del Condado,-6.56199807425896,37.3905209181933
Calle Rafael Montesinos,Alájar,-6.6611159130287,37.875034347229
Complejo C.P.R. Tresfuentes,Alájar,-6.6594842632104,37.87648532782
Camino Sierra Águila,Los Marines,-6.61908499987274,37.8992480002952
Camino de los Risquillos,Los Marines,-6.61972399966271,37.9025099996369
Carretera HU-8104 Cortegana a Montepuerto,Cortegana,-6.82927999999993,37.9414980000001
Calle Rafael Alberti,Cortegana,-6.82526199999995,37.9141670000001
Calle Olivo,Cortegana,-6.8218694578647,37.915863068709
Calle Juan Ramón Jiménez,Cortegana,-6.8176964537088,37.913416248599
Calle Cerrillo,Higuera de la Sierra,-6.44453300019761,37.8357260000551
Camino de Burguillos,Encinasola,-6.81979079910595,38.1629981005821
Carretera HU-8109 N-433 a los Romeros,Jabugo,-6.7584103613174,37.899289320403
Carretera HU-8113 N-433 a la N-435 por la China,Galaroza,-6.7193352716098,37.929667344358
Carretera N-433 de Sevilla a Lisboa,Galaroza,-6.6894675233938,37.92092605717
Camino Raya del Pozo,Hinojos,-6.37579500043873,37.2443519997452
Camino de la Nava,La Nava,-6.7398521959855,37.962808803931
Calle Uvas,Rociana del Condado,-6.59408099999996,37.3036240000001
Carretera HU-9102 Cumbres de San Bartolomé a la HU-9103,Cumbres de San Bartolomé,-6.8286860058989,38.099116186467
Camino Fuente del Rey,Encinasola,-6.8805898693029,38.138459056064
Puente de los Cinco Ojos,El Campillo,-6.70708399999995,37.7267080000001
Calle Camino Real,El Campillo,-6.65320199999991,37.69532
Carretera HU-6103 N-435 a Minas de Concepción,Almonaster La Real,-6.683503659226,37.778049699175
Camino los Arenales,San Juan del Puerto,-6.83213769031733,37.3260088488654
Carretera San Juan-Niebla,San Juan del Puerto,-6.78175199999993,37.326778
Carretera Antigua H-640,Moguer,-6.8475744018809,37.2598343969
Parque Botánico Salvador Talavera,Hinojos,-6.384983763604,37.284753714066
Plazuela Melquíades Domínguez,La Granada de Río-Tinto,-6.5089635975457,37.768283755201
Carretera A-472 de Sanlúcar la Mayor a San Juan del Puerto,Chucena,-6.38968874686263,37.3844643588233
Plaza España,Hinojales,-6.591325000348348,38.008616000428205
Avenida de América,Palos de la Frontera,-6.9031508795974,37.223576502695
Calle Beas,Beas,-6.8586698744307,37.485234052181
Aldea Fuente de la Corcha,Beas,-6.86180200024115,37.4866540002706
Plaza Patio del Peninsular,Ayamonte,-7.40603689,37.20002917
Calle Cuadernas,Ayamonte,-7.340378999869879,37.18475499963977
Calle Vasco de Quiroga,Palos de la Frontera,-6.819047000269146,37.1303690000214
Polígono San Jorge D,Palos de la Frontera,-6.881432000590661,37.22278299986187
Camino de la Dehesa,Palos de la Frontera,-6.9212962086329695,37.2140959692868
Barrio Sta. María,Palos de la Frontera,-6.915731000599983,37.21205100030927
Calle el Palancar D,Almonte,-6.53051120131478,37.262504216136
Calle Joaquín Rodrigo,Almonte,-6.51552138491945,37.251209026576
Camino del Tomillar y Chaparral,Almonte,-6.50817381828276,37.2477216789927
Callejón de Servicio,Almonte,-6.48625115251827,37.1381119316152
Callejón de Servicio,Almonte,-6.47528721285709,37.1330757012839
Senda de la Heriza,Almonte,-6.5381058335572,36.9888361656868
Plaza Begoña,Almonte,-6.56343696973409,37.008238969822
Calle Rosa Regas,Almonte,-6.516725000100488,37.26663999958103
Calle del Rocío,Almonte,-6.54438548033837,36.9987077045258
Sector Brazo de la Torre,Almonte,-6.5620294959395,37.005426303069
Camino de la Suerte,Bonares,-6.6948449996197805,37.32662999976536
Calle Laguna de las Madres,Moguer,-6.81891799944505,37.1358129998295
Avenida Arroyo de la Miel,Moguer,-6.81756900033255,37.1331490008228
Calle Camino de los Tarajales,Almonte,-6.50764725088113,37.2559941643
Plaza de la Coronación,Ayamonte,-7.406663000050741,37.21296100026643
Camino de Bollullos,Almonte,-6.51865499899363,37.2800474182785
Colada de la Peñuela,Palos de la Frontera,-6.90588464382159,37.2111543341327
Calle Padre Ildefonso,Moguer,-6.82718200015237,37.1426410004175
Zona Residencial la Rábida,Palos de la Frontera,-6.91081454674861,37.2144785551726
Calle Huerta San Francisco,Ayamonte,-7.40615151420991,37.2186169638314
Camino de las Huelvas,Corteconcepción,-6.478797978867439,37.940467694926646
Vía Recinto Ferial,Nerva,-6.549355159891793,37.69243476768449
Sector Aulaga,Almonte,-6.5363182194913,36.989474603705
Paseo Hermandad de Emigrantes,Huelva,-6.95904476625285,37.2620298966778
Paseo Daniel Vázquez Díaz,Nerva,-6.54719300095724,37.6944390002135
Camino los Mochados,Chucena,-6.4262353390004,37.346373348553
Calle los Segadores,Puebla de Guzmán,-7.25211399999995,37.6092870000001
Calle del Puente Nuevo,Villanueva de los Castillejos,-7.27024899999992,37.5001010000001
Carretera HU-8105 Cortegana a Aracena,Alájar,-6.6881782451698,37.866802956693
Calle Alambique,Rociana del Condado,-6.60138699999993,37.3098880000001
Carretera de Acceso al Puente de Santa Eulalia,Aljaraque,-6.979665521706,37.26821166633
Calle Mesones,Villanueva de los Castillejos,-7.27188499999994,37.50347
Carretera HU-3401 A-49 a Enlazar con la A-490 (Tariquejos),Villanueva de los Castillejos,-7.17666699999995,37.4565820000001
Calle Mar Mármara,Palos de la Frontera,-6.85254252407971,37.142863294415
Carretera A-5001 de Bonares a Niebla,Bonares,-6.68307299965915,37.308607999555
Plaza Esperanza de la Cruz,Huelva,-6.942015404418709,37.26491145932071
Calle Santa Ana,Almonte,-6.52065699983304,37.2605999996769
Calle Antonio Machado,Villalba del Alcor,-6.47922700064517,37.3985190000154
Avenida Virgen Dolores del Perdón,Huelva,-6.9415550005833,37.2791350000509
Calle Santísima Cruz de Abajo,Paterna del Campo,-6.39960200023197,37.4170999998653
Calle Rábida,Villalba del Alcor,-6.47949800016416,37.3961460002346
Carretera HU-5100 Acceso a Minas de Silos,La Zarza-Perrunal,-6.86601299999995,37.7135820000001
Calle Serenata,Huelva,-6.9514375364572,37.27344485026
Calle Arizona,Huelva,-6.9314450004822,37.2571440002721
Avenida Francisco Montenegro,Huelva,-6.9468741169456,37.217038624295
Calle Juan Ramón Jiménez,El Granado,-7.41732899999994,37.5199950000001
Calle Ángel Muriel,Huelva,-6.952859873026,37.252607755128
Plaza Roger de Lauria,Huelva,-6.93630526081199,37.2812986022419
Calle Cascabelero,Aljaraque,-6.99061658721616,37.2727917896359
Calle Cabezo,Puebla de Guzmán,-7.24594999999994,37.6141200000001
Calle Lagar,Puebla de Guzmán,-7.24323499999991,37.6139820000001
Urbanización Las Villas de El Rompido,Cartaya,-7.12288104490986,37.2269372587826
Avenida Campos de Montiel,Huelva,-6.92631107309793,37.2598140066253
Avenida de la Orden,Huelva,-6.94133300021738,37.2834049998823
Calle Nueva,Jabugo,-6.73140399999994,37.9132200000001
Calle Cádiz,Huelva,-6.95602151,37.25545904
Camino Vereda del Carril del Lobo,Hinojos,-6.46768667759797,37.3229320585678
Calle Nuestra Señora de los Clarines,Beas,-6.7977780148974,37.424787388567
Avenida Villanueva de las Cruces,Calañas,-6.88103999999993,37.6526200000001
Calle Real Segundo,Calañas,-6.88065199999994,37.6528430000001
Travesía Ave María,Cumbres de San Bartolomé,-6.74240405520286,38.0762117658605
Avenida Príncipe de las Letras,Huelva,-6.9232313650243,37.263602809539
Calle Manuel León,Cortegana,-6.82007199999993,37.9099560000001
Calle Doctor Agustín Domínguez Belda,Huelva,-6.93373443269478,37.2784563574103
Calle Ayamonte,El Almendro,-7.27001401199993,37.5050777870001
Calle Oliva,Encinasola,-6.8735715138213,38.1367506611504
Calle San Eloy,La Zarza-Perrunal,-6.85769199999993,37.7148990000001
Calle Ministro Miguel Tenorio de Castilla,La Palma del Condado,-6.55187049599994,37.380217933
Plaza Hogueras y Candiles,Minas de Riotinto,-6.59429649139352,37.692395790909
Camino de la Calera,Hinojos,-6.3964521553426,37.2489063257665
Calle Olivo,Zufre,-6.3399518667421,37.834028783715
Calle Núñez de Balboa,Palos de la Frontera,-6.81087433276838,37.1281091852987
Calle Golf Sur,Ayamonte,-7.38176967904197,37.1823330606586
Polígono industrial la Duquesa,San Juan del Puerto,-6.83902465390398,37.3260158099133
Calle Pozo Nuevo,Sanlúcar de Guadiana,-7.46546408922652,37.4718529591076
Sector Gallareta,Almonte,-6.5585033264124,37.008606738529
Paraje el Cascajal (Polígono 12 - Parcela 118),El Campillo,-6.6340776324441,37.700247518814
Calle Salinas,Huelva,-6.92122470468365,37.2596630013715
Parque de los Olivos,Huelva,-6.9393507561515,37.279301567755
Parque San Francisco de Asís,Huelva,-6.9258941232838,37.257090861073
Camino de los Millares,Sanlúcar de Guadiana,-7.3567739999199695,37.46564500011678
Camino de los Retamares,Manzanilla,-6.4380783426243,37.376810623131
Camino de los Trebolares,Castaño del Robledo,-6.703006526999957,37.892311979000056
Calle los Halcones,Paterna del Campo,-6.4067050005314305,37.47241300006863
Calle Jorge Manrique,Ayamonte,-7.40367328960243,37.2627224582264
Calle Nueva,Sanlúcar de Guadiana,-7.4665219995904,37.4717120002088
Carretera HU-4402 Villanueva de los Castillejos a Sanlucar de Guadiana,Sanlúcar de Guadiana,-7.44667799998953,37.4858169995551
Calle Angosta,Sanlúcar de Guadiana,-7.46561299993983,37.473821000339
Carretera Huelva,Villanueva de los Castillejos,-7.26921899999991,37.497888
Trasera Cuartel Herrerías,Puebla de Guzmán,-7.2916441192203,37.611950057277
Plaza del Pozo Nuevo,Villablanca,-7.34481099999994,37.3014140000001
Carretera Herrerias,Puebla de Guzmán,-7.30623699999995,37.580922
Paraje Pinar de Hierro,Calañas,-6.82376599999992,37.6448970000001
Calle Caracola,Lepe,-7.21543488699552,37.2059987278277
Avenida Extremadura,Villablanca,-7.34434299999992,37.3027160000001
Calle Fabie,Nerva,-6.54597900030119,37.6924619994296
Calle Fuente Nueva,San Silvestre de Guzmán,-7.3503156930474,37.386330668934
Calle de las Fuerzas Armadas,Manzanilla,-6.43841700343261,37.3901903004535
Plaza de Andalucía,Punta Umbría,-6.9748949101813,37.183129875844
Calle Encinasola,Cumbres de San Bartolomé,-6.74453318935504,38.0782485567257
Calle Julio Senador,Nerva,-6.54319200047371,37.6893260002138
Plaza de España,Minas de Riotinto,-6.583206727608342,37.71372020312492
Calle Costa Rica,Palos de la Frontera,-6.88702500024437,37.2237139996351
Calle Estrella del Mar,Moguer,-6.84037700070779,37.14124699930355
Glorieta del Cenagal,Galaroza,-6.70510699999994,37.9264590000001
Paraje los Corrales,Villablanca,-7.33589899999993,37.299606
Plaza Constitución,Cartaya,-7.15857482299981,37.2870379158649
Plaza del Santo,Santa Bárbara de Casa,-7.191340999887043,37.79629400006816
Calle San Sebastián,Santa Bárbara de Casa,-7.19219994380716,37.796472212451
Calle Varadero,Huelva,-6.931204999790799,37.259580000052715
Avenida Portugal,Santa Bárbara de Casa,-7.19482850775889,37.7959335039566
Calle Dos de Mayo,Lepe,-7.19783100053154,37.2616670000146
Calle Filón Norte,Aljaraque,-6.991189,37.279039
Avenida Padre Mirabent,Isla Cristina,-7.3286990002364165,37.20473299998896
Calle Iglesia,Arroyomolinos de León,-6.42124773482154,38.0265254583995
Calle Tovar,Higuera de la Sierra,-6.44695500037279,37.8376879997016
Calle Zorrilla,Alosno,-7.11896199999995,37.5990980000001
Calle Chile,Cartaya,-7.15631999999994,37.2868810000001
Calle San Guillermo,Aljaraque,-6.99136160189902,37.2799709852072
Calle Luis Bayo,Moguer,-6.83614511415986,37.2752611587795
Calle Arzobispo Almaraz,Moguer,-6.83826499960053,37.2790400002516
Calle Trinidad,Valverde del Camino,-6.75535399965548,37.5728130000748
Calle Tres Pajares,Berrocal,-6.5415237772297,37.6089336588997
Calle Fuente,Corteconcepción,-6.50909200030213,37.8974930004414
Plaza San Juan,Corteconcepción,-6.4984856683816,37.8922136139392
Calle Lisboa,Corteconcepción,-6.49835000046099,37.8927999993765
Carretera Jabugo (Pol 4 - Par 19),El Campillo,-6.6697205778036,37.705249757458
Calle Particular,Corteconcepción,-6.50262615892597,37.8940933115894
Calle Fuerte,Encinasola,-6.87677423973924,38.1382075410453
Calle Huelva,San Bartolomé de la Torre,-7.10964299999995,37.4459310000001
Calle Aitana,Aljaraque,-6.9930500007907,37.29329651241
Calle Río Tajo,Ayamonte,-7.396963000674344,37.21898300030815
"Centro Protección de Menores ""La Felicidad"" C/ Tavira S/N",San Bartolomé de la Torre,-7.1090665956262,37.447070630345
Calle Arzobispo Domínguez,Galaroza,-6.713372730999936,37.925834733000045
Calle Encinilla,Cartaya,-7.14897299999996,37.2845720000001
Calle Cristóbal Colón,Ayamonte,-7.4083569999164,37.2144080002204
Urbanización Costa Canela,Ayamonte,-7.40542111781919,37.1984663037932
Calle Hospital,Manzanilla,-6.42911699974959,37.3868410002122
Calle Aguedilla,Moguer,-6.83418699969804,37.2720160003505
Calle Arcipreste de Hita,Ayamonte,-7.403745126933,37.2611797678502
Calle Pinta,Paterna del Campo,-6.40529600021007,37.4169700001655
Calle la Era,Berrocal,-6.54092699999995,37.608188
Calle Iglesia,Cortegana,-6.819961999999919,37.90940200000006
Calle Panamá,Moguer,-6.83870899931621,37.2795800002653
Calle Paterna,Escacena del Campo,-6.39423600009112,37.4126570000207
Calle Jesús Cautivo,La Palma del Condado,-6.55104793299995,37.38002162
Prolongación Pozo la Máquina,Hinojos,-6.37925599996428,37.2888399999662
Calle Cureñeros,Aracena,-6.5688099998814,37.891041000442
Calle Vera Cruz,Aracena,-6.56829799965278,37.8915369999328
Calle Altozano,Encinasola,-6.86994495089867,38.1374935485885
Calle Huelva,Paterna del Campo,-6.399367000186772,37.42141800024069
Camino Villarrasa,Bollullos Par del Condado,-6.54618799987613,37.3449170004194
Calle las Viñas,Bollullos Par del Condado,-6.54608300043001,37.3370859999191
Calle San Francisco,Bollullos Par del Condado,-6.53593600014609,37.3374749998715
Calle Moguer,Trigueros,-6.83295212099989,37.377273808
Calle Zapateros,Lepe,-7.19940044176108,37.2501093454219
Calle Cirujeda,Santa Olalla del Cala,-6.23339677773514,37.904462317787
Calle Velázquez,Santa Olalla del Cala,-6.22883650099993,37.90717383
Calle Marina Española,Santa Olalla del Cala,-6.22150999999991,37.9044840000001
Camino Monasterio,Santa Olalla del Cala,-6.22300272902753,37.9046563006565
Calle Concepción,Moguer,-6.83412100049228,37.2742090001631
Vía de Alosno,Villablanca,-7.31661199999991,37.33493
Carretera A-5300 de N-435 a Arroyomolinos de León,Cumbres Mayores,-6.6091717576703,38.0352650368521
Calle Castelar,Nerva,-6.54895399930622,37.6988690006999
Vía de Isla Cristina por del Empalme,Villablanca,-7.32865299999992,37.2877000000001
Calle Nuestra Señora del Rocío,Cartaya,-7.16079099999996,37.2858760000001
Calle Hornos,Moguer,-6.83351500071803,37.2730549999094
Avenida Santísimo Cristo de la Sangre,Gibraleón,-6.96243499999991,37.3657390000001
Calle Cuesta de las Tres Caídas,Huelva,-6.94749399997335,37.25747099971981
Calle Presidente Adolfo Suárez,Lepe,-7.200925661625895,37.26701291399725
Calle Federico García Lorca,Villablanca,-7.34204999999992,37.30312
Calle Feria,Alosno,-7.11353399999996,37.5466040000001
Calle Cádiz,El Campillo,-6.6298139999999535,37.695549000000085
Calle San Francisco (Valdezufre),Aracena,-6.49451200002865,37.8654239999179
Camino de la Herrumbre,Aracena,-6.5622713603557,37.907985979875
Avenida de San Juan Bosco,La Palma del Condado,-6.55190549624093,37.3814465577669
Calle Olmo,Cortegana,-6.82230599999991,37.909116
Calle Jesús de la Amargura y Virgen de los Dolores,Beas,-6.79608800008149,37.4246780000509
Calle Albéniz,Almonte,-6.51744200016909,37.2642770007746
Calle Rosario,Linares de la Sierra,-6.62228514384419,37.8789740114417
Calle Sagrado Corazón de Jesús,Aracena,-6.5643907672626,37.896636756872
Plaza Maestro D. Juan Manuel Serrano Márquez,Calañas,-6.87619732518147,37.6545093104238
Calle Ladera,Jabugo,-6.72880064799995,37.9174456960001
Calle Cuesta Empedrá,Aracena,-6.56131400044059,37.8924420002982
Calle Aracena,Lepe,-7.206709000461144,37.2518149998465
Calle Agustina de Aragón,Minas de Riotinto,-6.58312099973432,37.7146680004279
Camino los Soldados,Rociana del Condado,-6.57144277471752,37.2996702574
Muelle Club Deportivo Náutico Punta Umbría,Punta Umbría,-6.96741310374839,37.1920359175366
Calle Valle de la Cuenta,Nerva,-6.54431194140961,37.69044803121258
Calle D. Juan Toscano Reyes,Punta Umbría,-6.97230092241728,37.1914522349569
Paraje los Labradillos (Pol 15 - Par 166),Trigueros,-6.85341376582889,37.4072015559413
Calle Trasera Odón Betanzos,Gibraleón,-6.962148758999945,37.37788362100008
Avenida Hermanos Niño,Moguer,-6.83043699923269,37.282017999723635
Camino de Javata,Cala,-6.358890999999915,37.95774600000004
Calle Poeta José Manuel de Lara,Huelva,-6.9302973539727,37.254673219983
Calle Fenicios,Huelva,-6.93280099975474,37.2683619998338
Polígono 14,Niebla,-6.6700920381601,37.365550247705
Calle Manuel Sánchez,Huelva,-6.93702200045305,37.2615619997233
Calle Hornos,Palos de la Frontera,-6.8976081516429355,37.23103387595407
Paraje Verilla Rosal,Rociana del Condado,-6.6203952995231,37.3194143499972
Calle Cigüeña,Huelva,-6.952251051602755,37.27731838901866
Plaza Sagrado Corazon de Jesús,Bollullos Par del Condado,-6.535372000217466,37.33622099959961
Calle J. Pavo Carrasco,Minas de Riotinto,-6.593765983413334,37.690982116831265
Travesía Isidro Escudero,Santa Bárbara de Casa,-7.18929099977969,37.7951589998881
Calle Era,Santa Bárbara de Casa,-7.18941800024041,37.7945949999595
Calle Virgen del Reposo,Huelva,-6.941558999636996,37.26864800040245
Urbanización Nueva Redondela,Isla Cristina,-7.2683385920572,37.220645981476
Plaza de España,Villalba del Alcor,-6.4761690001566095,37.39714399947908
Calle el Granado,Huelva,-6.92524200052868,37.2649640001383
Calle Castilla,Palos de la Frontera,-6.89293300054146,37.2298610002234
Calle San Mateo,Ayamonte,-7.40629599989426,37.2231320002887
Camino de Barcialonga,San Silvestre de Guzmán,-7.37501399999991,37.3736210000001
Calle Doctor Fleming,Trigueros,-6.82789837099989,37.381851495000035
Calle Cortegana,Valverde del Camino,-6.74839899995547,37.5745909998585
Calle E,Lepe,-7.195421469688065,37.2515747126099
Calleja de Farelo,Villanueva de los Castillejos,-7.27341199999995,37.4994760000001
Calle Alpechín,Ayamonte,-7.40324100045734,37.2150329998696
Calle Sierra Morena,Punta Umbría,-6.97550199999995,37.188562
Calle Empalme Sur D,Isla Cristina,-7.30829954522553,37.2454550427689
Calle San Mames,Aroche,-6.952050999999926,37.943786000000046
Calle Holanda,Aljaraque,-7.022688208544645,37.26774680657813
Calle Echegaray,Huelva,-6.93698500023639,37.2536289999552
Calle Nueva,Encinasola,-6.87410564455965,38.1365066901318
Calle Isla Magdalena,Huelva,-6.9178474184739,37.2699683638085
Calle de las Termas,Aroche,-6.94808222197799,37.9456268734134
Calle Castillo,Punta Umbría,-6.960016560999918,37.178463236000084
Calle Europa,Bonares,-6.67713799990516,37.3211330001244
Calle Pinta,Beas,-6.78887800059273,37.4260440003937
Calle Delfín,Isla Cristina,-7.250686000490325,37.20587699990676
Calle Geranio,Manzanilla,-6.427832999892841,37.39173700026251
Camino el Lince,Valverde del Camino,-6.79111912393559,37.5255051926688
Travesía Transversal Arrecife,Ayamonte,-7.40442000072742,37.21685999959597
Calle Algas,Punta Umbría,-6.978187999999932,37.18338000000006
Paseo Pregoneros de la Bella,Lepe,-7.1830560003518,37.22374800036004
Calle Gossan,Minas de Riotinto,-6.59566745059232,37.6961573365919
Calle Alfonso XIII,El Almendro,-7.26934199999994,37.5070340000001
Plaza Condado,Huelva,-6.943640000573778,37.282947000196735
Calle Vespasiano,Nerva,-6.553754000331377,37.695887000260946
Calle Empalme Sur E,Isla Cristina,-7.307712177902806,37.245525176563476
Calle Docampo,Huelva,-6.944066684950372,37.26386995116942
Calle Miguel Hernández,Huelva,-6.952401999647815,37.270275000075046
Calle Trigueros,Huelva,-6.95826014423356,37.2643606344845
Calle Fuente Vieja,Paterna del Campo,-6.40575699998149,37.4737539998561
Avenida Constitución,Cumbres Mayores,-6.6442292816344,38.058915781185
Paraje el Cotillo,Beas,-6.787445000517024,37.4277180006429
Carretera HU-8116 Acceso Sur a Valdelarco,Valdelarco,-6.687171911154615,37.945004260438424
Calle Alonsario,Almonte,-6.51236000031658,37.2639289999314
Plaza de la Alhambra,Huelva,-6.9582130003354195,37.26021800022761
Carretera C.Z05.DIQ,Huelva,-6.9232179815725,37.168669967057
Callejón de las Brujas,Castaño del Robledo,-6.70419899999996,37.895139000000086
Calle Santa Ana,Bollullos Par del Condado,-6.53912319,37.34367805
Plaza Doñana,Punta Umbría,-6.975693999999919,37.18821800000006
Calle las Eras,La Granada de Río-Tinto,-6.50804157495319,37.7695948906582
Calle Juan Ramón Jiménez,Almonte,-6.51787799996549,37.2546790001489
Calleja de la Maquina,Encinasola,-6.871446675723341,38.138211765160975
Calle Triton,Punta Umbría,-6.958913999999936,37.17946000000006
Calle Fuente del Duque,Cartaya,-7.15783899999991,37.28476800000004
Calle Toledo,Cartaya,-7.107608606999918,37.21691532300008
Calle Cantera,Galaroza,-6.70546666099995,37.925362567
Calle Pedro Larios,Bollullos Par del Condado,-6.537022999911313,37.33725200037965
Calle Enebro,Cartaya,-7.15293587770002,37.2782457237189
Calle Alcalde José Regidor,Lucena del Puerto,-6.7304379999999355,37.30442400000004
Calle Condor,Punta Umbría,-7.0503179999999475,37.210248000000036
Calle PP Callejón Niebla V2,Valverde del Camino,-6.748171650984104,37.5645078693248
Residencial El Capricho,Lepe,-7.205541548202922,37.24745720979573
Paraje Matasanos,Villarrasa,-6.6089273354726,37.361530002348
Paraje El Pinar,Villablanca,-7.32960553899994,37.296631242
Vía Carril,Minas de Riotinto,-6.586898000342387,37.7168640000736
Calle el Orozunal,Almonte,-6.51898099959243,37.2558309999318
Camino el Alcaudón,Valverde del Camino,-6.78892547554137,37.5357862798635
Calle a Estrada,Almonte,-6.51472300052193,37.2610219995302
Paraje Las Minetas,Trigueros,-6.8557447334935,37.447445829272
Calle el Viso,Santa Olalla del Cala,-6.23528181599994,37.90905520500007
Calle los Barranquillos,Hinojos,-6.37677725526599,37.2950819901419
Paraje Esgarrona,Rociana del Condado,-6.6045393177338,37.312124568707
Calle Corta,San Bartolomé de la Torre,-7.10566799999992,37.448221
Calle Joaquín Turina,Lepe,-7.211922814636982,37.26183510104632
Calle Gran Almirante Cristóbal Colón,Moguer,-6.83530020122893,37.1366806288733
Calle Doctor Fleming,Bonares,-6.68290699933236,37.324425999989
Vereda de los Contrabandistas,Santa Olalla del Cala,-6.367220999999915,37.919137000000035
Calle María Zambrano Alarcón,Isla Cristina,-7.27176312942058,37.2207559996298
Avenida Acceso al Puente Odiel,Huelva,-6.96133900009497,37.2653989998219
Paseo del Cantil,Isla Cristina,-7.331077376866124,37.19469082373901
Urbanización Entrepinos - Avenida Cristóbal Colón,Cartaya,-7.0584937407907,37.216002493505
Paraje Cruz del Tío Vázquez,San Bartolomé de la Torre,-7.10588099999995,37.4553690000001
Plaza de la Marisma,Isla Cristina,-7.321931999965121,37.20378700020339
Calle Lubina,Isla Cristina,-7.252456000187613,37.20685400030008
Calle Estrella,Isla Cristina,-7.3250226164097505,37.203999661215335
Carretera N-442,Huelva,-6.93829344812993,37.2122519175487
Calle Alonso de Morales,Huelva,-6.940534000647969,37.25772600022547
Barriada Islamar,Isla Cristina,-7.326468000350938,37.19510700042127
Plaza del Concejo,Isla Cristina,-7.270952000485019,37.222711000227655
Calle San Agustín,Isla Cristina,-7.32516192300111,37.1962533858732
Plaza del Ayuntamiento,Isla Cristina,-7.32450578925566,37.1996321776833
Calle Miguel de Cervantes,Isla Cristina,-7.27333599983923,37.2220649998354
Calle Adelfas,Isla Cristina,-7.269863000048165,37.241259000121396
Calle Ballena,Isla Cristina,-7.245741000555555,37.20428899982642
Calle Gamba,Isla Cristina,-7.25162800067739,37.2055770001062
Calle Alcalde José María López,Beas,-6.86108400053187,37.4842690005402
Plaza Nuestra Señora de los Ángeles,Isla Cristina,-7.319136630733533,37.2002051995701
Calle Oriente,Isla Cristina,-7.31546299979474,37.1999859995684
Calle Tulipanes,Isla Cristina,-7.271796999911177,37.239509999622214
Calle Torre del Mar,Isla Cristina,-7.27209499991118,37.2220240001291
Calle García López,Huelva,-6.933164999895614,37.25245200016755
Calle la Niña,Isla Cristina,-7.324259999854853,37.19937199979225
Calle Carlos Cano,Isla Cristina,-7.314426999959769,37.19594299983272
Calle Abedul,Isla Cristina,-7.308814833976911,37.198120009174566
Calle Tiburon,Isla Cristina,-7.249979000560478,37.20628400024867
Calle Nogal,Isla Cristina,-7.30665837569815,37.1966882581015
Plaza Manuel Camacho,Isla Cristina,-7.23730800074932,37.2073660003559
Calle Esperanza,Isla Cristina,-7.271806999869569,37.223075999797594
Calle Trasera Ermita,Isla Cristina,-7.31342000049216,37.2260419995763
Calle Boquerón,Isla Cristina,-7.24859412,37.20844009
Polígono Industrial Menaja,Huelva,-6.91278480907991,37.2732444349703
Calle Doña Ramona Domínguez,El Cerro de Andévalo,-7.0729775583678,37.6822673037329
Calle Alcalde Manuel Márquez,Arroyomolinos de León,-6.4218287336475,38.023699342843
Calle Azorín,Aljaraque,-7.005707000318876,37.279398000278654
Calle Padre Marchena,Huelva,-6.9469498377786785,37.25576031822677
Aldea Tejada De,Escacena del Campo,-6.36380411731843,37.4481033665964
Paraje El Perrunal,Gibraleón,-7.02249114024268,37.3569342226801
Calle San Roque,Arroyomolinos de León,-6.42233302199992,38.0239403150001
Calle Lope de Vega,Huelva,-6.935673000603476,37.25438799978424
Calle Lisboa,El Campillo,-6.627391999999929,37.69597200000004
Calle Longinos Abengozar Muñoz,Santa Olalla del Cala,-6.22566699999993,37.90862200000004
Calle Viento del Norte,Trigueros,-6.83427411399992,37.376636014
Calle Virgen del Socorro,La Palma del Condado,-6.554336862999946,37.38705406500003
Calle Río Turia,Huelva,-6.926525999988343,37.25762699976818
Calle Colombia,Huelva,-6.929779000127289,37.25787199998046
Calle Álamo,Huelva,-6.940514000260937,37.25895400028642
Calle Andalucía,Huelva,-6.934235000186113,37.256042999852006
Calle Aragón,Huelva,-6.95156099998164,37.26202200007937
Calle Alfonso XIII,Huelva,-6.952568000266473,37.264046999945535
Calle Andrés de Huelva,Huelva,-6.940194999658106,37.257912999853744
Calle Arquitecto Francisco Sedano Arce,Huelva,-6.933270999882472,37.25527699998973
Calle Arquitecto Monis,Huelva,-6.94718299969785,37.2563889996182
Calle Concepción,Huelva,-6.953099000428,37.25743999993225
Plaza Cayetano Valdés,Huelva,-6.938352999856728,37.282362000095794
Calle Duque de la Victoria,Huelva,-6.954186999660736,37.25603900021744
Calle Dalia,Huelva,-6.931314999783556,37.275371000332775
Calle Presbítero Manuel López Vega,Huelva,-6.950542000259939,37.27054999988379
Plaza Luis Buñuel,Huelva,-6.93666264447215,37.2766861549558
Calle el Almendro,Huelva,-6.9256653763034635,37.26497012736427
Plaza Don Quijote de la Mancha,Huelva,-6.92540699983291,37.2631739997665
Calle Gonzalo de Berceo,Huelva,-6.9400039998335785,37.28292899967446
"Transversal Tamarindos, Transversal 1",Huelva,-6.952041038749399,37.27196538315732
Calle Escultor León Ortega,Huelva,-6.952450999688904,37.264572999903926
Calle Extremadura,Huelva,-6.934096999585846,37.255959000015565
Calle Fray Juan Pérez,Huelva,-6.946640519074713,37.26196660582862
Calle Guillermo Poole de Arco,Huelva,-6.9459557685764555,37.25746948427106
Glorieta de los Rederos,Huelva,-6.935600000121021,37.26605700039564
Calle Pilar Marín,Huelva,-6.952139000525423,37.269931999745204
Glorieta de los Labradores,Huelva,-6.93833499993252,37.2631280000077
Calle Jacinto Benavente,Huelva,-6.93531197299415,37.2545393123826
Calle Juan de Oñate,Huelva,-6.945024000272083,37.26379999963369
Calle Méndez Núñez,Huelva,-6.952958000330061,37.257921000359325
Calle José Nogales,Huelva,-6.95475099992198,37.2578920002501
Calle las Bocas,Huelva,-6.95400499975334,37.256802999603
Calle Lazo Real,Huelva,-6.949234000070825,37.257606999991836
Calle los Pastores,Huelva,-6.952361000323696,37.2699609997951
Calle Patriarca San José,Huelva,-6.951483000457328,37.26978600003491
Calle Real de la Feria,Huelva,-6.951957000688177,37.268444000053584
Calle Obispo Díaz Bernal,Huelva,-6.933169000672234,37.25783900016009
Calle Paco Isidro,Huelva,-6.941845000380784,37.257229999554056
Calle Palmera Antigua,Huelva,-6.9403580003991205,37.26069400037368
Calle Paterna del Campo,Huelva,-6.940796000678182,37.268429999810174
Calle Periodista Luca de Tena,Huelva,-6.954185999976043,37.25521500027622
Calle Ramón López,Huelva,-6.95290800051333,37.2541489999284
Calle Padre Jesús de la Pasión,Huelva,-6.9476168422768,37.2600849671596
Calle Rico,Huelva,-6.952891999725355,37.25501199986412
Calle Río Tajo,Huelva,-6.927714000320439,37.25725700006914
Calle Río Guadiana,Huelva,-6.9278899996157115,37.25714399988846
Calle Rodrigo de Triana,Huelva,-6.943498999916835,37.25770500009308
Calle Sanlúcar de Barrameda,Huelva,-6.95794100013752,37.2545609996351
Paseo Santa Fe,Huelva,-6.950983000481358,37.2586680002951
Plaza Tamboril,Huelva,-6.93176199992094,37.2574859995851
Calle Villalba del Alcor,Huelva,-6.9554509998684315,37.26387399970967
Calle Velarde,Huelva,-6.951017000332463,37.259406000279455
Plaza José María Morón,Huelva,-6.934210000532167,37.27042200033372
Calle Virgen de las Mercedes,Huelva,-6.940172891295132,37.269463679224984
Calle Teniente de Navío Rafael Gómez Bravo,Huelva,-6.940107999870949,37.2591459995848
Plaza de la Cantiña,Huelva,-6.9317580001049715,37.2647710000045
Plaza de los Niños Bosnios,Huelva,-6.943814543829156,37.28019247482388
Calle Punta Umbría,Huelva,-6.957014513963537,37.26763999011527
Avenida Costa de la Luz,Huelva,-6.955924784621888,37.266503035999456
Calle Cumbres de Enmedio,Huelva,-6.931077000593496,37.27229499970458
Calle Sagrada Familia,Huelva,-6.9532582808927135,37.27039890276109
Plaza de las Adoratrices,Huelva,-6.943161101675381,37.263165143937016
Calle José Leandro Muñoz - Pepe Pirfo,Huelva,-6.95725423,37.25244363
Calle Isla Margarita,Huelva,-6.92249477309751,37.2748700382508
Calle Marismas del Polvorín,Huelva,-6.93294049523167,37.2537667091223
Calle Estrella Martín Tejerizo,Huelva,-6.934893529562655,37.282635831350035
Plaza Doctor Eduardo José García Fernández,Huelva,-6.93357443274297,37.2774242546418
Plaza España,Calañas,-6.878836218999936,37.65490100300008
Calle Puerto Bajo,La Nava,-6.748152117026392,37.96443102497197
Camino de Juan,Niebla,-6.654888999827349,37.52062200020529
Calle Bollullos Par del Condado,Aljaraque,-7.0314298927537,37.268664602098
Calle Rábida,Chucena,-6.39465699972058,37.3649339999044
Calle Brasil,Bollullos Par del Condado,-6.540901999827254,37.34838800040603
Calle Tartesos,Niebla,-6.68664800030482,37.3600709995772
Calle Cuatro de Febrero,Minas de Riotinto,-6.59213811524564,37.693343856385
Calle la Adelfa,Paterna del Campo,-6.40712600016087,37.4734759996264
Calle Alegranza,Moguer,-6.841600000576781,37.28004299993003
Trasera Este,Villanueva de las Cruces,-7.023174999999924,37.62642800000009
Calle Galeón Rafaelito,Ayamonte,-7.4035695984108125,37.199493564194235
Plaza de Toledo,Huelva,-6.9401132232579155,37.26656868485929
Avenida de la Constitución,Villarrasa,-6.60972199977034,37.3866569998208
Calle Indiano,Paterna del Campo,-6.404844000050368,37.423333999564605
Calle Nicoba,Trigueros,-6.8328967639999405,37.37993721000004
Calle Diego Pérez Cuenca,Trigueros,-6.83115374599993,37.383648995
Calle Camino de los Cristos,Villarrasa,-6.608159999684084,37.38565799961713
Calle la Lapilla,Aljaraque,-6.993805996225,37.2664139077246
Paraje Cercado Cuarto,San Silvestre de Guzmán,-7.3438045314141,37.388875415255
Camino de Valdelarco a Cumbres Mayores,Valdelarco,-6.67387502820977,37.972554821348
Paraje el Roblecillo,Galaroza,-6.69893199999996,37.9352150000001
Calle Constitución,Encinasola,-6.86819599974543,38.1351449996422
Calle de las Mercedes,Isla Cristina,-7.3175790001806,37.2007309999172
Calle Iglesia,Alosno,-7.114871999999934,37.54970300000008
Calle Sagasta,Alosno,-7.11889699999995,37.600465
Barriada Fuente la Vica,Aroche,-6.952492999999947,37.945422000000065
Calleja Carlos Obligado a Real,Calañas,-6.8790449999999055,37.65374900000006
Calle Arias Montano,Castaño del Robledo,-6.703440999999941,37.89535700000005
Calle Puente,Fuenteheridos,-6.6596583404991,37.905235641199
Calle Ecuador,Cartaya,-7.15753299999994,37.2854160000001
Calle Cuesta,Cartaya,-7.124665999999934,37.21767300000005
Calle Carretera del Puente,Gibraleón,-6.97539299999994,37.37755800000008
Calle Ciudad Jardín,El Cerro de Andévalo,-6.938942999999938,37.732184000000075
Calle Real,Castaño del Robledo,-6.7051929999999516,37.894441000000086
Calle Fuenteheridos (Navahermosa),Galaroza,-6.668734999999913,37.93020900000005
Plaza el Resolano,Arroyomolinos de León,-6.423335505999944,38.02832286600005
Calle el Molino,El Cerro de Andévalo,-7.07289899999995,37.680638
Calle Juan Ramón Jiménez,El Cerro de Andévalo,-6.936007424999957,37.73362693000007
Paraje la Bujarda,El Cerro de Andévalo,-7.036224999999945,37.75973700000009
Urbanización Residencial la Jara - Manzana II,Ayamonte,-7.4007897851486,37.262941725435
Calle Torerera,Aljaraque,-6.99307014341994,37.2733662099466
Calle C,Ayamonte,-7.38971392338099,37.234118399291
Plaza Juan Ramón Jiménez,Ayamonte,-7.398982000424943,37.216216999681805
Calle Fragata,Ayamonte,-7.3414471924742255,37.18932596228881
Calle Alegría,Jabugo,-6.74981595499992,37.893962017
Calle Noria,Jabugo,-6.72753368499991,37.9187684130001
Callejón Juego Bola,Puebla de Guzmán,-7.251295999999911,37.61511400000006
Calle Avenida del Atlantico,San Juan del Puerto,-6.832395511999948,37.31460147800004
Calle de los Gorriones,Ayamonte,-7.37989852822634,37.1741711696542
Calle Francisco Ayala,Valverde del Camino,-6.75298799975241,37.5780919996051
Calle Yerbabuena,Ayamonte,-7.39995042829322,37.2237561470639
Calle Cabezas Rubias,Valverde del Camino,-6.747764000525536,37.577187000033796
Calle Albareda,Rociana del Condado,-6.596781999999905,37.30480300000005
Calle Paz,Valverde del Camino,-6.74835514155559,37.5703122760435
Camino a la Corta Santa Bárbara,Cortegana,-6.97692399999994,37.81228900000008
Avenida Consejero Montaner,Bonares,-6.68245100067653,37.3262649996439
Calle el Pilar,Bonares,-6.68507399962246,37.3211039999339
Camino la Alondra,Valverde del Camino,-6.7828573115816,37.527364132273
Plaza de las Monjas,Moguer,-6.839514999958271,37.275465000171266
Calle Ponzole,Hinojos,-6.376478999605994,37.294005999877214
Camino la Nutria,Valverde del Camino,-6.79128297990956,37.5254639897792
Camino la Gineta,Valverde del Camino,-6.79189999536811,37.5252829352699
Camino el Erizo,Valverde del Camino,-6.7925141460598,37.521278413949
Camino el Rabilargo,Valverde del Camino,-6.78874199997445,37.5315530000326
Camino el Mirlo,Valverde del Camino,-6.7824482356786,37.516388935618
Camino el Mochuelo,Valverde del Camino,-6.78824913555235,37.5334099399897
Carretera San Bartolomé,Gibraleón,-7.056105999999943,37.387327000000084
Calle Puente,Santa Bárbara de Casa,-7.187968999969176,37.79665399958263
Vía Sendero Gr-41 Variante 2 Camino de la Umbría,Zufre,-6.349241999999947,37.83454300000005
Plaza Pinos del Mar,Punta Umbría,-6.9838562100159,37.193905439416
Camino el Cuco Viejo,Valverde del Camino,-6.7837138911886,37.521541446129
Calle Descubrimiento de América,La Palma del Condado,-6.54820518899993,37.390518265000026
Plaza Juan Pablo II,Bollullos Par del Condado,-6.53471439946195,37.3347692430873
Calle las Arenas,Almonte,-6.51248300021905,37.2525100004458
Urbanización Hoyo 5,Cartaya,-7.05783299999996,37.2162510000001
Camino de Rosal Encinasola,Aroche,-7.045628999999906,38.01101900000009
Camino de Tharsis a las Minas de los Silos Ferrocarril,Alosno,-7.069816999999944,37.55080200000009
Callejón Aracena,Arroyomolinos de León,-6.42222499999991,38.0230270000001
Calle 28 de Febrero,Manzanilla,-6.428392999637106,37.39139799991791
Camino Carril de la Cumbre,Aroche,-6.848904999999945,37.970105000000046
Glorieta de la Junqueira,Ayamonte,-7.40714321555176,37.2168849979071
Calle I,Bollullos Par del Condado,-6.5428830003499865,37.34928500040262
Camino de las Eras,Berrocal,-6.544364060999953,37.60985105000009
Paraje La Viguera,Paterna del Campo,-6.43350899950018,37.4927580001034
Camino del Castillo de las Guardas,La Granada de Río-Tinto,-6.484965999999929,37.770796000000075
Camino Camino de la Raya del Guijarral,Gibraleón,-7.04360228999991,37.50804349900005
Camino Camino de los Pasajeros,Cabezas Rubias,-7.078117999999961,37.78530100000006
Camino Camino de la Joya,Cabezas Rubias,-7.066063999999926,37.77332500000006
Calle Tharsis,Aljaraque,-6.9936010006718865,37.268630999943106
Camino Barranco el Verdejo,Calañas,-6.916123999999911,37.68582600000008
Calle los Álamos,La Granada de Río-Tinto,-6.508981999999946,37.77046500000006
Camino de la Cerca,Calañas,-6.881183999999905,37.63575000000009
Camino del Zorro,Campofrío,-6.58424399999996,37.76394
Camino Camino de el Campillo,El Campillo,-6.631388999999956,37.68373600000007
Camino Camino de la Pena de Hierro,Campofrío,-6.57220499999994,37.759828000000084
Vereda Vereda del Camino de Puerto Moral,Campofrío,-6.573219999999935,37.76873000000006
Camino Camino de Huertos Perdidos,Campofrío,-6.549229999999909,37.74952900000005
Apartamentos Manuel De Falla - Avenida Playas De Cartaya,Cartaya,-7.102643224999952,37.217176549000044
Carretera Camino Nuevo de Valdeflor,Cartaya,-7.158677999999952,37.322384000000056
Carretera de la Cancela,El Granado,-7.408797999999933,37.53160400000007
Camino Raya Almeja,Hinojos,-6.3966200003126135,37.22887299998911
Vía de la Tinajilla,Lucena del Puerto,-6.74523599999992,37.27556100000004
Camino de Loren,Niebla,-6.714063000107209,37.343389000102476
Camino de las Aldeas,Nerva,-6.530468000264033,37.689134000227874
Camino de la Perneria,Punta Umbría,-7.057264461999921,37.24758572300004
Calle las Piedras,Sanlúcar de Guadiana,-7.46784400030019,37.4723560002294
Calle Clara de Campo Amor,San Silvestre de Guzmán,-7.347663999999952,37.38986600000004
Urbanización la Puerta de Vista Alegre,Ayamonte,-7.31604445757757,37.2265218262101
Calle San Bruno,Ayamonte,-7.34282299981786,37.1833090004443
Camino de los Álamos,La Granada de Río-Tinto,-6.514550999999926,37.77112800000009
Camino del Coladero,Palos de la Frontera,-6.883935427730106,37.20057017461553
Vereda del Camino Viejo de Villablanca,Villablanca,-7.34584899999993,37.26967700000006
Grupo H (Romanera),Puebla de Guzmán,-7.2938519999999585,37.610442000000035
Vía del Antiguo Ferrocarril Minero de las Herrerias al Puerto de la Laja,Puebla de Guzmán,-7.341648999999961,37.60682200000008
Barriada Nucleo Residencial el Parque,Rociana del Condado,-6.598733999999922,37.31167400000004
Calle Gavia Honda,Rociana del Condado,-6.599214999999958,37.306954000000076
Plaza de la Trinidad,Villalba del Alcor,-6.476954925438395,37.396631898980075
Callejón Tenerias,Valverde del Camino,-6.75779033472477,37.56701156962
Calle Rafael Tenorio,Villalba del Alcor,-6.4754349996846035,37.39647999949948
Calle Manuel de Rojas,Valverde del Camino,-6.762925000103678,37.574069000381606
Calle Real de Arriba,Valverde del Camino,-6.7537860004602095,37.573996999644955
Vía del Río Casablanca,Villablanca,-7.398502999999948,37.307941000000085
Carretera HU-4402 Villanueva de los Castillejos a Sanlucar de Guadiana,El Almendro,-7.379064999999912,37.51186100000007
Plazoleta Padres Capuchinos,Moguer,-6.843099325349347,37.27541945846197
Calle Alfredo Calderón,Nerva,-6.553243999372634,37.69595000014065
Vía del Torbisco,San Bartolomé de la Torre,-7.074219999999912,37.42781800000006
Calle Galdós,Cartaya,-7.05813699999993,37.2154640000001
Calle G (P.I. Cantalgallo),Aracena,-6.570463,37.89682
Calle B (P.I. Cantalgallo),Aracena,-6.56874322,37.89851247
Calle Camino de la Molinilla,Aracena,-6.56963613240148,37.8885360396067
Calle Nuestra Señora Esperanza Coronada,Huelva,-6.9496579998812225,37.2544700002039
Plaza Andalucía,Huelva,-6.942998000089845,37.28215600004143
Vía del Toril,San Bartolomé de la Torre,-7.073286999999937,37.45890600000007
Calle la Portela,Sanlúcar de Guadiana,-7.4667492537748466,37.472845928397014
Calle Xandro Valerio,Moguer,-6.834943999243127,37.27550600030333
Calle Manuel Pérez Camacho,Isla Cristina,-7.32158500018565,37.1961469997942
Transversal a Matadero,Isla Cristina,-7.3150680004035085,37.200705999562096
Barriada Teniente García Gutiérrez,Beas,-6.794300001063639,37.43711599993558
Calle Santa Engracia,Beas,-6.793926999989119,37.426430000621934
Calle Virgen de la Estrella,Beas,-6.7717307063914,37.4042805931
Calle Cruz Verde,Beas,-6.79324400038462,37.4284699995461
Calle Valle Inclán,Moguer,-6.8157569479591,37.133843427236
Calle Bodegueros,Moguer,-6.839884000325091,37.27096500030273
"Calle Francisco Palacios ""El Pali""",Bonares,-6.6779619998555795,37.321152999900335
Calle Río de la Plata,Moguer,-6.8236909998931,37.1343899996848
Calle Ayuntamiento,Bonares,-6.68334900033606,37.3211060005474
Calle Argentina (San José),Moguer,-6.829262999877337,37.138016000260876
Calle tras Iglesia,Moguer,-6.836559000196488,37.274353999758695
Calle Francisco Velázquez,Moguer,-6.83897600007059,37.2716550001636
Calle Bollullos Par del Condado,Moguer,-6.831589999460867,37.27425300031231
Plaza San Francisco,Moguer,-6.840324000036129,37.27578499914891
Calle Pepe Rebollo,Moguer,-6.83386700051747,37.2783220000453
Calle Castillo,Moguer,-6.839831000378863,37.274397000742724
Calle Colombia,Moguer,-6.8350940000848635,37.2786750000095
Calle Graciosa,Moguer,-6.8391408584414215,37.28011738839939
Calle Lucena,Moguer,-6.84100600001893,37.2715219999681
Calle Picos,Moguer,-6.83348200002503,37.2740919998392
Calle Puerto de Palos,Moguer,-6.839131000428574,37.13980500013138
Plaza Nuestra Señora de Montemayor,Moguer,-6.8369040006839,37.2747650000467
Calle Alconera,Moguer,-6.8098259787854,37.1308628153681
Calle Carranzo,Moguer,-6.834561000040704,37.27348599942852
Calle Alonso Morales,Moguer,-6.84576312160084,37.2785452021581
Calle Santo Domingo,Moguer,-6.84060818496398,37.2744968348668
Calle Alfarería,Moguer,-6.845044999294845,37.27661800067166
Calle Lancha,Moguer,-6.82855099992286,37.136421000231685
Calle Estuario,Moguer,-6.825800999830331,37.14156500007987
Calle Almonte,Moguer,-6.83152648735807,37.2759034318555
Calle el Castañuelo,Huelva,-6.91779152330614,37.2634859617888
Calle Poeta Amador Galván,Arroyomolinos de León,-6.42356599999994,38.0290620000001
Calle Tinajeria,Lucena del Puerto,-6.731848010364865,37.30637479634228
Calle Aracena,Cala,-6.32041831380314,37.9717320725169
Calle la Castañuela,Hinojos,-6.3862369999374,37.2837970003315
Calle Pintor Pedro Gómez,Aljaraque,-7.0045639998674005,37.27648200032226
Calle Guadalquivir,San Juan del Puerto,-6.841241999999909,37.31667300000004
Camino de Mariana Gómez,Bonares,-6.71597200017084,37.3229310004447
Calle Valdelarco,Valverde del Camino,-6.74812214613405,37.578538661283
Barriada Antigua Cilla,Aroche,-6.95464622384383,37.943778240193275
Plaza de la Laguna,Ayamonte,-7.408674999735667,37.21440399983193
Calle Zarapico,Punta Umbría,-6.952756999999906,37.173884000000044
Calle Río Pisuerga,Ayamonte,-7.39781599996624,37.21778600000678
Calle Verdial de Huévar,Beas,-6.73908599986113,37.3892929999275
Calle Rafael Alberti,El Cerro de Andévalo,-6.93635768199994,37.732991139
Calle Amargura,Rociana del Condado,-6.59732299999996,37.306786000000045
Polígono Industrial la Colada,San Bartolomé de la Torre,-7.09793099999996,37.4427420000001
Calle Puerto Rico,Palos de la Frontera,-6.890903000068886,37.226380000281246
Calle Santeros,Almonte,-6.484878605820414,37.130381220384706
Calle Tres Picos,Trigueros,-6.830694620999964,37.38318237000004
Calle Dalí,Bollullos Par del Condado,-6.5413750000561,37.3470899999037
Calle Oriente,Ayamonte,-7.405400000094845,37.21498599977569
Calle Mediterráneo,Punta Umbría,-6.956575999999927,37.17606100000006
Calle el Cohetero,Almonte,-6.48607100004915,37.1358660001055
Calle Coros y Danzas,Huelva,-6.9362409998863095,37.26304399958854
Calle Manuel Altolaguirre,Almonte,-6.51902800010945,37.2660660000104
Plaza del Comercio,Almonte,-6.48227167134626,37.1340412942695
Camino Padron del Alcornoquillo,Beas,-6.771459000703416,37.43631500034504
Urbanización Villas de Golf,Almonte,-6.54864100005731,36.9977280002845
Avenida Aracena,Corteconcepción,-6.50165100010822,37.8921819996797
Calle Constitución,Corteconcepción,-6.501979999837892,37.894036000355584
Calle Río Tinto,Nerva,-6.55151299984079,37.6948599998459
Calle Navarra,Nerva,-6.549399070031149,37.69313910574299
Calle Alfonso XIII,Nerva,-6.55527400029941,37.6938629994328
Calle Alcalde Trigo González,Nerva,-6.55295099938095,37.6959020005598
Calle Viriato,Nerva,-6.5541770002151125,37.69498100031977
Calle Jesús,Nerva,-6.5497540001021886,37.69662200000912
Calle Miguel Hernández,Higuera de la Sierra,-6.448874999881147,37.8339499999927
Plaza del Aire,Huelva,-6.939861254632668,37.265430595745585
Calle C (Polígono Industrial San Diego),Huelva,-6.905530000491009,37.27520900006456
Parque Paco Jiménez,Huelva,-6.954927000199434,37.26850899954762
Plaza San Marcelino Champagnat,Huelva,-6.945235564052437,37.2604574944192
Calle Virgen de la Caridad,Puebla de Guzmán,-7.24365599999993,37.61471400000005
Calle Choco,Punta Umbría,-6.966497999999945,37.182645000000036
Calle Dorada,Punta Umbría,-6.967989999999929,37.18565700000005
Calle Descubridores,Punta Umbría,-6.958050999999955,37.17701000000005
Callejón de los Huertos,Rosal de la Frontera,-7.223936999999921,37.96158200000008
Plaza El Perrunal,Huelva,-6.93093685817499,37.2700840413408
Plaza Cristo del Perdón,Huelva,-6.94048763462445,37.28016383915368
Calle Cagancha,Niebla,-6.681770000185252,37.361858000146725
Calle Gargoris,Huelva,-6.930572160351022,37.26397424947423
Vía Hv-2211,Jabugo,-6.775572999999952,37.927242000000035
Calle Norte,Jabugo,-6.72865187899993,37.918239219
Calle Sabinar,Punta Umbría,-6.981655749999959,37.19216259600006
Calle Muelle Pescadores,Punta Umbría,-6.961223999999959,37.183035000000075
Calle Camino de la Dehesa,Moguer,-6.826139890456819,37.25799642615559
Calle Jardín,Hinojos,-6.393924000092388,37.28171299955544
Calle los Carbajales,Bollullos Par del Condado,-6.546083000430015,37.33708599991907
Calle Nuestra Señora de las Mercedes,Bollullos Par del Condado,-6.54034300012917,37.3351620002263
Camino Vereda de la Palma a Hinojos,Hinojos,-6.461479000155578,37.3434029998487
Camino de Huévar,Hinojos,-6.367370999571819,37.30032900008348
Camino de Raya,Hinojos,-6.439329,37.189336
Carretera HU-5402 Puebla de Guzmán a Cabezas Rubias,Cabezas Rubias,-7.144441999999913,37.67809100000005
Calle San Lorenzo,Niebla,-6.67828699964518,37.3633359999566
Calle Fuencarral,Calañas,-6.849648999999943,37.60072700000006
Urbanización Rincón del Golf II,Ayamonte,-7.3864097191103,37.193943609344
Camino de Gila al Hondillo,Paterna del Campo,-6.458270999706749,37.505255000218256
Urbanización Entrepinos,Hinojos,-6.39760299977844,37.269856999601
Avenida Carnaval de la Luz,Punta Umbría,-6.97403784813882,37.1906618389204
Calle Río Odiel,Aracena,-6.5605416000223,37.89301854501
Camino Cementerio,Alájar,-6.666729000569761,37.87164599990073
Urbanización Residencial las Arenas,Ayamonte,-7.3630755802317,37.176384938102
Calle el Lagar,Villablanca,-7.34154299999994,37.302261
Calle Miguel Hernández,Almonte,-6.51830999985651,37.260027000276
Urbanización Manuel Naranjo Arenas,Calañas,-6.87705840000147,37.6514655999655
Calle Pontezuela,Cartaya,-7.16260199999994,37.2843580000001
Calle la Era,Fuenteheridos,-6.661430999999936,37.90606000000008
Camino de las Herrerias,Paterna del Campo,-6.53460299982842,37.50731900007195
Camino de los Moriscos,Alosno,-7.059308999999928,37.57891900000004
Senda de Cumbre,Aroche,-7.1141609999999105,37.85965500000009
Camino del Cobezo de los Delgados,Aroche,-6.981583999999941,37.982165000000066
Carretera HU-8104 Cortegana a Montepuerto,Aroche,-6.86749999999995,37.97103000000004
Carretera H-9006,Aroche,-7.094437999999911,37.83211400000005
Camino Carril de Caseras,Aroche,-6.89053999999993,37.961921000000075
Calle Pizarrilla,Alájar,-6.66598299,37.87366513
Calle Casas de Arriba,Almonaster La Real,-6.82910328137913,37.886158614916
Camino de Almonaster la Real,Almonaster La Real,-6.81966099999994,37.82167600000008
Camino de la Gundaleta a Valdecanal,Cortegana,-6.761021999999912,37.93841500000008
Camino Pista Forestal,Cabezas Rubias,-7.142189999999914,37.71701100000007
Calle San Antonio,Alájar,-6.66596400035725,37.8723910002935
Carretera HU-6107 Berrocal a Limite de Provincia,Berrocal,-6.534044999999935,37.61115100000006
Calle Talero,Alájar,-6.66668638921505,37.8738354995662
Calle Andalucía,Alájar,-6.6653899576314,37.873145849979
Calle Don Manuel Marquez,Paymogo,-7.347626824999907,37.742251890000034
Calle Nuestro Padre Jesús Nazareno,Moguer,-6.83340600039999,37.2794539998175
Calle Jesús María,Linares de la Sierra,-6.62015599979939,37.8792010003261
Camino del Sequillo,Almonte,-6.553523891110133,37.26021467142
Calle Nueva,Los Marines,-6.623114000410647,37.90289600035036
Calle A (Parque Empresarial Sierra de Aracena),Aracena,-6.53341355199363,37.8785736881253
Polígono Industrial Camino Alto,Almonte,-6.54221623769647,37.2694072089263
Carretera de Manzanilla,Chucena,-6.40155204817858,37.367733623646
Calle Andalucía,Bollullos Par del Condado,-6.53868500011251,37.3442989997991
Calle Arroyomolinos de León,Cala,-6.3238150411378,37.972021879289
Paraje Ana Martín,Almonte,-6.5096810627272,37.285755730019
Vía Boronal,Villanueva de los Castillejos,-7.228591999999935,37.492856000000074
Barriada Nueva,Almonte,-6.52454877601958,37.2640699997606
Camino de Almonte a Villalba,Hinojos,-6.481730999685753,37.34766500033963
Ronda Gruta de las Maravillas,Aracena,-6.564682000174,37.8883369998528
Camino Guindaleta,Jabugo,-6.760760999999945,37.931185000000085
Camino del Jarrillo,Paymogo,-7.312415999999928,37.79165500000005
Camino del Nogal,Jabugo,-6.758962999999937,37.907049000000086
Camino la Vaquera,La Granada de Río-Tinto,-6.5085679999999115,37.76413500000007
Camino de la Teja,Gibraleón,-7.018427525999925,37.38057747000005
Camino de San Juan,Gibraleón,-6.946092019999924,37.36781930600006
Camino de Huelva a Valverde,Gibraleón,-6.926015675999906,37.370406915000046
Camino Camino de Zurrador,Fuenteheridos,-6.658289999999909,37.92059500000005
Calle Huelva,Cumbres Mayores,-6.6464238789133,38.0590925253354
Carretera HU-6110 Escacena del Campo a Aznalcóllar,Escacena del Campo,-6.3532959998104035,37.464536000236336
Colada de Espa,El Granado,-7.367619999999931,37.43222200000008
Camino de Sanlucar de Guadiana,El Granado,-7.33986799999991,37.49159200000008
Camino Raya de Cueva Quemada,Hinojos,-6.411444000440125,37.30330299963393
Camino Raya del Alcornoque de la Cañada Alta,Hinojos,-6.429691000139337,37.299291999926
Calleja Plaza Toros,Hinojales,-6.586726999651184,38.008797999828026
Camino del Charco a la Majadita,Paymogo,-7.417548999999951,37.73159600000008
Vía de Santo,Puebla de Guzmán,-7.448680999999908,37.63767100000007
Vía H-9oo9,Puebla de Guzmán,-7.35210799999993,37.60579400000006
Vía de los Toriles,Puebla de Guzmán,-7.276581999999905,37.66260200000005
Camino del Vinagre,Paterna del Campo,-6.501722999816416,37.49905300019591
Carretera HU-6108 Paterna del Campo a Tujena,Paterna del Campo,-6.408356000129122,37.44621099963811
Camino del Alpisarejo,Paterna del Campo,-6.426829000357913,37.4657909996551
Carretera A-5051 Acceso a el Portil desde la A-497,Punta Umbría,-7.027083999999945,37.211479000000054
Camino del Mocho,Paterna del Campo,-6.428730999935483,37.415410000171605
Camino de la Posada,Paterna del Campo,-6.551078999695869,37.48679199955136
Avenida Pinos del Mar,Punta Umbría,-6.98412197699992,37.1923534430001
Camino del Juncal,Niebla,-6.727784999777788,37.490577999675125
Camino de Valle Juncal,Niebla,-6.758653999682198,37.45478800036612
Camino de la Laguna,Niebla,-6.689349999902396,37.37105799992695
Calle Juan Ramón Jiménez,Campofrío,-6.57395707699993,37.7670589140001
Sector Calamón,Almonte,-6.53238376826938,36.9844244763092
Calle la Perdiz,Paterna del Campo,-6.405398999659961,37.47288200011316
Calle Arroyo,Escacena del Campo,-6.38835400043658,37.4063489996068
Plaza de España,La Palma del Condado,-6.553591432999951,37.387246995000055
Calle Dolores Mora,Paterna del Campo,-6.402406000036675,37.41761999956354
Calle Malacate,Aljaraque,-6.992908530862383,37.277716076136976
Plaza del Altozano,La Palma del Condado,-6.553110557999958,37.38621230800004
Calle Pedro Sánchez Gil,El Cerro de Andévalo,-6.94186296640111,37.7335392692885
Camino del Berrocal,La Palma del Condado,-6.55913294987795,37.4480771680609
Polígono Industrial Cuesta la Viña,Cartaya,-7.16818499999994,37.2870590000001
Calle Miró,Ayamonte,-7.40196045465268,37.2059441808637
Calle Cabezo,Aracena,-6.5580527928203,37.891784773972
Barriada Juan Ramón Jiménez,Alosno,-7.12389931640096,37.6064833898406
Calle Fraternidad,Aracena,-6.5596498897476,37.897324305674
Calle Lope de Vega,San Bartolomé de la Torre,-7.103004999999939,37.447148000000084
Plaza Andalucía,Rosal de la Frontera,-7.224178767999945,37.96599497700004
Calle Falucho,Punta Umbría,-6.958148999999935,37.178843000000086
Calle D (La Laja),Puebla de Guzmán,-7.293341999999939,37.61154900000008
Calle Antonio Machado,Chucena,-6.39050799994404,37.3619479998006
Calle Cádiz,Valverde del Camino,-6.759068000665442,37.57678300011194
Calle del Sol,Valverde del Camino,-6.752869000507105,37.57286699980452
Calle María Auxiliadora,Punta Umbría,-6.958153999999922,37.17945300000008
Colada de Zaballa,San Silvestre de Guzmán,-7.35382299999992,37.37835400000006
Calle San José (Valdezufre),Aracena,-6.49309492658944,37.8667217558046
Calle Alcázar y Pérez,La Palma del Condado,-6.5530278079999675,37.38217243300005
Calle la Viña,Los Marines,-6.61985403199986,37.9042416643408
Calle C (Entibadores),Puebla de Guzmán,-7.29332799999992,37.6119790000001
Paseo Alcalde Luis Navarro,Galaroza,-6.712845999999956,37.92527400000006
Calle Harina,Villanueva de los Castillejos,-7.26980999999995,37.50264800000008
Calle Rosa,Valverde del Camino,-6.763068999584667,37.57701399983313
Calle Prudencio G Pallares,Ayamonte,-7.408288000384401,37.21181000034303
Calle Extremadura,Palos de la Frontera,-6.89278745890119,37.2231856774533
Calle Eretas,Paymogo,-7.338598336999951,37.74000902600005
Trasera Calleja Rodrigo,Chucena,-6.39293799958883,37.3584510004135
Calle el Greco,Gibraleón,-6.9745889999999235,37.37852900000007
Calle Nardo,Aljaraque,-7.023904999892052,37.263582999857036
Calle Juan Gamito,San Bartolomé de la Torre,-7.105590999999947,37.442057000000034
Calle Santo,Cabezas Rubias,-7.087786999999935,37.727429000000086
Polígono Industrial la Picota,Campofrío,-6.57831689223642,37.7648454263048
Barriada Linderos de Campoalto,Campofrío,-6.57480399999992,37.7639540000001
Trasera Ejidos del Oeste,Cabezas Rubias,-7.0886619999999425,37.72653500000007
Calle los Naranjos,Punta Umbría,-7.046358476999956,37.249074154000084
Calle Molino,Puerto Moral,-6.477436085999955,37.89209759900007
Plaza de las Angustias,Ayamonte,-7.3404177329815,37.1913099071091
Calle Viriato,Ayamonte,-7.4057600005249045,37.22384199997653
Calle Sevilla,Jabugo,-6.7301508784412,37.917206377549
Calle Granada,Cala,-6.31179699999996,37.9717420000001
Camino Camino de Casa del Cura,Cabezas Rubias,-7.156295999999941,37.70357100000007
Trasera Muñiz Pablos,Castaño del Robledo,-6.705615999999907,37.89386900000005
Camino de los Milanos,Calañas,-6.880188999999916,37.64711500000004
Calle Carlos Obligado,Calañas,-6.878677999999923,37.653260000000046
Calle Quemada,Calañas,-6.8781739999999445,37.65536600000007
Calle Méjico,San Juan del Puerto,-6.8466026869999155,37.31249601600007
Calle Sevilla,El Campillo,-6.631751999999949,37.693864000000076
Calle San José,El Campillo,-6.626912999999945,37.69680800000009
Calle Yerbabuena,Paterna del Campo,-6.406224999979782,37.47325799946583
Calle Cabecillo de Martín Sánchez,Valverde del Camino,-6.7522213260054,37.572387117216
Plaza Constitución,Campofrío,-6.573241988999939,37.76782034100006
Barriada Nuestra Señora del Carmen,Punta Umbría,-6.972096283999917,37.18809111400009
Plaza Libertad,Santa Olalla del Cala,-6.23136200189846,37.9053592930682
Calle Teresa Lora,Zufre,-6.33974999999992,37.8336140000001
Camino Gil Martín,Puerto Moral,-6.4760914400967,37.891434003499
Calle Moguer,Bonares,-6.68367699983995,37.3243030002533
Calle Ramiro de Maeztu,Rociana del Condado,-6.594882999999925,37.30450600000006
Calle Fuente de la Cruz,Puebla de Guzmán,-7.25527399999993,37.611838
Calle Laderas,Puebla de Guzmán,-7.24412899999993,37.61192500000004
Calle Ramón y Cajal,Rosal de la Frontera,-7.22196168099993,37.9685431010001
Vía Vereda de Tabernilla,Villanueva de los Castillejos,-7.220253999999954,37.473456000000056
Calle Plácido Fernández Viagas,Valverde del Camino,-6.76162299952881,37.5784239996515
Avenida Descubridores,Moguer,-6.846153000035291,37.277780999579846
Calle Alcorán,Moguer,-6.81107775082056,37.1315638892849
Calle Santa Águeda,Villalba del Alcor,-6.48012000009267,37.3949999993714
Calle Nuestra Señora del Carmen,Aljaraque,-6.99183851264691,37.27105316880682
Callejón de los Olivos,Villanueva de los Castillejos,-7.271599999999921,37.50017900000006
Urbanización Punta Coral - C/ Churruca,Cartaya,-7.1219250500192,37.220036705031
Calle Rafael Alberti,El Campillo,-6.630792999999926,37.69449800000007
Calle Doctor Delgado Carrasco,Isla Cristina,-7.320775406733634,37.19622727367362
Camino Camino Sorromero,El Campillo,-6.582521999999926,37.672854000000086
Calle Lirios,Isla Cristina,-7.32226651736331,37.2024925137907
Calle Averroes,Cartaya,-7.14998299999991,37.2842840000001
Carretera Aracena,El Campillo,-6.629224999999906,37.69083800000004
Calle Río Jarama,Ayamonte,-7.396340000691645,37.21897900035978
Calle las Aves,Jabugo,-6.73274514899992,37.9154175350001
Calle Cuartel,Paymogo,-7.34736799999996,37.74192400000004
Vía del Cebollar,San Bartolomé de la Torre,-7.09274199999993,37.394791000000055
Calle los Manantiales,El Almendro,-7.268536751999932,37.509246629000074
Calle Joselito el Gallo,Valverde del Camino,-6.754701000170845,37.568122000260466
Calle Velázquez,Hinojos,-6.382288000390745,37.29029100032958
Calle Estación,Trigueros,-6.84046675899998,37.38116833400005
Calle Algarrobo,Punta Umbría,-6.978106999999909,37.18617100000006
Calle Castillo Buitrón,Aljaraque,-6.995487999773041,37.26917600003235
Calle Antonio Machado,Trigueros,-6.83483587099988,37.3788024950002
Calle Palo Dulce,Trigueros,-6.84081787099996,37.3816721830001
Camino Vereda de Carne de Niebla,Paterna del Campo,-6.382959999903947,37.44590099973148
Camino de Cantagallo,Paterna del Campo,-6.4520349999151785,37.47618699973047
Calle Matadero,Trigueros,-6.827168144999973,37.38250782500006
Calle Caballero,Cartaya,-7.1465599999999085,37.280935000000056
Calle A (Laguna del Tornejón),Trigueros,-6.808347477999973,37.32293654400013
Calle Padre Claudio,Trigueros,-6.837427120999962,37.38237762000006
Paraje los Bellascos,Trigueros,-6.847710124999935,37.451533003000065
Calle Niña,Villarrasa,-6.605317999925621,37.388410999768
Calle B (Laguna del Tornejón),Trigueros,-6.810606112999892,37.32308576300011
Calle Guijarro,Valdelarco,-6.68289749912016,37.95041550007542
Calle Hermanos Infante de Cos,Villarrasa,-6.606176999968362,37.38867200011289
Calle Agricultores,Villarrasa,-6.60448900036693,37.3888759996279
Carretera HU-3106 de Niebla a Valverde del Camino,Villarrasa,-6.6781569999454184,37.403025000103824
Calle Badajoz,Cartaya,-7.11066045899992,37.2175062200001
Calle Venus,Cartaya,-7.1042269999999235,37.21654700000005
Plaza de la Romería,Cartaya,-7.14882446199994,37.287252396
Calle Taray,Cartaya,-7.15261956899991,37.2798850300001
Calle Tomillo,Cartaya,-7.15324169577528,37.2796376639837
Avenida de la Feria,Cartaya,-7.15141199999994,37.2874800000001
Calle Almirante Cervera,Cartaya,-7.12329724999995,37.2204433110001
Calle Catalpa,Aljaraque,-7.01004200009719,37.28169500030749
Calle Saturno,Cartaya,-7.10286199999996,37.2158820000001
Calle el Granado,Cartaya,-7.156874486999925,37.27892623100007
Calle Trajano,Cartaya,-7.149408320999953,37.28852740900004
Calle Valle Frio,Cartaya,-7.05612299999996,37.212271
Calle Rábida,Castaño del Robledo,-6.704635999999937,37.89570800000007
Polígono Industrial la Loba,Cortelazor,-6.62426307799996,37.9312963350001
Calleja la Lopa,El Cerro de Andévalo,-6.937825999999916,37.735160000000064
Calle Río Amazonas,Moguer,-6.82443699957186,37.1377230002955
Calle Mar de las Antillas,Moguer,-6.82297186162208,37.137724897744
Calle León XIII,Bollullos Par del Condado,-6.538458999583019,37.33976500025469
Calle Marrubio,El Cerro de Andévalo,-6.94080199999991,37.7350920000001
Camino Castaño-Santa Ana,Castaño del Robledo,-6.706164999999942,37.88957000000005
Callejón de la Jesa,Castaño del Robledo,-6.704107999999906,37.89381200000008
Plaza de la Morera,Galaroza,-6.7065240962711,37.923514337864
Calleja Grande,El Cerro de Andévalo,-6.93872499999992,37.73477500000007
Calle Alfarería,Jabugo,-6.729672999999934,37.91547700000007
Calle Moguer,Lucena del Puerto,-6.73282099999994,37.3052870000001
Barriada los Rosales,El Cerro de Andévalo,-6.939871999999923,37.733962974000065
Calle Valle Inclán,Gibraleón,-6.96613631599996,37.3785397770001
Plaza Virgen de Fátima,Santa Olalla del Cala,-6.224823955999909,37.90617418700003
Camino las Carramolas,Santa Bárbara de Casa,-7.18445299970606,37.78966700023207
Calle Barrancos,Zufre,-6.3394779391583,37.833724093385
Calle Teide,Almonte,-6.51059119774231,37.2521345132549
Calle Valle Inclan,Aljaraque,-6.997424000425202,37.27716999973283
Calle Doctor Daniel Caballero,Cortegana,-6.8216271205889,37.907533186726
Avenida Portugal,Cortegana,-6.8221269999999095,37.91402300000004
Calle Brezo,Cortegana,-6.818915041999958,37.91411606200006
Calle Lazo Real,Cortegana,-6.819586999999956,37.909501000000034
Grupo Pirita,Cortegana,-6.96614451683751,37.7958470474888
Grupo la Zarcita,Cortegana,-6.96699892822259,37.7957636823255
Calle Gavilán,Fuenteheridos,-6.663225999999952,37.90537100000006
Calle Cabezo,Galaroza,-6.6699665289999075,37.931283077000046
Calle Santísima Trinidad,Galaroza,-6.713114999999959,37.925775000000044
Calle Santa Brigida,Galaroza,-6.7051807012547,37.927413662115
Plaza de los Álamos,Galaroza,-6.708992999999907,37.927396000000044
Calle Era,Galaroza,-6.70559099999991,37.92832
Calle los Taladores,Galaroza,-6.7037769999999455,37.92576800000006
Calle Párroco Don Diego Suárez Mora,Gibraleón,-6.96710998145202,37.3704100971441
Camino Santa Brigida,Galaroza,-6.70691926099994,37.9259034450001
Calle Aracena,Gibraleón,-6.97296399999993,37.3738710000001
Calle Belén,Gibraleón,-6.967062999999939,37.37269800000007
Calle Andevalo,Santa Bárbara de Casa,-7.187578999970658,37.79801500029218
Calle Virgen del Rosario,Gibraleón,-6.974199999999939,37.371575000000064
Prolongación Calle la Rábida,Gibraleón,-6.97486397299991,37.377875202
Calle Nueva,Gibraleón,-6.966410999999937,37.372719000000075
Calle Hermanos Pinzón,Gibraleón,-6.96850799999993,37.374174
Calle Cuesta de los Violines,Gibraleón,-6.973039999999912,37.37671500000005
Calle Prado de Osma,El Almendro,-7.268246784999917,37.505775457000084
Plaza San Cristóbal,Almonaster La Real,-6.786462999999912,37.872768000000065
Calle Posada,Almonaster La Real,-6.676001,37.775697
Calle Juan Velasco,Encinasola,-6.87191208545248,38.1355451637349
Calle el Molino,Arroyomolinos de León,-6.4211123909999515,38.02465287100006
Carretera de las Carretera Forestal,Gibraleón,-7.077195999999958,37.28584700000005
Calle Galerías,Almonaster La Real,-6.6745475322954,37.7765300522716
Plaza al Bakri,Punta Umbría,-6.95786599999991,37.179392000000064
Calle Santa Ana,Aljaraque,-6.99412186126113,37.27159554933224
Calle Girasol,Aljaraque,-7.0293097865961,37.26454396131343
Vía Forestal,Puebla de Guzmán,-7.248723999999925,37.690882000000045
Calleja del Barrio,Paymogo,-7.34489561899994,37.742358014
Calle Eslora,Punta Umbría,-6.962755814999923,37.17681070800006
Calle Blas Infante,San Bartolomé de la Torre,-7.107381999999916,37.449058000000036
Calle Venezuela,San Juan del Puerto,-6.84624307699994,37.31264851700007
Vía de Bartolomé,San Bartolomé de la Torre,-7.142274999999927,37.426522000000034
Calle Bolivia,Ayamonte,-7.39734300079289,37.2228980003643
Calle Encarnacion,Aracena,-6.544272999698963,37.91830899976068
Camino del Cementerio,Valverde del Camino,-6.7427054775846,37.574906950573
Calle Bodegueros,Bollullos Par del Condado,-6.54425499976824,37.3506939997285
Calle Chaves,Aracena,-6.56179600018506,37.8918990004386
Calle Sevilla (Carboneras),Aracena,-6.544450999813611,37.91776900003948
Calle la Carrera,Aracena,-6.60092578479695,37.9374257517972
Barriada Obras Publicas,Aracena,-6.561919999608145,37.88739200034071
Calle Granadillas,Aracena,-6.5686180000205,37.8916960000705
Calle Juan Ramón Jiménez,Aracena,-6.57346799974819,37.8869489996967
Calle Estalactita,Aracena,-6.56680943187021,37.8894929565598
Calle Soledad,Bollullos Par del Condado,-6.53571099966278,37.3381820000994
Avenida Aracena,Aracena,-6.51648699987503,37.8613479999104
Calle Goya,Bollullos Par del Condado,-6.532087999861103,37.34037300041379
Calle Félix Rodríguez de la Fuente,Bollullos Par del Condado,-6.533913000384429,37.34141900008699
Calle Rocío,Bollullos Par del Condado,-6.54575000036205,37.33885599970475
Calle la Palma,Bollullos Par del Condado,-6.53259799999754,37.3394090000255
Calle Mariano Ayala,Bollullos Par del Condado,-6.5354550004478,37.3386419997287
Calle Corredera,Cumbres Mayores,-6.645440107274936,38.0637655075723
Calle Huelva,Bollullos Par del Condado,-6.540923999942494,37.349795999685774
Calle Tres de Abril,Bollullos Par del Condado,-6.53751099993251,37.3329689998197
Calle Higuera,Cumbres de San Bartolomé,-6.74259628888747,38.0786232241826
Calle San Sebastián,Cañaveral de León,-6.526714000250806,38.01324699994929
Plaza San Sebastián,Cumbres de San Bartolomé,-6.73914545608268,38.0767600513629
Calle Mesón,Cumbres de San Bartolomé,-6.74095454321739,38.0773823144425
Calle María Auxiliadora,Rociana del Condado,-6.595465999999931,37.302545000000066
Plaza Rodeo,Puerto Moral,-6.477525195999931,37.89283511300005
Calleja la Teneria,Hinojales,-6.5907449996818315,38.00753199990207
Calle Ramón y Cajal,Linares de la Sierra,-6.6195844736353,37.879215656422
Calle Misa,Puebla de Guzmán,-7.246090999999922,37.61246700000004
Calle Hermanos Pinzón,Cumbres Mayores,-6.64488399979665,38.0612739996955
Calle Badajoz,Cumbres Mayores,-6.6462630004369,38.0602439998608
Calle Al-Ándalus,Cumbres Mayores,-6.641637000247236,38.060158999538395
Calle Cruces,Cumbres Mayores,-6.643574999686297,38.06193599964688
Vía de Cartuja,San Bartolomé de la Torre,-7.131887999999947,37.42440700000009
Calle Nerva,Valverde del Camino,-6.751449000318854,37.57757899966935
Calle Pepe Cari,Rociana del Condado,-6.604517844261307,37.30536721574652
Calle Cervantes,Valverde del Camino,-6.75323599959666,37.5698539996702
Calleja de la Viuda,Chucena,-6.393212999680066,37.36154099991744
Solar Unidad Ua6,Chucena,-6.393450999863627,37.35778500027768
Calle Cuesta del Contrabandista,Encinasola,-6.87155499996314,38.1339589998081
Calle Peña,Encinasola,-6.869258642272385,38.13393088520236
Calle Sevilla,Encinasola,-6.8714959999403185,38.13577800005481
Calle San Nicolás,La Palma del Condado,-6.547345237999934,37.38501620400007
Calle Antonio Machado,Escacena del Campo,-6.385571999847749,37.405281999864506
Calle Trasera Reina Sofía,Escacena del Campo,-6.392747999820213,37.409989000192326
Calle San Francisco de Asís,Escacena del Campo,-6.392072515326,37.4117890546229
Paraje Las Manchorras,Cartaya,-7.28925537217371,37.3998433118077
Calle Cantarranas,Hinojales,-6.590530999705692,38.00805699983084
Calle Tres de Abril,Manzanilla,-6.42947800020934,37.3870089998656
Prolongación Cantarrana,Hinojales,-6.592573000343517,38.00786099978549
Calle Arriba,Hinojales,-6.58856499987467,38.008368999829656
Calle Andalucía,Hinojales,-6.588465999805905,38.00709000020353
Calle Iglesia,Hinojales,-6.587212999580107,38.00823299985322
Calle Callejuelilla,Hinojos,-6.37830013005755,37.2913370964553
Calle Bécquer,Hinojos,-6.3793319998717175,37.29141500000239
Calle Alquería,Hinojos,-6.38281699960469,37.2895500003324
Calle Juan Carlos I,Hinojos,-6.379628000032011,37.29217199983809
Calle Rafalla,Hinojos,-6.38409900026845,37.2893530002409
Calle Arroyo Claro,Hinojos,-6.37706100036469,37.2945069995986
Calle Aguirre,Hinojos,-6.37720799994911,37.2937750000164
Camino Raya del Loco,Hinojos,-6.40706700004191,37.21849900002897
Camino Raya del Quiqui,Hinojos,-6.432017000384104,37.22096599958135
Calle Lagar,Manzanilla,-6.440280000121751,37.38976700024703
Calle Carlos Cano,Niebla,-6.681436000071197,37.36379699963197
Calle Escalera,Niebla,-6.681537000232232,37.360323000406346
Calle Siete Revueltas,Niebla,-6.679166999757071,37.361204999711134
Calle Virgen del Pino,Niebla,-6.679845000446263,37.36031800017572
Plaza del Carlino,La Palma del Condado,-6.54888830799996,37.38638574500004
Calle Ronda,La Palma del Condado,-6.54763543299993,37.3881004330001
Calle Bodega Infante,La Palma del Condado,-6.5431200310532,37.363376384586
Calle Málaga,La Palma del Condado,-6.547008370999947,37.38732793300005
Calle Empedrada,La Palma del Condado,-6.546553725999956,37.390611524000064
Calle Tres de Abril,Paterna del Campo,-6.398103000353083,37.41873799985899
Calle Humilladeros,Paterna del Campo,-6.39795099963876,37.4193930003868
Calle el Membrillero,Cumbres Mayores,-6.643859236714256,38.06403266827315
Calle Ayamonte,Valverde del Camino,-6.758755000422473,37.57752999985993
Calle Trasera Lepanto,El Campillo,-6.632845999999915,37.693831000000046
Calle Nueva,Paymogo,-7.346016283999916,37.73937410700006
Calle Travesía Barranca,Cortelazor,-6.62475599999993,37.9367030000001
Calle Naranjal,Almonaster La Real,-6.7024308631175,37.8023501004344
Plaza Alfonso XIII,Almonaster La Real,-6.80230599999993,37.7798490000001
Avenida el Calvario,Alosno,-7.11770299999995,37.5493680000001
Calle Francisco de Avellaneda,Cartaya,-7.05946542539126,37.2162792061552
Calle Paco Toronjo,Alosno,-7.114792999999906,37.54850900000008
Barriada Consejero Jaime Montaner Calle D,Alosno,-7.122856999999954,37.60628900000006
Camino de Vulcano a el Chaparral,Alosno,-7.0827529999999115,37.568297000000086
Calle Torres,Aroche,-6.95378299999993,37.945862000000034
Calle Torre Alta,Aroche,-6.9515069999999355,37.94204400000007
Camino del Vinagre,Aroche,-6.96862799999991,38.07481300000006
Calle Pan,Aroche,-6.954085999999961,37.94192600000008
Calle San Juan,Aroche,-6.95424799999995,37.943557000000055
Calle Cabo Noval,La Palma del Condado,-6.55462199599998,37.38425230800004
Calle la Fragua,Aroche,-6.954790999999943,37.94423800000004
Calle Bartolomé Pastor Jaldón,Cartaya,-7.15468746199991,37.2861696350001
Calle Virgen de España,Beas,-6.7387170008900314,37.38906800069473
Calle Clavel,Berrocal,-6.541451331999951,37.608340084000076
Calle Riscollano,Berrocal,-6.54097099999996,37.610307
Callejón Carnicería,Santa Bárbara de Casa,-7.188144999991643,37.79733500041009
Calle Aspas,Villanueva de los Castillejos,-7.26881999999995,37.5018930000001
Placita Eusebio,Chucena,-6.3918945110513,37.361910505602
Calle Patrulla Águila,Palos de la Frontera,-6.887451999999357,37.22632800016835
Plaza Constitución,Santa Bárbara de Casa,-7.188778999550983,37.79835099959914
Calle Virgen del Reposo,Valverde del Camino,-6.75102400042671,37.5791390003589
Plaza Blas Infante,Punta Umbría,-6.965077999999949,37.183508000000074
Camino Cueva del Lobo,Puerto Moral,-6.480556999999919,37.89053800000005
Calle Corveta,Palos de la Frontera,-6.889678999866991,37.2261079998237
Calle Córdoba,San Juan del Puerto,-6.834669946999952,37.314564687000086
Calle Río Piedras,San Silvestre de Guzmán,-7.34808199999992,37.390168000000074
Avenida de Andalucía,Santa Olalla del Cala,-6.22670229499994,37.9067723730001
Plaza Príncipe de Asturias,Aljaraque,-7.02432963919755,37.2671341086394
Calle Pedro Salinas,Aljaraque,-6.99755400018988,37.2777009998037
Travesía Larga Trasera,Zufre,-6.340036999999938,37.835611000000085
Calle Prado San Roque,Paterna del Campo,-6.408554000266741,37.42211099982295
Calle Alfonso Huelva,Almonte,-6.5143414609627,37.260698017752
Vía de Pilar,Villanueva de los Castillejos,-7.285244999999918,37.501581000000044
Camino al Cementerio,Zufre,-6.338100999999938,37.83681400000006
Calle Danzadores,Sanlúcar de Guadiana,-7.4671897803839,37.4731321430342
Calle Picual,Ayamonte,-7.40138037379516,37.2156823629031
Calle Río Tinto,Cartaya,-7.12104199999993,37.2179940000001
Camino Padrón de Bojeo,San Juan del Puerto,-6.83325809192884,37.3295065798996
Calle Inmaculada Concepción,San Juan del Puerto,-6.83833300799995,37.31793147600007
Camino de la Judia,Sanlúcar de Guadiana,-7.411721000423672,37.4616389997402
Camino Maisevilla,Santa Ana La Real,-6.722475999999915,37.86024800000007
Vía de las Cangrejeras,San Bartolomé de la Torre,-7.113681999999926,37.42631400000005
Camino de Aroche a Santo Aleixo,Rosal de la Frontera,-7.1112269999999285,38.01867400000009
Camino de la Plata,Rosal de la Frontera,-7.165982999999926,37.88753800000006
Carril de Aguas Puercas,Villablanca,-7.276812999999947,37.322913000000085
Camino de la Concepción,Trigueros,-6.839783846999978,37.39709888900006
Camino del Soldado,Santa Bárbara de Casa,-7.183444999986634,37.72512599976518
Camino del Pajarete,Santa Bárbara de Casa,-7.194224999783717,37.72365100009371
Camino de Puerto Bermejo,Santa Bárbara de Casa,-7.238541000166933,37.80781900004697
Camino de la Cañadita,Santa Bárbara de Casa,-7.236890999619806,37.78998100032307
Camino de Cala al Real de la Jara,Santa Olalla del Cala,-6.222516999999925,37.956472000000076
Calle Crustaceos,Punta Umbría,-6.961512999999911,37.18040200000007
Sector Quercus,Almonte,-6.5353144134694,36.9959682368791
Calle Escultor Manuel Castilla,Valverde del Camino,-6.762837999702071,37.57705300016961
Calle Federico García Lorca,Valverde del Camino,-6.753947999791044,37.57730499980754
Camino Coto del Cura,Valverde del Camino,-6.769175996983446,37.582573785431194
Calle Trigueros,Niebla,-6.68219499999908,37.3626360000515
Avenida Ramón y Cajal,Ayamonte,-7.40562000055607,37.2095779997802
Calle Virgen de la Cabeza,Puerto Moral,-6.47969179199993,37.8917244360001
Calle Jesús del Gran Poder,Jabugo,-6.72952913899991,37.9169001370001
Calle Gustavo Adolfo Bécquer,Manzanilla,-6.44238400002139,37.3912939996185
Polígono Industrial el Peral Calle C,Nerva,-6.53590261583472,37.6930223500417
Calle Prolongación Calle Triana,Aracena,-6.542795,37.918117
Camino de San Bartolomé,Alosno,-7.1947739999999385,37.545916000000034
Calle Arrecife,Ayamonte,-7.40389541581109,37.217744711722155
Trasera a Pasaderas,Calañas,-6.87595299999992,37.6543960000001
Calle Baobab,Aljaraque,-7.010861999772865,37.281570999628464
Calle Trasmallo,Lepe,-7.22760200019846,37.2049579997607
Calle Sierra de Grazalema,Aljaraque,-7.01746389,37.2904607
Calle Dinamarca,Aljaraque,-7.0213498795281,37.266619022809
Plaza Hospital,Santa Bárbara de Casa,-7.18730898,37.79872673
Calle Picos de Aroche,Aljaraque,-6.98869250584321,37.2968256738838
Calle Río Piedras,Aljaraque,-6.99301779,37.27281503
Calle Cañadas del Agua,Aracena,-6.57168111848346,37.8885956685005
Calle Ángeles Martín Carne,Aracena,-6.56056400002841,37.8920979997231
Calle Santa Isabel,Punta Umbría,-6.957226999999932,37.17826500000007
Avenida Andalucía,Niebla,-6.67621799956085,37.3649580001117
Calle García Lorca,Aljaraque,-7.00054799996788,37.2753289999517
Calle Limonero,Aljaraque,-7.00430800045288,37.2889109999034
Vereda de Aracena a Corteconcepción,Aracena,-6.55300600042642,37.8950920001958
Calle Nueva,Escacena del Campo,-6.3863689997294,37.4056659995864
Calle Cádiz,Jabugo,-6.7287123419999375,37.91610382500005
Calle Leopoldo Calvo Sotelo,La Palma del Condado,-6.5512149123903,37.3794822418086
Calle Bolivia,Palos de la Frontera,-6.88669700021741,37.2237619997549
Calle Bocanada,Lepe,-7.20909399991079,37.2089749997725
Pasaje Mirasol,Lepe,-7.2216631024521964,37.208814552877165
Plaza Alta,Aracena,-6.560701634043,37.891421395814
Carretera HU-8105 Cortegana a Aracena,Aracena,-6.59180299990837,37.8857199996784
Calle Naranjo,Aljaraque,-7.007468000074931,37.28937699998434
Calle la Vega de Pérez Flores,La Palma del Condado,-6.54992312099995,37.3900939330001
Paraje Gavilán,Rociana del Condado,-6.5921364915224,37.296784238872
Calle Descubrimiento de América,Escacena del Campo,-6.3886570000204,37.4047840002815
Paraje El Alfarace,Villarrasa,-6.67586932930114,37.4034328573052
Calle Río Nervion,Ayamonte,-7.398659999850717,37.21646800023815
Calle Almonaster la Real,Valverde del Camino,-6.74837700031974,37.5781690002706
Calle de los Mirlos,Ayamonte,-7.382001999897235,37.17285799983213
Calle Gardenia,Aljaraque,-7.02412700048759,37.26621900001183
Calle Solidaridad,Valverde del Camino,-6.74870299994131,37.568025999576
Calle Pelayo,Higuera de la Sierra,-6.44361667017304,37.833530798108
Travesía Granada Trasera,Rosal de la Frontera,-7.218785852999929,37.96651627000006
Calle Blas Infante,Santa Olalla del Cala,-6.23513909099995,37.9079792370001
Calle Juan Gall,Aljaraque,-6.98995000046849,37.2801290004002
Calle Cervantes,Rociana del Condado,-6.596651999999949,37.30385600000005
Calle Huerta,Palos de la Frontera,-6.890338000662571,37.23032399977198
Calle Gardenia,Punta Umbría,-7.05566099999993,37.2491140000001
Calle Arquitecto Alberto Balbontin de Orta,Valverde del Camino,-6.756241999914884,37.56922899995292
Calle Santa Ana,Valverde del Camino,-6.75064900034526,37.5715949998551
Calle Albahaca,Ayamonte,-7.40007799978139,37.2248050000917
Calle Jaén,Lepe,-7.201432081677567,37.25175746964591
Calle Morera,Cartaya,-7.158637012846295,37.28405867621073
Calle Haya,Aljaraque,-7.011221999755893,37.28543000002401
Barriada San Miguel,Jabugo,-6.727455999999961,37.916352000000074
Calle Sánchez Ortiz,Aljaraque,-7.02362099997409,37.2715429997013
Calle Chaveta,Ayamonte,-7.33734600055427,37.1859059997681
Calle Flamencos,Ayamonte,-7.40723199975592,37.2205610003718
Calle Rodrigo de Triana,Palos de la Frontera,-6.896176000012377,37.22893399978136
Calle Mejillon,Punta Umbría,-6.9625109999999495,37.18095600000004
Paraje Vallelongo,San Silvestre de Guzmán,-7.339102836999928,37.38962761600004
Calle León XIII,Zufre,-6.33871999499108,37.8344336877461
Plaza del Salvador,Ayamonte,-7.4051179710981225,37.22415620532739
Paseo de la Cruz,Ayamonte,-7.3391060005489095,37.18520499984063
Calle Grupo Escolar,El Granado,-7.416268999999943,37.522309000000064
Plaza de Andalucía,Lucena del Puerto,-6.72555299999993,37.3029440000001
Calle Galicia,Palos de la Frontera,-6.89300016907553,37.2231636957463
Calle Rodrigo de Xerez,Ayamonte,-7.4058010006694985,37.21352799983373
Calle Ria de Huelva,Punta Umbría,-6.975555999999926,37.188135000000045
Calle Jazmín,Aljaraque,-7.025432999870665,37.26372800030437
Calle Sierra,Punta Umbría,-6.97331592006458,37.1956903211403
Calle Odon Betanzos,Punta Umbría,-6.970376999999928,37.186604000000045
Calle Poeta Juan Drago Gutiérrez,Rociana del Condado,-6.59469899999993,37.309196
Calle Cruces de Mayo,Rociana del Condado,-6.598412999999937,37.311821000000066
Plaza América,Ayamonte,-7.398233261655583,37.21679364991002
Calle Vizcaya,Aljaraque,-7.0252791497041,37.267355354718
Calle Federico Mayo,Ayamonte,-7.396126000125597,37.217695000022196
Calle el Olivo,Villablanca,-7.339538999999945,37.30223300000006
Grupo I (Perforista),Puebla de Guzmán,-7.295370999999932,37.610490000000084
Avenida Atlantico,Punta Umbría,-6.957783999999947,37.17663200000004
Calle Antonio Machado,Valverde del Camino,-6.75316700033916,37.5795840003374
Calle Cáceres,Valverde del Camino,-6.7592379996603,37.5744449998267
Calle Vva. Castillejos,San Bartolomé de la Torre,-7.109153999999933,37.44678800000008
Calle Reyes Católicos,Lucena del Puerto,-6.7322060939767,37.305052127142
Calle Ramón y Cajal,Zufre,-6.34001778899994,37.8348631090001
Calle Mariposa,Punta Umbría,-7.05189299999995,37.2146703480001
Calle los Orientales,Ayamonte,-7.4009178508154,37.218671754986
Calle Médico Rey García,Ayamonte,-7.40949400038619,37.2117619996371
Calle la Rioja,Aljaraque,-7.023053909649163,37.26807246087176
Calle Virgen del Rocío,Lucena del Puerto,-6.7299509999999145,37.30441200000007
Calle Virgen,Jabugo,-6.74943793341753,37.8941173881194
Calle Carmen,Punta Umbría,-6.958427999999913,37.178378000000066
Calle C (Mesas de Enmedio),Trigueros,-6.8664125222074,37.444711163114
Calle B (Las Minetas),Trigueros,-6.8541703504977,37.445527721258
Camino del Bayuelo,Trigueros,-6.8496275766784,37.40148090614
Calle Aduana,Ayamonte,-7.4096920000261255,37.21370699989047
Calle Andalucía,El Granado,-7.41676199999995,37.5205220000001
Calle Ruiz de Alda,Palos de la Frontera,-6.89174800011763,37.2291000004462
Calle Aroche,Valverde del Camino,-6.748566999762926,37.57745899976333
Calle Vicente Ferrer Campos,Zufre,-6.3397386349999465,37.83327526900007
Calle Simun,Ayamonte,-7.31621399976712,37.22483200009465
Calle los Cuarteles,El Granado,-7.497365974999923,37.52551105100008
Calle Cruz,Ayamonte,-7.407918000136451,37.21545999995963
Calle Gerardo Diego,Aljaraque,-7.0027569998836,37.279040000200425
Calle Cumbres de los Milanos,Aljaraque,-6.994034999874883,37.26775300007947
Calle de los Zarapitos,Ayamonte,-7.3772130004525,37.1742570002696
Calle Vázquez Díaz,Valverde del Camino,-6.754665000240277,37.577653000406876
Camino de San Platón,Almonaster La Real,-6.68791399999992,37.769006
Camino Embalse Puerto León,Almonaster La Real,-6.84143599999993,37.7214480000001
Camino Arroyo la Jara,Almonaster La Real,-6.77616099999995,37.8341610000001
Calle de la Cooperativa,Chucena,-6.39238700025974,37.3646300002744
Parque V Centenario,Lepe,-7.196496418330164,37.264430018052785
Calle Manuel de Falla,Minas de Riotinto,-6.592845000296506,37.69280200021217
Calle Santa Bárbara,Minas de Riotinto,-6.59295900015769,37.6914540001021
Avenida Alameda del Carnaval,Minas de Riotinto,-6.593810448593274,37.69453357826205
Calle Jaén,Minas de Riotinto,-6.601589999778639,37.693256999610924
Calle Burgos,Minas de Riotinto,-6.589827244231913,37.69193077208752
Calle Sevilla,Minas de Riotinto,-6.600639594441702,37.6943381456889
Calle Zurbarán,Minas de Riotinto,-6.60047181242413,37.6923761442437
Calle Vía Princesa,Minas de Riotinto,-6.58168299997044,37.71459799989782
Calle Diego Delgado,Minas de Riotinto,-6.588030000384151,37.68937100027148
Barriada Atalaya,Minas de Riotinto,-6.600379369312407,37.693452771228465
Plaza del Teatro,Lepe,-7.208737000277643,37.25728500014987
Calle Bitorcho,Lepe,-7.197075000511643,37.2608669996161
Calle Dama de Noche,Lepe,-7.19543899983964,37.25737499983176
Calle Terral,Lepe,-7.2070559727296635,37.20961993703445
Calle Villamiranda,Lepe,-7.205503000118912,37.26074700042197
Calle Arrecife,Lepe,-7.198504000191632,37.25248599977474
Calle Rastro,Lepe,-7.174358049856949,37.2246587031847
Avenida San Francisco Javier,Lepe,-7.214921000669417,37.207544000165605
Pasaje Bitácora,Lepe,-7.206301000279887,37.20655700030312
Calle Albañiles,Lepe,-7.194511327681461,37.270308207855386
Calle Cala,Lepe,-7.200241999977367,37.26205700038443
Plaza Santa Ana,Lepe,-7.205686102942662,37.26121429069171
Urbanización Altavista,Lepe,-7.226669283592662,37.212531615757214
Calle Cartaya,Lepe,-7.209549529491963,37.25183471709105
Calle San Juan de Dios,Lepe,-7.197066999617274,37.26118399965146
Calle Carlos I,Lepe,-7.197406000250349,37.257238000139814
Calle Jamaica,Lepe,-7.20075470828206,37.249146295117356
Plaza de la Sierra,Lepe,-7.199189000482474,37.26313599990099
Calle Atlántico,Lepe,-7.211763000437739,37.20514600010753
Calle Playa de Castilla,Lepe,-7.20381800075088,37.2474160002038
Calle Medusa,Lepe,-7.199166000416307,37.2077880001606
Calle Valdelarco,Lepe,-7.197751411117352,37.26528641021948
Calle Juan de Lepe,Lepe,-7.204068000695678,37.25371100000843
Calle San Cayetano,Lepe,-7.205387000533688,37.25608300018355
Calle Soledad,Lepe,-7.205289000238193,37.25845899955697
Calle Poleo,Lepe,-7.213981247336824,37.22682520730321
Calle Bonares,Lepe,-7.20858500011789,37.251543999714116
Calle Bulerías,Lepe,-7.182749145744876,37.225889603238514
Avenida de Lepe,Lepe,-7.1754283722455225,37.22539045861692
Calle Nueva,Lepe,-7.20564200068577,37.25608700007322
Calle Pablo VI,Lepe,-7.198303000453927,37.252968000008835
Calle Armeros,Lepe,-7.1973000003386485,37.25141300024018
Avenida Isla Cristina,Lepe,-7.221792991473143,37.20744732011352
Avenida del Flamenco,Lepe,-7.1819369998426374,37.223447999559866
Calle Río Darro,Lepe,-7.2028819996467135,37.26048199958591
Calle de Poniente,Lepe,-7.228158999656374,37.20491800015441
Calle Manuel Camacho Ponce,Lepe,-7.219070000135369,37.208615999599466
Calle Villablanca,Lepe,-7.2084160003486515,37.2580950002413
Calle Anémona,Lepe,-7.198406999909525,37.20732300036538
Camino del Resollón,Lepe,-7.247091231652837,37.2563731953388
Camino de Fuente del Peral,Lepe,-7.185527069928366,37.265733649754765
Calle G,Lepe,-7.195421469688065,37.2515747126099
Calle Andrés Segovia,Lepe,-7.209143343362205,37.26104305472619
Calle Real,Lepe,-7.202190000116534,37.25575899984126
Calle Alhucema,Lepe,-7.2147270003732205,37.22646900020168
Calle España,Cortelazor,-6.62522943299996,37.9361027830001
Carretera Acceso a Veredas desde Hu-8107,Almonaster La Real,-6.826233000869638,37.88569399905853
Calle Cataluña,Ayamonte,-7.40449600003732,37.2177969996401
Transversal Calle Nueva,Villarrasa,-6.60535299974102,37.3857749996167
Vía de la Chaparrilla,Lucena del Puerto,-6.7376617889251,37.269801546196
Vía de los Montes,Villablanca,-7.291633999999931,37.309555000000046
Calle la Palma,San Juan del Puerto,-6.835693999999933,37.315581000000066
Carretera HU-6101 el Cerro de Andevalo a San Telmo,El Cerro de Andévalo,-6.94647399999991,37.73992700000008
Calle Doctor Macías,Cabezas Rubias,-7.08699285299991,37.726775988
Calle Plan Parcial 5 R4,Bonares,-6.6850840005228,37.3198389999868
Calle Paralejos,Cortelazor,-6.62383699999992,37.9356940000001
Calle María de Maeztu,Moguer,-6.81971180770597,37.1341128495033
Calle de los Mochuelos,Ayamonte,-7.36688499993777,37.1812640003169
Plaza del Cristo del Buen Viaje,Huelva,-6.9520133026533,37.26363886098
Calle Gustavo Adolfo Bécquer,Minas de Riotinto,-6.598333999814201,37.69129800010268
Calle Lobera,Berrocal,-6.5415833540756,37.608706933046
Avenida Ciudad de Huelva,Punta Umbría,-6.97766699999994,37.1849570000001
Polígono Industrial el Monete,Valverde del Camino,-6.75465600067563,37.5655630001919
Urbanización las Lomas,Calañas,-6.88152999999994,37.6509790000001
Calle Hércules,Huelva,-6.90597856779354,37.3148932740075
Calle Tello de Eslava,Almonte,-6.51578399965713,37.2606980002811
Calle Francisco Pizarro,Almonte,-6.51334999977531,37.2551560001378
Avenida Rosalía de Castro,Almonte,-6.5265655,37.2633835
Paraje Valdomingo,Rociana del Condado,-6.61134699999991,37.2962410000001
Calle el Palancar F,Almonte,-6.52984399,37.26328938
Calle Torero,Almonte,-6.516051416564225,37.26029687853712
Calle los Peregrinos,Almonte,-6.5139340001299,37.2506850002761
Callejón de Servicio,Almonte,-6.47299859871807,37.1315588967014
Calle Carlos Cano,Almonte,-6.51551499996227,37.2657869997242
Callejón de Servicio,Almonte,-6.4819292128289,37.129772356483
Calle Central,Almonte,-6.51237199948108,37.2564209995271
Calle Murillo,Almonte,-6.51052600006921,37.2625989999764
Callejón los Granados,Almonte,-6.51871900089074,37.264934000063
Plaza Doñana,Almonte,-6.48271565874873,37.1326269811829
Plaza del Acebuchal,Almonte,-6.4826729995781,37.1291529993346
Calle la Rocina,Almonte,-6.51739000063839,37.2680649999315
Calle los Bueyes,Almonte,-6.51446000004131,37.2528090003264
Calle Fuenteverano,Almonte,-6.52588699954412,37.2623309999549
Calle Manuel de Falla,Almonte,-6.5145420001941,37.2622400003271
Avenida Diputación,Lepe,-7.2029890006095725,37.248521999852784
Calle Cervantes,La Palma del Condado,-6.55428630799992,37.38537562
Calle Hermanos González Sáenz,Ayamonte,-7.3985683664261,37.215960014048
Calle Camino de Redondela,Lepe,-7.21199900497567,37.2504812235822
Avenida de la Constitución,Isla Cristina,-7.3262099999197,37.197746999903
Calle Juan Ramón Jiménez,San Bartolomé de la Torre,-7.107793999999956,37.447512000000074
Avenida San Sebastián,Isla Cristina,-7.250794000328365,37.2065950000735
Calle Manzano,Isla Cristina,-7.308013189691081,37.1982576140106
Calle Torneros,Cortegana,-6.82286899999991,37.9113590000001
Calle Dunas,Isla Cristina,-7.30766800030418,37.195976999558
Calle Rubén Darío,Aljaraque,-6.99829600015215,37.276780000362
Calle Torre del Loro,Lucena del Puerto,-6.73078099999992,37.3056910000001
Calle San Roque,Manzanilla,-6.43610640667536,37.3898778566888
Calle Feria,Alájar,-6.66461825972235,37.8745950861204
Calle Talabarteros,Valverde del Camino,-6.75776099955049,37.572502999608
Calle del Coto,Aljaraque,-6.991675991825089,37.281619653796696
Urbanización la Barrera,Villablanca,-7.34260299999994,37.308432
Calle Encina,Ayamonte,-7.39943700015063,37.217900999824
Calle Herrero,Aljaraque,-7.029296768174228,37.277215060097234
Calle España,Santa Olalla del Cala,-6.23295399999995,37.9064770000001
Calle Argantonio,Alosno,-7.121009999999956,37.60208000000006
Calle el Pocito B,Almonte,-6.508812000222796,37.26799199977706
Calle Hermanos Quintero,Santa Olalla del Cala,-6.23128263699994,37.9058846130001
Calle Paloma,San Bartolomé de la Torre,-7.10251799999992,37.4453710000001
Plaza de la Serrana,Huelva,-6.93197892725536,37.2633338792176
Plaza Barroco,Lepe,-7.19891925747284,37.2546866101754
Paraje Abulagares,Rociana del Condado,-6.569531747409,37.313683812812
Calle San Quintín,Nerva,-6.54709128331974,37.6957251443311
Calle Albatros,Punta Umbría,-7.050273999999945,37.21087000000006
Calle Paloma,Punta Umbría,-7.04681899999991,37.2096090000001
Calle Corredera,Cumbres de San Bartolomé,-6.74233259237511,38.0790002460647
Calle Plazuela,Paterna del Campo,-6.40711300036449,37.4737560000396
Calle Federico García Lorca,La Granada de Río-Tinto,-6.50867899999992,37.7681480000001
Calle Camino de la Sierra,Galaroza,-6.7075273625549,37.928862389645
Camino de la Casa del Almendrillo,Paterna del Campo,-6.44376699994695,37.4858080000393
Grupo A (Valdelamusa),Cortegana,-6.88031999999993,37.787248
Camino de la Cañada,Encinasola,-6.85969499982419,38.1366079996597
Polígono Industrial la Estación,Beas,-6.80173699954877,37.4233500001632
Camino de Santa Olalla a Corteconcepción,Santa Olalla del Cala,-6.251476999999909,37.898742000000084
Barrio los Naranjos,Jabugo,-6.743595999999911,37.89546900000005
Urbanización Vista Hermosa,Ayamonte,-7.4171112957298,37.267465897498
Camino El Cuervo,Valverde del Camino,-6.77874659016592,37.516506431652
Calle Toril,Almonaster La Real,-6.802951,37.779893
Calle Porche Largo,Calañas,-6.85087399999992,37.6013520000001
Calle Alcalde Cayetano Hernández del Campo,Punta Umbría,-6.97150352,37.18544396
Calle Antonio Machado,Bollullos Par del Condado,-6.535476999663581,37.33624899999157
Calle San Antonio,Aracena,-6.54454077823422,37.91921847875
Calle San José,Aracena,-6.5665472445464,37.891298589905
Carretera HU-9108 Cañaveral de León a Fuentes de León (Badajoz),Cañaveral de León,-6.521546356379055,38.02017109621923
Trasera Cristóbal Colón,Campofrío,-6.575367999999912,37.764567000000056
Calle San Antonio,La Palma del Condado,-6.54988774599997,37.3855075580001
Grupo Corta Santa Bárbara,Cortegana,-6.96812799999992,37.7966020000001
Calle Productor Andrés Domínguez,La Palma del Condado,-6.54932724599985,37.3872564330001
Calle San Antonio,Isla Cristina,-7.32818199969885,37.2052349999902
Calle Álvarez Quintero,El Cerro de Andévalo,-6.935884567999949,37.73498268800006
Calle González de Aguilar,Ayamonte,-7.40852500018712,37.21364899966552
Plaza Constitución (Tharsis),Alosno,-7.12171799999993,37.601526000000035
Calle San Francisco de Asis (Barriada de la Estación),Ayamonte,-7.317937973343308,37.22439095787352
Carretera A-475 de Calañas a Puebla de Guzmán,Villanueva de las Cruces,-7.03492499999993,37.60836200000006
Camino de San José,Paterna del Campo,-6.410122999776434,37.497525999925145
Plaza Virgen del Rocío,Almonte,-6.51775300031363,37.2622610000594
Calle Reverte,La Zarza-Perrunal,-6.85677499999991,37.714818
Camino de la Vega del Tablazo,Calañas,-6.89314099999996,37.670733
Carretera A-475 de Calañas a Puebla de Guzmán,Calañas,-6.99097499999993,37.6356920000001
Plaza Andalucía,Nerva,-6.55022300009162,37.6956829999019
Plaza Legión Española,Gibraleón,-6.974403215999928,37.377665756000056
Calle la Fuente,Escacena del Campo,-6.38863299981298,37.410543999706
Calle Transversal San José,El Campillo,-6.62735599999991,37.6967930000001
Paraje el Majadal,Calañas,-6.8936008070953,37.644939204836
Grupo Perrunal X,La Zarza-Perrunal,-6.87476699999991,37.7111130000001
Calle Palos,La Zarza-Perrunal,-6.87073899999996,37.7091750000001
Grupo a Perrunal,La Zarza-Perrunal,-6.86999499999996,37.709593
Calle Real,La Zarza-Perrunal,-6.85449599999993,37.7144380000001
Calle Nerva,La Zarza-Perrunal,-6.86971099999994,37.7108230000001
Calle Sol,La Zarza-Perrunal,-6.85519599999992,37.7151670000001
Calle Sancho,La Zarza-Perrunal,-6.85475899999994,37.716348
Calle Santa Flora,La Zarza-Perrunal,-6.85101899999995,37.7129070000001
Calle Santa Ines,La Zarza-Perrunal,-6.85178199999996,37.7125
Calle Santa Rita,La Zarza-Perrunal,-6.85271999999992,37.7129760000001
Calle Santa Sofía,La Zarza-Perrunal,-6.85260199999993,37.711053
Calle Zaldivia,La Zarza-Perrunal,-6.85887699999995,37.7160960000001
Calle Ayamonte,La Zarza-Perrunal,-6.87341999999995,37.7100140000001
Calle Aracena,La Zarza-Perrunal,-6.86927499999996,37.709909
Calle Beas,La Zarza-Perrunal,-6.87122099999993,37.7096920000001
Calle Almonte,La Zarza-Perrunal,-6.87050299999993,37.709954
Calle Andalucía,La Zarza-Perrunal,-6.85576699999996,37.7148290000001
Calle María Zambrano,Valverde del Camino,-6.75306770415282,37.5778792511608
Camino de Barranco,La Zarza-Perrunal,-6.85442999999992,37.6803790000001
Calle Gayarre,La Zarza-Perrunal,-6.85791499999993,37.7150800000001
Calle Guerrita,La Zarza-Perrunal,-6.85674299999994,37.7147100000001
Calle Luna,La Zarza-Perrunal,-6.85744299999993,37.713941
Camino Calleja de Abajo,Alájar,-6.672079999969822,37.87099400023804
Calle el Cabezo,Aljaraque,-7.02192999998464,37.26751999984682
Prolongación Avenida la Torre,San Bartolomé de la Torre,-7.10193399999991,37.4480080000001
Calle Pastor Alonso Gómez,Puebla de Guzmán,-7.24860799999993,37.611094
Calle Cervantes,Cumbres Mayores,-6.646664000043401,38.062234999945446
Calle Federico García Lorca,Cumbres Mayores,-6.6426767586253,38.0647114037085
Calle Convento,Cumbres Mayores,-6.645256999910465,38.06000699972344
Calle Andalucía,Los Marines,-6.62140299974843,37.9042069996534
Calle Almería,Cumbres Mayores,-6.64554599974795,38.0591319998421
Calle Huelva,Palos de la Frontera,-6.89164819331884,37.2217784851274
Calle el Ensanche,Encinasola,-6.87120399996448,38.134888000381
Calle Puente Rebonito,Bonares,-6.68717799943603,37.3207160000228
Calle Arroyo de los Arrayanes,Almonte,-6.52527373032467,37.2561242034747
Calle Romero,Cartaya,-7.15319662282054,37.2815321291106
Calle Ejidos,Villablanca,-7.34400099999993,37.3048670000001
Calle Jesús Sánchez Martín,Jabugo,-6.770824999999945,37.92674600000004
Polígono Industrial las Dueñas,Hinojos,-6.37142100017879,37.3049730002039
Grupo Chalet,Cortegana,-6.96790754535625,37.7915177743844
Calle Niebla,Trigueros,-6.82686222226605,37.3823784775754
Plaza Arboleda,Lepe,-7.203670541024592,37.25773081476412
Calle Méndez Núñez,Alosno,-7.115950999999939,37.54903600000006
Calle Bodega Domínguez,La Palma del Condado,-6.547106784999926,37.36471680500006
Calle Solana (Castañuelo),Aracena,-6.58057326714246,37.9375090757834
Calle Fernando el Católico,Huelva,-6.948066000522676,37.25620100042417
Calle Fernando Belmonte,Trigueros,-6.83615755799997,37.3829269950002
Calle el Repilado,Palos de la Frontera,-6.88679400034109,37.2233160001659
Carretera Alosno Tharsis,Alosno,-7.12012699999991,37.550281
Travesía José María Díaz Domínguez,El Campillo,-6.631174999999928,37.69443000000007
Calle Victoria Kent,Aljaraque,-6.98946582662403,37.2840543298941
Calle Oropéndola,Trigueros,-6.8378794419269,37.381410784371
Avenida Quinto Centenario,Moguer,-6.83162948777396,37.2763128893404
Barriada Virgen de la Estrella,Chucena,-6.3902251607054,37.365394897076
Carretera Niebla-Bonares,Niebla,-6.67014600013768,37.35805500013831
Solar Pp2 el Lirio,Bollullos Par del Condado,-6.54546599985583,37.3464550002982
Calle Góndola,Punta Umbría,-6.9607939999999076,37.17890500000004
Plaza los Marines,Huelva,-6.92794852794195,37.2715745551617
Calle Castro Marín,Ayamonte,-7.407568999892339,37.21841699996081
Vía Paísajista,Huelva,-6.943822000366344,37.25599499982917
Calle Martínez Izquierdo,La Zarza-Perrunal,-6.8544369999999,37.7136290000001
Calle Doctor Rodríguez Domínguez,Cañaveral de León,-6.527304999625844,38.01355099957911
Trasera San Sebastián,Villanueva de las Cruces,-7.023943191999933,37.629278147000036
Calle Diez de Solís,Cartaya,-7.070675999999935,37.21714700000007
Calle la Unión,Bollullos Par del Condado,-6.53713299958806,37.3386770004434
Camino del Albercón,Villarrasa,-6.59467733259029,37.3779746171748
Camino del Rosal,Villablanca,-7.29671899999994,37.286341
Calle el Jinete,Almonte,-6.51487200023552,37.2536140000952
Calle Elena Quiroga,Huelva,-6.93019058982271,37.2557365340565
Camino del Sastre,Niebla,-6.60176499975479,37.452237999684
Camino del Gago,Lucena del Puerto,-6.74343399999992,37.235307
Camino de Cortegana a Extremadura,Cortegana,-6.778097999999943,37.94158200000004
Paraje la Bomba (Pol 44),Beas,-6.84249200045351,37.4487259998397
Camino de Rosal de la Frontera a Encinasola,Aroche,-6.979244999999935,38.073221000000046
Camino del Obispo a la Carretera de Villanueva,Villanueva de los Castillejos,-7.151138999999944,37.45963500000005
Calle Velázquez,Jabugo,-6.7728976652156,37.928855893906
Calle Angustias,Villarrasa,-6.59990700040757,37.3874009999564
Vía ZR-1 San Roque (Parcela E Polígono 4),Aracena,-6.5581510199762,37.89351021074
Placita de la Cruz,Huelva,-6.9267299528874,37.266662353096
Paraje el Lirio,Bollullos Par del Condado,-6.551154013047123,37.34960268231815
Camino del Pilar de la Dehesa,Cartaya,-7.13933117867867,37.3152821045749
Camino de los Bayos,Cartaya,-7.10049920045596,37.3160129958951
Carretera del Almacén,Almonaster La Real,-6.80426999099996,37.8920824630001
Calle Flor,Bonares,-6.683932000677401,37.32533899974041
Zona los Almendrales,Bollullos Par del Condado,-6.55302002783469,37.3209827079125
Barriada Estación,Cortegana,-6.87353299999995,37.787042
Paraje Finca Centenil,Villablanca,-7.29009562599992,37.3265550040001
Calle Mármoles,Santa Bárbara de Casa,-7.18461499306146,37.7987948739823
Calle Trasera Encina,Santa Bárbara de Casa,-7.18501198,37.79868627
Calle Plan Parcial Ip1 Calle A,Jabugo,-6.73115199999995,37.9129720000001
Calle Santiago,Moguer,-6.844609444204915,37.275598448633296
Calle Sapu Si A-490 Calle J,Villanueva de los Castillejos,-7.25450463699991,37.4883567840001
Calle Sapu Si A-490 Calle L,Villanueva de los Castillejos,-7.25558777699996,37.48932548
Calle Regadera,Almonaster La Real,-6.81285899999995,37.8884200000001
Plaza Niños de Bosnia,Paterna del Campo,-6.40495299968102,37.4183190003218
Camino de Almonte a Sanlúcar de Barrameda,Almonte,-6.4479174668442,37.019049863572
Urbanización las Villas de Islantilla Golf,Lepe,-7.2295311494893,37.211386868154
Calle Pozo de los Fuegos,Paterna del Campo,-6.402865999665996,37.41828000032194
Calle Barranco,Puerto Moral,-6.480470999999909,37.89126500000009
Calle Bodega Genovés,La Palma del Condado,-6.54300512099996,37.3623663700001
Barriada de la Estación,Ayamonte,-7.320331544394416,37.222101045867575
Grupo G (Valdelamusa),Cortegana,-6.87940799999996,37.7885160000001
Calle Arrieros,Lepe,-7.197344999685073,37.24954599976865
Camino de las Colas,Isla Cristina,-7.24480499967454,37.2082780002327
Calle Milla Marina,Punta Umbría,-6.971265999999957,37.18767200000008
Calle Albahaca,Moguer,-6.836560000172254,37.270297000252235
Calle Casas del Rocho,Almonaster La Real,-6.74971199999993,37.8621240000001
Calle Sabina,Lepe,-7.21340199973987,37.23015799982208
Plaza los Almendros,Lepe,-7.2004910083165,37.250569836481
Calle Cañaveral,Lepe,-7.22340310571074,37.21390686222091
Calle Perú,Lepe,-7.20138100063147,37.2475970001665
Paraje el Chorrero (Pol 10 - Par 18),Campofrío,-6.5853647172288,37.766155932218
Barriada el Punto,Alosno,-7.11886699999991,37.5485990000001
Calle Almonte,La Palma del Condado,-6.55293398412064,37.3804592138831
Calle Julio Navarro Sánchez Toscano,Huelva,-6.956793775137075,37.26887607919008
Calle Nuestro Padre Jesús,Niebla,-6.67793300040752,37.3610830003803
Calle Julio César,Nerva,-6.5466179995211,37.6973060001414
Calle Navarra,Ayamonte,-7.40818745114542,37.22679458782
Calle San José,Aljaraque,-6.99187667037537,37.2724782446595
Calle Aroche,Cartaya,-7.15638669699996,37.276853126
Urbanización Marina 3 (Playa Isla de Canela),Ayamonte,-7.34204087018231,37.1851414725525
Calle José Franco,Valverde del Camino,-6.75218299975337,37.5787850004485
Plaza Rafael Alberti,Ayamonte,-7.4011550007698,37.2071239999165
Calle Cádiz,Ayamonte,-7.397241000561943,37.206924000309506
Calle Cierzo,Ayamonte,-7.31784077362957,37.2282803650714
Calle Jacinto Benavente,Ayamonte,-7.40284700012342,37.2098790001801
Plaza Sorolla,Moguer,-6.83595214130292,37.2789529375812
Calle Martín Pescador,Huelva,-6.95043153885565,37.2742884045262
Calle Párroco Francisco Aguilar Díaz,Santa Olalla del Cala,-6.22836199999995,37.9100050000001
Calle de la Casa Norte,Aroche,-6.9488311810245,37.944721838211
Paseo Hermanas de la Providencia,Santa Olalla del Cala,-6.22987199999994,37.908597
Calle Alejandro Romero Cuaresma,Aroche,-6.95006699999993,37.944034
Calle Maravedí,Palos de la Frontera,-6.89080248825636,37.2267610920633
Calle Pepe Toronjo,Alosno,-7.117791999999952,37.54591700000009
Calle Tintoretto,Cartaya,-7.1465128357,37.2826665850231
Plaza Marquesa de Aracena,Aracena,-6.5594563217815,37.892523395115
Calle Juan de Juanes,Cartaya,-7.14532921071733,37.280600191157
Plaza Virgen de los Dolores,Gibraleón,-6.96685789471666,37.3732550410326
Avenida Pablo Ruiz Picasso,Huelva,-6.93051929028633,37.2667330487932
Calle Huelva,Hinojos,-6.38153399979412,37.2884900000137
Travesía Rábida Transv 2,San Bartolomé de la Torre,-7.107699999999909,37.44260300000008
Calle del Alba,Isla Cristina,-7.31676334095762,37.2019202632225
Calle la Noria,Alájar,-6.6587596579791,37.877410465815
Calle Rábida,La Palma del Condado,-6.55443262099993,37.3867983080002
Plaza de la Marina,Huelva,-6.95838399962931,37.2542730004244
Calle Horno Martillo,Trigueros,-6.83702205799995,37.3788561830002
Calle General Marina,Nerva,-6.543474999387763,37.694021999743924
Camino del Romeral,Trigueros,-6.85121528399992,37.4241994980001
Avenida Marina,Punta Umbría,-6.96978655499993,37.1971408510001
Calle Betis,Ayamonte,-7.40527789359514,37.2155101782595
Calle Boya,Punta Umbría,-6.969334999999944,37.18645200000009
Paraje Piletas (Pol 51),Beas,-6.8548559092805,37.468583661428
Plaza la Concordia,Bollullos Par del Condado,-6.53865899981282,37.3454299997948
Calle Ofunato,Palos de la Frontera,-6.8913572656528,37.221007176706
Plaza de Galicia,Bollullos Par del Condado,-6.5438266339604,37.340408817914
Calle San Lucas,Gibraleón,-6.96398599999992,37.3729070000001
Plaza San Roque,Gibraleón,-6.965764999999919,37.37815400000005
Calle Nuestra Señora del Rosario,Cartaya,-7.14997099999994,37.2867850000001
Calle Rico,Villablanca,-7.34274999999991,37.3024270000001
Plaza Velázquez,Cartaya,-7.14934899999992,37.2877990000001
Calle Cartaya,San Bartolomé de la Torre,-7.10673499999996,37.445186
Calle Cortegana,Aljaraque,-7.03312979864856,37.263729815836
Calle Espátula,Aljaraque,-7.030625017658215,37.26442579281367
Plaza del Cañuelo,Hinojos,-6.37764500031638,37.2944630002674
Calle Retama,Cartaya,-7.15310553099994,37.2789927360001
Plaza España,Huelva,-6.941304000327257,37.25461099987362
Calle Niágara,Huelva,-6.945654000274,37.2831799997279
Paraje Valperdio,Bonares,-6.67532299977031,37.3160300005905
Grupo Escuelas,Cortegana,-6.804377999999929,37.96196800000007
Calle Panamá,Cartaya,-7.15606299999996,37.2864510000001
Calle Nuestra Señora de la Granada,Moguer,-6.83559100041158,37.2722409997994
Paseo Marítimo,San Juan del Puerto,-6.84494199999995,37.3108090000001
Calle Real,La Palma del Condado,-6.55475943299996,37.3887331200002
"Calle Rogelio Beltrán ""El Puebla""",Cartaya,-7.15468999999996,37.2857880000001
Avenida de la Zarcilla,La Palma del Condado,-6.5585634196178,37.386062035448
Calle Almaraz,Bollullos Par del Condado,-6.53753600018611,37.3418839999468
Calle Brezo,Aljaraque,-7.0223689998311345,37.26440699964377
Calle Teniente Merchante,Bollullos Par del Condado,-6.54067500015095,37.335372000018
Camino Huerta de los Pinos,Cartaya,-7.13307999999995,37.276504
Calle Arroyo del Algaidón,Beas,-6.79872999962355,37.4460949998312
Plaza Maestra Doña Lola,Beas,-6.7920039279898,37.427832275564
Calle Párroco Teodoro Bernal Serradilla,Beas,-6.79282199997226,37.4308310000734
Calle Campiña,Punta Umbría,-6.9738717870304,37.1954188518293
Calle Madreselva,Punta Umbría,-7.04564499999992,37.2462120000001
Calle Costa de la Luz,Punta Umbría,-6.97109227,37.19375552
Calle Labradores,Lepe,-7.196469000005105,37.24891400003636
Calle Ramón y Cajal,Alájar,-6.66660399952851,37.8747799997928
Calle Rosales,Alájar,-6.6644395420475,37.875806577634
Aldea Valdelamusa,Cortegana,-6.87599999999992,37.7888840000001
Calle Diego Pérez Milá,Isla Cristina,-7.32792900054807,37.204487999636
Calle Alicante,Valverde del Camino,-6.76054899982402,37.5769900000111
Calle Valencia,Valverde del Camino,-6.7606970004708,37.5751120000561
Calle Lavanda,Aljaraque,-7.02628600053665,37.26256299996546
Calle Dehesa (La Umbría),Aracena,-6.45992724874335,37.8605105970865
Calle Zaragoza,Valverde del Camino,-6.76124400017133,37.5743660003269
Calle Redes,Isla Cristina,-7.32893200031749,37.1947180001836
Calle Barcelona,Valverde del Camino,-6.76110400032895,37.5747910003486
Calle la Viña,Valverde del Camino,-6.7607070001285,37.5755720003982
Calle las Monizas,Punta Umbría,-6.97745999999995,37.1885380000001
Paraje El Pintado,Gibraleón,-6.8996259970043,37.375766202596
Camino de Hinojos,La Palma del Condado,-6.520328000999939,37.371956492000095
Zona Factoría Comercial,Huelva,-6.8793717952571,37.306421968774
Calle Nueva (Umbria),Aracena,-6.45984357260663,37.8608060307273
Calle Santo Domingo,Aracena,-6.55932289512119,37.8878105992011
Camino Semillo del Campo de la Muela,La Palma del Condado,-6.51631722499991,37.3633332990001
Camino el Aliso,Valverde del Camino,-6.772560533329197,37.55082187191686
Calle Buenos Aires,Moguer,-6.82915900053097,37.139723999128
Paraje DS Casa de Sara,Trigueros,-6.8397573973042,37.425239739998
Calle Don Francisco Romero,Valverde del Camino,-6.75223499954638,37.5746259997623
Calle Doctor Fleming,Valverde del Camino,-6.748977000427236,37.57538299984329
Camino las Palomas,Valverde del Camino,-6.79586868302938,37.5292286364268
Camino de Cansino y Valbuena,Moguer,-6.79351074354895,37.2966185042651
Calle Jaén,Ayamonte,-7.400361999810891,37.20529199972428
Camino de los Millares,Villanueva de los Castillejos,-7.33717199999995,37.4417090000001
Calle Faltriquera,Villarrasa,-6.60940895229437,37.3901405272121
Camino Vereda de Portugal,Niebla,-6.7330590001725055,37.42958800018621
Camino de Candoncillo a Valverde,Niebla,-6.72994300036899,37.44477099978201
Calle Trasera Ramón y Cajal,Alosno,-7.11759899999993,37.602427
Calle Trasera Avenida de Andalucía,Alosno,-7.12017599999996,37.6030510000001
Camino del Carnicero,La Palma del Condado,-6.5653946961506,37.366568924173
Camino del Término,La Palma del Condado,-6.5155392254065,37.386989349337
Camino Cañada Juncal,La Palma del Condado,-6.5534530655452,37.362774429595
Vereda de la Carne,La Palma del Condado,-6.5498203760453,37.406604943389
Calle Manzanilla,Paterna del Campo,-6.404531000005464,37.41787999986225
Avenida de las Veredas,Huelva,-6.91866500063128,37.2637629999017
Calle Salvador Dalí,Aljaraque,-7.00045800011846,37.2783669996075
Camino de la Guaperosa,Almonte,-6.5423239890454,37.237561843881
Camino Pilatos,Almonaster La Real,-6.75649499999992,37.8850380000001
Calle San Juan Bautista,Punta Umbría,-6.95760899999993,37.177961
Calle Tres de Abril,Lepe,-7.195469718127153,37.252950112182475
Camino de la Alameda,Villalba del Alcor,-6.4802680000454735,37.380929000061506
Camino Viejo de la Palma,Villalba del Alcor,-6.5059519992948065,37.39776700053964
Avenida del Condado de Niebla,Beas,-6.79209799967034,37.4222129996912
Calle Alosno,San Juan del Puerto,-6.83354096030268,37.315463874693
Camino de San Miguel,Almonaster La Real,-6.74343342867588,37.7537359336889
Camino la Era,Almonaster La Real,-6.82813799999991,37.885541
Carretera N-431 de Huelva a Ayamonte,Gibraleón,-6.98637507299992,37.363447588
Carretera A-5055 de El Terrón a La Antilla,Lepe,-7.199909969824918,37.211181949095604
Carretera HU-3301 Lepe al Terrón,Lepe,-7.191916000232694,37.238493000020945
Calle Carril de los Moriscos,Rociana del Condado,-6.60133899999994,37.308361
Calle A (Polígono Industrial Miraval),Huelva,-6.91476634411212,37.2677082226719
Calle D (Polígono Industrial Miraval),Huelva,-6.91422978224138,37.266639615829
Polígono Industrial la Pajarita,Cartaya,-7.13845763834944,37.2884067901295
Polígono Industrial Peguerillas,Huelva,-6.947256055591885,37.32822190360756
Paraje Mezquita,Gibraleón,-7.0535493094745,37.325062802676
Calle B (Polígono Industrial Tartessos),Huelva,-6.87293705742991,37.3069476698281
Calle C (Polígono Industrial Tartessos),Huelva,-6.87175152225691,37.308591196664
Camino de la Nava,San Bartolomé de la Torre,-7.09299299999992,37.4625510000001
Camino de la Zorrera,Isla Cristina,-7.26080000152414,37.2132637754059
Carretera HU-3200 A-494 a Mazagón (Campamento),Moguer,-6.79131699959159,37.1274179999696
Calle Vallejito,Fuenteheridos,-6.66111099999995,37.9021170000001
Transversal Virgen de la Fuente,Fuenteheridos,-6.66027099999991,37.9025490000001
Calle Golgota,Valdelarco,-6.684135999576573,37.94859099957514
Calle Seguirilla,Moguer,-6.80817570451536,37.128307127554
Calle Manzanilla,Bonares,-6.684893264950087,37.32204098145442
Calle Daniel Vázquez Díaz,Beas,-6.794829999279778,37.42467700006169
Callejón de Servicio,Almonte,-6.48440182529285,37.1364304142397
Camino de los Serranos,Beas,-6.782273999850997,37.43455500014586
Calle Quito,Moguer,-6.82745399974456,37.1381819997231
Camino del Águila,Beas,-6.738258999495741,37.383294000138605
Camino Vereda de las Rocinas,Bonares,-6.6849849997929995,37.231650000611836
Camino de la Vaqueriza,Bonares,-6.674189999833354,37.2640400006492
Camino de Trovales,Bonares,-6.695223999644637,37.320261999934274
Camino del Madroño,Bonares,-6.6641400004224245,37.291827000168816
Calle Villalba del Alcor,Moguer,-6.81113199926586,37.1301169995864
Calle Filipinas,Moguer,-6.8284450007067345,37.140117999938276
Rotonda Juan Pablo II,Moguer,-6.83975300044329,37.26966199983305
Calle Ruiseñor,Moguer,-6.80570494092136,37.1319436114845
Calle Gaviota,Moguer,-6.81107775046728,37.1315638896349
Plaza Blas Infante,Moguer,-6.834452239601574,37.27040659181813
Calle Encinasola,Valverde del Camino,-6.74928396252471,37.5788852328711
Avenida Santa Clara,Moguer,-6.81532100004043,37.1331360000658
Camino de la Malada del Corral,Villalba del Alcor,-6.49813904369024,37.3702817250997
Calle Marcos Antona,Nerva,-6.542382999364759,37.69436400003995
Calle Aldoza Lorenzo,Ayamonte,-7.402354600691996,37.218043230332704
Plaza de España,San Juan del Puerto,-6.8407427708478,37.313691678912
Carretera A-483 de Bollullos del Condado a Matalascañas,Almonte,-6.54434999946812,37.0514229995862
Calle Santa Olalla del Cala,Valverde del Camino,-6.74934498181118,37.5790989327204
Calle Laguna del Caballo,Moguer,-6.82096570593678,37.1353513429917
Grupo Sociedad Anónima Minera la Hispalense,Cortegana,-6.96677628162545,37.7960998260995
Avenida Palos de la Frontera,Niebla,-6.68307900029551,37.3604109999679
Puente de los Cinco Ojos,Almonaster La Real,-6.708529999999939,37.726488000000074
Calle Pérez Galdós,Almonte,-6.51582000011609,37.2583840002708
Calle el Bajoco,Sanlúcar de Guadiana,-7.46649600019008,37.4719290003233
Calle Castillo,Isla Cristina,-7.32727800003049,37.200218999782
Plaza del Alba,Huelva,-6.93790999987285,37.2801909998944
Calle Luciano Escobar,Alosno,-7.12150499999996,37.5996420000001
Calle Pintor Pablo Picasso,Bonares,-6.677065,37.324639
Avenida del Valle,Manzanilla,-6.42546599955604,37.3870849997731
Calle la Constitución,Santa Ana La Real,-6.72344408346395,37.8651002691746
"Cuesta Antonia García Segura ""La Panblanca""",Punta Umbría,-6.96198799999991,37.1783980000001
Calle Doctor Manuel Font Guardiola,Huelva,-6.9271976355331075,37.27613030097326
Calle Juan Manuel Ríos Martínez,Punta Umbría,-6.97278031494596,37.1900354419105
Calle Honduras,Palos de la Frontera,-6.89041299963552,37.223479000202
Calle Hospital,Cartaya,-7.15576073637305,37.2830020575448
Calle Perú,San Juan del Puerto,-6.84684493094481,37.3138197322576
Calle Tomás Ferrera Cordero,Punta Umbría,-6.96585199999993,37.183344
Calle Joaquín Turina,San Juan del Puerto,-6.84855399999992,37.3145000000001
Calle Andalucía,Galaroza,-6.709360999999944,37.92826900000006
Camino la Crucita,Trigueros,-6.8312149729999305,37.36888794200007
Camino Cerro Viejo de Cruz del Pobre,Galaroza,-6.6916669999999385,37.91804700000006
Calle Rinconcito de Luz,Aroche,-6.95139899999992,37.945205
Calle José Vega,Aracena,-6.58132999699084,37.9366633061873
Calle Llana,Aracena,-6.58128538146348,37.9363773643721
Calle Garceta,Punta Umbría,-7.04933647399992,37.214350568
Calle Fontanilla,Aljaraque,-6.98789000001579,37.2750570002717
Calle Cortinal,San Juan del Puerto,-6.8420328037178,37.317982825097
Calle Doctor Plácido Bañuelos,Huelva,-6.9498449997252,37.2609419996491
Plaza de la Constitución,La Zarza-Perrunal,-6.8564612386361,37.714949189922
Camino de la Peña,Almonaster La Real,-6.75092499999994,37.8593950000001
Plaza de la Música,Valverde del Camino,-6.76333649000324,37.5774816266222
Calle San José,Almonaster La Real,-6.75334210889436,37.8736989994399
Plaza los Árboles,Almonaster La Real,-6.70412441463858,37.8014239616273
Calle Camino de las Mulas,Almonaster La Real,-6.70374799999991,37.8012310000001
Camino de la Pasailla,Almonaster La Real,-6.7835146904234,37.790644829193
Plaza José Rodríguez Scotto,Aracena,-6.516068,37.859498
Calle Villalba,Manzanilla,-6.43314200010305,37.3888779997201
Calle Fanega,Cartaya,-7.14805699999994,37.283239
Calle Bernardo,Manzanilla,-6.43181732158,37.3888957808945
Calle Gomera,Huelva,-6.940674705836263,37.267579037074746
Calle Carabela la Pinta,Palos de la Frontera,-6.8336236573153,37.1366186663857
Paraje Huerta Fuente León,Calañas,-6.87534376413846,37.6583540170687
Calle María Zambrano,Aljaraque,-6.990267954340515,37.287292887990226
Grupo Escolar Luis Vives,Nerva,-6.553605102281262,37.69785222712596
Camino de Bollullos,Villalba del Alcor,-6.4980060006488145,37.377928000026614
Camino del Rey,Villalba del Alcor,-6.483689000111077,37.37323000020201
Calle Severo Ochoa,Ayamonte,-7.396070893394702,37.2169788927003
Calle Muelle,Aljaraque,-6.987732888632202,37.27538721566143
Calle de los Ficus,Ayamonte,-7.352294000155326,37.18850300031073
Callejón de Servicio,Almonte,-6.47608962250495,37.1296540346424
Camino del Pantano,Beas,-6.737349000703595,37.393107999684716
Camino de los Cinco,Beas,-6.778602999504323,37.42334800054347
Camino de la Cañada del Aguna,Bonares,-6.69579299989087,37.30543600006884
Camino de Pallares,Beas,-6.833633000701527,37.47440999998822
Camino de Moguer,Bonares,-6.678004000264097,37.29603600003914
Camino de los Caños,Nerva,-6.526505999673806,37.677335999906504
Camino de la Cumbre,Nerva,-6.511525000464861,37.685841000511125
Calle Pablo Rada (Los Principes),Palos de la Frontera,-6.889195575857077,37.21868505274024
Avenida Vicente Aleixandre,Ayamonte,-7.414822522226483,37.250217687221216
Calle Galeón Ayamonte,Ayamonte,-7.404253680557784,37.200369917752205
Calle de las Yucas,Ayamonte,-7.348417999972967,37.18791000034912
Zona Residencial Río Gulf,Palos de la Frontera,-6.913589000290979,37.2147780003816
Camino del Indiano,Villalba del Alcor,-6.4639390003397725,37.413591999701595
Camino del Pilar,Beas,-6.7744080008225165,37.42898400000011
Camino de Servicio,Bonares,-6.684795000871661,37.34270900039813
Avenida Huelva,Cartaya,-7.14356794499992,37.2878341780001
Calle Encina,Cartaya,-7.16092199999991,37.2855250000001
Camino de Santa Ana,Alájar,-6.687910999835992,37.8647809998046
Camino de Marilozana,Alájar,-6.640205999904587,37.86874199994389
Camino de la Carrasquilla,Beas,-6.790848999407578,37.39973600071989
Camino de la Peana,Alájar,-6.682737999666214,37.86553400017854
Camino del Cerro,Alájar,-6.65519700044435,37.85637999993259
Camino de los Ermitaños,Nerva,-6.560183000081045,37.734656000422625
Camino del Molino de Viento,Bonares,-6.692593999861563,37.316001000162935
Plaza Farmaceutico Alejandro Millan,Aljaraque,-7.028144409395278,37.26461926280387
Camino del Campo,Villalba del Alcor,-6.461776000176493,37.41297700079974
Calle Lagos,Palos de la Frontera,-6.899009000533197,37.22675400024146
Plaza Sonsonate,Palos de la Frontera,-6.884666999379482,37.22397828363577
Camino de Manzorrales,Aljaraque,-6.98911734359199,37.2901392463048
Calle Meca,Aljaraque,-6.989418999592179,37.27313200018072
Plaza de la Constitución,Higuera de la Sierra,-6.447596,37.838378
Avenida San Blas,Sanlúcar de Guadiana,-7.4656876183319,37.47159680046
Rotonda de la Fuente,Cumbres de Enmedio,-6.6907865616503,38.0727070952564
Calle de la Plazuela,Higuera de la Sierra,-6.44694902446837,37.8375384518441
Calle Zaragoza,Lepe,-7.19711899969659,37.259020000159
Avenida de Valdepegas,Lepe,-7.19952711542224,37.2689744772243
Calle Antonio Rodríguez el Tiesto,Rociana del Condado,-6.60265017791302,37.3081755734722
Calle el Repilado,Cartaya,-7.1438956950562,37.28767732143
Avenida Aljaraque,Cartaya,-7.1443294571911,37.287343008555
Calle Mar Adriático,Palos de la Frontera,-6.8558324708364,37.1448302812023
Calle Mar Tirreno,Palos de la Frontera,-6.85656049845336,37.1450293242474
Calle Mar Liguria,Palos de la Frontera,-6.857402882844,37.1452691238123
Calle Mar Mediterráneo,Palos de la Frontera,-6.85192099999098,37.1444880001355
Calle Mar de Noruega,Palos de la Frontera,-6.85289699977672,37.1442099998482
Calle Mar Negro,Palos de la Frontera,-6.85839699974868,37.1469539995859
,Palos de la Frontera,-6.86090382360273,37.1501184789658
Calle Naranjo,Cartaya,-7.1598485502792,37.287246630994
Calle Puerto de Palos,Palos de la Frontera,-6.84052599970885,37.1392960004347
Camino de Santa Catalina,Cabezas Rubias,-7.113742999999943,37.76234800000009
Calle la Charneca,Fuenteheridos,-6.66303399999993,37.9032460000001
Camino de la Altura,Puebla de Guzmán,-7.37852099999992,37.6709530000001
Plaza de los Padres Paules,Ayamonte,-7.4071259052169,37.213928116013
Calle Camino de Malaño,Almonaster La Real,-6.75424834314092,37.8732717138192
Carretera Área de Caravanas,Sanlúcar de Guadiana,-7.46420677038903,37.4698735707198
Calle Jacinto Benavente,Gibraleón,-6.97568599999994,37.3785480000001
Vía Verde del Litoral,Lepe,-7.230808465799,37.25474446899
Calle Covadonga,Lepe,-7.203668000428206,37.258580000021716
Carretera de Calañas,Cabezas Rubias,-7.08484399999992,37.727511
Calle Lugano,Lepe,-7.19898590529118,37.2659822131817
Calle Reina de los Ángeles,Beas,-6.77388699936455,37.4044199996243
Carretera C-421 Acceso a Nerva,Minas de Riotinto,-6.56127899972603,37.6973660002408
Vía Verde del Guadiana. Antiguo Ferrocarril Minero de las Herrerías al Puerto de la Laja,El Almendro,-7.40945799999992,37.5680840000001
Carretera HU-8124 Acceso Oeste a Linares de la Sierra,Linares de la Sierra,-6.6267175686996,37.881705505823
Carretera HU-7103 N-435 a la Ermita de Santa Eulalia,Santa Ana La Real,-6.710039999999935,37.83369400000004
Vía Hv-3101,Zufre,-6.406796999999926,37.86571900000007
Carretera HU-8105 Cortegana a Aracena,Linares de la Sierra,-6.60788999982349,37.8892650003797
Carretera HU-7104 N-435 a Cabezas Rubias,Almonaster La Real,-6.854361999999924,37.785832000000084
Calle Murallas de Niebla,Niebla,-6.68085900044232,37.3490959997807
Calle el Palancar B,Almonte,-6.52882300008091,37.2627829995228
Calle Juan Ramón Jiménez,Punta Umbría,-6.97150699999992,37.1871350000001
Camino Antigua Carretera de Aracena a Campofrío,Campofrío,-6.58061599999991,37.7603010000001
Calle el Palancar,Almonte,-6.53046639313335,37.2625604989015
Carretera N-433 de Sevilla a Lisboa,Cortegana,-6.8511228817786,37.931703842432
Carretera HU-8106 N-433 a Puerto del Espino (Estación de Almonaster la Real),Almonaster La Real,-6.8002486620867,37.900306884008
Carretera HU-8108 Acceso a Canaleja,Almonaster La Real,-6.7928966629988,37.903292167303
Camino Rivera Castaño,Jabugo,-6.71899899999994,37.9043720000001
Casa de La Rivera,Encinasola,-6.94315905634519,38.1351160081974
Carretera HU-8114 N-435 a la N-433 (Por el Castaño de Robledo y Fuenteheridos),Fuenteheridos,-6.67737899999992,37.9039050000001
Carretera HU-9103 N-435 a Encinasola,Encinasola,-6.87041999978299,38.1202980002526
Calle Vicente Espinel,Punta Umbría,-6.97107499999993,37.187683
Calle Virgen de los Dolores,Higuera de la Sierra,-6.4482397086829,37.838151569597
Carretera A-472 de Sanlúcar la Mayor a San Juan del Puerto,San Juan del Puerto,-6.8201268149313,37.317862101118
Carretera A-5025 de A-494 a la Rábida,Palos de la Frontera,-6.88543592229637,37.236904983126
Calle Vereda Carne,Bollullos Par del Condado,-6.538924,37.352199
Camino de los Lirios,Bollullos Par del Condado,-6.5538928135627,37.351243574829
Camino de Almonte,Chucena,-6.4107834367061,37.3466785016118
Polígono 13,Hinojos,-6.364939999880936,37.2713550003332
Calle Barrenero,Aljaraque,-6.989440999801287,37.27341400012293
Camino del Pozon,Palos de la Frontera,-6.876270635901285,37.229769670395235
Calle Gaviotas,Ayamonte,-7.36095366673729,37.1772001797668
Camino del Prado,Palos de la Frontera,-6.883986387130429,37.23235048073106
Calle de los Cipreses,Ayamonte,-7.3503035565784325,37.18669764781865
Travesía Huelva,Palos de la Frontera,-6.891293513717985,37.22188836856485
Camino de las Casillas,Palos de la Frontera,-6.8972629630988,37.222228111292
Calle Rosalía de Castro,Moguer,-6.82162045271171,37.133197791312
Callejón de Servicio,Almonte,-6.47714519481182,37.1297377379179
Calle Mandarino,Almonte,-6.563338913252322,37.00947972519267
Calle del Pozo,Ayamonte,-7.31483137394358,37.2246521824594
Callejón de Servicio,Almonte,-6.47983399545529,37.1305862512125
Callejón de Servicio,Almonte,-6.48324300314571,37.1312017920396
Calle la Montura,Almonte,-6.51298700039192,37.269823999545
Camino del Puente del Rey,Almonte,-6.4739163498962,37.1333051616168
Calle la Jaquima,Almonte,-6.51266700043194,37.2699379993475
Carretera H-9015,Almonte,-6.69026300003328,37.1416209999964
Callejón de Servicio,Almonte,-6.47853849984734,37.1317064994313
Camino Pocito,Villalba del Alcor,-6.46729700019425,37.38864000061143
Camino el Jabalí,Valverde del Camino,-6.79354400032629,37.5184999998805
Calle Gossan,Aljaraque,-6.99269000050988,37.2715350004102
Calle Miguel Domínguez Soler,Ayamonte,-7.40572296650581,37.21806981479785
Travesía San Jorge,Palos de la Frontera,-6.88187999974887,37.219927000059
Carretera HU-3201 A-5025 a la Rábida,Palos de la Frontera,-6.9238501022477,37.207334275349
Camino del Algarrobo,Almonte,-6.47300097826486,37.2482540217307
Polígono Industrial el Algarrobito,Moguer,-6.82269655727107,37.2565254804261
Carretera A-476 de el Castillo de las Guardas a Minas de Riotinto,Nerva,-6.5009785648839795,37.69552762112051
Camino de Almonte a Manzanilla,Villalba del Alcor,-6.44884500050811,37.355482000626
Carretera HU-3102. De N-435 a Navahermosa,Beas,-6.79279300042475,37.4925589997689
Carretera HU-3103 De N-435 a Fuente de la Corcha,Beas,-6.83129999958816,37.4879510002181
Zona Pista Hípica La Fuentecilla,Puebla de Guzmán,-7.2437585547442,37.618466023024
Barriada Virgen de la Peña,Puebla de Guzmán,-7.25459799999993,37.610574
Avenida de la Reu,Nerva,-6.549781000149,37.6976359999294
Avenida Guadiana,Ayamonte,-7.40367767238336,37.198738208663
Paseo de los Barrancos,Isla Cristina,-7.24130465946928,37.211783818179
Paseo de la Chirina,Isla Cristina,-7.2390060004357935,37.212439000333056
Avenida de los Escolares,Puebla de Guzmán,-7.25338999999991,37.6139690000001
Calle Fuente,Puebla de Guzmán,-7.24964299999994,37.6114640000001
Calle Andévalo,Villanueva de los Castillejos,-7.27464499999991,37.4976510000001
Camino de la Pared,Puebla de Guzmán,-7.30118799999991,37.6315430000001
Carretera C.Z05.DIQ,Aljaraque,-6.98631599993253,37.2694360004124
Carretera A-499 de Ayamonte a Puebla de Guzmán,Villanueva de los Castillejos,-7.30210999999991,37.4450100000001
Calle Focha,Punta Umbría,-7.05199499999992,37.2141440000001
Calle Rezón,Punta Umbría,-7.05123750789794,37.2132045782162
Calle Rábida,Almonte,-6.52070000035505,37.2588709997636
Calle Maestro D. José Vázquez,Villalba del Alcor,-6.47896499963364,37.3973259997085
Avenida Muelle de Portugal,Ayamonte,-7.40908100048663,37.2172319997903
Calle San Roque,Paterna del Campo,-6.40553699963262,37.4219889995929
Calle San Bartolomé,Villalba del Alcor,-6.47794699925394,37.397422000199
Calle Trascorrales,Valverde del Camino,-6.75593800061722,37.5714350004167
Plaza de Andalucía,Berrocal,-6.54246499999994,37.6088720000001
Calle Río Duero,Huelva,-6.92554045315579,37.2592656305475
Plaza España,La Nava,-6.74495300008073,37.9634749997715
Plaza de la Higuera,San Silvestre de Guzmán,-7.346906999999931,37.38591100000008
Calle Justicia,Trigueros,-6.833596542999942,37.387800417000165
Calle Manuel Sánchez Rodríguez,Huelva,-6.95408153982659,37.252470947966
Avenida de la Ría,Huelva,-6.95673669613029,37.2523715289668
Calle Cala,Aljaraque,-6.99277636022414,37.2697961240779
Calle Juan de la Cosa,Palos de la Frontera,-6.8915159997178,37.2246550002776
Calle Francisco Jiménez,Huelva,-6.9337554465977,37.254812053151
Calle Baltasar González,Huelva,-6.93309327441436,37.2553439239629
Calle Tropiezo Medio,Aroche,-6.95638238399994,37.9457298510001
Calle Tropiezo Alto,Aroche,-6.95636199999996,37.9457650000001
Camino a el Arracanes,La Zarza-Perrunal,-6.85450399999991,37.6649190000001
Grupo el Grifo,Cortegana,-6.96708962856029,37.7968646943663
Calle Conde de Regla,Cortegana,-6.82212099999992,37.9097590000001
Parque Antonio Machado,Huelva,-6.9281597760094,37.267233401952
Avenida de la Cabalgata,Higuera de la Sierra,-6.44996743,37.8359755
Calle Blanca Paloma,La Palma del Condado,-6.55034087099995,37.3851629950001
Calle Rondana,La Zarza-Perrunal,-6.85602399999993,37.7145290000001
Transversal el Cerro,Valverde del Camino,-6.74639056,37.57203645
Plaza la Quebrada,Zufre,-6.33976395395909,37.8337211393467
Camino de los Cobrerizos,Villalba del Alcor,-6.48263400058884,37.3578950001222
Calle Méjico,Moguer,-6.82592487944984,37.1386868482201
Calle Canario,Aljaraque,-7.01719099980807,37.26836899998417
Camino Embalse Olivargas,Almonaster La Real,-6.79973899999993,37.7095660000001
Calle Electricistas,Lepe,-7.195748000017621,37.26863999993036
Carretera HU-6400 el Granado a Puente del Chanza (Pomarao),El Granado,-7.46822099999991,37.519863
Sector Flamenco,Almonte,-6.55755399948717,37.0057409999257
Jardines del Santuario de la Cinta,Huelva,-6.9445052033335,37.277746656283
Calle Cádiz,San Juan del Puerto,-6.83539768299994,37.314550534
Calle Carmen,San Juan del Puerto,-6.84348999999992,37.3141160000001
Camino a la Calvilla,Gibraleón,-7.01165225099993,37.393569831000036
Camino de los Asientos,Rosal de la Frontera,-7.241096999999911,37.905268000000035
Calle Maestro Fernando Andaluz,Cortelazor,-6.62586925699992,37.9364529410001
Paseo de los Gavilanes,Ayamonte,-7.38119000059494,37.1725390002553
Camino los Marines,Fuenteheridos,-6.655431999999905,37.90359700000005
Avenida Andalucía,Huelva,-6.9340330053000026,37.26902089029419
Calle Mariano José de Larra,Ayamonte,-7.4002806595593,37.261879353201
Camino Almonaster,Almonaster La Real,-6.847548999999958,37.850104000000044
Camino Diseminado Cruz de Elvira (Parcela 83),Trigueros,-6.84017374399991,37.3857146390001
Calle Santa María Micaela,Huelva,-6.9419817587252,37.263701367863
Avenida de la Constitución,Puebla de Guzmán,-7.25206199999991,37.6113040000001
Avenida Francisco Pompey,Puebla de Guzmán,-7.25384599999995,37.6125290000001
Camino del Valle,Aljaraque,-7.02224137904829,37.2921063752731
Paraje Ermita Virgen de la Peña,Puebla de Guzmán,-7.20404699999995,37.6012490000001
Trasera Pozo Nuevo,Puebla de Guzmán,-7.25126299999994,37.6142
Calle Arroyo la Notaría,Aljaraque,-7.0251844417015,37.274175921051
Conjunto Herrerías Martillero Diseminado,Puebla de Guzmán,-7.29419399999995,37.6087850000001
Plaza de los Maríneros,Lepe,-7.20156600062121,37.2510399998955
Calle Céfiro,Lepe,-7.22458799983724,37.2047859998028
Calle Vaqueros,Villanueva de los Castillejos,-7.27235099999996,37.5020660000001
Calle Isaac Peral,Nerva,-6.53990534230204,37.692880349745
Calle Boabdil,Nerva,-6.55146200002659,37.69641300016
Calle C (Polígono Industrial VI Centenario),La Palma del Condado,-6.55602303901347,37.3936934417606
Calle Virgen del Carmen,Sanlúcar de Guadiana,-7.46656899995924,37.4744240002675
Calle Poeta Miguel Hernández,Punta Umbría,-6.97361899999993,37.184019
Paraje Gavia - Hondilla,Bonares,-6.6925744830561,37.287760519786
Calle el Molino,Lucena del Puerto,-6.73041199999994,37.3051850000001
Calle Lepanto,Punta Umbría,-6.957131999999945,37.17724700000008
Paraje Labradillo,Beas,-6.7810203606779,37.466459241701
Paraje Santa María,Bonares,-6.6742916094979,37.316981861621
Calle Nicolás Orta,Huelva,-6.93741099990212,37.2623499995762
Calle Blas Infante,Linares de la Sierra,-6.62124568583963,37.8795767676539
Avenida del Mar,Moguer,-6.81493000066892,37.1310109997171
Calle Pelambre,Nerva,-6.54141399980113,37.6929679999284
Calle Alfonso X,Hinojos,-6.3790019999422,37.2922350000454
Calle Regajillo,Hinojos,-6.37711099997252,37.2908150002123
Plaza de España,El Granado,-7.41688902899995,37.5210220770001
Calle Cumbres Mayores,Huelva,-6.93021200031357,37.2593309998289
Calle Domingo Pérez,Moguer,-6.83546623203042,37.2748741815894
Avenida Andalucía,Alosno,-7.12167734187389,37.6048096883109
Camino de Bollullos,Rociana del Condado,-6.57887858015465,37.3184441523399
Calle Alcalde José Sánchez Sevillano,Rosal de la Frontera,-7.22376392227147,37.9686487174406
Calle Sevilla,Isla Cristina,-7.32732699988722,37.2032879997162
Calle Astilleros,Isla Cristina,-7.32518400059119,37.2051450000501
Camino de la Contienda,Villalba del Alcor,-6.5065604369596,37.36245684029
Calle Jilguero,Aljaraque,-7.01836799976091,37.2675060000666
Calle Almería,Beas,-6.78999454251677,37.4266316896618
Calle Silencio,Ayamonte,-7.40770000070909,37.2196940000929
Avenida Puebla de Guzmán,El Almendro,-7.26967321849571,37.511407347177
Calle Trascampana,Cartaya,-7.1555280522856,37.2839229358668
Calle Málaga,Cartaya,-7.10896124599992,37.217463126
Calle Ariza,Higuera de la Sierra,-6.44640827315707,37.8318537423633
Calle la Alcoraya,Moguer,-6.80998499961051,37.1297950004396
Plaza 12 de Octubre,Gibraleón,-6.96440399399995,37.3766689430001
Calle las Pasaderas,Higuera de la Sierra,-6.449121999580418,37.837242999864685
Paraje Lavapiés,Niebla,-6.6790060004264,37.4154090001254
Calle Virgen del Rocío,Hinojos,-6.3758680002079,37.293041000342
Calle Sancho Panza,Ayamonte,-7.4010947558662,37.216691666145
Calle Miguel Hernández,Manzanilla,-6.43845796937405,37.3908358097403
Calle la Gomera,Moguer,-6.840593000261646,37.279158999213216
Avenida Andalucía,Cañaveral de León,-6.52705899997275,38.0130360001115
Calle Dehesa de Valdehiguera,La Granada de Río-Tinto,-6.50873199999995,37.769664
Calle San Francisco,La Palma del Condado,-6.55426287099993,37.3834858700001
Calle Profesor González,Cortelazor,-6.62476650399992,37.935034725
Calle del Pilar,Trigueros,-6.82756237099989,37.384327495
Calle Amazonas,Palos de la Frontera,-6.88922399970367,37.223828999752
Calle Honduras,Lepe,-7.20327200000499,37.2470380000648
Calleja del Sastre,Campofrío,-6.57220221634594,37.7656293005742
Calle Almendro,Bollullos Par del Condado,-6.5461730000837,37.338310999753
Calle Beato Manuel Contioso,Moguer,-6.84116082658588,37.2788882814777
Calle Nazaret,Gibraleón,-6.97394399999996,37.373725
Calle Miguel Induráin,Bollullos Par del Condado,-6.53313999981101,37.342604999921
Calle Manuel Cano Lagares,Bollullos Par del Condado,-6.53529700035612,37.3372880002412
Plaza Juan de Dios Pareja Obregón,Linares de la Sierra,-6.6213944019205,37.88030999695
Calle Colón,Rociana del Condado,-6.59640599999994,37.3114970000001
Camino de Valdemedios a Tejita,Lepe,-7.2311554305394115,37.265723777311
Calle de la Encina,Lepe,-7.20901700044772,37.2604070002396
Avenida de Extremadura,Santa Olalla del Cala,-6.23013399999991,37.9092230000001
Calle Hornos,Ayamonte,-7.31447700011339,37.2243969999548
Paseo de los Estudiantes,Villarrasa,-6.60907599965747,37.3872399997264
Calle Antonio Machado,Villarrasa,-6.6090548892893,37.388133225018
Carretera HU-8117 N-433 a Valdelarco,Valdelarco,-6.6897080568812,37.9438291441998
Muelle Ría de Punta Umbría,Punta Umbría,-6.956273680110447,37.17964743259442
Carretera del Empalme A-5150,Isla Cristina,-7.3111444343345,37.241709949998
Calle Sierra Bullones,Alosno,-7.1175648109284,37.598931771165
Calle Antonio Medina Lama,Lepe,-7.199065584368448,37.26672272138528
Calle Atanor,Aracena,-6.55755599980937,37.8899709996621
Calle Cañaveral,Almonte,-6.52402000032897,37.2658890004793
Calle Escondía,Rociana del Condado,-6.59647499999994,37.3104520000001
Calle Almería,El Campillo,-6.63001999999994,37.6923600000001
Calle Cuatro de Diciembre,Bollullos Par del Condado,-6.54220499966079,37.3417839998319
Calle Ramón y Cajal,Beas,-6.79324899919495,37.4252649996745
Calle Antonio Rodríguez Waflar,Beas,-6.79502399964833,37.4266519999832
Paseo Blasco Ibáñez,Ayamonte,-7.41191238850985,37.270014764
Calle García Margallo,Nerva,-6.54273499985555,37.6889309995674
Avenida Zafra,Jabugo,-6.77508219516289,37.9304951033941
Calle Balmes,Lepe,-7.2040679999568,37.2590760004153
Calle Ríos,Bonares,-6.68825799975595,37.3216430002036
Calle Calderón de la Barca,Nerva,-6.54925599994116,37.6981899995185
Calle Isla del Carbón,Lepe,-7.20176381944813,37.2070428674138
Calle el Arroyo,Moguer,-6.83416599968939,37.270612999979
Calle la Posada,Minas de Riotinto,-6.58965899996281,37.6925050000058
Paraje los Soldados,Rociana del Condado,-6.568815775881763,37.293989760224264
Paraje Villares,Rociana del Condado,-6.57551423319824,37.2973462949373
Calle San Sebastián,Higuera de la Sierra,-6.44681482214616,37.8377803214048
Calle Maestro Don Félix,El Granado,-7.41444799999994,37.520452
Calle Panamá (Mazagón),Moguer,-6.82708952354204,37.1387464109406
Paraje Rosario,Rociana del Condado,-6.5966677436207,37.293420460548
Calle Cassola,Nerva,-6.54824400040308,37.6993629999788
Calle la Zarza,Huelva,-6.92964499988947,37.2703560001828
Camino la Umbría,Alájar,-6.6784321087797,37.87461842331
Polígono Pimental Polígono 26 Parcela 28,Niebla,-6.70967105542698,37.3537751007603
Calle Cabezuelo,Cumbres de San Bartolomé,-6.74612500016851,38.0777860003238
Urbanización Residencial Las Lomas de Esuri - Manzana II,Ayamonte,-7.4114490585531,37.260231916582
Avenida Parque,San Bartolomé de la Torre,-7.10329399999995,37.4402130000001
Calle Familia Ramírez López,Punta Umbría,-6.96492002299993,37.1854078280001
Plaza Manuel Gómez Orta,Isla Cristina,-7.3279127687141,37.193705
Camino a Niebla,Rociana del Condado,-6.62477136433447,37.3221459640141
Calle Cádiz,Cala,-6.314573999999936,37.96959900000007
Paraje Verilla Paternina,Rociana del Condado,-6.5748859758247,37.288545941043
Paraje Media Naranja,Rociana del Condado,-6.59919963712574,37.3160746165545
Plaza el Titán,Huelva,-6.94301400063568,37.2557290002625
Calle Real,Almonaster La Real,-6.78739727782537,37.872757822403
Calle Francisco Montero,Almonaster La Real,-6.78699320499993,37.8725497360001
Calle del Pino,Almonaster La Real,-6.78847406947149,37.871990227385
Calle San Sebastián,Huelva,-6.94531799977881,37.2610809996161
Calle Somera,Almonte,-6.51344899993455,37.2636540005574
Calle Calamón,Lepe,-7.22085099964417,37.209796000282
Paraje Cabeza Azúcar,La Palma del Condado,-6.569794390461058,37.3722768068318
Carretera Almonte,La Palma del Condado,-6.54715890599994,37.373263206
Calle Urbanizacion la Real,Almonaster La Real,-6.78815725779341,37.8731984085465
Camino Llano,Almonaster La Real,-6.78676399999995,37.8750810000001
Calle Texas,Huelva,-6.93598500045003,37.2594650004326
Carretera Antigua H-9032,Almonaster La Real,-6.85628999999994,37.8790180000001
Calle Rociana (Matalascañas),Almonte,-6.5421798804004965,36.99893466610206
Vía Gr 41,Zufre,-6.432005999999944,37.93084900000008
Paraje la Final,Sanlúcar de Guadiana,-7.4672162333877,37.476364142967
Carretera Hv-1427,Alosno,-6.99495499999995,37.5332250000001
Calle Sacerdote Francisco Girón,Huelva,-6.92848661765047,37.2660421478686
Plaza de la Soledad,Cartaya,-7.150103999999942,37.28792000000004
Camino la Jara,Valverde del Camino,-6.77053865235631,37.5550200862084
Calle Pinta,Manzanilla,-6.42732599989486,37.387286000049
Calle de la Sal,Isla Cristina,-7.321559000372942,37.20309999988503
Calle C,Huelva,-6.9381355227903025,37.25631385843448
Calle Concordia,Trigueros,-6.8337169,37.38825019
Calle Jacaranda,Ayamonte,-7.39838200004965,37.2195950000478
Calle Luxemburgo,Aljaraque,-7.01957821506871,37.264126041911574
Calle Ceuta,Ayamonte,-7.40037283035502,37.2044952828148
Calle Villablanca,Isla Cristina,-7.26801059163118,37.2202017007213
Camino de la Mina,Linares de la Sierra,-6.6067009998511415,37.84952999990972
Calle Zalema,La Palma del Condado,-6.556149932999972,37.38366012000006
Carretera HU-4103 la Palma del Condado a Berrocal,Berrocal,-6.543691999999908,37.57274700000005
Calle Actor Frank Romero,Huelva,-6.927301599861153,37.26377981241896
Calle Rocío,Corteconcepción,-6.50247500045624,37.8939950001247
Calle Empalme Sur J,Isla Cristina,-7.30530023624901,37.2447967465484
Calle Aspapronias,Huelva,-6.938661501414785,37.2639464201762
Calle Algazul,Punta Umbría,-7.04485866935999,37.2089868639609
Calle Urta,Isla Cristina,-7.248239999845457,37.20615700007022
Travesía Constitución (Dos),Cumbres Mayores,-6.6441209996842225,38.059577999725065
Transversal Calle Rocío 1,Escacena del Campo,-6.38567700019323,37.4047379999589
Calle Pintarroja,Isla Cristina,-7.24363462451688,37.2048999478239
Calle Hojiblanca,Ayamonte,-7.40159620612309,37.2162656934433
Calle Viento de Poniente,Trigueros,-6.83500216899995,37.3764608430002
Calle Adriano del Valle,Huelva,-6.92699092351931,37.2623313946852
Calle Chaparral,Huelva,-6.937060468598655,37.2609260150947
Calle Jaén,Cala,-6.31587599999995,37.9725740000001
Calle Camarada Fernando Castillo,Huelva,-6.928853000514883,37.2634420002864
Calle Blanca Paloma,Huelva,-6.93309400014686,37.2616869996941
Calle G,Huelva,-6.9372532194577206,37.255501510034755
Paraje Valverdejo,Gibraleón,-6.9499594108096,37.383275907696
Calle Río Unare,Beas,-6.793563000062998,37.43331500018215
Calle Canovas,Villalba del Alcor,-6.475728999692894,37.39460200040737
Calle Gaspar,Higuera de la Sierra,-6.4446470000588985,37.83645899968329
Carretera A-495 de Gibraleón a Rosal de la Frontera,Rosal de la Frontera,-7.2147158073788,37.865658566393
Calle Alondra,Huelva,-6.94413399989655,37.2647939999783
Camino San Juan del Puerto,Gibraleón,-6.94840800299994,37.359930262000034
Calle Arrabacin,Encinasola,-6.868505396206864,38.13565442331317
Calle Mimbrera,Zufre,-6.34103499999992,37.83571000000006
Calle Guadiana,San Juan del Puerto,-6.841925999999944,37.31250800000004
Calle Primero de Mayo,Gibraleón,-6.960994999999912,37.37610500000005
Calle Libertad,Galaroza,-6.712765999999931,37.92656800000009
Calle Hermanos Machado,Manzanilla,-6.44026700042159,37.38999900015388
Calle Molinos,Valverde del Camino,-6.760104000246045,37.57214399963913
Calle San Salvador,Palos de la Frontera,-6.89658800036161,37.2274650004353
Calle Zalamea la Real,Lepe,-7.195978000545628,37.267067000075905
Calle Palma,Lepe,-7.20144500070087,37.25195100024181
Calle G,Lepe,-7.198670338980754,37.246204913221085
Calle B,Lepe,-7.192417747505227,37.2517531023571
Calle Hernán Cortés,Lucena del Puerto,-6.725256999999942,37.30246500000004
Calle los Carrizos,Almonte,-6.52308200046522,37.2656990002715
Calle Fuente la Pañuela,Almonte,-6.52573799985733,37.2627450003427
Plaza Nuestra Señora de la Asunción,Bonares,-6.68369699959941,37.3209690008542
Calle Verdiales,Huelva,-6.93229299991749,37.2648700003442
Calle Laurel,Lepe,-7.213099870419337,37.226929694794954
Calle Gorrión,Punta Umbría,-6.963269606999916,37.181925266000064
Calle Ecuador,Lepe,-7.2026250001939,37.2495589998874
Urbanización Vaguada Veconsa Golf,Lepe,-7.2254773869093,37.2125501478478
Calle Robles,Moguer,-6.8308950005985,37.2728020000075
Calle Albahaca,Lepe,-7.21350985614894,37.2267930684448
Calle Alosno,Valverde del Camino,-6.75882300039721,37.5702520003987
Calle E (Polígono Industrial Polirrosa),Huelva,-6.9207660778219,37.263073785954
Calle C (Polígono Industrial Miraval),Huelva,-6.91483415917526,37.2677010851757
Calle Semanario la Higuera,Isla Cristina,-7.31713700031483,37.1961939998738
Paseo de los Reyes,Isla Cristina,-7.32389900002442,37.202186000265534
Calle Pozo,Isla Cristina,-7.314157000630258,37.22474599995187
Calle Escribano,Isla Cristina,-7.27093430916008,37.2216704876497
Calle Pintora Eloisa Moreno,Isla Cristina,-7.32362500024631,37.2043900001047
Calle Pleamar,Isla Cristina,-7.3201020329956235,37.20275111118146
Calle Camaron,Isla Cristina,-7.253698999879523,37.2053709997643
Calle Poeta José Félix Navarro,Isla Cristina,-7.326155850082325,37.19697421699472
Calle San Rafael,Isla Cristina,-7.32528582577952,37.1955176692347
Calle Atún,Isla Cristina,-7.24453100051213,37.2051529995499
Calle Gladiolos,Isla Cristina,-7.272056000625761,37.238641000117234
Urbanización Retama II Fase,Punta Umbría,-6.97286257,37.18508961
Calle Pimienta,Isla Cristina,-7.269927000502498,37.23869499969221
Calle Langostino,Isla Cristina,-7.252466000250925,37.20640099963009
Plaza de Huelva,Beas,-6.86057199949175,37.484488000689
Calle Don Juan Romero,Beas,-6.86075600006088,37.4845650000318
Calle Rafael Alberti,Isla Cristina,-7.26977699977405,37.2199770002073
Calle la Pinta,Isla Cristina,-7.323640901596727,37.19931207420362
Calle Castaño,Isla Cristina,-7.306342747777095,37.197703209364406
Calle Almendro,Isla Cristina,-7.307579770267387,37.19699147516438
Calle Roble,Isla Cristina,-7.307063876703,37.1970730713764
Calle Sauce,Isla Cristina,-7.306760891077737,37.19849119642765
Plaza Nuestra Señora del Rosario,Isla Cristina,-7.31800833399587,37.2019926592486
Calle Arroyo Menaja,Huelva,-6.91173903638019,37.2726269647776
Calle Catalamar,Isla Cristina,-7.26715996356702,37.2224077116696
Calle Alta,Arroyomolinos de León,-6.42084832199993,38.0235210230001
Calle Grupo Escolar,Alájar,-6.6676371410644,37.874558846322
Paraje La Choza,Sanlúcar de Guadiana,-7.39302057017446,37.4918573488293
Prolongación Andalucía,Puebla de Guzmán,-7.25448599958797,37.6112929994906
Urbanización Montecarlos,Lepe,-7.22694000029489,37.2148770004378
Paraje Venta El Cano,Gibraleón,-7.0311783989452,37.4188911857184
Calle Cristo de la Redención,Huelva,-6.94230399987072,37.2678789997307
Camino de las Carboneras,Bollullos Par del Condado,-6.536239999776006,37.35039999966043
Avenida Alcalde Pedro Rodríguez González,Huelva,-6.92592820382557,37.2741897137811
Calle Maestro Salvador López,Huelva,-6.941285999973316,37.25447200002898
Calle Albuhera,Aracena,-6.55946486840874,37.8879666617322
Calle Guadalquivir,Rociana del Condado,-6.59535399999993,37.3020530000001
Calle Lucena del Puerto,San Juan del Puerto,-6.83489399999991,37.3160570000001
Calle Haití,Huelva,-6.94861099992047,37.275493000088
Calle Abeto,Huelva,-6.940094000370636,37.25848800023367
Plaza América,Huelva,-6.935540754619523,37.25337937645935
Calle Almonte,Huelva,-6.931712000600816,37.25932299972953
Calle Antón de Alaminos,Huelva,-6.939632999697222,37.253673000207804
Calle Bécquer,Huelva,-6.938172000460484,37.26936600013887
Calle Azucena,Huelva,-6.933752000188439,37.27436199965805
Calle Briceño,Huelva,-6.944309999629687,37.263477000029795
Paseo de Buenos Aires,Huelva,-6.95156099998164,37.2620220000794
Calle Cardenal Albornoz,Huelva,-6.954007000092301,37.25861799995526
Carretera Huelva-Ayamonte,Huelva,-6.946641944604313,37.28240912617725
Calle Diego Bermúdez,Huelva,-6.939838000316045,37.257580000011856
Calle Conde López Muñoz,Huelva,-6.935001000139565,37.25911700018654
Calle Costa Rica,Huelva,-6.926323000447611,37.26575200030612
Calle Dulce Nombre de María,Huelva,-6.954796999861622,37.26525700012618
Plaza Dulcinea,Huelva,-6.92522399978483,37.2625510001578
Calle Goya,Huelva,-6.927666000630624,37.26365400007503
Calle Geranio,Huelva,-6.9309340006558715,37.27556200009587
Plaza Fray Genaro Prieto,Huelva,-6.9388610000169955,37.25668099955645
Pasaje Juan de la Reina,Huelva,-6.937490000046872,37.25712299977858
Barriada Humilladero de la Cinta,Huelva,-6.949768000519169,37.274694000087635
Plaza Isabel la Católica,Huelva,-6.9487819998392215,37.25422599980547
Calle Juan de la Plaza,Huelva,-6.942068349235384,37.257262834230566
Calle Marchena Colombo,Huelva,-6.945977000002554,37.264967999719126
Plaza las Monjas,Huelva,-6.951627000194271,37.257039000386236
Calle Miguel Ángel Asturias,Huelva,-6.941025000113746,37.27838300032874
Paseo de los Naranjos,Huelva,-6.949621000096584,37.264531999922916
Calle Grupo Ministro Vicente Mortes,Huelva,-6.930350000304119,37.26329700034872
Calle Natividad,Huelva,-6.95328099976885,37.2690819997608
Plaza Nuestra Señora de los Dolores,Huelva,-6.94886598542782,37.27279832816193
Calle Nicaragua,Huelva,-6.9423280003218855,37.27998999998901
Avenida Raza,Huelva,-6.947823999972697,37.27544899992375
Calle Río Chanza,Huelva,-6.927060999958429,37.25798000038923
Plaza Ramón de Bonifaz,Huelva,-6.9363699999645,37.2810630004099
Pasaje D Pío XII,Huelva,-6.93870700034515,37.2578960004148
Calle Rui-Vélez,Huelva,-6.9531800005003745,37.26038999982629
Calle Ruiz de Alarcón,Huelva,-6.9368980003199265,37.26994200027658
Calle San Francisco,Huelva,-6.950149000473492,37.25620700019071
Plaza Sancho Panza,Huelva,-6.92472199973044,37.26246100040101
Calle Santa María,Huelva,-6.949945000584614,37.25384700004763
Calle Santo Domingo de la Calzada,Huelva,-6.95638200057459,37.255374000304
Calle Santa Ángela de la Cruz,Huelva,-6.948205000076983,37.255560000042145
Calle Tres de Agosto,Huelva,-6.9506190000371095,37.25767099970204
Calle Virgen Chiquita,Huelva,-6.943792000063545,37.281389999713255
Calle Vázquez López,Huelva,-6.952616999561041,37.25459699976942
Avenida Real Sociedad Colombina Onubense,Huelva,-6.95967700026539,37.2563729998082
Plaza Violeta,Huelva,-6.932896000206455,37.27688600012025
Calle Villanueva de Castillejos,Huelva,-6.932773999599469,37.260643999811286
Calle Zufre,Huelva,-6.931274000274947,37.261043999949024
Calle Cardenal Cisneros,Huelva,-6.949267999992699,37.256424999699085
Plaza María de los Ángeles Rodríguez Puente,Huelva,-6.953839594640326,37.26518955837138
Calle Teniente Ruiz,Huelva,-6.945614999567737,37.26480999993377
Calle Flamenco,Huelva,-6.950981303987556,37.27776607336936
Calle Nelson Mandela,Huelva,-6.949569444636126,37.263543021007884
Plaza José María Labrador,Huelva,-6.927090000497265,37.26333100034477
Plaza el Campillo,Huelva,-6.955501000229237,37.26201199991191
Calle la Granada de Riotinto,Huelva,-6.92880414002778,37.273943994923556
Calle los Mozárabes,Huelva,-6.957183422447421,37.26010587412325
Plaza Diego Díaz Hierro,Huelva,-6.948142799618554,37.26343501521526
Calle Aldea de la Corte,Huelva,-6.9501561199010045,37.27318612984272
Calle Santa Olalla del Cala,Huelva,-6.9267453414581,37.270776357382
Plaza Juan Saldaña Manzanas,Huelva,-6.93329155550826,37.2785519986113
Calle Cristo de la Fe,Huelva,-6.93425700009083,37.2598250001465
Callejón de la Ollita,Niebla,-6.67701700086864,37.362318999392
Paraje Cañada De La Zarza,Beas,-6.77681927775734,37.428271672033
Calle Concepción,Alájar,-6.662246000111612,37.873441000379174
Calle Visigodos,Niebla,-6.68625300007576,37.3606880001513
Calle los Panaderos,Bollullos Par del Condado,-6.54425499976824,37.3506939997285
Calle Díaz de Solís,Palos de la Frontera,-6.81707400029608,37.1296809999764
Paraje Valle Mogaya,Cartaya,-7.07714130806375,37.3091899035295
Calle Almendro,Villablanca,-7.3430890915982,37.306441165395
Calle Adelfa,Trigueros,-6.83603880799996,37.3880429330002
Calle Hinojosa,Gibraleón,-6.974480999999912,37.37595600000009
Calle Barca,Cartaya,-7.1238689999999565,37.21735000000007
Camino del Rocío,Hinojos,-6.38027200005261,37.2876819996248
Calle Cigüeña,Trigueros,-6.8377773561311,37.3800513895666
Calle Itucci,Paterna del Campo,-6.406121999630487,37.41754199956384
Plaza del Carmen,Trigueros,-6.833504245999961,37.38190099500008
Avenida de la Paz,Trigueros,-6.83359654299994,37.3878004170002
Calle Almeja,Punta Umbría,-6.969404999999938,37.184083000000044
Calle Rodrigo de Ceballos,Aracena,-6.560043000284088,37.89723800023371
Camino Cueva Judas,Linares de la Sierra,-6.6191222332539,37.880660803917
Camino de Navahermosa,Valdelarco,-6.6742319447755,37.948086322158
Trasera Calle La Rábida,Cumbres Mayores,-6.64200891218137,38.0632301690372
Plaza Virgen del Rocío,Niebla,-6.68761,37.35823
Calle Castelar,Alosno,-7.117909999999938,37.60018000000008
Calle Alto los Méndez,Aroche,-6.952367999999922,37.94225700000004
Calle Arrabal Perdida,Alosno,-7.110183999999947,37.54962000000006
Calle Cervantes,Alosno,-7.120697999999948,37.600434000000064
Calle Real,Aroche,-6.953901999999914,37.94488800000005
Calle Doctor Fleming,Calañas,-6.876516999999922,37.65685600000006
Calle Antonio Machado,El Campillo,-6.626568999999961,37.692495000000065
Calle Calvario,Castaño del Robledo,-6.7081759999999235,37.89552500000008
Calle Concejo,Cartaya,-7.15170999999992,37.2850340000001
Calle Arroyo de la Plata,Cartaya,-7.05480178299996,37.214578019
Calle Barrio,El Cerro de Andévalo,-6.93680399999994,37.734135
Calle Abajo,Galaroza,-6.714980999999909,37.925662000000045
Calle Venezuela,Cartaya,-7.15783999999991,37.286296
Calle Ramón y Cajal,Cortegana,-6.82018499999992,37.9096730000001
Calle Dalia,Cartaya,-7.14955199999991,37.2857000000001
Urbanización Residencial el Espigón - Levante,Ayamonte,-7.34074603527745,37.184625899566
Urbanización Hotel Playa Canela,Ayamonte,-7.34513782298806,37.1836898876613
Urbanización Residencial la Jara - Manzana V,Ayamonte,-7.4023364636287,37.2622457875
Urbanización Residencial la Jara - Manzana I,Ayamonte,-7.4021805380277,37.262979672649
Urbanización Residencial la Jara - Manzana IV,Ayamonte,-7.4010681881113,37.262309602765
Calle Sapu I-1a Calle B,Villalba del Alcor,-6.4789049999324435,37.401484000138524
Calle Médico Emilio González,Alájar,-6.6678057876528,37.874125732732
Calle Acebuchal,Punta Umbría,-6.976743251999949,37.18708630500004
Calle Bartolomé Esteban Murillo,Lucena del Puerto,-6.7261949999999615,37.303525000000036
Camino de Sevilla,Rosal de la Frontera,-7.127585999999951,37.95417800000007
Plaza Príncipe de Asturias,Santa Olalla del Cala,-6.233187999999927,37.90759100000008
Calle Arrabales Grandes,Valverde del Camino,-6.7510450004058,37.5705279999111
Calle Nogal,Aljaraque,-7.004378000257373,37.282014999564325
Plaza la Lota,Ayamonte,-7.408956042483611,37.211916679341414
Vía de los Contrabandistas,Villablanca,-7.403504999999939,37.331173000000035
Calle Málaga,Rosal de la Frontera,-7.21956899999992,37.9689960000001
Camino Santa Ana,Santa Ana La Real,-6.740941999999961,37.87427900000006
Calle Agustina de Aragón,Valverde del Camino,-6.756789999714744,37.57684100011858
Calle Niña,Punta Umbría,-6.969398999999953,37.180075000000045
Calle San Sebastián,El Almendro,-7.2699660556301,37.50713592529
Calle del Campo,Cartaya,-7.15408059160489,37.2853598519871
Calle Ramón y Cajal,Almonte,-6.51782600008857,37.2571280002293
Calle Jaras,Punta Umbría,-7.05308508422773,37.212646024228
Camino el Topo,Valverde del Camino,-6.7905914383752,37.518708763999
Transversal Torralba,Chucena,-6.392029999984351,37.36318800032611
Calle Palomar,Villalba del Alcor,-6.4748109996907415,37.39771099958632
Calle Transversal 1 Calle Lepanto,Escacena del Campo,-6.3882300001143,37.4070119996042
Calle Parroco Muriel,La Palma del Condado,-6.54988162099994,37.38096162000005
Calle Manuel Bueno,Bonares,-6.680942999598864,37.32549499951258
Calle Infante Don Carlos,Almonte,-6.51325799994879,37.2568400000226
Camino el Verdecillo,Valverde del Camino,-6.7834229382583,37.531145291813
Calle León,Nerva,-6.544899000150208,37.69713799928127
Calle Sopa,Zufre,-6.34042999999991,37.8349470000001
Calle los Almendros,Villanueva de los Castillejos,-7.26804799999991,37.5033920000001
Calle Don Pedro Castilla,Valverde del Camino,-6.753128000331805,37.57329700005554
Calle Lepanto,Valverde del Camino,-6.761215000230229,37.57574200005572
Calle Antonio Díaz,Santa Ana La Real,-6.723386999999946,37.86472700000007
Calle Alcalde Juan Fernández Romero,Valverde del Camino,-6.758750999607701,37.57545899970325
Calle Luca de Tena,Nerva,-6.543738840362426,37.69086777033428
Calle Arce,Cartaya,-7.158924999999954,37.284366000000034
Calleja la Medrosa,Puebla de Guzmán,-7.247923999999955,37.61251500000009
Calle Boqueron,Punta Umbría,-6.9684089999999514,37.18568200000004
Calle Buganvillas,Almonte,-6.5640715098185,37.0091659236141
Carretera HU-3105 Trigueros a Gibraleón,Trigueros,-6.834765309999966,37.389858383000046
Calle del Romero,Almonaster La Real,-6.83052556582343,37.8839578464939
Camino Viejo de la Rebolla y Alosno,Alosno,-7.18464199999994,37.58761800000008
Camino de Paymogo,Alosno,-7.178485999999907,37.590047000000084
Camino del Ferrocarril,Bollullos Par del Condado,-6.548729000143039,37.33615800029162
Camino el Cernícalo,Valverde del Camino,-6.79096458640832,37.5350725127403
Camino Forestal,Aroche,-6.968167999999935,37.85935900000004
Urbanización Pedrera,Ayamonte,-7.4019442520017,37.214861064648
Travesía Cristóbal Colón,Calañas,-6.87742199999991,37.65359200000006
Camino de la Castellana,Aroche,-7.046611999999925,37.93741300000005
Camino el Álamo,Valverde del Camino,-6.77287480047624,37.5524282259396
Calle la Amargura,Higuera de la Sierra,-6.447947802448892,37.83715669642456
Urbanización Costa Verde,Cartaya,-7.053980167999953,37.21442106900008
Camino de las Mecadas,Cañaveral de León,-6.549471952568393,38.02297896400809
Camino Vereda de la Losa,Cala,-6.367080999999928,37.98993600000006
Carretera A-5101 Variante Norte de Calañas,Calañas,-6.883607999999924,37.659838000000036
Camino de Gastapan o del Tiroteo,Calañas,-6.963338999999905,37.675177000000076
Camino de los Silos,Cañaveral de León,-6.5572232434578055,38.022305794477035
Camino del Llano,La Palma del Condado,-6.549087779999979,37.361073463000025
Camino Vereda de Carne,Niebla,-6.754531000205346,37.318891999965984
Transversal Martín Alonso Pinzón,Palos de la Frontera,-6.8921888856636615,37.22558586276898
Camino Molino,Paymogo,-7.355759999999918,37.74451200000004
Camino a las Piedras,Rosal de la Frontera,-7.120098999999925,38.00492900000006
Carretera al Cementerio,Punta Umbría,-6.97676169443442,37.1964727681701
Travesía Málaga,Rosal de la Frontera,-7.21938067099995,37.9697462870001
Camino de Jimonete,Rosal de la Frontera,-7.241079999999954,37.86397500000004
Travesía Ventilla,San Silvestre de Guzmán,-7.3501889999999435,37.38931400000007
Calle Goleta,Ayamonte,-7.34207900048193,37.18938300007598
Camino de la Puebla,Santa Bárbara de Casa,-7.185766000000772,37.69744999961799
Calle Clavel,Aljaraque,-7.026145000267515,37.26370199968912
Calle Bollullos del Condado,Ayamonte,-7.403863000312972,37.20857800008865
Calle Buenavista,Ayamonte,-7.40447999979354,37.2152500003919
Calle Trajano,Ayamonte,-7.408533999652437,37.21246799972897
Prolongación Calle Pozo,Villablanca,-7.34440099999995,37.3004960000001
Callejón del Rollo,Valverde del Camino,-6.743629257571731,37.5661766592753
Vía de San Silvestre a Lepe,Villablanca,-7.265831999999932,37.307656000000065
Vía del Estero de la Nao,Villablanca,-7.377895999999907,37.289123000000075
Carretera Huelva,Puebla de Guzmán,-7.243563999999935,37.60849700000006
Calle Doctor Fleming,Lucena del Puerto,-6.726678999999933,37.30344100000008
Plaza del Foro,Punta Umbría,-6.969819255999937,37.18983836500007
Calle Vendimiadores,Rociana del Condado,-6.59503199999995,37.3115100000001
Calle la Mezquita,Rociana del Condado,-6.5931033749999415,37.30642807800007
Vía de la Alquería,Villanueva de los Castillejos,-7.2579659999999535,37.41340500000007
Camino del Valle,Santa Ana La Real,-6.725704999999948,37.86585800000006
Calle Maestro Beño,Villalba del Alcor,-6.478356000162518,37.39874200048758
Carretera HU-9103 N-435 a Encinasola,Cumbres de San Bartolomé,-6.812752021288594,38.05634801265083
Calle Balmes,Villalba del Alcor,-6.475149000193614,37.395785999541644
Travesía Huelva Transversal,Villalba del Alcor,-6.4795469997849375,37.393730000159
Calle Reliquias,Villalba del Alcor,-6.47624300074206,37.39383800018798
Travesía Blas Infante Trasera,Villalba del Alcor,-6.479753000516162,37.39484100071203
Calle Cabalgata Reyes Magos,Valverde del Camino,-6.763807631628196,37.577997098739274
Calle Violeta,Valverde del Camino,-6.762543000515958,37.57522800030711
Calle Galaroza,Valverde del Camino,-6.746420999853155,37.5734129997283
Vía de Patricio,Villablanca,-7.33874899999995,37.28225900000007
Calle Trinidad y Tobago,Moguer,-6.842509999398931,37.27379000057518
Calle Fuentepiña,Moguer,-6.836774000233651,37.272595999651934
Calleja Cantalgallo,Aracena,-6.5702736405909,37.897059082082
Calle Pedro de Valdivia,Palos de la Frontera,-6.81599600011415,37.1293569996036
Calle Begonia,Moguer,-6.83600829745324,37.2796209562391
Calle Urca,Moguer,-6.82863400065638,37.135734999608
Calle Niña,Beas,-6.78904999980033,37.4254130000513
Calle Rocío,Nerva,-6.54571799985864,37.69403200007869
Avenida del Estadio,Beas,-6.74147661539339,37.3887532936834
Calle Virgen del Pino,Beas,-6.77106600065354,37.4033580004895
Camino de la Tabla Tomillas,Beas,-6.8208800000398515,37.41324300022448
Calle Triana,Moguer,-6.840923000410367,37.27448299956193
Calle Alosno,Moguer,-6.832992999300288,37.27355900022791
Calle Caleta,Moguer,-6.825091000930886,37.14274400048863
Calle Virgen del Rocío,Moguer,-6.842579000518526,37.27557199945606
Calle Amparo,Moguer,-6.840196999966679,37.27388300037857
Calle Romero,Moguer,-6.8357129997363835,37.27123700039363
Plaza Doce de Octubre,Moguer,-6.841903999260091,37.27477499983559
Calle Bahía,Moguer,-6.825088000317892,37.14274100026087
Calle Betanzos,Moguer,-6.835955000487701,37.27375300010363
Calle Pino de la Corona,Moguer,-6.83447799980818,37.2712670000767
Calle Sánchez Mora,Moguer,-6.838178999925841,37.27628700014301
Calle Santa Rita,Moguer,-6.840810000632292,37.27297000019588
Calle Huelva,Moguer,-6.840742999987191,37.272299000116206
Calle Pescadores,Moguer,-6.846452944754859,37.27859410908286
Calle Bulerías,Moguer,-6.83410638264474,37.2772298535785
Calle Pablo Ruiz Picasso,Moguer,-6.83774099987844,37.2780020004847
Calle Retama,Moguer,-6.829865999798567,37.13907300045516
Calle Mogueriza,Moguer,-6.835464000793502,37.27081399949662
Calle Tomás Macias,Santa Bárbara de Casa,-7.186505999951777,37.79690699955853
Calle Marismas del Odiel,Huelva,-6.94772019571151,37.2807206250624
Calle la Puebla de Guzmán,Cartaya,-7.15525091399991,37.2787957420001
Calle Blas Infante,Lucena del Puerto,-6.729277699006746,37.30396145914036
Calle Carpio,Aljaraque,-6.994356385200791,37.26975894669524
Calle Buenavista,San Juan del Puerto,-6.8430779999999345,37.31811000000005
Vía del Cebollar,Villanueva de los Castillejos,-7.088571999999942,37.391009000000054
Camino Camino de Riotinto a la Granada de Río Tinto,Campofrío,-6.560239999999908,37.746091000000035
Calle Luis de Góngora,Trigueros,-6.839230475999955,37.387915656000075
Calle Senda del Chamariz,Punta Umbría,-7.05143448799993,37.2171558410001
Calle de la Luz,Punta Umbría,-6.984099554999943,37.191665759000045
Calle Angustias,Ayamonte,-7.408758000733441,37.213388999832254
Calle Galicia,Ayamonte,-7.403337000378552,37.21036800031892
Calle Escritor Casto Pino,Aljaraque,-6.9880350001371845,37.27748900028689
Calle Abubilla,Aljaraque,-7.016709999809366,37.26783299980803
Calle Madrugada del Lunes,Almonte,-6.51051427658528,37.2525702581268
Calle Andrés Segovia,Almonte,-6.51667951368876,37.2501561850576
Plaza Economato,Alosno,-7.120465999999908,37.599811000000045
Calle Pp1 - Calle H,Aracena,-6.571772084314064,37.891638408385994
Polígono Micropolígono Industrial,Alosno,-7.1229094514511,37.598541677699
Calle Olivo,Huelva,-6.939765999630799,37.25933699960046
Calle Palos,Rociana del Condado,-6.594690999999955,37.30340600000005
Calle San Juan,Bollullos Par del Condado,-6.543326000094696,37.34516800030312
Calle San Juan,Rociana del Condado,-6.59492599999993,37.31286200000005
Travesía Isaac Peral,Los Marines,-6.6217746355907945,37.90150210244029
Calle Mar Muerto,Palos de la Frontera,-6.85930601070996,37.1466356002377
Calle Presidente Adolfo Suárez,Niebla,-6.68133700000234,37.3513369997029
Camino Vereda del Pastor,Paterna del Campo,-6.377363999948526,37.44378099999332
Plaza los Desniveles,Huelva,-6.942445696945867,37.28197580769375
Calle Cantarrana,Puebla de Guzmán,-7.24932199999995,37.6131930000001
Calle Campanilla,Punta Umbría,-7.054556999999932,37.249651000000085
"Calle Manuela Sánchez ""Niña de Huelva""",Huelva,-6.9331866983026575,37.272395108188014
Polígono Pp Industrial,Corteconcepción,-6.49660100078352,37.8937790001499
Avenida Cañaveral,Corteconcepción,-6.50888400017123,37.8975730004772
Calle Arroyo de Calancha,Almonte,-6.52517394,37.26049381
Calle Cerrajeria,Corteconcepción,-6.508447999739776,37.89733000029677
Plaza de la Concepción,Corteconcepción,-6.510230999650534,37.89735000001167
Calle Pablo Bejarano,Corteconcepción,-6.499986000127419,37.89266999963837
Calle Antonio Llordén,Nerva,-6.55339318090224,37.6972523148728
Calle Sagunto,Nerva,-6.5479703578044095,37.69439191678017
Calle Alfonso XII,Nerva,-6.54797599949269,37.6954819997786
Calle Menéndez Pelayo,Nerva,-6.54877200043783,37.7013639998261
Calle Séneca,Nerva,-6.547897036731068,37.6958383007684
Calle Cirujeda,Nerva,-6.55259999962594,37.6966420000639
Calle Cardenal Monescillo,Nerva,-6.547757999881451,37.693672000246416
Calle Mendizábal,Nerva,-6.549001999652798,37.69961699966937
Calle Jacinto Benavente,Nerva,-6.553819018999467,37.694145019208605
Calle Ventoso,Nerva,-6.54159210661252,37.68931623915597
Calle Vicente Ferrer,Huelva,-6.9331866983026575,37.272395108188014
Urbanización Viñas de San Pedro,Huelva,-6.9442341144984,37.258905522148
Calle Trinidad y Tobago,Huelva,-6.920372051160509,37.27360769382757
Calle A (Polígono Industrial San Diego),Huelva,-6.90787200047105,37.274485999856715
Calle B (Polígono Industrial Fortiz),Huelva,-6.897328000261836,37.293051000393284
Calle Clara Campoamor,Huelva,-6.9500216881934795,37.277405425925885
Calle E (Polígono Industrial Fortiz),Huelva,-6.89589099962232,37.290475000393
Calle Nuestro Padre Jesús del Prendimiento,Huelva,-6.948254119269292,37.277789109077794
Calle Teide,Huelva,-6.955138999816768,37.265400000223565
Calle Rosal de la Frontera,Huelva,-6.935598832611206,37.27721492533635
Calle A (P.I. Cantalgallo),Aracena,-6.56974361757371,37.8972756476532
Camino de Galindo,Rosal de la Frontera,-7.200967999999932,37.99342000000007
Calle Tesoro de Aliseda,Huelva,-6.93024139320018,37.2650659970184
Camino de las Tejoneras,Beas,-6.790933000337581,37.45205999979153
Calle Corrales,Villalba del Alcor,-6.477959000066264,37.39513599936155
Calle Romero Barros,Moguer,-6.840737000323741,37.27701900003426
Plaza del Consumo,Bonares,-6.68029899972218,37.32390400017123
Calle Álamo,Bollullos Par del Condado,-6.5399520000845595,37.337639000239804
Calle Francisco de Ayala,Almonte,-6.51790300030957,37.2660110002744
Camino del Vereda,Hinojos,-6.438408000128992,37.135419999933205
Calle de los Pavos Reales,Ayamonte,-7.372519000675033,37.17361200014513
Camino del Alpisar,Paterna del Campo,-6.432469999690537,37.45231399959161
Calle Ánimas,Alájar,-6.66496800019843,37.8739419995469
Calle Madroño,Aracena,-6.57321097980269,37.8891618256579
Calle Calatilla,Huelva,-6.92207345814662,37.2614604463509
Plaza de la Vera Cruz,Huelva,-6.95156245672853,37.2583648186932
Calle Familia González Gil,Punta Umbría,-6.95903699999991,37.18103600000006
Calle la Umbrilla,Almonaster La Real,-6.82987152768516,37.884400709811
Plaza del Mar,Cartaya,-7.125384961999941,37.217566126000065
Avenida de la Universidad,Huelva,-6.924769999824951,37.27047799969869
Camino Carril de la Mezquita,Aroche,-6.912764999999922,37.94317700000005
Camino de Sevilla,Aroche,-7.083580999999924,37.94175300000006
Camino Viejo del Cerro,Aroche,-6.934156999999914,37.88551300000006
Plaza Virgen del Rocío,Chucena,-6.393886932972749,37.36468776107124
Avenida Yacimiento,Almonaster La Real,-6.67604699999993,37.777021
Carretera H-9010,El Almendro,-7.371794999999906,37.55881400000004
Camino del Cortijo Machado Caval,Alosno,-7.141768999999954,37.56177500000007
Camino de Vulcano,Alosno,-7.105813999999953,37.576091000000076
Camino Camino de Rute,Beas,-6.784770000070565,37.4307839999971
Carretera Hv-5028,El Campillo,-6.5512979999999175,37.62894000000006
Camino de Hinojales a Fuentes,Cañaveral de León,-6.542084760303297,38.014460867075485
Camino Navahermosa,Cortelazor,-6.6331559999999286,37.93521300000009
Avenida el Cachón,Alájar,-6.66936999966433,37.8740529996924
Urbanización Buitrona,El Cerro de Andévalo,-6.933878885999945,37.733637668000085
Carretera HU-6402 A-496 a Montes de San Benito,El Cerro de Andévalo,-7.0483769999999595,37.701554000000044
Calle Nueva,Trigueros,-6.83653462099994,37.3864081200002
Camino Camino del Centenar,Cabezas Rubias,-7.122252999999944,37.78806000000009
Calle Río Guadalquivir,Cartaya,-7.11984999999993,37.2180850000001
Camino del Becerrillo,Calañas,-6.8513739999999075,37.62988900000005
Calle Manuel Siurot,Alájar,-6.663593000568615,37.87573699957477
Calle la Peña,Alájar,-6.6627554259466,37.874843193924
Plaza Miguel Moya,Alájar,-6.664792416267073,37.87394227742188
Calle del Mercado,Chucena,-6.39434799986013,37.36022600042973
Calle B (Polígono Industrial la Carrasca),El Cerro de Andévalo,-6.92479187599992,37.7312302120001
Grupo la Juliána,Cortegana,-6.9652499022152,37.794157890522
Calle los Mudéjares,Huelva,-6.9565085381804845,37.260807419897574
Calle Vitoria,Galaroza,-6.7060153684277,37.927548222714
Calle Santa Justa,Bonares,-6.67938600039869,37.3220149997712
Polígono Industrial Colmenilla,Gibraleón,-6.96075599999995,37.3630370000001
Glorieta Jiménez Barberi,Ayamonte,-7.400252999729877,37.21521699966491
Calle el Rincón,Galaroza,-6.7127003929999205,37.924947805000045
Calleja la Viñeria,Hinojales,-6.588069158664535,38.00912621730123
Camino de la Posada de Zalamea,Paterna del Campo,-6.443727999947101,37.48405600018438
Calle Rafael Montesinos,Punta Umbría,-6.971938516486,37.184828190766
Camino de los Corabales,Paterna del Campo,-6.425422000224978,37.49187300003908
Camino de Castaño,Jabugo,-6.725251999999955,37.90391100000005
Camino la Mimbrera,La Granada de Río-Tinto,-6.505118999999922,37.790537000000086
Camino Camino de la Higuera,Cumbres Mayores,-6.644382305798658,38.074590567900515
Avenida Arroyo de la Miel,Palos de la Frontera,-6.820256981787779,37.13115089411948
Calle Libertad,Cumbres Mayores,-6.644435999821397,38.06549199995602
Camino Raya de Lola,Hinojos,-6.383006000226509,37.238237000137545
Camino Palacio,Hinojos,-6.393175999772482,37.166479999652424
Camino de Cabildo,Paterna del Campo,-6.438056000084246,37.420776000312365
Camino de Enmedio,Hinojos,-6.438718000035537,37.32691400028109
Vía del Pantano,Puebla de Guzmán,-7.25431599999996,37.558073000000036
Vía de la Majadilla Honda,Puebla de Guzmán,-7.20694299999991,37.57754500000004
Camino de Cañada Grande,Paterna del Campo,-6.4475841966531435,37.51631608042291
Camino Vereda de Alpisarejo,Paterna del Campo,-6.375477000163209,37.45069599962089
Camino de los Aguilones,Paterna del Campo,-6.45870099975112,37.4463689997297
Camino de las Piedras,Paterna del Campo,-6.405762000116021,37.49569900020883
Senda del Martinete,Paterna del Campo,-6.383528000017024,37.43866399964401
Calle Corralillo,Puerto Moral,-6.480018999999913,37.89199300000007
Camino de las Veredas Paorl,Niebla,-6.656880999958061,37.375475000371104
Vía Oleoducto,Lucena del Puerto,-6.727052999999955,37.22515200000004
Carretera A-486 de San Juan del Puerto a Bonares,Lucena del Puerto,-6.756191999999942,37.30324400000006
Senda de Vivache,Niebla,-6.674324000352185,37.43977399957061
Polígono Industrial Dehesa Boyal,La Palma del Condado,-6.54044081899997,37.362924729
Camino de Valdegrana,Niebla,-6.668571000351178,37.332634999705625
Camino de las Dehesas,Niebla,-6.649206000356425,37.358558999998024
Carretera A-493 de la Palma del Condado a Valverde del Camino,Niebla,-6.656772000327407,37.490274000045204
Camino los Romeros,Almonaster La Real,-6.751766668257,37.883265853391
Camino de Aguafría,Almonaster La Real,-6.7377300873564,37.882544301811
Camino del Peral,Almonaster La Real,-6.7780219590156,37.896048308078
Sector Garza Imperial,Almonte,-6.5273792727336,36.987852201974
Polígono Industrial Buitrón,San Juan del Puerto,-6.84143068399993,37.328119153
Calle Canto Emigrantes,Paterna del Campo,-6.404857999796708,37.41924399981097
Urbanización Aracenilla,Aracena,-6.57847599956757,37.8886760001974
Calle Marismas,Ayamonte,-7.399291000750575,37.20457600035278
Camino la Colina,Valverde del Camino,-6.7860758721245,37.523490740393
Barriada Arunda,Aracena,-6.55828832135031,37.8923250386039
Calle Cinco Villas,Cañaveral de León,-6.528948999896251,38.01455199987501
Calle Paraíso,Villarrasa,-6.607764000308215,37.39042500001395
Urbanización San Roque,Aracena,-6.55827766797984,37.8951060476062
Camino de Doña Alonso,San Silvestre de Guzmán,-7.317955999999924,37.36944300000005
Calle los Portugueses,Ayamonte,-7.370868000711678,37.173646000018934
Calle Boliche,Ayamonte,-7.343383000633336,37.18954999953919
Calle Esperanza Transversal,Cortegana,-6.820033999999907,37.91119100000009
Calle Doctor Fleming,Bollullos Par del Condado,-6.545634999555395,37.33364699960957
Calle Constitución,Aracena,-6.56154200016298,37.8933239996031
Calle Cantarrana,Aracena,-6.56003599996128,37.894891999966
Callejón de la Ermita,Villanueva de las Cruces,-7.023088940999912,37.62857926300006
Calle Geranio,Bollullos Par del Condado,-6.543934000373005,37.33709600026549
Calle Maestro Víctor Romero,Niebla,-6.68715800044125,37.3595469996944
Calle Camelia,Hinojos,-6.391703000193194,37.28015399960755
Calle Hermanos Cueva,La Palma del Condado,-6.55477012099988,37.3859840580001
Calle Diego Colón,La Palma del Condado,-6.55390080799998,37.38675655800006
Calle el Pinar,Palos de la Frontera,-6.921053715995269,37.20689003122216
Calle García Lorca,Lucena del Puerto,-6.7320309999999495,37.305837000000054
Camino Molinillos,Puerto Moral,-6.47864440032607,37.8939448018363
Calle Sierra de Grazalema,Punta Umbría,-6.97731699999991,37.1889860000001
Calle Filón Sur,Aljaraque,-6.99130445880113,37.2796636059647
Calle Vapor,Ayamonte,-7.342565000571934,37.18939200021715
Plaza Pérez Pastor,Punta Umbría,-6.95624099999992,37.17919900000004
Camino los Álamos Blancos,Hinojos,-6.373506000101636,37.266556000259335
Urbanización Alcaudon,Ayamonte,-7.369716999958427,37.17359000036971
Calle Moratín,Higuera de la Sierra,-6.44463319006948,37.8336330708097
Calle Calzada,Linares de la Sierra,-6.6204882131237,37.880246651903
Calle San Sebastián,Villanueva de las Cruces,-7.02497805299993,37.6292236570001
Urbanización Pinares del Portil,Cartaya,-7.05311800875255,37.2115548015436
Calle Valle Arriba,Villanueva de los Castillejos,-7.27046299999995,37.5022030000001
Trasera Santo Derecha,Cabezas Rubias,-7.088206999999954,37.727202000000034
Calle Pasaderas,Calañas,-6.876198999999929,37.65377300000006
Calle Murillo,Santa Olalla del Cala,-6.23425383999995,37.907157263
Calle Pío Baroja,Aljaraque,-6.996779000694863,37.27867000002985
Calle Agricultores,Puebla de Guzmán,-7.252505999999926,37.610239000000036
Calle Santo,El Granado,-7.4177926368127,37.520170006039
Calle Calamar,Punta Umbría,-6.9627799999999525,37.18253000000004
Calle Hermanas Carmelitas,Trigueros,-6.83214337099986,37.38243012
Calle Elvira de Ayala,Palos de la Frontera,-6.89156122900716,37.2251783006741
Camino de Vallehondo,Villanueva de las Cruces,-7.0213627299999075,37.628195592000054
Plaza Blas Infante,Cala,-6.31488399999995,37.9697390000001
Plaza Barriada Nueva,Santa Bárbara de Casa,-7.19006661033011,37.7953016993593
Carretera Minas de Cala,Cala,-6.32027199999993,37.971573
Calle Zufre,Cala,-6.32227710918606,37.972572781152
Calle Jabugo,Cala,-6.320858,37.97267
Calle Severo Ochoa,Calañas,-6.879772999999943,37.65694000000008
Calle Patio Manuel Borrero,Calañas,-6.878088712999954,37.65785036400007
Calle Centro Primero,Calañas,-6.85008552,37.60239813
Calle Doctor Fleming,Gibraleón,-6.970783999999924,37.37465800000007
Calle la Jara,Paterna del Campo,-6.40742400041347,37.4739720000164
Calle Estrella,Ayamonte,-7.40491400010785,37.2137880002528
Calle García Velasco,Campofrío,-6.57274699999994,37.7682560000001
Calleja del Papa,Campofrío,-6.57310499999994,37.7667880000001
Calle Platero,San Bartolomé de la Torre,-7.102687999999944,37.44483400000007
Calle Ermita,Villanueva de las Cruces,-7.023629999999912,37.628251000000034
Calle Tinto y Odiel,Santa Olalla del Cala,-6.225441306999926,37.90575406800008
Calle Rella Kaesmacher,Valverde del Camino,-6.750577999929414,37.57651100017463
Calle Candelaria Coronel,Almonte,-6.51857899986823,37.2637599999487
Grupo Quiosco,Cortegana,-6.96421199999992,37.794447
Calle Trigueros (El Judío),Gibraleón,-6.8971570258918,37.367254701771
Calle Pintor Sorolla,Ayamonte,-7.400121000332936,37.216174000098505
Calle Barrio Grande,Puebla de Guzmán,-7.249724999999955,37.61347500000005
Calle Pozo Viejo,Paymogo,-7.347181030999934,37.73957100800004
Calle Juan Maraver,Rosal de la Frontera,-7.2206030238369,37.968820312039
Calle Tarifa,Gibraleón,-6.962332999999944,37.37583500000005
Calle José Martín Estévez,San Silvestre de Guzmán,-7.35071099999993,37.3877610000001
Plaza España,San Silvestre de Guzmán,-7.35022199999992,37.38899
Carretera Hv-5015,El Campillo,-6.569907999999941,37.665924000000075
Calle el Salvador,Lucena del Puerto,-6.73149199999995,37.3039000000001
Avenida los Cipreses,El Campillo,-6.625456999999926,37.69400600000006
Paraje la Muraña,El Campillo,-6.663164999999935,37.70422800000006
Calle Matías Balseras,Gibraleón,-6.96956299999994,37.3743570000001
Vereda de las Tierras de la Virgen,Linares de la Sierra,-6.612911000242302,37.830165999961054
Calle San José,Linares de la Sierra,-6.6205580003512585,37.87913299988817
Calle la Fuente,Rociana del Condado,-6.59909099999993,37.3091830000001
Vía de la Parra a Villablanca,Villablanca,-7.393043999999918,37.33840900000007
Calle Clara Campoamor,Cartaya,-7.15822939635994,37.2837979848983
Calle Molinillo.,Gibraleón,-6.973205999999948,37.37164400000006
Barriada la Molineta,Paterna del Campo,-6.401734999670382,37.42172299991661
Calle Dique,Trigueros,-6.827563120999969,37.38207243300019
Calle Amistad,Trigueros,-6.834701456999937,37.38779594400006
Calle Alondra,Trigueros,-6.8384053069999595,37.38063564600003
Calle Picasso,Trigueros,-6.830825844999936,37.38377978500006
Calle Orégano,Trigueros,-6.83744068299984,37.3880416200001
Calle Rejilla,Trigueros,-6.827492909999933,37.38502863200006
Calle Poleo,Trigueros,-6.83624712099993,37.3882683080001
Calle Pozo Nuevo,Trigueros,-6.83779049599991,37.3840413700001
Calle Jaén,Trigueros,-6.841272069999945,37.38366831400015
Calle Pastora Pavón,Trigueros,-6.82683343299988,37.383160558
Paraje los Mármoles,Trigueros,-6.839188474999958,37.35924300500005
Calle Espejos,Valdelarco,-6.682547407436783,37.94984568513041
Calle Real,Villarrasa,-6.605116999649642,37.388675000251254
Calle Tartessos,Villarrasa,-6.605636000201155,37.389433000133046
Transversal Balufo II,Villarrasa,-6.60678600017356,37.39303900004994
Plaza Blas Infante,Villarrasa,-6.60797957533444,37.3883758158166
Calle República Argentina,Cartaya,-7.158163998999953,37.28694758000006
Plaza Corral del Concejo,Cartaya,-7.15082999999993,37.2860220000001
Calle Sardina,Ayamonte,-7.315069999674636,37.22834000000005
Calle Sagasta,Linares de la Sierra,-6.620024756966,37.879788223401
Calle Candón,Valverde del Camino,-6.751505000343217,37.56947500008987
Calle Palmera,Cartaya,-7.1518552949999,37.2805601430001
Calle Zarza,Cartaya,-7.15310165184724,37.2784108961692
Avenida Sanlúcar de Guadiana,Cartaya,-7.14514836311056,37.2875565262932
Calle Escalerilla,Cartaya,-7.155700999999908,37.28438700000004
Calle Pilar de Mezquita,Cartaya,-7.14833899999991,37.2822540000001
Calle Almería,Cartaya,-7.11023989499995,37.2175211460001
Calle Alférez Galiano Camacho,Manzanilla,-6.42967300020869,37.3877430004393
Calle Séneca,Cartaya,-7.15017899999992,37.2881270000001
Calle Botticelli,Cartaya,-7.14555999999993,37.281479
Calle Cuesta de los Riscos,Fuenteheridos,-6.662727999999959,37.90334800000005
Urbanización las Cigüeñas,Cartaya,-7.05343611999996,37.2156559580001
,Cartaya,-7.103988637999919,37.215165385000034
Calle Hernández de Córdoba,Cartaya,-7.062855999999954,37.218252000000064
Calle Abajo,Castaño del Robledo,-6.7062389999999255,37.89437300000009
Calle Iglesia,Castaño del Robledo,-6.70424799999995,37.89491500000008
Calle Somosierra,Aljaraque,-7.017296952217044,37.291902358030214
Calle Herreros,Cortegana,-6.822744999999941,37.90689400000008
Calle Valencia,Ayamonte,-7.400085000714969,37.20752700017124
Calle Risco,El Cerro de Andévalo,-6.94056138499991,37.735144097000045
Calle Sor Ángela de la Cruz,El Cerro de Andévalo,-6.939518999999962,37.73544100000004
Plaza España,El Cerro de Andévalo,-6.939060999999924,37.73522500000007
Calle Placeta,El Cerro de Andévalo,-7.0715291899999215,37.68144559400008
Vía Bonares,Lucena del Puerto,-6.71385499999991,37.309533000000044
Calle Santa Escolástica,El Cerro de Andévalo,-6.93865899999992,37.735217
Plaza Divino Salvador,Cortegana,-6.819977999999935,37.908854000000076
Calle Hermanas Reyna,Cortegana,-6.8189089999999055,37.91061300000007
Calle las Aguas,Galaroza,-6.710233999999957,37.92705100000006
Calle Libertad,Cortegana,-6.8236539999999195,37.914344000000085
Calle el Nogal,El Almendro,-7.272346858999924,37.50564961100008
Camino del Cercado,Cortegana,-6.849266999999941,37.91176900000005
Calle Concejo,Cortelazor,-6.62592999999993,37.9359250000001
Calle Rosa,Cortelazor,-6.626182999999912,37.93611400000009
Calle Nueva,Cortelazor,-6.625188999999921,37.93653500000005
Calle Rincón de Fray Alberto,Galaroza,-6.712998999999911,37.926855000000046
Calle Fuenteheridos (Galaroza),Galaroza,-6.7063188822498,37.923189693059
Calle Doctor Gumersindo Márquez,Galaroza,-6.71087799999992,37.92722
Calle Don Quijote,Gibraleón,-6.96302792432149,37.3729387373093
Calle Zufre,Gibraleón,-6.971828999999957,37.378382000000045
Calle Nuestra Señora del Vado,Gibraleón,-6.973506999999927,37.37484800000004
Calle Madre de Dios del Vado,Gibraleón,-6.973747999999944,37.371894000000054
Calle María Auxiliadora,Gibraleón,-6.97313699999995,37.375212
Calle Doctor Diez y Moreno,Gibraleón,-6.97099199999991,37.375717000000066
Calle Italica,Paterna del Campo,-6.406186999929941,37.417990000438365
Plaza de la Constitución,Almonaster La Real,-6.787747656282,37.8719149220433
Calle Humilladero,Alosno,-7.117758999999921,37.548433000000045
Calle Cervantes,Almonaster La Real,-6.78735888132105,37.8718709774607
Caserío el Manzano,Almonaster La Real,-6.832356761999961,37.85358621200004
Calle Angostura,Aljaraque,-6.993670000576361,37.26764800038708
Calle Granada (Mazagon),Palos de la Frontera,-6.83009299988172,37.1356379996568
Calle Granada,San Juan del Puerto,-6.833940017548,37.314949870604
Callejón de las Traviesas,Santa Bárbara de Casa,-7.185374999956164,37.797099000318795
Avenida San Isidro Labrador,Chucena,-6.390162000176,37.3584320004366
Calle Carnicería,Santa Ana La Real,-6.72346699999991,37.86429
Calle Cornicabra,Ayamonte,-7.40207300044893,37.2159000003186
Calle Amapola,Bollullos Par del Condado,-6.544023999907489,37.346497999583164
Calle Isla Formentera,Punta Umbría,-6.9732667558121,37.185407458518
Calle Camino de la Era,Aracena,-6.580903508989577,37.93765968074981
Camino de Almonaster la Real a Veredas,Almonaster La Real,-6.804963397264855,37.88024060412238
Trasera Calle Huelva 1,Escacena del Campo,-6.38600700012275,37.40586899995455
Calle Villavieja,Aracena,-6.561639000139563,37.89103800030363
Calle Corta,Aracena,-6.5602143621101,37.891962875031
Calle Santa María,Aracena,-6.493256999710583,37.865197000241565
Calle Capitán Ramos,Bollullos Par del Condado,-6.538564999974595,37.33851600021343
Calle Pedrinazzi,Aracena,-6.56408799976124,37.8917509999089
Calle Olvido,Aracena,-6.56013500003004,37.8953919996412
Trasera Calle Cantarrana,Aracena,-6.458908000303831,37.861853999862376
Calle Libertad,Aracena,-6.56117700041806,37.8962060003069
Calle Concordia,Aracena,-6.55976900023895,37.8961480003301
Calle Corta (Valdezufre),Aracena,-6.49493699984248,37.865657999917
Calle Pedro Rodríguez,Aracena,-6.57568000013177,37.8863229996069
Calle Obreros,Aracena,-6.56050900019004,37.8938230001315
Calle Real (Valdezufre),Aracena,-6.49330600017161,37.8661189995924
Calle Sin Salida,Aracena,-6.6003583756834,37.937597547225
Calle el Mirador,Aracena,-6.55862948816021,37.8950831418737
Calle Miraflores,Bollullos Par del Condado,-6.54278500032731,37.3422879996916
Calle Cristo de la Plaza,Aracena,-6.56022860326729,37.8914315211479
Calle Toneleros,Bollullos Par del Condado,-6.542491,37.352112
Calle Freseros,Bollullos Par del Condado,-6.54433699995239,37.3514169997948
Calle Escayolistas,Bollullos Par del Condado,-6.54095799971172,37.3537169997399
Calle Ayamonte,Bollullos Par del Condado,-6.532979999627154,37.33813799986898
Plaza Primero de Mayo,Bollullos Par del Condado,-6.54015924217665,37.3475605632162
Calle Luis Ocaña,Bollullos Par del Condado,-6.533655000177896,37.34283599978172
Calle Riotinto,Bollullos Par del Condado,-6.53256300018213,37.3409099999966
Calle Ocasio Alonso,Bollullos Par del Condado,-6.5373519997948275,37.33341499970264
Calle Velázquez,Bollullos Par del Condado,-6.53568700035464,37.34075399999723
Calle Jaén,Bollullos Par del Condado,-6.53835800032127,37.3460519997002
Calle la Paloma,Bollullos Par del Condado,-6.5436600002086625,37.33881300041981
Calle Alcalde José Acosta,Bollullos Par del Condado,-6.541421000378678,37.33876600005097
Transversal Clavel,Bollullos Par del Condado,-6.54402199981531,37.3464979995832
Calle Alberto Fernández,Bollullos Par del Condado,-6.53423399989904,37.3409289999735
Calle Hernán Cortes,Bollullos Par del Condado,-6.536504000259258,37.34513599972679
Calle Virgen de las Alegrías,Bollullos Par del Condado,-6.54579999996988,37.3446689997747
Camino de la Solana,Cañaveral de León,-6.515781985350195,38.020147984542035
Calle Fuente,Cumbres de San Bartolomé,-6.741245877694913,38.07845456262808
Plaza del Pilar,Cumbres de San Bartolomé,-6.74365845657239,38.0788973150592
Calle Monjas,Cumbres Mayores,-6.644950000142192,38.0606289996288
Calle Castillo Amparo,Cumbres Mayores,-6.64492975010774,38.064418740033
Calle los Arrieros,Puebla de Guzmán,-7.25235092523477,37.6097148557261
Calle Alhelí,Aljaraque,-7.027659000192368,37.2641000002955
Travesía Canarias,Cumbres de San Bartolomé,-6.744689816181927,38.07703690103232
Vía de la Ratona,Lucena del Puerto,-6.74797099999995,37.24937300000005
Calle Dean Campos Moro,Cumbres Mayores,-6.64429600415709,38.0631102615295
Calle Castillo,El Granado,-7.41529899999995,37.5211830000001
Plaza Portugal,Cumbres Mayores,-6.64711354353577,38.0636054277518
Calle Serpa,Puebla de Guzmán,-7.247245999999961,37.61271100000005
Calle Prolongación Onuba,Cumbres Mayores,-6.64343400037869,38.0587309993363
Calle Cádiz,Cumbres Mayores,-6.64660080738119,38.059227219161
Calle Alcalde Pedáneo D. Francisco Rodríguez Benavente,Punta Umbría,-6.969377946999941,37.19184238000008
Calle la Verbena,Cumbres Mayores,-6.644098000422261,38.062792999597434
Calle los Cantos la Palota,Cumbres Mayores,-6.644360833585406,38.058761439588935
Calle Jaén,Cumbres Mayores,-6.64216700040655,38.0610549994888
Calle Juan Belmonte,Valverde del Camino,-6.75543900049576,37.5683540000549
Calle Federico García Lorca,Chucena,-6.39105499998815,37.3617430002394
Plaza Santisimo Cristo de Burgos,Chucena,-6.395500999971072,37.36065100024365
Travesía Cartuja Trasera,Chucena,-6.395912000038563,37.36484800043504
Calle Lacera,Escacena del Campo,-6.387428000002026,37.40765999980928
Calle Rafael Alberti,Chucena,-6.39156099994004,37.3669179996661
Calle Mercedes Palacios Vega,Niebla,-6.68243300018264,37.3645629998827
Camino Arroyo de la Jara,Encinasola,-6.8749824421858,38.13218231536171
Calle Pitillas,Escacena del Campo,-6.387871999792826,37.410131999592295
Calle Lepanto,Escacena del Campo,-6.38669500037383,37.4066069998134
Calle Alcalde Jesús Blanco,Hinojales,-6.590777691836859,38.00891554301805
Calle el Cerro,Hinojales,-6.589192000010659,38.00793399955457
Calle Socorro,Hinojales,-6.586699000158504,38.006646000412736
Calle Sevilla,Hinojales,-6.585862386040077,38.008288255998394
Calle Aracena,Hinojales,-6.586710215603787,38.00587373368599
Plaza Huelva,Hinojales,-6.5865673888737,38.00810635372541
Calle Virgen del Valle,Hinojos,-6.37897799973469,37.2929230002964
Plaza España,Hinojos,-6.37640299969856,37.29287099969706
Calle Ramón y Cajal,Hinojos,-6.3777659996010145,37.29113699977288
Calle Lucas Bermudo,Hinojos,-6.3786800003815864,37.2902110002377
Calle Vista Alegre,Hinojos,-6.3776820002239605,37.2938340000392
Calle Hermanos Machado,Hinojos,-6.382306000321447,37.292886000388776
Calle Rosalejo,Hinojos,-6.384609999738631,37.293935000026636
Calle Paterna,Manzanilla,-6.4276139996861605,37.389090999650115
Calle Vista Bella,Manzanilla,-6.42803400016882,37.39193100021568
Avenida del Puente,La Nava,-6.744265890158526,37.96133629773216
Vereda Vereda de Benafique,Manzanilla,-6.441337000302111,37.39299599986566
Calle Manuel de Falla,Paterna del Campo,-6.404969999565634,37.419114000111165
Calle Hermanos Monsalvez,Niebla,-6.680021999615362,37.35990299992369
Calle las Eras,Niebla,-6.67631700417253,37.3672622908308
Calle Puerta del Agua,Niebla,-6.678570000105224,37.35939099969507
Camino Tablas,Niebla,-6.727804414342056,37.327822064636734
Calle Trasera Saidejo,Niebla,-6.684337999898573,37.36157799982496
Calle Río Dulce,La Palma del Condado,-6.550890120999952,37.38364999500004
Calle Cañaveral,La Palma del Condado,-6.54767443399993,37.39059508400004
Calle de la Justicia,La Palma del Condado,-6.55058379899998,37.3890225300001
Calle Reina Sofía,La Palma del Condado,-6.55372093299985,37.38926787
Calle Escultor Antonio Pinto,La Palma del Condado,-6.552015807999965,37.38668580800004
Calle Garrida,La Palma del Condado,-6.556252557999926,37.382911558000046
Calle los Pinos,La Palma del Condado,-6.54609887099997,37.3868668700001
Calle Sancho IV,Paterna del Campo,-6.407744999831743,37.41787699972398
Calle Villarrasa,La Palma del Condado,-6.55910049599987,37.3880746830001
Calle Antonio Gala,Paterna del Campo,-6.403130000149248,37.417679999632455
Calle Niebla,Paterna del Campo,-6.4077330001776724,37.417723999862844
Calle Lagunilla,Paterna del Campo,-6.398616999774597,37.417388999702695
Calle Federico García Lorca,Paterna del Campo,-6.40025499976828,37.4206340000592
Calle Diego Sosa López,Paterna del Campo,-6.401872999738999,37.41598499970812
Calle la Era,Corteconcepción,-6.500413999280181,37.89240200011012
Camino de Fuente Cubierta,Santa Bárbara de Casa,-7.146920000057801,37.777501000371025
Calle Almería,Palos de la Frontera,-6.83010531238602,37.1353090817779
Calle Ayamonte,San Silvestre de Guzmán,-7.34832799999992,37.388492
Calle Barrenos,Zufre,-6.34189999999995,37.8332700000001
Calle Alemania,Aljaraque,-7.022052000682265,37.26538599982703
Calle Filón,Almonaster La Real,-6.67752630780069,37.7771951075442
Calle Bilbao,Almonaster La Real,-6.8031546269333,37.780553311535
Calle Sierpes,Alosno,-7.114931999999953,37.546906000000035
Calle Virgen de Gracia,Alosno,-7.11866099999992,37.54958
Calle Bujarda,Alosno,-7.115199999999959,37.550572000000045
Carretera Aroche-Encinasola,Aroche,-6.956971999999951,37.943955000000074
Aldea Montepuerto,Aroche,-6.877030999999931,37.97359300000005
Camino Viejo de Aroche a Cortegana,Aroche,-6.901429999999948,37.92042900000007
Calle Monte Balon,Aroche,-6.861545999999919,37.96915100000007
Calle Carrera,Arroyomolinos de León,-6.420231239999907,38.02540544500005
Calle Portillo,Aroche,-6.954595999999924,37.94405900000004
Calle Picos de Aroche,Aroche,-6.953484999999944,37.945764000000054
Senda Mona Aroche,Aroche,-6.82271899999995,37.99607000000009
Calle Villablanca,Ayamonte,-7.401189000637065,37.20687100042324
Calle la Plazoleta,Paymogo,-7.339707999999916,37.74099600000005
Calle Río Odiel,Punta Umbría,-6.959695999999951,37.18150700000007
Calle Cascajeras,Punta Umbría,-6.976161772999944,37.18686681000008
Urbanización Media Naranja,Rociana del Condado,-6.599104577999924,37.313994810000054
Calle Labradores,Villablanca,-7.342538999999931,37.30177000000003
Calle Miguel de Cervantes,San Silvestre de Guzmán,-7.346301999999923,37.38811100000004
Plaza Resolana,Santa Bárbara de Casa,-7.188816834029556,37.796787917628436
Calle Vicente Yáñez Pinzón,Palos de la Frontera,-6.89303799968674,37.23063199968
Plaza Fco. Campoy Rodríguez,Punta Umbría,-6.97027775499993,37.1933090400001
Calle Cañete,San Juan del Puerto,-6.83735899999994,37.3162160000001
Calle Ciprés,Aljaraque,-7.0080400006882,37.28857000028255
Camino Melera Chica,Valverde del Camino,-6.70317536078301,37.5229851401086
Calle San Miguel,Niebla,-6.678260000198679,37.36151399957159
Calle Comisario Mesa Portillo,Rosal de la Frontera,-7.222805,37.968284
Plaza Constitución,Rociana del Condado,-6.59854299999995,37.30790100000007
Calle Cedro,Aljaraque,-7.0088240005705424,37.28001699967346
Calle Isla Cristina,Ayamonte,-7.40935600073761,37.21398100040021
Calle Alcalde Alvaro Alonso Rascon,Palos de la Frontera,-6.884666999695907,37.224302000368695
Calle María Montessori,San Bartolomé de la Torre,-7.09996699999994,37.4471740000001
Calle San Francisco,Rociana del Condado,-6.5959649999999215,37.303243000000066
Calle Iglesia,San Juan del Puerto,-6.841545112999938,37.31544756900007
Calleja de la Ciega,Villanueva de los Castillejos,-7.27297399999992,37.4976320000001
Calle Fuente Salada,Aljaraque,-6.99090732308758,37.2774726207494
Calle Cartuja,Escacena del Campo,-6.3862200000528,37.4093620000564
Camino Carril de Paterna,Villalba del Alcor,-6.51105400066728,37.453131000816775
Calle Antiguo Ferrocarril Minero,Villanueva de las Cruces,-7.027055999999959,37.62696500000004
Vía de Ayamonte a Alosno,Villanueva de los Castillejos,-7.182615999999939,37.483869000000084
Vía de la los Quijos,Villanueva de los Castillejos,-7.078846999999939,37.490211000000045
Vía de los Barajonas,Villanueva de los Castillejos,-7.235143999999934,37.44059800000008
Vía de Tariquejos,Villanueva de los Castillejos,-7.23651499999994,37.46146300000004
Travesía tras Tr Linares,Zufre,-6.342339961999926,37.83171535200006
Camino de Callejón,Hinojos,-6.37255400026676,37.2863930004368
Vereda de las Tierras de la Virgen,Santa Ana La Real,-6.681551999999954,37.826834000000076
Plaza Santo Cristo del Mar y Virgen de los Dolores,Punta Umbría,-6.959103272999926,37.180544774000055
Camino de Aroche,Rosal de la Frontera,-7.163791999999944,37.948604000000046
Camino de Rabiche,Rosal de la Frontera,-7.160499999999956,37.94233400000007
Carretera HU-9400 Rosal de la Frontera a la Frontera con Portugal,Rosal de la Frontera,-7.244351999999935,37.986507000000074
Camino de Lentiscoso,Santa Bárbara de Casa,-7.216235000344863,37.8218840002466
Vía de Casablanca,Villablanca,-7.369387999999958,37.302095000000065
Vía del Empalme,Villablanca,-7.285971999999958,37.284568000000036
Calle Topete,Nerva,-6.549763549859036,37.69400004250214
Camino del Cohechado,Santa Bárbara de Casa,-7.163333999764156,37.75883400018907
Camino de Corte,Santa Bárbara de Casa,-7.25496600038046,37.814066000345804
Calle Trasera Era,Santa Bárbara de Casa,-7.1900380000535,37.7945139998214
Vereda de las Carretas,Santa Olalla del Cala,-6.191066999999919,37.80893400000008
Calle PP Callejón Niebla V5,Valverde del Camino,-6.7466373794841,37.565114375994
Plaza Alondra,Moguer,-6.8073158521073145,37.131849276386454
Calle Labradores,Puebla de Guzmán,-7.24883899999992,37.612401
Calle Pañol,Punta Umbría,-6.961814999999945,37.17614400000008
Avenida de los Almendros,Moguer,-6.83089399953597,37.2717600002551
Calle Rábida,Gibraleón,-6.9749799999999595,37.377758000000085
Calle Cruz de Arpa,Moguer,-6.8333429996005,37.2687780001518
Carretera la Palma,Valverde del Camino,-6.75134599994485,37.5659660001484
Polígono Industrial los Arroyos,Moguer,-6.83044700055808,37.2689370006851
Plaza de la Libertad,Puerto Moral,-6.478062639999905,37.89235829800003
Carretera A-5000 de Huelva a San Juan del Puerto,San Juan del Puerto,-6.85029399999991,37.3126520000001
Plaza Cuatro Vientos,Trigueros,-6.83407157299996,37.3767728670001
Calle Rector Martín Villa,Almonte,-6.51899999933279,37.2631759998275
Calle Bocina,Gibraleón,-6.97493566899993,37.3795401200001
Calle Dolores Pérez Asuero,Bollullos Par del Condado,-6.53421399987607,37.336223999738
Calle Alcornoque (La Umbría),Aracena,-6.461070919287392,37.859797381643986
Paraje Cañada Juan Pavón,Bonares,-6.6622010637921,37.32214824571
Paraje Tierra Amarilla,Galaroza,-6.696969999999908,37.92013600000007
Calle Nueva,Valverde del Camino,-6.75779099956414,37.5738909997347
Calle Goya,Beas,-6.79245599990332,37.4220499993663
Carretera de Aguas Teñidas a Mina Magdalena,Almonaster La Real,-6.8063377833117,37.772817811014
Calle Emigrantes,Aljaraque,-6.9927149995766,37.2737139999833
Calle Lubina,Punta Umbría,-6.963011999999935,37.18363800000009
Transversal Pozato,Santa Bárbara de Casa,-7.18768977863031,37.7994643125414
Calle los Corales,Lepe,-7.21335699987339,37.2060570003834
Calle Blas Infante,Aracena,-6.56276299981245,37.8929209999044
Calle Colón,Aracena,-6.5596423371837,37.891454931242
Calle Veleta,Aljaraque,-6.99549078553108,37.2941474522646
Calle Miguel Duran,Los Marines,-6.622394999629334,37.90248999961395
Calle Médico Luis Salazar,Villarrasa,-6.606936999942427,37.389548000040335
Calle Camelia,Lepe,-7.194348000376475,37.25768299985833
Barriada Constitución,Beas,-6.78983000031694,37.4279679998733
"Plaza del Olivillo,",Palos de la Frontera,-6.89661900044447,37.2291629996066
Avenida Once de Marzo,Aljaraque,-6.9924146666449,37.274323048019
Calle Sanlúcar,Puebla de Guzmán,-7.25266799999991,37.6115510000001
Calle el Condado,Aljaraque,-7.02857700029393,37.2687720000264
Calle Grande,El Almendro,-7.26969501499991,37.5086757230001
Calle Monte Perdido,Aljaraque,-6.98949786967419,37.290923972125
Calle Real,Alosno,-7.11427299999991,37.5473230000001
Calle Cinco Revueltas,Galaroza,-6.71243809133334,37.9269853051946
Avenida de Alosno,San Bartolomé de la Torre,-7.1093474513783,37.448301929092
Plaza de la Luz,Punta Umbría,-6.966969261999907,37.18585112000005
Calle Araucaria,Punta Umbría,-6.955892468999934,37.17542373100008
Calle Juan Ramón Jiménez,Bollullos Par del Condado,-6.54092800012694,37.3387559995899
Paraje Palmarón,Rociana del Condado,-6.6131864507707,37.285881353367
Calle Granada,Palos de la Frontera,-6.896248000575897,37.23051600014973
Calle Valencia del Ventoso,Escacena del Campo,-6.3944558670753,37.413323043357
Calle Virgen de los Dolores,Escacena del Campo,-6.38874200034283,37.4085319995523
Calle Juana Galdeano Morales,Ayamonte,-7.40732405583991,37.2167943952097
Calle Lope de Vega,Aljaraque,-7.003224999888063,37.279910999635874
Calle Barrio Nuevo,Villanueva de los Castillejos,-7.272770999999921,37.49857600000007
Calle los Rosales,Rociana del Condado,-6.592263999999943,37.311772000000076
Calle Cuarteles Don Gaspar,Puebla de Guzmán,-7.2412859999999455,37.61513300000007
Calle Cerro,El Granado,-7.415615999999943,37.520286000000056
Calle Bélgica,Aljaraque,-7.021041988614246,37.265783384181816
Calle Camioneta,Paymogo,-7.3418201189999195,37.74033218900007
Calle Vázquez Díaz,San Bartolomé de la Torre,-7.108850787999927,37.44865600600008
Calle Calderón de la Barca,Ayamonte,-7.402259999892118,37.211588000052195
Calle Ecuador,Palos de la Frontera,-6.88759799987034,37.2231200000966
Calle Real,Aljaraque,-7.0225049446373,37.272023230093
Calle Goya,Aljaraque,-7.00135900002219,37.2724189999267
Calle Orquídeas (El Rincón),Punta Umbría,-7.043746538999926,37.248839097000086
Calle Joan Miró,Lepe,-7.19822200071396,37.2542180000508
Calle Pablo Ruiz Picasso,San Juan del Puerto,-6.8485898159865,37.313073219702
Calle Alférez Durán,Palos de la Frontera,-6.88854499970848,37.2225159997531
Calle Pargo,Punta Umbría,-6.96722699999992,37.183949
Calle el Dique,Aljaraque,-6.98812100030057,37.2751180001572
Avenida Alcalde José Casasola,Aljaraque,-7.019645000355736,37.26647499991115
Calle Venezuela,Palos de la Frontera,-6.88883100019593,37.2230250002861
Travesía Camioneta 1,Paymogo,-7.34158999999994,37.739423000000045
Travesía Puerto Cruz,Puebla de Guzmán,-7.244414999999947,37.61453300000005
Aldea Fuente del Oro,Santa Ana La Real,-6.739373999999941,37.87152300000008
Calle Espronceda,Santa Olalla del Cala,-6.22108799999995,37.9067550000001
Calle Regina,Aljaraque,-6.992569000338242,37.273254999966845
Calle Berdigón,Ayamonte,-7.31443200074573,37.2301010004176
Calle Lagar,Paymogo,-7.344696896999949,37.739947974000074
Calle Claveles,Punta Umbría,-6.984116999999912,37.19629300000008
Calle Mariscadores,Punta Umbría,-6.970305999999937,37.18865600000004
Calle Torrevieja,Valverde del Camino,-6.761738999794591,37.57801899998833
Calle Noray,Punta Umbría,-6.962925999999925,37.17974900000007
Calle Aliso,Aljaraque,-7.010269999955901,37.283592999871495
Calle Manguilla,Puebla de Guzmán,-7.243514999999945,37.61187600000005
Calle Cabezo Molino,Valverde del Camino,-6.758795999808283,37.5709989999393
Calle Don Juan de Austria,Valverde del Camino,-6.756507000398782,37.577584999602884
Calle Caridad,Aljaraque,-6.995064553943778,37.27008772601549
Calle Corriente,Lepe,-7.20888197661258,37.2079938469743
Travesía de la Cruz,Palos de la Frontera,-6.892097000161012,37.22341099976143
Calle Platero,Palos de la Frontera,-6.892775000224526,37.22207000030246
Calle Brujula,Punta Umbría,-6.971810999999946,37.18035400000008
Calle la Higuera,San Bartolomé de la Torre,-7.10040099999992,37.4437080000001
Calle de las Adelfas,Ayamonte,-7.35345100031993,37.1880900000865
Barriada de la Fontanilla,Higuera de la Sierra,-6.4448873279075,37.832189649673
Plaza del Jamón,Jabugo,-6.729139126999939,37.916727980000076
Polígono San Jorge C,Palos de la Frontera,-6.87915500049096,37.2220430003042
Calle de la Plaza,Higuera de la Sierra,-6.444673437429058,37.83342784641819
Plaza Quinto Centenario,Ayamonte,-7.3967045132941,37.2180336559841
Calle Doctor Fleming,Rociana del Condado,-6.592901999999924,37.31194700000009
Calle Maestro Agustín Santos,Rociana del Condado,-6.597033999999951,37.30762200000004
Calle Animas,Valverde del Camino,-6.748708752459313,37.575230969931674
Trasera Juan Ramón Jiménez,Villanueva de las Cruces,-7.025126608999926,37.626728627000034
Calle Virgen del Rosario,Valverde del Camino,-6.750878000600978,37.578076999707314
Calle Rosa,Aljaraque,-7.02341899972425,37.2648829999154
Calle Santa Bárbara,Aljaraque,-6.99250400042196,37.2724870001516
Calle Casa de la Era,Aljaraque,-7.026990517424,37.271198150854
Calle Palos de la Frontera,Punta Umbría,-6.9596729999999525,37.17790500000007
Calle de la Paz,Lucena del Puerto,-6.72477308577088,37.3032483372419
Calle sin Salia,Rociana del Condado,-6.59770299999991,37.305742000000066
Calle los Barros,San Bartolomé de la Torre,-7.10582099999993,37.4478120000001
Calle Doctor Romo Seco,Rosal de la Frontera,-7.2204419999999345,37.96695200000005
Calle Menéndez y Pelayo,Valverde del Camino,-6.755403999782885,37.5752660002293
Calle Costa,Villanueva de los Castillejos,-7.27287999999993,37.49791900000008
Plaza Hispanoamerica,Lucena del Puerto,-6.733238999999912,37.30392500000005
Calle Rica,Santa Bárbara de Casa,-7.188829000058185,37.79770600043173
Calle Sanlucar de Guadiana,San Bartolomé de la Torre,-7.106758999999954,37.442202000000066
Calle Garcilla,Punta Umbría,-7.05051299999991,37.20947000000007
Paraje los Barros,San Bartolomé de la Torre,-7.105047999999954,37.45362700000004
Calle Miguel de Cervantes,San Bartolomé de la Torre,-7.105224999999905,37.447741000000065
Calle Espiga,Valverde del Camino,-6.7582199999826065,37.57467299995203
Calle la Fuente,Lucena del Puerto,-6.7296179999999595,37.30406000000005
Calle Laurel,Aljaraque,-7.005329000361689,37.283532999753255
Calle Gustavo Adolfo Bécquer,Aljaraque,-7.001777000311201,37.27879699978995
Avenida Infanta María Luisa,Jabugo,-6.72627579068962,37.9197214844828
Calle Ánfora,Punta Umbría,-6.96778999999992,37.1878750000001
Calle Juan Bermudez,Palos de la Frontera,-6.896338000358963,37.22846200036308
Calle Hermano Mayor Juan Cabeza Domínguez,Palos de la Frontera,-6.90119700017981,37.2251029999319
Camino de los Lagares,Trigueros,-6.8522855836731,37.413001650246
Camino de Beas,Trigueros,-6.8402892415826,37.413819066248
Calle Esuri,Ayamonte,-7.405657000655334,37.21477899966729
Calle Chile,Palos de la Frontera,-6.886125999709934,37.22420999998987
Calle Redes,Palos de la Frontera,-6.89796300065138,37.2292870000346
Calle Puebla,Santa Bárbara de Casa,-7.187455478986994,37.795331931423675
Calle Bécquer,Valverde del Camino,-6.7507260004895935,37.57594000000017
Calle Daoíz y Velarde,Valverde del Camino,-6.756097999928507,37.57734599965262
Calle Camilo Torres,San Bartolomé de la Torre,-7.107490999999925,37.44832800000006
Calle Gibraleón,San Bartolomé de la Torre,-7.099248999999929,37.44368900000006
Calle la Orillera,Higuera de la Sierra,-6.44363830426419,37.8337318235649
Calle José Romero Márquez,Jabugo,-6.75024833917034,37.893713294803
Calle Paraguay,Palos de la Frontera,-6.88636499984789,37.2246660002591
Calle Francisco Muriel,Rociana del Condado,-6.598412999999937,37.30751200000009
Calle Pina,San Bartolomé de la Torre,-7.107144999999946,37.444668000000036
Calle Huelva,San Silvestre de Guzmán,-7.35019599999993,37.3879390000001
Calle El Corralón,Minas de Riotinto,-6.593715682532661,37.689195082087394
Paraje Eldeco,Minas de Riotinto,-6.559678999686014,37.68793999993113
Calle Montecillo,Minas de Riotinto,-6.5939629996926215,37.691943000169374
Calle Pozo Alonso,Minas de Riotinto,-6.5962360001911975,37.69201900007687
Calle San Roque,Minas de Riotinto,-6.592536000436041,37.69176800019312
Plaza la Rábida,Minas de Riotinto,-6.594765999850949,37.69189799989283
Calle Sagunto,Lepe,-7.207508000325501,37.25917299984576
Grupo los Cantos,Minas de Riotinto,-6.5964591336820035,37.689850784086445
Calle Francisco Sanz,Minas de Riotinto,-6.594693720438784,37.69289634808803
Calle Federico García Lorca,Lepe,-7.200400000444982,37.25838700016401
Calle Nicaragua,Lepe,-7.201612000203723,37.24799500010405
Calle Picasso,Lepe,-7.19751012185869,37.25532928920355
Calle Pintor Enrique Romero Santana,Lepe,-7.224278365894449,37.20546340916356
Calle Cumbres,Lepe,-7.227039464983377,37.20566212830075
Calle Alcalde César Barrios,Lepe,-7.20001299973298,37.2582860003338
Urbanización Uruguay,Lepe,-7.218651275873962,37.209535868243705
Calle Río Carreras,Lepe,-7.203731560670913,37.24896189917958
Calle Tulipán,Lepe,-7.1958280000065225,37.25804600006166
Calle Casa del Palo,Lepe,-7.199896000047832,37.20803799997305
Calle Pescadores,Lepe,-7.19706000051548,37.2614699997865
Calle Argentina,Lepe,-7.2021777957753,37.2486421482779
Calle Esparteros,Lepe,-7.198875000273744,37.249341000220554
Calle Pato Real,Lepe,-7.219365943127276,37.210681332884114
Urbanización Aldea Playa Golf,Lepe,-7.23231455567997,37.2122244109481
Calle Punta Umbría,Lepe,-7.208409831702257,37.25196277456875
Calle Marisma de la Orihuela,Lepe,-7.20476114145717,37.20924364526624
Urbanización Aldea Golf Suite,Lepe,-7.2314560002438615,37.21375499991694
Calle Manuel Gómez Ramírez,Lepe,-7.199327435744291,37.25720014009686
Calle Ebanistas,Lepe,-7.1963110004578,37.267869000057864
Calle Zurbarán,Lepe,-7.19741970292211,37.2570543982905
Calle Mascarón de Proa,Lepe,-7.196992999740273,37.264296000179876
Calle Estibadores,Lepe,-7.19805900053089,37.2477329997236
Calle de los Naranjos,Lepe,-7.2090850003944995,37.256743999897836
Calle Uruguay,Lepe,-7.20093068505812,37.2490647224518
Avenida Francisco Summers,Lepe,-7.19899100069771,37.261213999737066
Avenida de Luis Grau,Lepe,-7.216211999748614,37.207297999934696
Calle San Antonio,Lepe,-7.202398000234611,37.25603800044129
Calle Guadalete,Lepe,-7.19947047526045,37.2508427533645
Calle Almonte,Lepe,-7.209729179293148,37.25145162376568
Avenida Catalán,Lepe,-7.210408757864435,37.20766702780223
Calle Palafox,Lepe,-7.203848000076581,37.259125000219115
Calle Flor de Loto,Lepe,-7.1956940000089915,37.26060600041154
Calle Fuentes,Lepe,-7.203453000197717,37.252385000285706
Calle Cortegana,Lepe,-7.198583000294046,37.263392999962356
Calle Jabugo,Lepe,-7.199606992991543,37.26265525256903
Calle Borrezuelas,Lepe,-7.204673000346451,37.250056000003326
Calle Granada,Lepe,-7.207463000226354,37.25244000010284
Calle Malagueñas,Lepe,-7.184382000241366,37.225531000314994
Calle Veleta,Lepe,-7.207385308492935,37.20957564931862
Calle Ramón y Cajal,Lepe,-7.201842999871707,37.25718599965144
Plaza de las Colonias,Lepe,-7.20664726160949,37.25631238674079
Calle Miguel Ángel Blanco,Lepe,-7.202623581594895,37.268905314349745
Plaza Guatemala,Lepe,-7.20259990918192,37.2465933983758
Calle A,Lepe,-7.20585985545863,37.265103459580665
Calle D,Lepe,-7.19410278893208,37.252510887923556
Plaza del Cabezo,Lepe,-7.208017706986515,37.253203750866575
Calle B,Lepe,-7.20622540437663,37.263866075990144
Calle Guayana,Lepe,-7.20000147266331,37.2498892136433
Calle Paco de Lucía,Lepe,-7.211358681284899,37.26011449472499
Calle Doctor Fleming,Lepe,-7.198242000576341,37.26173599973846
Avenida de las Cumbres,Lepe,-7.222951000253005,37.211908000233194
Calle Nueva Umbría,Lepe,-7.207042000740678,37.24748299999789
Carretera A-5054 de la Antilla a Isla Cristina,Lepe,-7.226078000604994,37.20924799957751
Calle Villa Aldea,Cortelazor,-6.62463999999994,37.935797
Calle el Santo,Villanueva de los Castillejos,-7.27419699999996,37.499958
Vía de la Cumbre,Villablanca,-7.328337999999917,37.31356400000004
Ctra Sevilla-Huelva Diseminado,Villarrasa,-6.5922861433022,37.388484638245
Paraje El Bonar,Villarrasa,-6.5878101074419,37.355218176668
Camino del Puntal,Villarrasa,-6.6092752747178,37.373572914264
Calle Valle de la Fuente,Valverde del Camino,-6.75513261630037,37.5737628096383
Callejón Rebalao,El Cerro de Andévalo,-6.937044999999955,37.73634600000008
Carretera A-495 de Gibraleón a Rosal de la Frontera,Cabezas Rubias,-7.138395999999943,37.76629000000008
Camino Hv-5015,Minas de Riotinto,-6.5648990002885625,37.67547399972534
Travesía Andalucía Trasera,Cañaveral de León,-6.527129999649645,38.01259699965197
Calle Ladera,Zufre,-6.34190123961473,37.8346751599337
Calle las Lomas,Calañas,-6.881574999999941,37.65105700000004
Calle Redes,Ayamonte,-7.40459900020133,37.1996919996922
Calle Siroco,Ayamonte,-7.31478490917879,37.2271639851907
Calle Romanos,Niebla,-6.68615099986855,37.3603909999449
Callejón Pastorcito,Almonte,-6.51312300038605,37.256326999815634
Calle Blas de Otero,Almonte,-6.52624969420946,37.2633223515526
Calle el Tomillo,Almonte,-6.48605599991731,37.1393449998374
Calle Purchena,Chucena,-6.39566799957837,37.3592510004335
Calle la Era,Puerto Moral,-6.47737096779909,37.893255540283
Calle Boca del Lobo,Almonte,-6.47566799956024,37.1294319994955
Plaza España,Almonte,-6.51417299994461,37.2634119999324
Pasaje del Cautivo,Huelva,-6.937569000669888,37.27096099977305
Callejón Menéndez Pelayo,Almonte,-6.51632799965187,37.2570019999633
Calle Santiago,Almonte,-6.519145000233343,37.2602760004364
Calle la Tirimbola,Almonte,-6.52487900032205,37.2607969998433
Calle el Madroño,Almonte,-6.50949179616182,37.2562144935138
Calle Muñoz y Pabon,Almonte,-6.48514099970947,37.1326079997976
Calle el Pocito,Almonte,-6.51294100057905,37.2666960003575
Calle Trasera Moguer,Bonares,-6.684201999562658,37.324362999642005
Avenida de la Antilla,Lepe,-7.2179659997219,37.2075840002003
Calle Varadero,Isla Cristina,-7.319409000404597,37.20257999995454
Calle Acacia,Ayamonte,-7.39788500002714,37.2175770003973
Calle Geranio,La Palma del Condado,-6.54327668299987,37.3908833700001
Calle San Juan del Puerto,La Palma del Condado,-6.54379381399997,37.3888574980002
Calle José Oliva,Huelva,-6.94262964852983,37.2539492577322
Calle Eucalipto,Isla Cristina,-7.30588299989255,37.1966060000901
Calle José Isidoro Morales,Huelva,-6.91946785481988,37.2697840626015
Aldea Navahermosa,Beas,-6.78503000004336,37.4947919995825
Calle Rubén Darío,San Juan del Puerto,-6.84453499999995,37.3179250000001
Calle Víctimas del Terrorismo,Isla Cristina,-7.318371000041884,37.19562900039627
Urbanización las Palmeritas,Isla Cristina,-7.24816300017435,37.2356499995927
Paraje El Toconal,Rociana del Condado,-6.608561495342674,37.297351332369004
Paraje Cañada La Tuerta,Rociana del Condado,-6.6270465096222,37.304330698213
Trasera Lacera,Escacena del Campo,-6.38669300028156,37.4078240001777
Avenida Ángel Pérez - Paseo de las Palmeras,Isla Cristina,-7.32128100022406,37.2008409996862
Calle Huerta Grande,Alosno,-7.12536199980765,37.5959940001375
Calle Chica,El Almendro,-7.27021599999995,37.508473
Ronda Torroba,Almonte,-6.55313199987155,37.0009040003037
Sector Nutria,Almonte,-6.55039399989915,36.9955050006244
Calle Casablanca,Lepe,-7.207944201417463,37.25105471367744
Calle Moguer,San Juan del Puerto,-6.83535299999994,37.3157180000001
Callejón del Chorrito,El Almendro,-7.26859854499992,37.507978484
Paraje La Zorrera,Beas,-6.7977819685421,37.407537935552
Calle C (Dehesa Paniajo),Trigueros,-6.8388649017693,37.433646408769
Calle Pensamiento,Ayamonte,-7.31474804376027,37.2257823381722
Calle Mojarra,Santa Bárbara de Casa,-7.188022999761458,37.79826800026817
Cañada Cordel de Sevilla,Villarrasa,-6.59374599957806,37.3883667953915
Plaza Andalucía,Zufre,-6.34279582099992,37.833327528
Vía de Abajo de la Huerta del Obispo,Villanueva de los Castillejos,-7.276790999999946,37.50276800000006
Plaza del Chafaril,Villanueva de los Castillejos,-7.27055299999995,37.4975370000001
Camino de los Manantiales,Paymogo,-7.30439146877014,37.7311473169903
Calle Almería,Rosal de la Frontera,-7.21821099999994,37.9692640000001
Plaza Santa María,Niebla,-6.678982000218983,37.35996500008487
Camino Agua del Toro,Palos de la Frontera,-6.8932790812243905,37.21410325907195
Parque Doctor Cordero Bel,Huelva,-6.937006443324891,37.252095356102856
Calle Zorzal,Punta Umbría,-7.04367499999995,37.209005
Avenida Diputación,Corteconcepción,-6.502240000017874,37.89213200016655
Paraje La Carrasquilla,Rociana del Condado,-6.5928670313962,37.299224188344
Calle La Encina,Paterna del Campo,-6.40755299997076,37.4732579995571
Plaza de la Constitución,Cumbres de Enmedio,-6.692582826739047,38.07209616457325
Camino del Lancón,Cartaya,-7.1520519596661,37.221957494664
Calle Alondra,Almonaster La Real,-6.84672912706779,37.8492460715445
Avenida de Punta Umbría,Punta Umbría,-7.04509672299992,37.211293051
Camino Navahermosa,Valverde del Camino,-6.7867288352465,37.527155247707
Avenida del Tintillo,Almonaster La Real,-6.67235426999988,37.7765224175312
Camino Carril de las Cefiras,Aroche,-6.91257399999995,37.9484210000001
Calle Principal,Valverde del Camino,-6.75506300033854,37.5762909995934
Calle Maestro Amable Hernández,Aljaraque,-6.988102000162273,37.27777900002262
Vereda del Camino de Santa Bárbara,Santa Bárbara de Casa,-7.160161000029998,37.78746000007904
Grupo Pozo Don Alfonso,Cortegana,-6.9676063919037,37.797057096303
Calle Sabina Negral,Huelva,-6.94831721539328,37.2430893809593
Calle Alcalde Manuel Torres,Lepe,-7.20854400051199,37.2527159999896
Avenida Santa Ángela de la Cruz,La Palma del Condado,-6.55136612099994,37.3880748700001
Calle Virgen del Amor,Huelva,-6.938099,37.257221
Calle San Bartolomé de la Torre,Puebla de Guzmán,-7.24720442279126,37.611771056487
Camino de Pedro Antón,Niebla,-6.691264000033406,37.38128999963392
Calle Ejército del Aire,Palos de la Frontera,-6.88707375482592,37.2260361349671
Calle Cocola,Palos de la Frontera,-6.8876180005752,37.2245599999704
Calle Fuerzas Armadas,Palos de la Frontera,-6.8873129998968,37.2251340000659
Calle Mesa,La Zarza-Perrunal,-6.85380399999991,37.7132120000001
Calle Sevilla,El Granado,-7.49234387699994,37.5240214020001
Calle Bogavante,Isla Cristina,-7.25137500043129,37.2051760004201
Calle los Huertos,Aljaraque,-7.02395099963649,37.2684129995962
Calle Roda,La Zarza-Perrunal,-6.85466799999995,37.7156390000001
Calle Perrunal,La Zarza-Perrunal,-6.85470299999992,37.7144240000001
Carretera Perrunal-La Zarza,La Zarza-Perrunal,-6.86832999999996,37.7116900000001
Calle Venus,La Zarza-Perrunal,-6.85368499999993,37.7128450000001
Calle San Juan,La Zarza-Perrunal,-6.85641999999996,37.71299
Calle San Martín,La Zarza-Perrunal,-6.85434699999996,37.7163190000001
Calle San Pablo,La Zarza-Perrunal,-6.85147099999995,37.712339
Calle Toledo,La Zarza-Perrunal,-6.85351499999996,37.7116010000001
Calle Zahara,La Zarza-Perrunal,-6.85895899999991,37.7159800000001
Calle Zarzuela,La Zarza-Perrunal,-6.85528699999992,37.7173420000001
Calle Zorrilla,La Zarza-Perrunal,-6.85617999999994,37.7141370000001
Calle Calañas,La Zarza-Perrunal,-6.87223899999992,37.71022
Calle Cala,La Zarza-Perrunal,-6.87139199999996,37.7097350000001
Calle Estrella,La Zarza-Perrunal,-6.85643299999992,37.7143760000001
Camino Carril,La Zarza-Perrunal,-6.88393999999994,37.710021
Calle Huerta Zarza Chica,La Zarza-Perrunal,-6.86137476199991,37.715264818
Calle los Montes,La Zarza-Perrunal,-6.85162099999991,37.712067
Calle Doctor Marañón,La Zarza-Perrunal,-6.85726499999993,37.717538
Calle Ernesto Deligny,La Zarza-Perrunal,-6.85662999999994,37.7172750000001
Camino de la Vega del Tablazo,La Zarza-Perrunal,-6.91188399999993,37.6746890000001
Calle Jabugo,La Zarza-Perrunal,-6.87238399999995,37.709771
Urbanización Maestro Don Juan Pino,La Zarza-Perrunal,-6.85678648268111,37.7181159544119
Carretera Hv-1472,La Zarza-Perrunal,-6.85312999999991,37.7136350000001
Calle Lepe,La Zarza-Perrunal,-6.87197599999996,37.7092730000001
Calle Panadería,Cumbres Mayores,-6.6484525591819,38.062225610851
Paraje la Tirimbola,Almonte,-6.5325100452563,37.218960666323
Calle Huertos,Cumbres Mayores,-6.64502301160254,38.0623379084679
Calle Corzo Chica,Paymogo,-7.34467999999993,37.741408
Calle Galeón,Moguer,-6.83010699951569,37.137137999615
Plaza de los Limóneros,Lepe,-7.208796831109299,37.25626384311768
Calle San Jorge,Palos de la Frontera,-6.89066300039947,37.2289520002771
Paraje el Porretal,Almonte,-6.51063119523131,37.2198445574499
Paraje Barreno,Almonte,-6.51485226434183,37.2447174119899
Travesía Francisco Martínez,Hinojales,-6.585921094682558,38.00703523598753
Plaza Nuestra Señora de la Granada,La Granada de Río-Tinto,-6.5089827498099,37.768963229398
Avenida de los Alcores,Moguer,-6.80950300070215,37.1299440001895
Calle Garrucha,Calañas,-6.85086399999994,37.603616
Calle Barrio Matadero,Calañas,-6.88262899999995,37.6548920000001
Calle Antonio Martín Morón,Aljaraque,-6.9880296489008575,37.276249384831445
Camino San Pancracio,Valverde del Camino,-6.79210242654558,37.5169262086869
Calle Martínez Montañés,Cartaya,-7.150746,37.286264
Calle Antonio Domínguez Valverde,Aroche,-6.94857985915842,37.9461907012215
Calle Fernando Vergara,Paterna del Campo,-6.404102000007094,37.41786800020818
Urbanización el Castillo (Calle Carlos Cano),Cartaya,-7.15848133661625,37.2834265541572
Calle Gonzalo de Berceo,Ayamonte,-7.42115500003663,37.2523960002758
Calle Ríos,San Juan del Puerto,-6.84112099999993,37.3123890000001
Calle Dómine,Valdelarco,-6.68336508093654,37.9501755435016
Plaza Al-Ándalus,Punta Umbría,-6.976523304999944,37.18761955400004
Calle Cañadilla,Nerva,-6.55421280675112,37.6973420702098
Calle Julián Contreras Solís,Lepe,-7.209173447628889,37.253128865961365
Calle Ríos,Alosno,-7.112541999999905,37.54717400000004
Calle Calvario,Linares de la Sierra,-6.62323599974141,37.8798669995625
Avenida Conquistadores,Palos de la Frontera,-6.80690400022156,37.1261890003504
Avenida de Huelva (La Antilla),Lepe,-7.21199400062583,37.2084030004128
Paraje Huerta del Hambre,Bonares,-6.66578599960662,37.3011619995505
Calle Julián Navarro Flores,Puerto Moral,-6.480535995999958,37.889912208000055
Calle Eugenia Rodríguez,Gibraleón,-6.9718352949999485,37.37598583200008
Calle José María Morón,El Campillo,-6.62853696899992,37.69446164
Calle San Sebastián,Arroyomolinos de León,-6.42287399999992,38.0276910000001
Calle San Sebastián,Bollullos Par del Condado,-6.53825909313758,37.3352690180384
Calle Francisco Moreno Ruiz,Minas de Riotinto,-6.5958030000084,37.6958349997855
Vereda del Real de la Jara a Zufre,Santa Olalla del Cala,-6.30200099999996,37.8996890000001
Carretera HU-3106 de Niebla a Valverde del Camino,Niebla,-6.69497600034196,37.4448489997817
Paraje la Lobera,San Bartolomé de la Torre,-7.09768699999995,37.4378570000001
Calle Pozo Mayo,Paymogo,-7.34784499999995,37.739384000000086
Paraje las Coloradas,Paterna del Campo,-6.4131245840501,37.48737732526
Urbanización las Torres,Huelva,-6.942197965985,37.259907891597
Avenida Antonio Machado,Isla Cristina,-7.26907500013295,37.2197870003931
Trasera Pozo Guillermo,Minas de Riotinto,-6.5991355423273,37.6907202063
Camino Vereda del Camino de Santa Bárbara,Cabezas Rubias,-7.12732299999993,37.791412
Camino de Monte Rey,Aroche,-7.02488099999994,37.906592
Calle Fray Francisco Roldán,Moguer,-6.841261364914244,37.272343065222714
Calle Sierra Mágina,Aljaraque,-6.98988169097082,37.2921744077394
Camino de Matacaballos,Isla Cristina,-7.30677777621181,37.2339189754772
Calle Fundadores,Isla Cristina,-7.31116072779543,37.1993957556089
Camino de Cabezadas,Almonte,-6.53319358388718,37.271320265314
Camino de Montehigos,Almonte,-6.5432424547259,37.275332485484
Paraje Montehigo,Almonte,-6.5496158566655,37.2760772307792
Calle Ayamonte,Isla Cristina,-7.32555500005258,37.200410000354196
Barriada Nuestra Señora del Carmen,Isla Cristina,-7.324786637461562,37.200176013049905
Carretera Camino de las Avezanas,Cartaya,-7.13834171891151,37.2997620343325
Camino de San Bartolomé,Cartaya,-7.1420971785863,37.338192439332
Calle Espada Tizona,Ayamonte,-7.40244632433167,37.2207166586377
Calle Morfeo,Huelva,-6.90466058139048,37.3164163371729
Calle Clara Campoamor,El Campillo,-6.62529799999993,37.69498100000004
Calle Torreon Bajo,Zufre,-6.339620612999909,37.834414104000075
Trasera Rábida,Campofrío,-6.5772009999999455,37.765206000000035
Calle Rábida,Bollullos Par del Condado,-6.545491000109427,37.34380600044666
Calle Fernando Carrasco Ferreira,Bollullos Par del Condado,-6.5411589999877,37.3461400001611
Avenida del Aceite de Huelva,Huelva,-6.88214241085962,37.3052277111278
Calle Caucho,Aljaraque,-7.01727700061846,37.2558509996097
Calle de la Investigación,Huelva,-6.87410416521228,37.3097932816083
Calle de la Tecnología,Huelva,-6.86974023373406,37.3111579029029
Carretera A-5000R de A-5000 a H-31,Huelva,-6.88919034738169,37.3042415478645
Paraje el Albarracín,San Bartolomé de la Torre,-7.07930151,37.45199032
Plaza Vieja,Arroyomolinos de León,-6.41900099999992,38.0204160000001
Calle el Granado,Villanueva de los Castillejos,-7.26865872181329,37.500493501592
Paraje Cerca del Pino,Calañas,-6.872605471888,37.655334675018
Calle Isabel M.Maña Vázquez,Punta Umbría,-6.97040899999996,37.19228
Calle Estación,Isla Cristina,-7.270827000326013,37.22339999972705
Calle Poleo,Villanueva de los Castillejos,-7.25707553899991,37.4898085040001
Calle Sapu Si A-490 Calle K,Villanueva de los Castillejos,-7.25558925199994,37.4893326040001
Calle Gran Capitán,Huelva,-6.95447800055946,37.2610220002782
Calle Rábida,Paterna del Campo,-6.40561499963232,37.4196519997402
Calle Baden Powell,Lepe,-7.213376999995723,37.22857799961234
Calle José Arrayás Mora,Lepe,-7.194730895222376,37.25271097655781
Urbanización Islantilla Club,Lepe,-7.2294668132598,37.212057264274
Carretera HU-6104 Riotinto a las Delgadas,El Campillo,-6.581309999999917,37.67580500000008
Camino de Jabugo a Puerto Lucía,Cortegana,-6.804668999999933,37.958259000000055
Camino del Nurón,Aroche,-6.92188990002441,37.8961228312697
Carretera los Marines,Cortelazor,-6.62576899999993,37.932145
Camino del Vínculo,Aroche,-6.94871599999993,37.9160100000001
Plaza Antonio Domínguez,Valdelarco,-6.683835263586418,37.95006168519873
Calle Cueva de la Mora,Huelva,-6.93067430707606,37.2695635358772
Calle Ponce de León,Cartaya,-7.058292999999935,37.22022800000008
Calle Malva,Lepe,-7.214534000257485,37.229974999642735
Trasera Avenida Alcalde Juan Antonio González,Ayamonte,-7.4000088037874,37.213993865095
Plaza de los Puentecillos,Almonte,-6.5252846319125,37.2590570308017
Urbanización Heliópolis,Lepe,-7.206245835778957,37.20967743538311
Camino de la Redondela a Villablanca,Villablanca,-7.30332699999991,37.2716740000001
Urbanización las Lomas de Islantilla I,Lepe,-7.2247744729759,37.211960470652
Calle Corumbel,Paterna del Campo,-6.407738999555023,37.41787699972398
Avenida Carretera de la Playa,Isla Cristina,-7.3044466988002,37.197284965854
Calle Fray Junipero Serra,Huelva,-6.94568701369541,37.2626983196645
Plaza San Silvestre de Guzmán,Huelva,-6.9335470003536726,37.26979999999416
Calle Dalia,Moguer,-6.8353845428937,37.280034075051
Calle Monzón,Ayamonte,-7.31644540306251,37.2244521906945
Calle Almazara,Ayamonte,-7.40317557659958,37.2154717687258
Calle Pintor Pablo Picasso,Ayamonte,-7.4005959360114,37.215789775714
Calle Virgen de Montemayor,Punta Umbría,-6.96350399999994,37.1800650000001
Calle Triana,Bonares,-6.68435600017804,37.3178519997784
Calle Huelva,Beas,-6.7901419999111,37.4273010000607
Calle la Fuente,Fuenteheridos,-6.661310464549,37.904354801493
Calle Infantes de la Cerda,Gibraleón,-6.96407945520854,37.3788522918229
Calle Santa Clara,Ayamonte,-7.40625200005411,37.2157500001288
Paraje La Pocilga,Beas,-6.79537063450086,37.4518725631244
Avenida Fuente Juncal,Aljaraque,-7.02635399978461,37.2718459998895
Travesía Rábida Transv 3,San Bartolomé de la Torre,-7.108297999999934,37.44225800000004
Calle Marina,Palos de la Frontera,-6.897162000622327,37.228586999795695
Calle Aparejador Manuel Andrés,Isla Cristina,-7.32062497536507,37.2042022173627
Calle Rumanía,Palos de la Frontera,-6.894060719617789,37.22659168615717
Calle Rehilete,Aracena,-6.5665008093797,37.895145476556
Calle Bruselas,Palos de la Frontera,-6.8936038566500155,37.22529081941544
Paraje las Piletas,Beas,-6.8579394395194,37.466893387507
Calle San Rafael,Bollullos Par del Condado,-6.53967199976288,37.3478770002235
Calle Goya,Cartaya,-7.14653699999991,37.2794690000001
Calle Tariquejo,Cartaya,-7.14940499999994,37.2833340000001
Calle Gavia,Cartaya,-7.15761799999996,37.2810040000001
Calle Nerva,Ayamonte,-7.40206565378006,37.2045270373541
Plaza Reposo Neble,Bollullos Par del Condado,-6.53234399997545,37.3396149996327
Calle Durero,Cartaya,-7.14766499999996,37.2803220000001
Urbanización Apartamentos Playa Marina,Ayamonte,-7.34360748267056,37.18423616748772
Calle Camilo José Cela,San Juan del Puerto,-6.84056999999996,37.3137950000001
Calle Hernán Cortes,Cartaya,-7.05835099999996,37.2177100000001
Calle Arnau,Isla Cristina,-7.31818800026205,37.1992289999122
Calle Cuba,Bollullos Par del Condado,-6.54321100018732,37.3356120002937
Calle Presidente Adolfo Suárez,La Palma del Condado,-6.5565302801523,37.390265752237
Calle Méjico,Aljaraque,-7.02694200005163,37.2685599999411
Calle Manuel de Falla,Gibraleón,-6.963532999999927,37.37252200000006
Calle Almería,Ayamonte,-7.39927399993446,37.2065990000724
Plaza de la Coronación,Moguer,-6.83679599936371,37.2777690003112
Calle Valdeflores del Carril,Cartaya,-7.1550214424388,37.2856946114017
Calle Rábida,Moguer,-6.83904799965074,37.274406000176
Calle Rodríguez de Castro,Huelva,-6.94333700036831,37.2673489997863
Calle Sorolla,Aljaraque,-6.995890000383251,37.278487999619074
Calle la Viña,Almonte,-6.51596885092158,37.2589678863845
Calle Virgen de la Esperanza,Bollullos Par del Condado,-6.53828220061467,37.334538121862
Calle Santa María Salome,Bonares,-6.68065700063999,37.3214259999975
Plaza de Siesta,Aljaraque,-7.02631399988946,37.2686019997647
Calle Palmito,Niebla,-6.68598500030734,37.3597779995552
"Calle Paco ""El Tallista""",Ayamonte,-7.40825100046788,37.2141339999844
Calle Corazón de Jesús,Gibraleón,-6.97215299999993,37.3756780000001
Calle Golf Norte,Ayamonte,-7.39280000358206,37.1953235232421
Camino de las Guijarrosas,Cartaya,-7.11399399999993,37.283394
Carretera Candón,Beas,-6.78944599950413,37.4197479999889
Calle Dehesa de la Nicoba,Beas,-6.79751799924576,37.4433400000973
Calle Encinares,Beas,-6.79651000001279,37.4420740001039
Calle de las Águilas,Ayamonte,-7.35816499962922,37.1789969995909
Calle Herreros,Lepe,-7.20108100032391,37.252853000298
Calle la Retama,Almonte,-6.51071677,37.26154307
Calle Cresta del Gallo,Punta Umbría,-7.04935556599992,37.247256522
Plaza de la Peña Flamenca,La Palma del Condado,-6.5506133906936,37.379991253923
Calle Pérez Quintero,Trigueros,-6.841042209999955,37.38554996200003
Barriada del Chanza,Cortegana,-6.82301698181328,37.9110126015244
Calle Nueva,Cartaya,-7.1528429999999,37.282086
Calle Venida de la Virgen,Niebla,-6.680924,37.363138
Plazoleta Virgen del Mayor Dolor,Aracena,-6.56167500000114,37.8902960002604
Calle Zilla,Aracena,-6.5606296462536,37.890586899579
Calle Iglesia,Lepe,-7.20476000054527,37.254126000303
Calle la Trinidad,Alájar,-6.6653495787875,37.87435070561
Calle Fuente,Aracena,-6.5451353827606,37.917235945754
Calle Empedrada,Villarrasa,-6.606982000219,37.3900489997617
Calle de los Aguadores,Isla Cristina,-7.31644750560335,37.2018382701536
Paraje Laguna del Francés,Santa Bárbara de Casa,-7.1889468833877,37.799205388909
Calle Rocío,Escacena del Campo,-6.38764814,37.40529812
Calle Gonzalo Ramírez,Gibraleón,-6.96488399999993,37.3758530000001
Calle Lope de Vega,Gibraleón,-6.96737599999994,37.373879
Plaza República Dominicana,Isla Cristina,-7.316306999636856,37.20061499989242
Calle el Cortijo,Isla Cristina,-7.3169920005358815,37.200859999584786
Calle Bogotá,Moguer,-6.82710300002781,37.1370129999666
Ronda de Felipe IV,Ayamonte,-7.4069602997248,37.2293912507707
Calle Tomillo,Moguer,-6.83671200068556,37.2715549997674
Calle Roque Barcia,Isla Cristina,-7.322112337972556,37.19896054115729
Camino de la Bella,Lepe,-7.185995395332277,37.23022231426195
Camino de Valdesequillo,Lepe,-7.205804327546,37.2358733416249
Camino del Romerano,Sanlúcar de Guadiana,-7.44629100012937,37.4240799997923
Calle Obispo Cantero,Alosno,-7.119408999999905,37.601252000000045
Plaza Industria Minera de Riotinto,Minas de Riotinto,-6.59511196886253,37.6960343192422
Calle Pinadero,Villalba del Alcor,-6.472616000688571,37.39911599973575
Calle Lope de Aguirre,Cartaya,-7.05876640499991,37.216933715
Urbanización Aldea Fuentepiña,Cartaya,-7.0592302719999225,37.21715291400005
Camino al Molino Bombo,Corteconcepción,-6.522819745618009,37.90092680030672
Plaza de España,Alájar,-6.66600000025301,37.8745810002986
Plaza Santo Domingo,Aracena,-6.55855700010527,37.8899719997082
Camino de las Monjas,Almonte,-6.480767484402,37.240882854402
Camino de Acebuche al Cincho,Almonaster La Real,-6.819946104598292,37.890562554301894
Calle Lavanderas,El Almendro,-7.269642999999917,37.510578000000066
Calle D,Ayamonte,-7.40022870786805,37.2327229243923
Camino Vereda de Benafique,Villalba del Alcor,-6.470100000440069,37.33326399971976
Calle el Guerra,Valverde del Camino,-6.754394000569361,37.56758899993534
Camino de los Alcores,Villalba del Alcor,-6.494719000173113,37.38757600031498
Calle D (Dehesa Paniajo),Trigueros,-6.8408549765874,37.428336059912
Camino Realejo,Villalba del Alcor,-6.478160000029877,37.40994799991662
Camino de Torrejon,Villalba del Alcor,-6.524998000717348,37.42567900000732
Carretera Acceso Cueva de la Mora,Almonaster La Real,-6.801568000169023,37.782594999820134
Paraje el Portachón,Gibraleón,-7.0036072559999525,37.36030714700007
Carril del Mayorazgo,Cortegana,-6.791493999999943,37.92952000000008
Polígono Industrial Peguerillas,Gibraleón,-6.95303621842842,37.3428716242193
Calle la Sisera,Lepe,-7.2390367336553,37.2827254458391
Solar Sector el Prado II,Lepe,-7.1978870616344,37.246922595281
Calle Circunvalación,La Palma del Condado,-6.57461633799988,37.3888385060002
Polígono Industrial la Barca,Cartaya,-7.16926346,37.27960554
Polígono Industrial El Rincón,Huelva,-6.91351121829919,37.2687728797362
Calle F (Polígono Industrial Miraval),Huelva,-6.91463785,37.26644473
Calle Guadiana,Gibraleón,-6.96289499999995,37.3678540000001
Polígono Parque Huelva Empresarial,Huelva,-6.86296379719463,37.313477283281
Polígono Industrial la Planta,Santa Olalla del Cala,-6.22036977199991,37.901872009
Avenida de la Fresa de Huelva,Huelva,-6.87210013461516,37.3123833261042
Calle Aljaraque,Huelva,-6.94899327528604,37.2613561060234
Polígono San Jorge L,Palos de la Frontera,-6.877468999680316,37.22015900019244
Camino Montealto,Rociana del Condado,-6.58619484410416,37.2989969174971
Calle el Solá,Ayamonte,-7.4045569834346106,37.22142792426452
Camino del Pozo de la Loma,Beas,-6.76781800013111,37.379299000146624
Paraje Pozo del Gobierno,Beas,-6.79205799923255,37.435871000432186
Camino del Pozo,Beas,-6.787285999475017,37.42048600032067
Camino Padron de San Benito,Beas,-6.775637000829075,37.37462900009249
Calle Puntamar,Moguer,-6.81577699936924,37.1315460003334
Camino Cordel de Portugal,Beas,-6.757933999979774,37.41572100003785
Calle Reguengo,Aracena,-6.57617988379441,37.8861584974169
Camino de Rociana,Bonares,-6.66547400011255,37.299499999244254
Camino de Carne,Bonares,-6.684800999672501,37.31324799999283
Camino del Omo,Bonares,-6.681910000820855,37.336618000216255
Calle Nueva,Aljaraque,-7.02229200021905,37.2713169998949
Calle Alberchigo,Moguer,-6.835132000638461,37.269807000413245
Calle Asuncion,Moguer,-6.828002999907954,37.13933800005007
Camino de Pinete,Moguer,-6.827209491947613,37.28620222728079
Camino del Príncipe,Palos de la Frontera,-6.875635268732298,37.212409804304244
Plaza los Pirulitos,Nerva,-6.549168999481167,37.69964800001966
Carretera el Rincón,Aljaraque,-7.037007928639956,37.26480999476447
Camino de las Pijancas,Palos de la Frontera,-6.900070513525842,37.21861065256853
Avenida de las Escritoras,Moguer,-6.8203798184177,37.1324931020718
Calle Codorniz,Moguer,-6.80786466830331,37.1314245967372
Calle Lepanto,Ayamonte,-7.40270599981067,37.214539000321
Calle Carmen Pérez Abreu,Punta Umbría,-6.97145778299995,37.1929910260001
Calle San Bartolomé,Almonte,-6.51139799953031,37.2643479997109
Calle Águila Pescadora,Punta Umbría,-6.95373899999993,37.175216
Calle Cervantes,Cortegana,-6.8213325036079,37.909605708165
Calle Camino Presa,Santa Ana La Real,-6.72082199999994,37.864468
Aldea Acebuches,Almonaster La Real,-6.81308372699993,37.88896257
Calle Nueva Barriada,Campofrío,-6.577655999999934,37.767818000000034
Carretera HU-8107 Acceso a las Veredas,Almonaster La Real,-6.81886699999995,37.8861470000001
Carretera de Extremadura,Almonaster La Real,-6.73840318075978,37.8850231821474
Paraje Alto Romeral,Bonares,-6.6824246566174,37.3008267007582
Plaza D. Eloy Martín Mayor,Punta Umbría,-6.9720279102657,37.190988300184
Calle Rodrigo de Triana,Isla Cristina,-7.32370422490353,37.1996491457934
Plaza Andalucía,Bonares,-6.68179500042057,37.3232529996932
Carretera Niebla,Rociana del Condado,-6.60509333899995,37.3124569490001
Calle Puerto Rico,San Juan del Puerto,-6.84643799999992,37.310663
Calle Cabezo,El Cerro de Andévalo,-6.9338319999999385,37.73557800000009
Calle Manuel de Falla,San Juan del Puerto,-6.84813399999996,37.3138190000001
Calle Rosa,Berrocal,-6.54199313558852,37.6079509785207
Calle K (P.I. Cantalgallo),Aracena,-6.566580045432568,37.89862335638297
Calle Domingo Castellanos,Almonte,-6.51424899976337,37.2650799999606
Calle Baja,Isla Cristina,-7.3244594440176,37.2017411596988
Calle Aparicio,Almonaster La Real,-6.78561599954148,37.8721879999843
Calle Nuestra Señora del Carmen,Galaroza,-6.70553076797522,37.9281100018599
Calle San Bartolomé,Rociana del Condado,-6.597981999999945,37.30786800000004
Calle los Olivos,Santa Olalla del Cala,-6.22939681563648,37.9091637685194
Plaza Alemania,Nerva,-6.55471950183802,37.6952138761294
Camino de Niebla,Lucena del Puerto,-6.7299411293542,37.3098208939282
Camino de Moguer,Almonte,-6.56279388495336,37.24743003483275
Calle Atenea,Huelva,-6.90485900002919,37.3159669996672
Plaza Doctor Quintero Guerrero,Huelva,-6.9438053830397,37.253461769398
Calle Olvido (Castañuelos),Aracena,-6.58085941848307,37.936627824606
Calle Cosecha,Huelva,-6.89723999994183,37.3113049995979
Calle Campanario,Alájar,-6.6646968235583,37.8744023080042
Calle Alonso Pérez Guzmán,El Almendro,-7.2679074278928,37.505759444131
Calle Puente de la Mora,Aljaraque,-7.02536600008243,37.2732049999862
Calle Duque,El Almendro,-7.26863429599996,37.5070482930001
Calle Fuente,El Almendro,-7.26904127399996,37.5085554930001
Plaza de Santa Margalida,Santa Ana La Real,-6.72484041918992,37.8663964150011
Calle Miguel de Unamuno,Huelva,-6.94503600021099,37.2671629998884
Calle Noria,Villablanca,-7.34499799999992,37.3072940000001
Calle Arroyo Villano (Residencial La Fontita),Villablanca,-7.34431699999993,37.3079500000001
Calle José Vázquez,Huelva,-6.948335879167249,37.27407702828371
Camino Corral Casas de Abajo,Almonaster La Real,-6.78758752723469,37.7880979989936
Aldea Dehesa (Monte Blanco),Almonaster La Real,-6.7888430689752,37.789215507038
"Plaza Peña ""La Colombina""",Huelva,-6.9359331030803,37.261323716224
Sector Inglesillo,Almonte,-6.56275700086303,37.013678999916
Calle Tamborilero Bartolomé El Peta,San Bartolomé de la Torre,-7.10383899999994,37.4450840000001
Callejón de la Fuente,Almonaster La Real,-6.70220452482,37.80201330483
Urbanización El Santo,Valverde del Camino,-6.754964000103854,37.56942699987122
Plaza del Llano de la Fuente,Beas,-6.79570300065517,37.4269919998875
Calle Pino Bele,Chucena,-6.39171399980109,37.3677229999167
Plaza Hijos Ilustres,Nerva,-6.5502880939813,37.695025445637
Calleja los Cucos,Aracena,-6.56306278159927,37.8923508736318
Calle Goleta,Lepe,-7.2171626849238,37.2094596564501
Plaza Alcaldesa Pilar Pulgar Fraile,Palos de la Frontera,-6.896470000063319,37.22597999992651
Calle Casa del Río,Aljaraque,-6.993151999674656,37.27552700020911
Calle Lirio Blanco,Almonte,-6.56361548157577,37.008042345103
Camino del Puerto del Águila,Nerva,-6.501487999424859,37.68468900056549
Calle Valdemaria,Moguer,-6.84640200022654,37.27703200046831
Camino de Santaolalla,Alájar,-6.623516000544841,37.83096999956018
Camino de Rute,Beas,-6.773222999772097,37.44531499944051
Camino del Pocito,Bonares,-6.672471999931639,37.31232000009901
Calle Cal Blanca,Ayamonte,-7.405365000535971,37.22220900024405
Calle Helices,Ayamonte,-7.360571999970148,37.18755200026326
Camino de Berrocal,Villalba del Alcor,-6.491013999332125,37.43369999965066
Complejo Cámping el Ventoso,Nerva,-6.545083748974441,37.68819650238176
Camino de las Rosas,Villalba del Alcor,-6.500039000641019,37.389117999787956
Camino de las Manzanas,Beas,-6.766585000316683,37.393489000406916
Camino de Hortigales,Beas,-6.842731000403738,37.506761999993344
Camino Casa Nueva,Beas,-6.8086240002171134,37.44424600017644
Camino del Villar,Bonares,-6.6816420002730865,37.307944999229136
Camino Camino del Madroño,Bonares,-6.673928999966514,37.30653499999297
Camino a Navahermosa,Beas,-6.787446000582984,37.508095999976
Camino del Llano la Encina,Bonares,-6.70814100035367,37.32488999914048
Calleja Coronel Eligio Sousa,Moguer,-6.837023996340408,37.27583479553269
Camino de Pedro Negro,Moguer,-6.8215828565406404,37.27213801030687
Calle Perú (Mazagon),Moguer,-6.8265910002474826,37.1375350006209
Calle Peral,Cartaya,-7.1602779633243,37.28723497299
Plaza Fuente Vieja,Cartaya,-7.1505392817765,37.280464244481
Camino de los Cinco Olivos,Beas,-6.770911999991519,37.410653000167414
Camino de los Labrados,Beas,-6.846698000042256,37.52498400028371
Camino de Valverde,Alájar,-6.676286999522481,37.834015999873124
Urbanización Jardines de la Rábida,Palos de la Frontera,-6.91488972494495,37.20902998064395
Calle Hernán Cortes,Palos de la Frontera,-6.799894588757485,37.12444461505917
Camino de Villalata,Palos de la Frontera,-6.87635434961583,37.2261383962665
Travesía Padre José Antonio Rodríguez Bejarano,Almonte,-6.51009300039837,37.2640099997299
Calle Argentina,Ayamonte,-7.39888214732038,37.222811708729665
Calle Lancha Roma,Aljaraque,-6.993663904301012,37.26949030814139
Camino del Juncal,Villalba del Alcor,-6.512501000118773,37.38879000060698
Camino de la Pelusa,Villalba del Alcor,-6.484313999906493,37.362547999992145
Polígono San Jorge G,Palos de la Frontera,-6.880668000529502,37.2219639998996
Paseo Marítimo,Ayamonte,-7.3475796805356,37.1813280439713
Calle la Sonda,Aljaraque,-6.98798726653359,37.2733769020188
Calle Aljibe,Moguer,-6.83342400023812,37.2706759998766
Calle Brasil,Ayamonte,-7.39632199970811,37.2198470000802
Calle Pita Real,Almonte,-6.56472599900827,37.0067552040424
Avenida Gibraleón,Cartaya,-7.14289299999996,37.2874660000001
Calleja Mariano Camacho,Bonares,-6.6813689994836,37.3238179992167
Paraje Calvario,Calañas,-6.87553499999996,37.646168
Calle Cortelazor,Lepe,-7.19859900006127,37.2637499999849
Calle Jilguero,Lepe,-7.19848007991125,37.266686134523
Calle Miguel de Cervantes,Lucena del Puerto,-6.73157399999991,37.3057850000001
Plaza del Socorrito,Ayamonte,-7.40460637,37.22247336
Calle Olivo,Cartaya,-7.16163599999993,37.2862810000001
Calle Teniente Díaz Hernández,Cartaya,-7.12268144955747,37.2203573662477
Camino de la Cumbre de los Molinos,Santa Bárbara de Casa,-7.17153600028603,37.798641000382
Camino del Rocío a Hinojos,Hinojos,-6.4281710001913845,37.19243400042897
Camino de Puebla de Guzmán a Dos Hermanas,Cabezas Rubias,-7.15918799999992,37.7456930000001
Camino de Puebla de Guzmán a Dos Hermanas,Santa Bárbara de Casa,-7.17248199984427,37.7118710000467
Plaza de la Memoria,Almonaster La Real,-6.78669241731769,37.8710945076324
Calle Bahamas,Huelva,-6.92273528486983,37.2737870839828
Calle del Castaño,Lepe,-7.207996999652677,37.25603900030568
Vía Verde del Litoral,Isla Cristina,-7.3051422421429,37.214144964395
Calle Rodeo,Aracena,-6.5599630001922,37.8880219997157
Carretera HU-7104 N-435 a Cabezas Rubias,Cabezas Rubias,-7.07539802028765,37.7421946629237
Vía Verde de Molinos de Agua,San Juan del Puerto,-6.8408164928874,37.342123473474
Paraje Canilla,Trigueros,-6.83646073908272,37.3696635208253
Avenida Virgen de España,Beas,-6.7721408538864,37.404735862851
Carretera HU-7103 N-435 a la Ermita de Santa Eulalia,Almonaster La Real,-6.67434999999995,37.8124900000001
Solar Ue-12 el Rollo,Valverde del Camino,-6.7510464987297,37.567429081076
Carretera A-461 de Santa Olalla de Cala a Zalamea la Real,Santa Olalla del Cala,-6.2514703482464,37.893590452645
Paraje Pedregosilla,Santa Olalla del Cala,-6.2630048142676,37.926912536222
Carretera HU-8121 Alájar a Fuenteheridos,Fuenteheridos,-6.661922871605,37.895181482589
Carretera HU-6105 Nerva a la Granada de Río Tinto,La Granada de Río-Tinto,-6.515184999999917,37.754035000000044
Mirador Alto Palancar,Cortelazor,-6.61641099999991,37.9240480000001
Carretera N-433 de Sevilla a Lisboa,Aracena,-6.5087604930625,37.871418759018
Carretera HU-8130 N-433 a Puerto Moral,Puerto Moral,-6.47413699999993,37.889459
Finca la Ladera (Pol 6 - Par 51),Campofrío,-6.5696890779092,37.763792806313
Carretera HU-9109 Carboneras a la HU-8125,Aracena,-6.5540035209206,37.920968717268
Carretera HU-8102 N-433 a Aroche,Aroche,-6.95185799999996,37.9479830000001
Camino Viejo de la Canaleja,Almonaster La Real,-6.7927776986459,37.897724951495
Carretera A-461 de Santa Olalla de Cala a Zalamea la Real,Campofrío,-6.5804359999999065,37.759142000000054
Calle Isaac Peral,Los Marines,-6.621923000346031,37.900841000012285
Carretera A-461 de Santa Olalla de Cala a Zalamea la Real,El Campillo,-6.64536679698427,37.6918269336542
Carretera N-433 de Sevilla a Lisboa,Rosal de la Frontera,-7.1618688565484,37.978444410558
Calle Feria,La Palma del Condado,-6.56029235499983,37.3907526510002
Casa de Valdepegas,Encinasola,-6.90218878668298,38.1359109828058
Carretera HU-8114 N-435 a la N-433 (Por el Castaño de Robledo y Fuenteheridos),Jabugo,-6.7212482268475,37.898085374131
Carretera HU-8117 N-433 a Valdelarco,Galaroza,-6.68583999999993,37.9242390000001
Carretera N-435 de Huelva a Zafra,Cumbres Mayores,-6.73483700032714,38.0161129999152
Carretera HU-8118 Navahermosa a la HU-8117,Galaroza,-6.67130499999996,37.9309720000001
Carretera N-435 de Huelva a Zafra,La Nava,-6.75123451717987,37.9799959350144
Calle Molinitos,Encinasola,-6.8704188308861,38.139107522656
Camino de la Pizarra,Encinasola,-6.8719146965836,38.142769029589
Camino del Cuervo,Valverde del Camino,-6.76594610985256,37.5719672584206
Carretera A-5025 de A-494 a la Rábida,Moguer,-6.8820366577878,37.240167300035
Polígono Industrial Exfasa,San Juan del Puerto,-6.82444174699992,37.317650599
Plaza Santiago,Gibraleón,-6.973400329999947,37.37630536100005
Calle Lentisco,Lepe,-7.21229800069528,37.2288409996566
Calle Arrayán,Lepe,-7.21299299969185,37.2235269996623
Plaza del Marquesado de Ayamonte,Isla Cristina,-7.26847407829819,37.2212907370308
Carretera A-5056 de Lepe a la Antilla,Lepe,-7.21095354144621,37.2322523605901
Calle Hospital,Aljaraque,-6.99285066466693,37.2776532499829
Calle Carabela Niña,Palos de la Frontera,-6.836610999981549,37.13685100030972
Calle José Ancheta,Palos de la Frontera,-6.816520000307572,37.129490000319095
Camino del Calvario,Palos de la Frontera,-6.912555832425267,37.21903797048157
Calle Arbequina,Ayamonte,-7.40276210841423,37.215905469781
Calle Villanueva de los Castillejos,Ayamonte,-7.405340999857292,37.205351000369774
Calle el Jaguarzo,Almonte,-6.50870599956578,37.2574840000144
Avenida de las Adelfas,Almonte,-6.5646271079287,37.0076618161765
Senda de la Codorniz,Almonte,-6.53963592235802,36.9893847746928
Carretera A-484 de Bonares a Almonte,Almonte,-6.54707399991425,37.2673849996024
Camino de Villarrasa,Almonte,-6.52223438863656,37.2720492708954
Senda del Alcabaron,Almonte,-6.53804411864847,36.9880907480683
Callejón de Servicio,Almonte,-6.4845293405921,37.1354253192214
Callejón de Servicio,Almonte,-6.48456154086001,37.1399040152593
Sector Boliche,Almonte,-6.5300691326604,36.987442448219
Barriada San Antonio,Nerva,-6.544362999887283,37.68960199994201
Calle Caracola,Moguer,-6.81122225346639,37.1343029863992
Camino de los Serranos,Villalba del Alcor,-6.499818999989368,37.399836999276765
Travesía San Sebastián Trasera,Valverde del Camino,-6.753647999931229,37.56963100027186
Camino de Villablanca,Ayamonte,-7.3645596644525,37.249059652901
Camino de la Mariana,Palos de la Frontera,-6.90451807705179,37.2195935000163
Carretera Antigua Hu-6016,Nerva,-6.543552988404762,37.68999851968833
Sector Santolalla Sur,Almonte,-6.47384446339229,37.1360776662703
Plaza de la Constitución,Valverde del Camino,-6.74968500022914,37.572934999778
Calle Virgen de la Cinta,Beas,-6.77321899965048,37.4034360000293
Vía Verde del Litoral,Ayamonte,-7.349397999658489,37.22090100009457
Vía Verde de Molinos de Agua,Beas,-6.84038799966028,37.4781160000287
Carretera HF-6244,Bonares,-6.67773100056735,37.2418400002804
Calle José Tragó y Arana,Huelva,-6.94787826210189,37.2288283566551
Calle Francisco de la Corte,Huelva,-6.95089438328228,37.2452304681747
Calle Antonio Machado,Nerva,-6.55006800015737,37.6949830004393
Avenida Francisco López Real,Nerva,-6.54588000054588,37.6934489999707
Calle Augusto,Nerva,-6.54325400034482,37.6959689995249
Calle Torres Quevedo,Nerva,-6.54394548348563,37.6944647195594
Paraje el Rivero,Villablanca,-7.32587725668462,37.2989183740884
Paraje Chorrillo,Villablanca,-7.3161963990548,37.297284422647
Calle Arco,Villanueva de los Castillejos,-7.27313399999991,37.5014570000001
Carretera A-5001 de Bonares a Niebla,Niebla,-6.67183299952028,37.3544451373097
Carretera C.Z05.DIQ,Aljaraque,-6.9863785144619,37.269942795822
Rotonda Doctor Antonio Franco,Hinojos,-6.38410200040681,37.28762899987858
Calle Miguel Hernández,Trigueros,-6.84125367299993,37.3869701830001
Calle Moguer,Rociana del Condado,-6.59478699999994,37.303818
Paseo de la Glorieta,Huelva,-6.95568746561357,37.2616772207919
Calle Barranco,Villalba del Alcor,-6.47581099957254,37.3933770000469
Camino de la Redondela a Villanueva de los Castillejos,Isla Cristina,-7.272145885353453,37.256609978618
Barriada Punta del Caimán,Isla Cristina,-7.31101339166374,37.1982190516292
Avenida Guatemala,Huelva,-6.93792500008511,37.2538229998244
Calle Matamoros,Villarrasa,-6.60463099972072,37.3878099999317
Calle Arroyo,Villanueva de los Castillejos,-7.27017499999994,37.5012760000001
Carretera A-495 de Gibraleón a Rosal de la Frontera,San Bartolomé de la Torre,-7.10018999999994,37.4309230000001
Plaza los Galeotes,Huelva,-6.92646273444933,37.2614352151876
Calle Gladiolo,Huelva,-6.92956700001207,37.27637800033698
Paraje Agua Puerca,Villablanca,-7.28013299999992,37.325091
Calle Carretas,Huelva,-6.9535837852255,37.2738108793418
Calle Jamaica,Huelva,-6.9229070159101,37.2745675842788
Calle Vila Real,Huelva,-6.9323890001949,37.2568439998795
Calle Presidente Adolfo Suárez,Huelva,-6.954586123256,37.2519243680174
Pasaje el Greco,Huelva,-6.93835200052071,37.2716709996567
Avenida Pío XII,Huelva,-6.9406496125583,37.259016123313
Calle Valparaíso,Huelva,-6.94212700002999,37.2812260003378
Avenida Rafael Alberti,Almonte,-6.5271589997661,37.2643360005799
Camino Almonaster la Real a Canaleja,Almonaster La Real,-6.7843907654643,37.881549002865
Camino de la Teneria,Almonaster La Real,-6.7853361560868,37.871179685597
Camino de las Marinetas del Palacio,Hinojos,-6.38120099972624,37.2636840000168
Camino de Encinasola,Encinasola,-6.8836711687497,38.149490331266
Calle Ventilla,El Almendro,-7.27086707299992,37.5051315630001
Calle Cruz de los Mozos,Niebla,-6.68268500011246,37.3652399996265
Calle de las Tenerias,Valverde del Camino,-6.75721499977581,37.5692309996389
Calle Teniente de Navío Celestino Díaz Hernández,Huelva,-6.93811300050674,37.2590950001798
Callejuela Fuente Vieja,Linares de la Sierra,-6.62284178567026,37.8786388732989
Calle Labradores,San Juan del Puerto,-6.83979899999991,37.3144360000001
Calle Adriano,Huelva,-6.9556960003851,37.2648039996438
Calle Río Miño,Huelva,-6.92638599963885,37.2573059997546
Calle las Viñas,La Palma del Condado,-6.558539307999979,37.38949374500004
Camino Viejo Estación (Polígono 16 Parcela 41),Alosno,-7.10087099999993,37.5480560000001
Camino de la Cruz de Elvira,Trigueros,-6.84176971045416,37.3854443836651
Paraje el Bulgo Torrescusa,Puebla de Guzmán,-7.246631951812,37.585420190521
Plaza de las Mareas,Lepe,-7.22730495307167,37.2052270292083
Vía Viejo de Ayamonte,Villablanca,-7.34784999999994,37.2844840000001
Glorieta Francisco de Leyva,Huelva,-6.94374651559512,37.2792012745781
Calle Ayamonte,Lepe,-7.20059500033107,37.2595149995665
Calle Cardenal Cisneros,Nerva,-6.54207600063374,37.6914649997025
Calle López Muñoz,Nerva,-6.54326299971099,37.6922639996388
Calle la Era,Alájar,-6.6614479831845,37.876150103095
Calle Coso,Santa Bárbara de Casa,-7.18981320399202,37.797173164419
Calle San Marcos,Sanlúcar de Guadiana,-7.466010000261154,37.474098999669266
Calle Ciudad de Huelva,Lucena del Puerto,-6.73228799865538,37.305588636449
Calle Sixto Cámara,Nerva,-6.55266761511434,37.6957894996712
Calle Ramón y Cajal,Nerva,-6.546442936379271,37.693878528753764
Plaza del Pueblo,Escacena del Campo,-6.38874200034283,37.4085319995523
Calle Puente Serrano,Hinojos,-6.38404899976134,37.2854900001635
Complejo la Cañada de Alosno,Alosno,-7.1176678822689,37.543225881801
Camino de la Barca,Villablanca,-7.30141399999991,37.2975300000001
Avenida Ría Carreras,Isla Cristina,-7.31563399997106,37.2012919998456
Calle Francisco Niño,Huelva,-6.93767200006081,37.2567450003714
Avenida Andalucía,San Bartolomé de la Torre,-7.10577299999994,37.4466970000001
Avenida Andalucía (Alosno),Alosno,-7.119533055999909,37.549281449000034
Calle Antonio Delgado,Huelva,-6.93422000006472,37.2580640002791
Carretera Antigua A-495,Santa Bárbara de Casa,-7.19364800015493,37.7982630000376
Carretera HU-7401 Santa Bárbara de Casas a Paymogo,Santa Bárbara de Casa,-7.24388600023854,37.7781590001379
Calle Malva,Lucena del Puerto,-6.72797599999996,37.3038740000001
Calle Albahaca,Aljaraque,-7.027957000427948,37.26465399963275
Grupo San Agustín,Rociana del Condado,-6.5890223804801,37.308879800045
Calle Candao,Rociana del Condado,-6.5942214267344,37.3102627376506
Calle Reyes Católicos,Lepe,-7.19861699992857,37.2578750001861
Calle Santo Domingo,Lepe,-7.20228300030822,37.2528219998196
Calle Bomba,Valdelarco,-6.6845415205976,37.9491278201631
Avenida España,Isla Cristina,-7.3143449997642715,37.19841199980045
Calle Teniente Guitar,Bollullos Par del Condado,-6.53737399990998,37.3369330000581
Calle las Pizarras,El Almendro,-7.26766799999996,37.5081410000001
Calle Ereta,El Almendro,-7.2707690211719,37.509221831071
Calle Juan Ramón Jiménez,Arroyomolinos de León,-6.42191799999995,38.023193
Calle Sevilla,Arroyomolinos de León,-6.42065199999996,38.024749
Calle Uruguay,Cartaya,-7.15600199999994,37.2868760000001
Calle Rodalabota,Moguer,-6.84421625263908,37.2764951926806
Avenida de la Retama,Aljaraque,-7.0265041008448,37.2612127792283
Calle Laguna Valluncosa,Moguer,-6.820753,37.134503
Calle Alta,Corteconcepción,-6.50817800039307,37.8973770002553
Calle Juan Ramón Jiménez,Higuera de la Sierra,-6.4487280002968195,37.83434600026784
Calle Alcalde Orta Boza,Niebla,-6.67755600010917,37.3622019998226
Calle Pedro Salinas,Almonte,-6.52785563982557,37.2621144495126
Calle Mistral,Ayamonte,-7.316502999735636,37.22526499964231
Calle José de Espronceda,Ayamonte,-7.41087999974238,37.2589819999788
Calle Perea,Castaño del Robledo,-6.70447399999995,37.8950830000001
Calle Ciudad Rodrigo,Cartaya,-7.11288899999994,37.2235140000001
Calle Vista Alegre,Ayamonte,-7.31671300077054,37.223998000099
Calle Álamo,Manzanilla,-6.43003899999969,37.39165199994
Calle Tahir,Cartaya,-7.14993999999996,37.287447
Calle Juan Ramón Jiménez,Lucena del Puerto,-6.73070399999995,37.304917
Plaza Juan Ramón Jiménez,Linares de la Sierra,-6.62151158180137,37.8802054998114
Calle Callejón Real,Santa Olalla del Cala,-6.22719755727987,37.908048773
Calle Cardenal González,Nerva,-6.54751496449199,37.6940098236806
Calle Cañada de los Perales,Rociana del Condado,-6.59351059098028,37.3147206588823
Calle Falucho,Ayamonte,-7.34124399993678,37.1888290000164
Paraje El Olivo,Villablanca,-7.3393650619281,37.297206067073
Calle Ermita Cabezo de la Guía,Cartaya,-7.15044899999992,37.2894100000001
Calle Cervantes,Beas,-6.79713200015977,37.4240059999574
Calle Guzmán y Zúñiga,Lepe,-7.20361000068175,37.2483670002202
Calle Daoiz,Bonares,-6.67886200055855,37.3251320002477
Calle Colmenitas,Aracena,-6.56676800014294,37.8904880001213
Calle América,Beas,-6.79508699950118,37.4234119993219
Calle San Bartolomé,Alosno,-7.115347999999926,37.546080000000075
Calle Don Juan Vallecillo,El Campillo,-6.62963399999995,37.6944470000001
Calle Santa Clara,La Zarza-Perrunal,-6.85271399999993,37.711258
Calle Gazapa,Villarrasa,-6.60935499993315,37.3894809996486
Travesía Calle Real,Aracena,-6.49339299968702,37.8672379999339
Calle Rosales (Valdezufre),Aracena,-6.49376499975475,37.8655320004017
Calle Aroche,El Cerro de Andévalo,-6.932937580999919,37.73541607200008
Calle Beethoven,Almonte,-6.5534785718104,36.9981269439824
Calle Vicente Aleixandre,Paterna del Campo,-6.40314499994159,37.4210320004266
Calle Cristina,Paterna del Campo,-6.40122300034105,37.4200560003842
Calle la Ermita,Paterna del Campo,-6.40774835134522,37.4728660383723
Calle San Pedro,La Palma del Condado,-6.54867468299994,37.3849637450001
Calle Jara,Moguer,-6.8351329998395,37.2725820001721
Calle Marqués de Aracena,Jabugo,-6.76793299999991,37.926701
Aldea Los Madroñeros,Alájar,-6.6467330002058,37.8666219998778
Plaza Emiliano Cabot del Castillo,Isla Cristina,-7.324168577970557,37.194048224080795
Calle Valverde del Camino,Huelva,-6.935146000279916,37.25246100025089
Calle Monasterio de la Luz,Lucena del Puerto,-6.73226,37.304514
Carril de la Trocha los Peros,Santa Bárbara de Casa,-7.181059999719043,37.7729150002273
Camino de los Pocitos,Santa Bárbara de Casa,-7.188647999805177,37.79092299969686
Plaza de la Fundación,Isla Cristina,-7.3218237226972,37.199724158632
Urbanización Residencial las Lomas de Esuri - Manzanza III,Ayamonte,-7.40988023484259,37.2614209209674
Calle Nueva,Villarrasa,-6.60204099989207,37.3870350001653
Paraje El Rincón,Gibraleón,-7.0411218989916,37.257023604106
Calle Caracol,Ayamonte,-7.315256000092,37.2275589996651
Glorieta Sebastián Pomares García,Punta Umbría,-7.03531765799994,37.2244428440001
Calle los Recueros,Almonaster La Real,-6.7866179995429,37.8715589999843
Calle Iglesia,Almonaster La Real,-6.78609741344435,37.8730000721396
Camino las Charcas,Moguer,-6.78037898670114,37.2581062882303
Calle Estrabón,Huelva,-6.937376227248706,37.2606793082518
Camino Huerta de la Reina,La Palma del Condado,-6.577511147999871,37.36559166000018
Calle Retama,Palos de la Frontera,-6.92031152579811,37.2113057812701
Calle la Ribera,Cartaya,-7.16018177006903,37.27508187068
Avenida del Obrero,Jabugo,-6.730112,37.9138077
Calle Castilla,Huelva,-6.95478699999911,37.2541100002238
Grupo L (Valdelamusa),Cortegana,-6.87798199999992,37.7888040000001
Calle Jardines de Andalucía,Isla Cristina,-7.32469119757786,37.1990186178303
Barriada Carlos Cañadas Ruiz,Alosno,-7.11876011667816,37.6017234660131
Calle Tibidabo,Jabugo,-6.77291049734208,37.9288529545799
Calle Paz,Lepe,-7.205139000663996,37.25842099973738
Calle Pirita,Aljaraque,-6.99266865699802,37.2727106880638
Calle Villalba del Alcor,La Palma del Condado,-6.54943699599994,37.3862834950001
Calle Labradores,Cortegana,-6.82292285299991,37.911319963
Camino Carril,Paterna del Campo,-6.477316000233068,37.49694300001964
Carretera H-9002,Aroche,-7.032321999999908,37.892701000000045
Calle Caballa,Punta Umbría,-6.968817999999942,37.18570500000004
Calle Flores,Encinasola,-6.87558281,38.13779108
Calle Tartessos,Escacena del Campo,-6.39140140143168,37.4089699342679
Camino del Rosal de la Frontera al Cerro,Aroche,-7.078479999999956,37.86716100000007
Paraje la Chaparra,San Bartolomé de la Torre,-7.09530843,37.42604253
Calle Talabarteros,Cortegana,-6.83678199999991,37.9184640000001
Grupo Hospital,Cortegana,-6.87772899999993,37.7900290000001
Grupo T (Valdelamusa),Cortegana,-6.87832999999995,37.7882220000001
Calle Sitges,Isla Cristina,-7.32358899986293,37.1981489998455
Plaza Pedro Garrido Valladares,Trigueros,-6.833556509999937,37.38296214600007
Plaza la Soledad,Paterna del Campo,-6.4045109999824925,37.416118999592285
Calle Abderraman III,Cartaya,-7.150530644999947,37.28753746600006
Calle Ánsar Común,Lepe,-7.218201876590014,37.2059177081066
Calle Barcelona,Ayamonte,-7.39854500045565,37.2075459995328
Camino del Jaucejo,Niebla,-6.6298383121598,37.478568471545
Calle Noruega,Palos de la Frontera,-6.892605263373517,37.22530279764284
Calle Arroyo Hondo,Huelva,-6.91406257866806,37.27232001527
Calle Anunciación,Huelva,-6.953118000452487,37.26870100038726
Calle Villancicos,Huelva,-6.95383300021159,37.269517999564016
Calle Mechillón,Isla Cristina,-7.316932591582232,37.19744889330685
Calle Marujita Rebollo,Cumbres Mayores,-6.645906000161606,38.063194000103216
Calle San Sebastián,Cumbres Mayores,-6.64453599993625,38.0633659999411
Calle Rafael Martínez Ríos,Punta Umbría,-6.974509619999935,37.18788105200008
Calle Soldado Pérez Murga,Villalba del Alcor,-6.47359599921137,37.3974090004306
Plaza de Lino,Huelva,-6.953416047355472,37.259703598314715
Grupo Fray Isidoro Macías Martín,Cortegana,-6.9671704690632,37.79657722978
Calle Tintorera,Lepe,-7.21866956600605,37.2079388490121
Calle Cigala,Punta Umbría,-6.96612199999993,37.1880880000001
"Plaza Paco ""El Caena""",Punta Umbría,-6.96924921214736,37.1855827575321
Calle Cádiz,Trigueros,-6.841236678999962,37.38349315300013
Camino Camino de la Playa,Punta Umbría,-7.0372149999999465,37.24530000000004
Barriada las Colonias Fase I,Cortegana,-6.8168522091167,37.914252976551
Calle Empalme Sur I,Isla Cristina,-7.305384654715479,37.245291628340084
Urbanización Nuevo Portil Costa,Cartaya,-7.056826011999931,37.21517150800008
Calle San Marcos,El Almendro,-7.27006146,37.5069439
Calle Lebla,Niebla,-6.68169600037,37.3631890003722
Calle María Zambrano,Higuera de la Sierra,-6.44769700041606,37.8338329999931
"Calle Juan Gómez Márquez ""Juanito el Albañil""",Punta Umbría,-6.96644799999996,37.1842590000001
Calle Reyes Católicos,Jabugo,-6.728714052999919,37.91560621100007
Calle Oria Castañeda,Lepe,-7.202973000483941,37.253015999677224
Calle Orujo,La Palma del Condado,-6.56145368299991,37.389715745
Callejón de Servicio,Almonte,-6.47478849995712,37.1309999999752
Calle Bodega Noguera,La Palma del Condado,-6.545484932999898,37.362529933000076
Travesía Andalucía,Paymogo,-7.343760999999915,37.73843000000005
Calle Aragón,Palos de la Frontera,-6.89194700005632,37.2227829999798
Calle Triana,San Silvestre de Guzmán,-7.3496749887129,37.38750462545
Calle Juliána Pérez (La Umbría),Aracena,-6.45972538685577,37.8605293148623
Urbanización Verdemar,Lepe,-7.226689,37.214077
Urbanización Hoyo 12,Lepe,-7.2303205574445,37.210279975969
Calle Hortelanos,Valverde del Camino,-6.75901000028342,37.5721409996434
Calle Virgen del Carmen,Isla Cristina,-7.27223373444788,37.2214694925472
Calle Vázquez Díaz,Ayamonte,-7.40187999976368,37.2067659999196
Calle Lula,Isla Cristina,-7.245617000727884,37.20450700027622
Calle de la Fuente,Nerva,-6.54916899948117,37.6996480000197
Polígono Industrial el Peral Calle D,Nerva,-6.53588100058289,37.6924809998602
Calle Zarata,Trigueros,-6.83454687099993,37.38062487
Calle San Magín,Isla Cristina,-7.3268470005759,37.2050089996277
Vía de Servicio,San Bartolomé de la Torre,-7.10334099999994,37.4500110000001
Camino de las Chirinas,Isla Cristina,-7.2570761505025,37.2162621254633
Calle Boteros,Isla Cristina,-7.3222980006326495,37.203152999905996
Calle San Bernardo,Isla Cristina,-7.325980737784294,37.19629931973977
Avenida Blas Infante,Isla Cristina,-7.319983999913113,37.20214300028843
Avenida Norte,Isla Cristina,-7.322638841279932,37.20357191532219
Calle Fuente Carretero,Isla Cristina,-7.272353467576976,37.220707330100645
Calle Santo Domingo de Guzmán,Isla Cristina,-7.3252862671337295,37.202762505181504
Calle Martín Cabet,Isla Cristina,-7.326343958059446,37.20415851087929
Calle Corvina,Isla Cristina,-7.246230000241217,37.20614500036528
Urbanización Hoyo 6,Lepe,-7.2222879441885,37.215452470342
Calle Girasol,Isla Cristina,-7.271322000605751,37.24023799965461
Calle Pepe Ramos,Huelva,-6.94733878774013,37.26530194832781
Calle San Telmo,Isla Cristina,-7.324002259222045,37.20296633344601
Avenida Doña Pepa,Beas,-6.8617449998864,37.4832059996959
Plaza de la Hermandad,Beas,-6.86083421110238,37.4842742463751
Calle Galeón,Isla Cristina,-7.31497800067783,37.200186999912
Calle Vázquez Díaz,Isla Cristina,-7.320780999711943,37.19919199998418
Calle Dulcinea del Toboso,Isla Cristina,-7.274573136839238,37.22227538542982
Pasaje García Xalmiento,Huelva,-6.9411480004234,37.25683700013848
Calle Galicia,Huelva,-6.933871000365015,37.25576100023737
Calle Isla Mar,Isla Cristina,-7.325757858007759,37.1947854447743
Paseo de Lepe,Isla Cristina,-7.233987074783845,37.20470891179222
Calle Higuera,Isla Cristina,-7.306580999870232,37.19714700017749
Paseo del Terrón,Isla Cristina,-7.234317999845112,37.2064699999049
Calle Almadraberos,Isla Cristina,-7.318788829863321,37.202203694571416
Calle Octavio González Silva,Isla Cristina,-7.32213799996616,37.1957220000183
Calle Portugal,Aroche,-6.954309999999907,37.94558900000004
Calle Almería,Cala,-6.319245999999907,37.97203900000005
Calle Cortadores,Valverde del Camino,-6.75527500020864,37.5702080000093
Calle Belén,Huelva,-6.953536999792959,37.2687960000129
Pasaje Alonso de Palos,Huelva,-6.936970999577444,37.257442000208194
Calle Rey Melchor,Huelva,-6.954001000494521,37.26924500015622
"Calle Tamarindos,Transversal 2",Huelva,-6.952123522232114,37.271753588435466
Calle Aulaga,Aracena,-6.56730639457429,37.888535828266
Calle Madueña,Aracena,-6.57168112,37.88859567
Calle Huerta,Santa Olalla del Cala,-6.226042240999959,37.906212710000034
Calle San Bartolomé de la Torre,Villanueva de los Castillejos,-7.26761099999993,37.5016640000001
Calle Río Júcar,Huelva,-6.927407999619044,37.257048999692095
Calle Gallardete,Huelva,-6.941091000570227,37.26529600030258
Calle Barcelona,Huelva,-6.954667999996283,37.25634200013082
Plaza Alcalá Galiano,Huelva,-6.938040999589662,37.28296400017308
Plaza de la Alegría,Huelva,-6.934917012746733,37.26383555788254
Calle Arqueólogo Garay Anduaga,Huelva,-6.943479999786071,37.26517000003696
Calle Aligustre,Huelva,-6.940241000417892,37.26108399996877
Avenida del Ancla,Huelva,-6.948958000274796,37.275718000140536
Calle Arcipreste González García,Huelva,-6.949683000542106,37.256928000334064
Calle Almonaster la Real,Huelva,-6.937050999926808,37.2562129999995
Calle Bartolomé García,Huelva,-6.939211000045921,37.25663600017467
Plaza Blas de Lezo,Huelva,-6.9358930003174235,37.28304499980277
Calle Campofrío,Huelva,-6.94539700035159,37.266212999894
Calle Cabezas Rubias,Huelva,-6.926970999729385,37.26472900015769
Calle Cádiz Salvatierra,Huelva,-6.94316601900388,37.2545160435882
Calle Camarada López Luque,Huelva,-6.9293439997371085,37.26347799962011
Calle Celulosa,Huelva,-6.952232999734163,37.27292000030459
Calle Diego de Almagro,Huelva,-6.95676687093721,37.2661207180701
Calle Doctor Francisco Vázquez Limón,Huelva,-6.952403000536265,37.26151699979336
Calle Escuela de Niños,Huelva,-6.940607000332742,37.2599849997859
Calle F,Huelva,-6.937470442122415,37.25570812093906
Calle Fernández Alvarado,Huelva,-6.927763551157554,37.26290999024719
Glorieta de los Curtidores,Huelva,-6.9374470000236155,37.26390899978807
Calle Hortensias,Huelva,-6.929355000133933,37.27664300007563
Plaza de las Jacarandas,Huelva,-6.940866999878426,37.25957800035442
Plaza Joaquín Bustamante,Huelva,-6.938472999647864,37.280592999576605
Calle Palacios,Huelva,-6.9518839999415265,37.25668999989367
Calle Joaquín de la Torre,Huelva,-6.941136000028641,37.25872300012564
Calle José María Patiño,Huelva,-6.945432000006061,37.25836900007691
Calle Juan Mateo Jiménez,Huelva,-6.95189299965851,37.2673249996913
Calle la Paz,Huelva,-6.951171000361612,37.254879999794845
Calle Legión Española,Huelva,-6.944857000517261,37.28116799983992
Calle Luis de Vargas,Huelva,-6.953678000385569,37.25402499976617
Calle Nochebuena,Huelva,-6.953312999832903,37.26815699969598
Plaza Orquídeas,Huelva,-6.931707000578431,37.2780130002039
Calle Oregón,Huelva,-6.93108300020261,37.2569960001208
Calle Pérez Quintero,Huelva,-6.940487106491893,37.261730371415986
Calle Perú,Huelva,-6.930270000548115,37.25840599974891
Plaza de las Pimientas,Huelva,-6.940295000401288,37.261306999591795
Calle Pascual Martínez,Huelva,-6.9400450001719,37.2624700002584
Pasaje A Pío XII,Huelva,-6.93809899980767,37.2572210000895
Pasaje B Pío XII,Huelva,-6.93829099996303,37.2574350003578
Avenida de los Plateros,Huelva,-6.93775100026732,37.26395299967601
Calle Río Guadalquivir,Huelva,-6.926502999722491,37.25802900010255
Calle Rocinante,Huelva,-6.926049000640729,37.26302699987896
Calle Rodrigo de Jerez,Huelva,-6.939116000299989,37.25914699985741
Calle Río Guadaíra,Huelva,-6.92793199974138,37.2566059997184
Plaza Rosa,Huelva,-6.932407511240694,37.27736412359114
Calle Sanlúcar de Guadiana,Huelva,-6.928020999798329,37.26595699958624
Calle Santiago Apóstol,Huelva,-6.956658999627529,37.262619000066664
Calle Trajano,Huelva,-6.928302000530231,37.26415299962518
Plaza del Martinete,Huelva,-6.93518500037958,37.26236699974541
Calle Villablanca,Huelva,-6.928649000495631,37.2650779995494
Plaza de la Malagueña,Huelva,-6.933521126130626,37.2618527964268
Plaza de la Taranta,Huelva,-6.931781704612799,37.26167286764205
Calle Liviana,Huelva,-6.9364020001631275,37.26370599958586
Plaza de la Granaina,Huelva,-6.934606000068074,37.26512999977775
Plaza Virgen de la Esperanza,Huelva,-6.940278999835111,37.28294499981059
Paraje Valle De Las Carretas,Cartaya,-7.12833757555898,37.2658842828993
"Calle Tamarindos, Transversal 3",Huelva,-6.952626690467203,37.2718905016486
Calle Párroco José Muñoz,Huelva,-6.94729700015393,37.2659839997229
Plaza Antonia Quijana,Huelva,-6.927804999607513,37.25915700032231
Plaza de la Venta,Huelva,-6.923748000555097,37.26310699962406
Calle los Marismeños,Huelva,-6.939354878785105,37.26248586901071
Plaza el Berrocal,Huelva,-6.930106000307683,37.27226299981772
Plaza de Pepe Sanz,Huelva,-6.924971000022261,37.26469400035035
Avenida Julio Caro Baroja,Huelva,-6.95794399994308,37.2573349999773
Plaza Linares de la Sierra,Huelva,-6.92599600014076,37.2755409996531
Calle Enfermera Teresa Martínez,Huelva,-6.92873998220674,37.2771491008407
Calle Doctor Rafael Segovia,Huelva,-6.92731581470851,37.2772017230987
Calle Marisma de las Yeguas,Huelva,-6.94902413963518,37.2815082261097
Calle Gil Márquez,Huelva,-6.92861607232824,37.2694266283767
Calle Marismas del Tinto,Huelva,-6.949219255956047,37.28111799487391
Calle Alcalde Antonio Segovia,Huelva,-6.93951710226151,37.2658949189954
Polígono las Anorias,Niebla,-6.638692801184406,37.36808651070264
Calle Puente,El Cerro de Andévalo,-7.07170199999996,37.6818140000001
Calle San Telmo,Aljaraque,-6.991632999919436,37.26939799956649
Calle Cabo,La Palma del Condado,-6.54967180799991,37.3869671200001
Calle Blas Vázquez Caballero,Calañas,-6.876804999999933,37.65517500000004
Transversal Cuenca Minera,Campofrío,-6.577384999999936,37.76603800000004
Calle Coronel Alcayde,Galaroza,-6.71315299999992,37.92552500000005
Calle Clotilde Julia,Santa Olalla del Cala,-6.2293342272284,37.906086901662
Camino de los Milanos,Villanueva de las Cruces,-7.022527999999909,37.625240000000076
Calle Santa María,Paterna del Campo,-6.406276000436905,37.416563000282366
Calle San Isidro,Villarrasa,-6.60667000022018,37.3872559995649
Calle Niña,Trigueros,-6.831705557999953,37.379982995000034
Calle San José,Villarrasa,-6.605880999808068,37.38793899958533
Calle Pedro de la Cruz,Villarrasa,-6.609947000253737,37.38877799960518
Calle Cuenca Minera,Punta Umbría,-6.97422634590932,37.1952428243759
Calle Rafael Alberti,Villarrasa,-6.60828289,37.38690664
Calle La Fontanilla,Higuera de la Sierra,-6.4454140706258,37.831911492555
Calle Beata María Dolores Barroso,Bonares,-6.683688254207,37.319526029531
Calle Piedra Majalino,Los Marines,-6.61901400019585,37.9026430003744
Calle Nuestra Señora de Fátima,Aljaraque,-6.9926161294247,37.273861415745
Plaza Vicente Sánchez Romero,Minas de Riotinto,-6.581967898899393,37.713746644991716
Calle del Agua,Aracena,-6.5599761815554,37.8967856961032
Calle del Pilar,Villarrasa,-6.61053547071415,37.38795793926
Calle Olivo,Cortelazor,-6.623968999999931,37.934064000000035
Camino de Bollullos a Hinojos,Hinojos,-6.453603000278052,37.32175599983966
Paraje Cañada del Oso,Galaroza,-6.71375399999994,37.929424
Carretera A-493 de la Palma del Condado a Valverde del Camino,Villarrasa,-6.618724000312216,37.43881999964345
Barriada Blas Infante,Manzanilla,-6.44090099998102,37.3888480001353
Calle Cristo,Aroche,-6.9559359999999515,37.94620700000007
Calle Soledad,Aroche,-6.955817999999908,37.94524800000005
Paseo Iglesia,Aroche,-6.954175999999961,37.94511200000005
Calle Monte Bajo,Aroche,-6.857684999999947,37.966352000000086
Calle Senabra,Aroche,-6.95276599999994,37.943539000000044
Calle Rincón,Cabezas Rubias,-7.0871015939999324,37.72687687600006
Plaza Rafael Mancheño,Calañas,-6.876614999999958,37.655598000000055
Avenida San Roque,Cala,-6.31797299999994,37.9712160000001
Calle Ejidos Estación,Calañas,-6.876987999999926,37.65003000000007
Calle Alto de Buena Vista,Cartaya,-7.156311999999957,37.28063200000008
Calle Quinteros,El Campillo,-6.633192999999949,37.694195000000036
Plaza Quince de Abril,Campofrío,-6.5726139999999305,37.767667000000074
Calle Robles,Cartaya,-7.16167099999996,37.2848760000001
Plaza Muñiz Pablos,Castaño del Robledo,-6.705295999999919,37.894104000000084
Calle la Caza,Cortegana,-6.8232929999999214,37.90848600000004
Calle Real,Cortegana,-6.8209357190697,37.909035212094
Avenida del Molino,Galaroza,-6.710399999999936,37.92678700000005
Calle Virgen de la Fuente,Fuenteheridos,-6.65979899999991,37.9006190000001
Polígono Industrial,Fuenteheridos,-6.65532599999995,37.9016070000001
Calleja Chica,El Cerro de Andévalo,-6.938203999999928,37.73460800000004
Camino de Aroche a Fregenal,Aroche,-6.896531999999922,37.979276000000084
Plaza la Lancha,Almonaster La Real,-6.84623019505237,37.8493607568439
Avenida Vva. de los Castillejos,Cartaya,-7.14625910799992,37.2870448530001
Calle Arroyo Arriba,Cortelazor,-6.62620713699994,37.9349280380001
Calle Santa Cruz,Gibraleón,-6.964899999999943,37.37946800000009
Calle Sola,Fuenteheridos,-6.6634038783877,37.9046239688
Calle Santa Bárbara,Cortegana,-6.82255499999991,37.9065850000001
Avenida Andalucía,Ayamonte,-7.40107899972855,37.2144640002442
Urbanización Residencial el Faro II,Ayamonte,-7.33741559228878,37.1870943458909
Urbanización Residencial el Espigón - Central,Ayamonte,-7.34136907684037,37.1844024026525
Urbanización Residencial el Faro III (Playa Isla de Canela),Ayamonte,-7.33866249023462,37.1861425244656
Calle Profesor Rodríguez Casado,Moguer,-6.842984572828765,37.27538229760376
Calle Odiel,Escacena del Campo,-6.385922999846415,37.40626300013752
Calle Rábida,Aljaraque,-7.02462700063317,37.2687220000073
Calle Puebla de Guzmán,San Bartolomé de la Torre,-7.10754218260455,37.4442400835541
Calle Santoña,Palos de la Frontera,-6.8992907623010336,37.22704613435053
Calle de la Luz,Santa Olalla del Cala,-6.22671545838014,37.9075478304974
Calle Portugal,Aljaraque,-7.017979986327121,37.26678761009062
Calle Pablo Ruiz Picasso,Aljaraque,-7.00399899980489,37.27331299998606
Calle Cerámica,Aljaraque,-7.01676300062113,37.2569840001609
Calle Luis Cernuda,San Juan del Puerto,-6.847161211999946,37.31750145400008
Calle el Águila Imperial,Almonte,-6.48359900020567,37.1398019999017
Calle Beas,Aljaraque,-7.027742999712973,37.26829299971731
Calle Iñiguez de Valdeosera,Ayamonte,-7.399608000019711,37.21596900034316
Calle las Pozas,Higuera de la Sierra,-6.443296714771405,37.833458564561326
Calle Sierra de Aracena,Palos de la Frontera,-6.88834600058241,37.2248419996043
Calle Ancora,Punta Umbría,-6.96468399999992,37.17775500000005
Calle Salicornia,Punta Umbría,-6.969284999999957,37.18573100000009
Calle Doctor Dorronsoro,Valverde del Camino,-6.7547949996582695,37.575640000214236
Calle San Juan,San Juan del Puerto,-6.844031999999913,37.31625900000006
Calle Medio,San Silvestre de Guzmán,-7.3507889999999065,37.38751000000008
Calle Aguamaya,El Almendro,-7.268065281999952,37.50963524000008
Calle Crucero,Punta Umbría,-6.961782999999912,37.17730000000006
Callejón Plaza de los Toros,Rosal de la Frontera,-7.21812316799992,37.96688665000005
Avenida de Portugal,Cartaya,-7.1644459902119,37.286902242577
Camino el Arrendajo,Valverde del Camino,-6.78387357877947,37.5270592582559
Calle Virgen de los Remedios,Beas,-6.77095200089214,37.4035710002303
Camino el Gavilán,Valverde del Camino,-6.7918724470647,37.526447832084
Camino el Muflón,Valverde del Camino,-6.7896825360797,37.520890520519
Plaza Nautas,Punta Umbría,-6.9704501398375,37.190323530144
Camino el Autillo,Valverde del Camino,-6.78836050883897,37.5323650475309
Calle Poeta Francisco Llanes,Valverde del Camino,-6.761070999912806,37.57906000005836
Calle Gregorio Marañón,Corteconcepción,-6.498875999521327,37.89216299966449
Calle Espronceda,Hinojos,-6.385008000199698,37.29303599985077
Calle Nueva,Zufre,-6.342339999999922,37.83227700000003
Urbanización Residencial Mariola Playa,Cartaya,-7.057278323999924,37.21283828900005
Calle Morera,Aljaraque,-7.005874000700116,37.285234000036624
Calle Sarito,Moguer,-6.834902000918668,37.27018899921378
Calle Madroño,Villanueva de los Castillejos,-7.2560475809999,37.4899437590001
Calle Sevilla,Almonaster La Real,-6.8020172018112,37.780574889749
Calle Bonares,Rociana del Condado,-6.603612999999939,37.30515900000006
Plaza de la Cruz,Almonaster La Real,-6.73969599999992,37.884824
Plaza de la Infancia,Cumbres Mayores,-6.646334353547434,38.0591953390938
Camino Encinasola,Aroche,-7.069700999999952,38.01583300000004
Camino el gurumelo,Valverde del Camino,-6.784915393061,37.516347245755
Trasera Sevilla,Arroyomolinos de León,-6.419452999999919,38.02387500000009
Calle de la Playa,Ayamonte,-7.37701506277518,37.1806605949966
Camino el Gallipato,Valverde del Camino,-6.7888139395491,37.516057033397
Calle Fontaneros,Bollullos Par del Condado,-6.5424569995907,37.3533069997184
Camino del Palacio,Cala,-6.306687999999951,37.969629000000054
Senda Camino de los Canos,Campofrío,-6.556777999999952,37.75497000000007
Camino Camino del Berrocal,El Campillo,-6.553859999999929,37.65403900000007
Carretera Camino de los Castillejos,Cartaya,-7.173036999999908,37.31756000000007
Camino Camino del Pico de la Cumbre,El Cerro de Andévalo,-6.896263999999917,37.743089000000055
Calle Calamón,Punta Umbría,-7.04366499999992,37.2103070000001
Calle Anfiteatro,Hinojales,-6.587153548097614,38.0089351338495
Calle Iglesia,La Nava,-6.7438430199392405,37.96405298955398
Camino de Marilozana,Linares de la Sierra,-6.634841999858195,37.875595999555905
Vía del Cementerio del Pantano,Lucena del Puerto,-6.7599669999999605,37.29255600000005
Plaza Jacobo del Barco,La Palma del Condado,-6.561791125999946,37.389952632000075
Calle Ferrocarril,La Palma del Condado,-6.560292354999831,37.390752651000184
Camino la Becada,Valverde del Camino,-6.7964568040879,37.53176018401
Camino la Tana,Valverde del Camino,-6.784136638337,37.518063021277
Camino del Tanque,San Silvestre de Guzmán,-7.35576599999996,37.38915200000008
Camino Callejas de las Cumbres,Santa Ana La Real,-6.716445999999905,37.85901700000005
Camino de Castaño,Santa Ana La Real,-6.708283999999935,37.874587000000076
Trasera Pozato,Santa Bárbara de Casa,-7.18748885623073,37.7992288711005
Calle Valverde del Camino,La Palma del Condado,-6.56458993336823,37.3941849946423
Calle las Gabias,Aljaraque,-7.030816850496678,37.27881149355856
Calle Rociana,Almonte,-6.52499400023093,37.2618239992364
Calle el Campillo,Ayamonte,-7.4046680004946,37.2149920000224
Camino del Atajo,La Granada de Río-Tinto,-6.493343999999922,37.759048000000064
Travesía Real Transv 1,Los Marines,-6.62288599978889,37.903937999839
Calle Espigon,Palos de la Frontera,-6.896974000622647,37.22816500005855
Carretera HU-4100 N-435 a Sotiel Coronada,Valverde del Camino,-6.825193999558125,37.56639399989993
Camino de Corte,Paymogo,-7.250662999999918,37.72493600000007
Calle Juan Ramón Jiménez,Rociana del Condado,-6.593227999999954,37.311964000000046
Vía Carril del Toro,Puebla de Guzmán,-7.188639999999907,37.684228000000076
Calle Camaron,Punta Umbría,-6.9681889999999385,37.18582200000009
Camino de Paymogo,Rosal de la Frontera,-7.231815999999924,37.92947900000007
Calle Málaga,San Bartolomé de la Torre,-7.110337999999956,37.447137000000055
Paraje los Pocitos,San Bartolomé de la Torre,-7.13998799999996,37.43423800000005
Calle Eugenio González Gil,Villalba del Alcor,-6.479086999778552,37.39664399990001
Calle Churrruca,Huelva,-6.94228149969472,37.2593850413121
Calle Almonte,Villalba del Alcor,-6.476525999679667,37.39205799981218
Calle Huelva,Villalba del Alcor,-6.4796910003229975,37.39461899977976
Calle Cuatro Casas,Valverde del Camino,-6.75145699999169,37.5727520003247
Calle Igualdad,Valverde del Camino,-6.74913300061325,37.5693310001482
Trasera Calle La Fuente,Cumbres Mayores,-6.6430289214474,38.0633187324737
Calle Fernández Merchante,Bollullos Par del Condado,-6.53052799986712,37.334835000435106
Carretera Lavadero,Calañas,-6.87859599999996,37.6504830000001
Calle Maestro Daniel Arteaga,Higuera de la Sierra,-6.44702800014195,37.836873999935314
Camino del Cachon,Cañaveral de León,-6.527541713778923,38.00644791663817
Calle Lusitania,Ayamonte,-7.40882799990281,37.2129179998026
Calle Galeón,Ayamonte,-7.34200600058172,37.1892390003022
Calle San Juan Evangelista,Bonares,-6.67923500003883,37.323529999719
Calle las Delgadas,Huelva,-6.932275826962901,37.2628677852487
Calle Murillo,Beas,-6.79354500013188,37.4222639994951
Calle Diego García,Moguer,-6.838867000399311,37.27140900035691
Calle Fuente,San Bartolomé de la Torre,-7.10739899999993,37.44605800000005
Calle San Francisco,Bonares,-6.678817000251859,37.320206000667675
Carretera de la Antilla,Isla Cristina,-7.30715800063863,37.19920600029141
Camino Vecinal de la Redondela a Villanueva de los Castillejos,Isla Cristina,-7.270849999831172,37.24252200022356
Calle Pedro Díaz Gutierrez,Beas,-6.790720999920615,37.42505999992622
Calle Francisco Jiménez Hidalgo,Beas,-6.79203100043099,37.4271560001458
Camino del Rozon,Beas,-6.755893000153232,37.37561000038108
Calle Nueva,Beas,-6.79115800091967,37.426379999676
Calle Camelia,Moguer,-6.836538000848929,37.28017799944618
Calle Fray Antonio de Olivares,Moguer,-6.84164223851874,37.272705596831
Calle Ejido,Bonares,-6.68276600084319,37.3236380005244
Calle Santiago el Mayor,Bonares,-6.6787070002875,37.3235200000362
Calle Hermanos Pinzón,Moguer,-6.843055000013662,37.141536999495
Calle Rociana del Condado,Moguer,-6.83085466,37.27611598
Calle Luis de Torres,Moguer,-6.8446770003204955,37.278432000448056
Calle Mercado,Moguer,-6.837702999864381,37.27392800062751
Calle Burgos y Mazo,Moguer,-6.83825099987286,37.275187000209
Calle del Llano (Urb Pozuelo),Moguer,-6.844004598065547,37.27031077465457
Calle Belice,Moguer,-6.842975001015572,37.27278899974713
Calle Santa Ana la Real,Moguer,-6.83157299969609,37.274671000244986
Calle San Pedro,Moguer,-6.842257000216638,37.27563600016101
Calle Fray Gabriel de Santamaria,Moguer,-6.841668695723209,37.272249253306846
Calle Arcipreste Borrego,Moguer,-6.8378050008193,37.27617499911607
Calle Pedro Alonso Niño,Moguer,-6.837268000358654,37.27695599935452
Calle Carreteria,Moguer,-6.836014001044206,37.27425600000066
Calle Ángel Ganivet,Moguer,-6.81504883889202,37.1333241545701
Calle Velero,Moguer,-6.83105700089032,37.1366089998947
Calle Molinos,Moguer,-6.83895944120936,37.2792450000151
Calle Canoa,Moguer,-6.83281760032526,37.13716265884
Calle Santa Fe,Moguer,-6.84399394383951,37.2794665905017
Calle Almirante Hernández Pinzón,Moguer,-6.83723800085105,37.275190999783824
Calle Tomás Bottani,Moguer,-6.842309000845379,37.27349400017769
Calle Valverde,Moguer,-6.8329179993224844,37.274263999589444
Polígono Algarrobito Amplicación E,Moguer,-6.82322090384746,37.2559168192029
Avenida Reina Sofía,Gibraleón,-6.96460899999994,37.3765780000001
Calle Gregorio Marañón,Aljaraque,-7.004174000253542,37.27959899985201
Pimental Polígono 26 parcela 33,Niebla,-6.70961901216934,37.350188266347
Calle Madreperla,Lepe,-7.200443999675272,37.206207999922945
Calle Corazón de Doñana,Hinojos,-6.38622600032951,37.2845320000519
Calle Enlace,Jabugo,-6.729548546999922,37.91710242800008
Calle Nebulosa,Aljaraque,-7.026417999711539,37.26414200037905
Camino Huerto la Curra,Almonaster La Real,-6.745180000469729,37.76701499950698
Calle Violetas,Punta Umbría,-6.981837999999925,37.19519500000007
Calle Campanario,Aljaraque,-6.9948159999294495,37.26797800037767
Calle María de la o Lejarraga,Aljaraque,-6.989284291795167,37.28418158058169
Calle Llano del Calquesar,Almonaster La Real,-6.7528336357791,37.859870251469
Calle Alba,Ayamonte,-7.406492999684961,37.21514100026812
Calle Capilla del Monte,Ayamonte,-7.40720200061085,37.2193140000167
Calle Mujeres de los Llanos,Almonaster La Real,-6.75232399999993,37.8615340000001
Calle Sol,Almonaster La Real,-6.759623999999917,37.84460300000006
Calle Pastorcitos del Rocío,Huelva,-6.926941000306337,37.26317100030256
Calle Dulcinea del Toboso,Ayamonte,-7.401210155289474,37.217434767239034
Calle Cabezo de la Posada,Alosno,-7.116935999999953,37.60134400000004
Calle Empalme Sur H,Isla Cristina,-7.305470455532807,37.24579464157152
Plaza Mineros,Alosno,-7.120609574999946,37.60172940600006
Travesía Montecillo Señor Transver,Alosno,-7.112190999999939,37.55089900000007
Avenida Francisco Alcalá,Villalba del Alcor,-6.47267700043565,37.3964290000651
Calle Palos de la Frontera,Bonares,-6.686278836803452,37.32199418962148
Calle Paterna del Campo,Bonares,-6.686512891357845,37.32229437545959
Vía Garril,Lucena del Puerto,-6.702082999999959,37.291333000000066
Trasera Eretas,Paymogo,-7.339109999999948,37.74025900000004
Plaza del Cristo,El Cerro de Andévalo,-6.93330899999995,37.734902
Polígono Industrial los Bermejales,Niebla,-6.676281999814306,37.35175600013947
Calle Torre del Oro,Niebla,-6.68019200026039,37.3505840000517
Camino de la Casa del Vinagre,Paterna del Campo,-6.53782199988524,37.49665200008988
Plaza del Baron,Villalba del Alcor,-6.475355999547196,37.397684000198986
Calle Barrero,Villalba del Alcor,-6.474971000338309,37.393687000690655
Camino Almijarra,Cabezas Rubias,-7.1268349999999145,37.73251200000004
Calle Real,Puerto Moral,-6.479946603999906,37.89108242800006
Calle los Pajares,Almonte,-6.51026173518586,37.2552130440339
Calle Sacrificio,Almonte,-6.48076499963132,37.13022100009
Calle la Dehesa,Almonte,-6.51684699988735,37.2680810003882
Calle Doctor Fleming,Corteconcepción,-6.5106709995288625,37.89815499986275
Calle Barranco,Corteconcepción,-6.508245000643586,37.89703199946732
Calle Alfonso X el Sabio,Huelva,-6.92724776091785,37.2559026858855
Plaza Reina Victoria,Nerva,-6.5525938590130295,37.69350767500559
Plaza Santa Ana,Nerva,-6.541534502967972,37.69414603848419
Calle Lope de Vega,Nerva,-6.55134797675448,37.6970147151319
Calle Pizarro,Nerva,-6.545112057701621,37.69650811660255
Calle Navas de Tolosa,Nerva,-6.542291576974092,37.6889031188269
Calle Félix Lunar,Nerva,-6.543178999881253,37.69628299940053
Plaza de los Abogados,Huelva,-6.94248295652963,37.2538992658901
Plaza Papa Juan Pablo II,Huelva,-6.940180539273887,37.263932903910224
Calle Almadraba,Huelva,-6.96243762083851,37.2682043955613
Calle D (Polígono Industrial Fortiz),Huelva,-6.8960950003745225,37.29206900021248
Plaza Medina Azahara,Huelva,-6.9567680001209125,37.25873399974704
Carretera HU-3101 Huelva a la N-431 (De la Ribera),Huelva,-6.925375000209706,37.301881999903706
Camino de Montija,Huelva,-6.905217689594057,37.286515863114666
Calle Antonio Pineda,Huelva,-6.954769232665489,37.264840259287936
Calle Ernesto Lazo,Huelva,-6.94140822817051,37.266888307738
Calle Empalme Sur G,Isla Cristina,-7.30655475357284,37.245663377238
Calle de la Química,Huelva,-6.86749810797936,37.3118925221116
Plaza Tomás González Salceda,Huelva,-6.946201315279909,37.26714970490326
Calle Teresa,Rociana del Condado,-6.59946999999994,37.30536300000006
Calle El Salvador,Huelva,-6.924478033442452,37.27400645640128
Plaza Manuel Macías,Huelva,-6.951072936660325,37.27096903439649
Plaza Constitución,Aroche,-6.955169999999953,37.94206400000007
Urbanización el Arenal,Punta Umbría,-6.971122756999932,37.18138635000008
Calle Beneficiados,Bollullos Par del Condado,-6.53803699990746,37.340412999560456
Camino del Río,Bonares,-6.694257000130986,37.324441999368126
Camino de Rafalla,Hinojos,-6.351407999979075,37.28592699963153
Calle Berrocal,La Palma del Condado,-6.553140908999978,37.392036043000076
Camino de Almonte al Puerto,Hinojos,-6.42505100020333,37.22126199974164
Senda Raya de la Caldera Vieja,Hinojos,-6.417844999746724,37.228606000266865
Calle Puerto,Moguer,-6.845713000252541,37.27710900043681
Calle Hermanas Franciscanas Misioneras de María,Niebla,-6.683574999786237,37.36479299969733
Camino de la Noria,Niebla,-6.646201000275744,37.365887999831536
Calle San Agustín,La Palma del Condado,-6.55037808699984,37.3843669950001
Paraje Presa del Andévalo,Puebla de Guzmán,-7.40871091301817,37.6168949733182
Calle la Jara,Trigueros,-6.83551399599992,37.38524062
Calle Igualdad,Aracena,-6.5609625434444,37.896421741752
Calle Carboneras,Huelva,-6.91849996935427,37.261429664841
Camino Servidumbre de Paso,Paterna del Campo,-6.421981999869208,37.42748799957169
Camino de Lanjarón,Paterna del Campo,-6.447152999611071,37.424464000413494
Carretera San Juan del Puerto,Jabugo,-6.730002999999954,37.92157700000007
Calle Doctor Arroyo de León,Almonaster La Real,-6.78709072411324,37.87166753556
Paraje el Trevejil,Hinojos,-6.38870799967431,37.2613209998645
Plaza Doctor Eloy Picón,Huelva,-6.92797762710891,37.2770295860401
Plaza de Houston,Huelva,-6.937763000448485,37.259731999649794
Calle Licenciado Juan A. de Mora,Huelva,-6.95068500044792,37.2602330004249
Calle Cartagena de Indias,Palos de la Frontera,-6.89141359163968,37.2200421236569
Carretera HU-5400 Puebla de Guzmán a Herrerias,Puebla de Guzmán,-7.28732999999994,37.61019300000004
Calle Condado de Niebla,Niebla,-6.683036000111122,37.36501600008846
Camino Barranco de los Umbrizo,Aroche,-7.025040999999931,38.005457000000035
Camino del Cerro,Aroche,-7.006455999999957,37.875154000000066
Camino Carril de Alpiedras a la Contienda,Aroche,-6.958647999999926,38.029303000000084
Camino del Merendero,Aroche,-6.913845999999921,37.91315300000008
Calle Doña Bartolina Pascual,Paterna del Campo,-6.406838000273351,37.41581800010083
Calle Romeral II,Alájar,-6.6647413451967,37.874150037614
Camino Gr-41,Castaño del Robledo,-6.682263999999918,37.88161300000007
Calle Higueral,Cartaya,-7.1244992829999205,37.217818874000045
Carretera HU-3401 A-49 a Enlazar con la A-490 (Tariquejos),Cartaya,-7.146058772999936,37.365494417000036
Carretera HU-7106 Campofrío a Ventas de Arriba,Campofrío,-6.594851999999946,37.76576400000005
Camino Real,El Cerro de Andévalo,-6.938019999999938,37.74367500000005
Carretera Hv-9032,Cortegana,-6.845393999999942,37.88497800000005
Carretera HU-6401 A-495 a Montes de San Benito,El Cerro de Andévalo,-7.090727999999956,37.68906400000009
Carretera el Cerro de Andevalo a la A-496,El Cerro de Andévalo,-6.95597499999991,37.72474900000009
Carretera A-496 de Valverde del Camino a Cabezas Rubias,El Cerro de Andévalo,-7.061791999999912,37.720893000000046
Carretera Hv-2211,Cortegana,-6.789620999999954,37.93715800000007
Camino de San Telmo,Cortegana,-6.991239999999948,37.80360300000007
Calle Los Pajares (Corterrangel),Aracena,-6.60092599973497,37.937517999756
Carretera Hv-1427,Calañas,-6.96787699999993,37.53131500000006
Calle Nerva,Gibraleón,-6.96574599999991,37.37341
Grupo San Germán,Cortegana,-6.96628861862667,37.7962310856712
Calle Redes,Punta Umbría,-6.97043099999991,37.1827010000001
Polígono Industrial la Lobera,Gibraleón,-6.9606387349539,37.366958118002
Calle B (Parque Empresarial Sierra de Aracena),Aracena,-6.53312152413893,37.8795685604409
Calle C (Parque Empresarial Sierra de Aracena),Aracena,-6.53226665468219,37.879810153416
Ronda Auxiliar,Cortegana,-6.8339812954621,37.91746941213
Calle Madroño,Bonares,-6.66650375,37.32302767
Polígono Industrial el Corchito,Bonares,-6.66583967,37.32172726
Calle Bodega Toro,La Palma del Condado,-6.54482162565693,37.3638876326439
Camino Raya Real,Hinojos,-6.350904000119361,37.21806899998451
Calleja de la Cárcel,Aracena,-6.55989423194286,37.8944655222652
Calle Reloj (Carboneras),Aracena,-6.544308000413734,37.91864600001301
Calle Sor Juana Inés de la Cruz,Trigueros,-6.83961323499983,37.387426374
Calle Padre Marchena,Niebla,-6.677758000431235,37.362887999981396
Calle Judería,Aracena,-6.56689881783844,37.8898902894235
Camino de Linares de la Sierra,Linares de la Sierra,-6.633277999679762,37.8793049997261
Camino de la Almunia,La Granada de Río-Tinto,-6.494195999999931,37.79553800000008
Vereda del Camino de Puerto Moral,La Granada de Río-Tinto,-6.544889999999953,37.796561000000054
Calleja la Olla,Cumbres Mayores,-6.6425798773592675,38.06550749437555
Carretera HU-9107 Cortelazor a Hinojales,Cumbres Mayores,-6.639429000048114,38.00157999971739
Camino de Cañada Honda,Hinojos,-6.39312500011856,37.30374300013947
Camino de la Cañada del Palo,Hinojos,-6.402952000034589,37.281579999717366
Camino de la Palma al Acebuchal,Paterna del Campo,-6.5346510002432625,37.465259000302794
Camino Vereda de Escacena a Tejada,Paterna del Campo,-6.379566999916929,37.43242999994471
Calle San Jerónimo,Aracena,-6.5689172961724,37.887972784164
Vía Viejo de la Rebolla y Alosno,Puebla de Guzmán,-7.190232999999921,37.59277000000009
Camino Vereda de la Aquilosa,Paterna del Campo,-6.402683000220088,37.461283999557075
Camino Padron de los Cotos,Paterna del Campo,-6.417836000231113,37.43735799967211
Camino Tentadero,Puerto Moral,-6.460057999999947,37.86894300000006
Carretera HU-9113 Acceso Sureste a Corteconcepción (Puerto Gil),Puerto Moral,-6.489264999999932,37.88703500000008
Plaza del Corazon de Jesús,La Palma del Condado,-6.5529223709999656,37.38788862000007
Camino de las Malatas,La Palma del Condado,-6.574175835999938,37.387382270000046
Senda Raya de la Cagarruta,Hinojos,-6.374553999867005,37.24076599985119
Camino Sesmo,Niebla,-6.666962999942352,37.336765000404654
Camino de Pilones,Niebla,-6.636267999968051,37.34112500001889
Polígono San Bartolomé,Rociana del Condado,-6.5923157931819,37.299069145748
Calle San Blas,Sanlúcar de Guadiana,-7.466084000076407,37.47411300031489
Calle Portugal,Encinasola,-6.871876561553918,38.134975273290465
Calle de la Bóveda,Aroche,-6.95256299999994,37.944353
Calle Almazarron,Paterna del Campo,-6.404518646917844,37.42010937694634
Calle Almoraduj,Moguer,-6.829091001369481,37.13816799926263
Calle Tomillo,Villanueva de los Castillejos,-7.25935887199995,37.4887136310001
Camino de la Reyerta,La Palma del Condado,-6.55883314199997,37.3576966760001
Calle Monturrio,Moguer,-6.8340884889439,37.2761631138243
Grupo Párroco Juan José Lucas Escobar,Cortegana,-6.96732202,37.79650966
Camino a Puerto de la Laja,El Granado,-7.489794999999958,37.52666500000004
Calle Licenciado Carrion,Aracena,-6.560897000096288,37.89314600038781
Calle Ancha,Aracena,-6.56340999997141,37.8963729999142
Calle Julianita,Aracena,-6.56660179961563,37.8946039052512
Camino Cementerio,Hinojales,-6.594343000129189,38.00915300001114
Calle Real,Bollullos Par del Condado,-6.536572999843882,37.33677399992035
Calle Nuestra Señora de la Soledad,Hinojos,-6.377086999765102,37.29290500036565
Calle Santiago,Hinojos,-6.37740199990219,37.2921149999074
Calle Saidejo,Niebla,-6.683029999834402,37.361606000216916
Calle Altozano,Niebla,-6.678215999968287,37.36010400019958
Calle Castillo,Niebla,-6.679077000103297,37.36193600014643
Calle Niebla,La Palma del Condado,-6.556388745999925,37.38467330800006
Plaza de Andalucía,La Palma del Condado,-6.55247433199992,37.390302628
Urbanización Villas de Fuentepiña,Punta Umbría,-7.05267697599993,37.21204718600006
Calle Arce,Aljaraque,-7.010571000422325,37.28454300016448
Calle Manzanilla,La Palma del Condado,-6.546240120999926,37.38742668300006
Urbanización Residencial la Florida,Cartaya,-7.05317981684565,37.2148729778664
Paseo Nuestra Señora del Carmen,Galaroza,-6.708347243999924,37.92795906300006
Calle Pensamiento,Aljaraque,-7.026441999586944,37.26555600004889
Calle San José,Cala,-6.31460799999991,37.968778
Travesía Santo,Cabezas Rubias,-7.088569999999947,37.72773300000006
Carretera Huelva-Rosal,Cabezas Rubias,-7.090398999999934,37.725577000000044
Calle Ejidos del Oeste,Cabezas Rubias,-7.08844436233255,37.7268432143376
Calle Granada,Trigueros,-6.841084682999963,37.38440843300003
Calle Jaén,Valverde del Camino,-6.758263999782939,37.57682800025479
Calle Virgen de las Virtudes,Paterna del Campo,-6.403834000238761,37.42316599991113
Calle Escultor Francisco Joaquín Moreno Daza,La Palma del Condado,-6.54452266399994,37.3893345270001
Calle Cisne,Punta Umbría,-6.96214399999991,37.17954400000008
Barriada Calañas,Villanueva de las Cruces,-7.023136607999959,37.626886099000046
Avenida Andalucía,Valverde del Camino,-6.753383000148886,37.57039199991909
Travesía Cruz Trasera,Cala,-6.31902699999995,37.9705200000001
Calle Cota,Aroche,-6.95531199999994,37.9462600000001
Plaza Mercado,Calañas,-6.878591999999912,37.654251000000045
Calle Huelva,Cala,-6.314432999999951,37.97036600000007
Calleja del Pinar,Cala,-6.313804621999907,37.97106420000006
Calle E (Calañas),Calañas,-6.876718999999923,37.65475400000008
Calle José Echegaray,Calañas,-6.8779049999999415,37.651564000000064
Calle Carretera Primera,Calañas,-6.851986575999945,37.60268888400009
Calle Piedad,Cortegana,-6.81827599999991,37.9098670000001
Calle la Galera,Cartaya,-7.100738987999932,37.21682924300006
Calle Alcalde Guillermo Pérez Gómez,Cartaya,-7.15514299999995,37.2826210000001
Calle Santiago Apóstol,Campofrío,-6.57341699999995,37.7657370000001
Calle Odiel,Campofrío,-6.5733849999999165,37.766733000000045
Carretera A-499 de Ayamonte a Puebla de Guzmán,Sanlúcar de Guadiana,-7.344547999990009,37.397666000285845
Calle Tartessos,Santa Olalla del Cala,-6.232779999999934,37.906900000000064
Calle Toledo,San Juan del Puerto,-6.836260999999922,37.31492600000007
Calle Cagancha,Santa Olalla del Cala,-6.22924789473437,37.9058160493258
Calle Cáceres,Cartaya,-7.1099144169999136,37.21752536000008
Calle Navio,Ayamonte,-7.341836000001997,37.1885849996852
Calle Odiel,Trigueros,-6.832840055999952,37.38051986000005
Calle Celulosas de Huelva,Gibraleón,-6.966805999999906,37.378794000000084
Aldea la Presa,Santa Ana La Real,-6.71816062099992,37.8656120000001
Paraje El Albercon,Villarrasa,-6.58995744268168,37.3657826712334
Plaza Fuente de las Damas,Almonte,-6.52299400016037,37.2574000002131
Callejón del Olivo,San Silvestre de Guzmán,-7.351491999999951,37.38822400000004
Calle Lepanto,El Campillo,-6.63080799999994,37.6934400000001
Calle Trasera Sevilla,El Campillo,-6.626141999999959,37.694202000000075
Paraje Cerro del Risco,El Campillo,-6.683219999999949,37.70028300000007
Calle Santa Bárbara de Casa,Lepe,-7.19934900029743,37.2636609997501
Plaza Adolfo Suárez,San Bartolomé de la Torre,-7.105672281999944,37.44631190900009
Calle Ayamonte,Gibraleón,-6.972853999999927,37.37364000000008
Calle Diego de Almagro,Palos de la Frontera,-6.813012000510159,37.128717000104494
Plaza IV Centenario Nuestra Señora del Socorro,Rociana del Condado,-6.595251299999916,37.31247436700005
Calle Camilo José Cela,Aljaraque,-7.0041420004859285,37.27871200005205
Calle Palenque,Trigueros,-6.8368704959999,37.3785854950002
Camino de las Corbalanas,Paterna del Campo,-6.46728299981043,37.44966999997067
Calle Altozano,Trigueros,-6.83766799599982,37.3868354330001
Calle Pp Sr10 Calle B,Trigueros,-6.838102259999971,37.38967598200003
Calle María Zambrano,Trigueros,-6.84062726499997,37.386299084
Calle Sierra de Gredos,Aljaraque,-7.014024586284781,37.29218183054356
Calle Almazara,Trigueros,-6.82859974313166,37.3829772734437
Calle D (Laguna del Tornejón),Trigueros,-6.811562471999878,37.323906468000075
Calle Pinta,Trigueros,-6.83144755799992,37.3798188700001
Plaza Escultor León Ortega,Trigueros,-6.83056821028984,37.3840675240984
Calle Doctor Adame,Valdelarco,-6.681754953628077,37.95058327669708
Calle Escobas,Valdelarco,-6.682798136624595,37.95005468487592
Calle Piñon,Villarrasa,-6.607349000056185,37.39058200005936
Calle Larga,Villarrasa,-6.60458899958251,37.3893489998566
Calle Parras,Valdelarco,-6.68285381365238,37.9509573865743
Calle de la Huerta,Villarrasa,-6.60685878430306,37.386581443442
Calle Cardenal Amigo Vallejo,Palos de la Frontera,-6.89914665450218,37.2244880286226
Calle Jara,Cartaya,-7.15399698299996,37.279327042
Calle Alta,Cartaya,-7.15493099999992,37.285038
Callejón Barcialonga,San Silvestre de Guzmán,-7.348819999999932,37.39032600000007
Urbanización los Sauces 2ª Fase,Cartaya,-7.056190999999956,37.214432000000045
Calle de la Plaza,Cartaya,-7.154565999999932,37.28322700000007
Calle Ruiseñor,Cartaya,-7.1505807487794,37.280294215427
Calle Jera,Cartaya,-7.147625999999946,37.28336400000006
Calle Pedro de Valdivia,Cartaya,-7.070510999999954,37.21568400000007
Calle Cervantes,Cartaya,-7.05927399999996,37.2134130000001
Calle Salamanca,Cartaya,-7.105977999999936,37.21717300000006
Calle Argantonio,Cartaya,-7.15058199999993,37.2877310000001
Calle Virgen del Carmen,Cartaya,-7.12527099999994,37.2175290000001
Calle Ermita de Santa Brigida,Cartaya,-7.15184199999993,37.2893950000001
Calle Pilar de la Dehesa,Cartaya,-7.14886999999993,37.2822620000001
Calle Alexandre,Cartaya,-7.06047399999994,37.2152510000001
Calle Cisneros,Cartaya,-7.12204064899993,37.2223302100001
Calle Candilejas,Cartaya,-7.12241283699996,37.2178080730001
Calle Riscos del Tintor,Valverde del Camino,-6.75339200053388,37.5786849997398
Calle Pilar de Mogaya,Cartaya,-7.14801299999993,37.282109
Calle Ancha,Cartaya,-7.15845799999994,37.282406
Calle Hernando de Soto,Cartaya,-7.058823983999957,37.21723243000008
Calle Atlantico,Cartaya,-7.124661999999944,37.21820500000007
Calle Nao,Cartaya,-7.124420999999927,37.217355000000055
Calle PP Callejón Niebla V6,Valverde del Camino,-6.74677507,37.56518368
Travesía Cabezo,El Cerro de Andévalo,-6.933205923999935,37.735731946000044
Calle Huelva,El Cerro de Andévalo,-6.941706999999951,37.73397700000004
Calle Real,Linares de la Sierra,-6.619595024290766,37.88108969982998
Calle Antonio Machado,El Cerro de Andévalo,-6.934822999999938,37.73335600000007
Calle Estrella,Galaroza,-6.70522129199333,37.9265282573668
Calleja la Sal,Gibraleón,-6.972364999999911,37.377289000000076
Calle Pino,Cortegana,-6.820761999999945,37.916018000000065
Glorieta Isla Bacuta,Aljaraque,-6.99085490151865,37.2760929874156
Calle Labranderos,Cortegana,-6.824191999999925,37.906431000000055
Calle José Ortega y Gasset,Cortegana,-6.82195851099,37.906823834011
Calle Miguel Hernández,Cortegana,-6.82365399999992,37.9143440000001
Calle Clavel,Fuenteheridos,-6.66173099999992,37.903197
Calle Arriba,Galaroza,-6.724169999999958,37.93217000000004
Plaza Manuel Sánchez de Bermúdez,Cortelazor,-6.6251357721542,37.935352858091
Calle Granada,La Palma del Condado,-6.547171626999955,37.38669980900005
Calle Sereno,Fuenteheridos,-6.662529999999947,37.90477400000009
Calle Parra,Galaroza,-6.709841999999924,37.928161000000046
Calle Ramón y Cajal,Galaroza,-6.70756284922917,37.9286280840907
Calle Virgen de Fátima,La Palma del Condado,-6.55750039399993,37.388576934
Calle Rebollar,Galaroza,-6.703575999999941,37.92850100000004
Calle Iglesia,Galaroza,-6.713250999999957,37.92587200000008
Calle Magisterio,Gibraleón,-6.970311507999952,37.37609144000004
Plaza Señora de Osborne,Galaroza,-6.712763999999936,37.925951000000055
Calle Lagar,Galaroza,-6.669646999999941,37.93054600000005
Calle Pío XII,Gibraleón,-6.966999999999928,37.37538600000005
Calle Sancho Panza,Gibraleón,-6.96372584854182,37.3737029421648
Calle Sacatapon,Gibraleón,-6.9702369999999405,37.37548300000009
Calle la Fuente,Gibraleón,-6.975341999999955,37.37630400000006
Calle Moguer,Gibraleón,-6.973131999999907,37.37324600000005
Calle la Laguna,El Almendro,-7.26907578999993,37.5062222480001
Calle Lepanto,Gibraleón,-6.96231599999993,37.3764190000001
Plaza República Argentina,Gibraleón,-6.96809068902801,37.3793769934037
Plaza del Trillo,Berrocal,-6.540604526999914,37.607417043000055
Calle el Barrio,Almonaster La Real,-6.78597699999995,37.8716400000001
Avenida San Martín,Almonaster La Real,-6.7855987109635,37.87325431131
Plaza Pueblo Nuevo,Aljaraque,-6.991941155663948,37.273119172722815
Calle el Coso,Alosno,-7.1160789999999565,37.54688300000004
Grupo 28 de Febrero,Cortegana,-6.96696789800849,37.7954301853656
Calle Domínguez,Santa Ana La Real,-6.72420699999992,37.865035
Calle la Palma del Condado,Aljaraque,-7.0321785323956,37.267659462116
Calle Amapolas,Punta Umbría,-6.980508085999929,37.19285760300005
Calle el Mudo,Villanueva de los Castillejos,-7.27127799999994,37.5012780000001
Calle Calvario,Zufre,-6.340511702999947,37.836139338000066
Calle Villablanca,San Bartolomé de la Torre,-7.10638613736345,37.4429719499393
Calle del Castaño,Aracena,-6.563775924219383,37.89645359895458
Calle Hosteleros,Bollullos Par del Condado,-6.54144699977909,37.3561290003532
Calle San Sebastián,San Bartolomé de la Torre,-7.10128299999991,37.44756800000005
Calle Navalmanzano,Aracena,-6.56786204,37.89258348
Avenida Huelva,Aracena,-6.56514199980333,37.8921759997228
Calle Corta (Carboneras),Aracena,-6.544741999743364,37.91755400001725
Calle las Moreras,Aracena,-6.560642462279686,37.88787970088768
Calle Diputado José Francisco Rodríguez Núñez,Aracena,-6.5638379999236,37.8942770003834
Calle Andalucía (La Umbria),Aracena,-6.4582820002139325,37.86152099979451
Calle Alfonso X el Sabio,Aracena,-6.56325700011028,37.8940709998769
Plaza Cercado de Reyes,Aracena,-6.57441700034408,37.8871829996958
Calle Pepe Noja,Aracena,-6.57416300032209,37.8861359999766
Trasera Plazoleta Nuestra Sra del Mayor Dolor,Aracena,-6.562173999630227,37.891431999587226
Calle Carboneros,Aracena,-6.56219699979156,37.8969559998197
Calle Pp1 - Calle B,Aracena,-6.570915034001478,37.890422766897366
Calle Aníbal González,Aracena,-6.55820756043038,37.8891986070303
Calle Don Ildefonso Calero Jiménez,Aracena,-6.5683020183224,37.889005794909
Calle Ramón y Cajal,Bollullos Par del Condado,-6.537858999792812,37.33897599984266
Calle Madrid,Bollullos Par del Condado,-6.5332490003409465,37.33841299996013
Plaza de Corterrangel,Aracena,-6.60069670768669,37.9376688529354
Calle Alcalde Pedro Ceballos,Aracena,-6.57209344805404,37.8898986905723
Plaza Cristo de la Vera Cruz,Bollullos Par del Condado,-6.5375439996557265,37.336699000058914
Calle Nicaragua,Bollullos Par del Condado,-6.54396900006912,37.3348670001121
Avenida Constitución,Bollullos Par del Condado,-6.53793499970033,37.3399279996776
Calle Vicente Aleixandre,Hinojos,-6.383473000178641,37.293286999995274
Plaza de los Romeros,Bollullos Par del Condado,-6.541340000240703,37.33458299960593
Calle de Enmedio,Cañaveral de León,-6.527153999857067,38.01409000015351
Calle Virgen de la Rábida,Sanlúcar de Guadiana,-7.46609000035304,37.4722309998609
Calle Real,Cumbres de San Bartolomé,-6.7451700622483965,38.0777972634331
Calle Félix Campos,Cumbres Mayores,-6.645679004981975,38.06286987904185
Calle Piedras,Cumbres de San Bartolomé,-6.743217456919949,38.07785519955797
Calle Santa Clara,Cumbres Mayores,-6.64640199965242,38.0616859998092
Calle Sigillata,Punta Umbría,-6.96879975299993,37.188550235
Calle la Piedra,Cumbres Mayores,-6.646742818426155,38.06303541815022
Plaza Miguel Duran,Cumbres Mayores,-6.645970000415058,38.05879599963585
Calle Castillo Iglesia,Cumbres Mayores,-6.646823000181168,38.064255999614836
Calle Granada,Cumbres Mayores,-6.646271399205517,38.058976436013864
Calle 3 de Abril 1979,Cumbres Mayores,-6.644604923078557,38.05901515362663
Calle Capitán Diego García Bravo,Cumbres Mayores,-6.646750909626665,38.063364713011296
Travesía Navalmoral de la Mata,Cumbres Mayores,-6.64384400040009,38.05902100011925
Camino la Tijera,Cumbres Mayores,-6.6503432551369706,38.07032793608552
Calle Huerta Diputado,Valverde del Camino,-6.753283999800524,37.57020100024938
Calle Emilio Elias,Encinasola,-6.872808739431562,38.134669319433726
Calle Rey Juan Carlos I,Escacena del Campo,-6.389174999626367,37.40895200003494
Carretera A-472 de Sanlucar la Mayor a San Juan del Puerto,Escacena del Campo,-6.3602959997604005,37.38181699965495
Camino Hinojales-Corteconcepcion,Hinojales,-6.583822727236889,38.00795458683489
Grupo Santiago Apostol,La Palma del Condado,-6.550255364999941,37.38911812500004
Calle Abajo,Hinojales,-6.587474999971089,38.00751299992518
Calle el Patrás,Hinojales,-6.587815000361864,38.00652999955999
Plaza de la Cruz,Hinojales,-6.589262999687552,38.008349999852776
Calle Garruchena,Hinojos,-6.38319499994914,37.2887339995746
Prolongación Juan Soltero,Hinojos,-6.382360000113729,37.29181699965497
Calle Gloria Fuertes,Hinojos,-6.385837000377081,37.292839000020024
Travesía Santa María Trv,Manzanilla,-6.427457999686753,37.38468399966704
Plaza Dtr Frco Luque Muriel,Hinojos,-6.375478000209378,37.29388299960094
Calle Doña Lola,Hinojos,-6.38580499980067,37.291269999611
Camino Raya de Marcelo,Hinojos,-6.443212000433307,37.31171800008585
Carretera HU-6111 A-472 a Escacena del Campo,Manzanilla,-6.399277417818444,37.38861764418907
Calle Iglesia,Berrocal,-6.54322275699991,37.60912294600007
Camino del Moralejo,Hinojos,-6.403804999800699,37.160649999697895
Plaza España,Manzanilla,-6.428528999613453,37.38735699972594
Camino Raya de Pañoño,Hinojos,-6.359982999715485,37.2198640000237
Calle Virgen de las Virtudes,La Nava,-6.745361555791059,37.96346242005481
Calle Hernán Cortés,Manzanilla,-6.43028699974506,37.3907590001279
Calleja del Lindazo,La Nava,-6.745320999964007,37.96239799956821
Callejón del Hierro,La Nava,-6.743914495357536,37.96055080287741
Calle Jareta,Niebla,-6.679821000238841,37.367772000377684
Calle Huelva,Niebla,-6.677605999716909,37.36182899970876
Calle Procurador Ricardo Domínguez,Niebla,-6.67817450543812,37.359596115619
Barriada Juan Ramón Jiménez y Zenobia,Niebla,-6.677575000086047,37.36624600015293
Calle Luis Cernuda,La Palma del Condado,-6.559195620999958,37.38836755800003
Carretera A-484 de Bonares a Almonte,Niebla,-6.670822999881323,37.33202999968488
Calle Jazmín,La Palma del Condado,-6.544280307999941,37.390804745000025
Calle Juan Ramón Jiménez,La Palma del Condado,-6.560285995999948,37.38900118300006
Calle Don Ignacio de Cepeda,La Palma del Condado,-6.55442880799995,37.3879556200001
Calle Gustavo Adolfo Bécquer,La Palma del Condado,-6.559371182999939,37.38847868300007
Calle Nardos,La Palma del Condado,-6.544280307999941,37.390804745000025
Calle San Pablo,La Palma del Condado,-6.54904430799996,37.38585062
Plaza del Tagarete,La Palma del Condado,-6.547109495999962,37.38763718300004
Calle Alejandro,Paterna del Campo,-6.400827000065811,37.42167500040114
Calle Botica,Paterna del Campo,-6.399848999931245,37.419750999808954
Avenida Ciudad de Tejada,Paterna del Campo,-6.406100999561336,37.418544999952005
Calle Virgen del Carmen,Paterna del Campo,-6.400082999930356,37.42092600003505
Calle Antonio Romero San José,Paterna del Campo,-6.399777000208261,37.41955999999415
Avenida de la Libertad,Paterna del Campo,-6.4067719999277175,37.41958600029384
Calle Comino,Ayamonte,-7.400615497891,37.2236921840623
Calle Villanueva de las Cruces,Aljaraque,-6.99101599962686,37.2780809998813
Vía de Casteya,Villanueva de los Castillejos,-7.263504999999952,37.48111300000005
Calle Charquillo,Zufre,-6.33934499999992,37.8356240000001
Calle Colombia,Ayamonte,-7.399950078924614,37.222058314247725
Calle Moralillo,Los Marines,-6.622615999928284,37.90456800011327
Calle Larga,Linares de la Sierra,-6.6196543169319,37.879424422374
Calle Escultor José Pérez Conde,Alosno,-7.11728121441187,37.5445592984811
Calle Huelva,Almonaster La Real,-6.80174799999992,37.7799790000001
Calle Constitución,Alosno,-7.114241999999933,37.549566000000084
Calle Tropiezo Bajo,Aroche,-6.956356999999912,37.94547000000006
Calle Murillo,Alosno,-7.111666999999954,37.54753100000005
Camino Lagunazo a Cabezas,Alosno,-7.156925999999942,37.63601600000004
Calle Corredera,Aroche,-6.955509999999947,37.94291000000004
Plaza Plantel,Aroche,-6.953406999999913,37.94609400000007
Camino de la a Cabezas,Alosno,-7.164053999999908,37.63306300000005
Calle Fuentes,Aroche,-6.858713999999907,37.966559000000075
Camino de Peda Sierpes,Aroche,-7.083824999999933,37.89997000000005
Travesía San Sebastián,Arroyomolinos de León,-6.422089999999912,38.02780400000006
Camino el Pinzón,Valverde del Camino,-6.78442070371015,37.5329464722599
Calle Rezon,Cartaya,-7.123343603999956,37.21802643600006
Calleja Rejaguelo,Berrocal,-6.543202999999949,37.607710000000054
Calle Carrascal,Berrocal,-6.543332999999961,37.609931000000074
Calle Marijata,Punta Umbría,-6.97391899999991,37.1847500000001
Calle Nutria,Punta Umbría,-6.976020999999946,37.18235000000004
Calle la Plaza,Paymogo,-7.34653506599994,37.7413467640001
Calle Canaleta,Punta Umbría,-6.951287347999937,37.17292548100005
Calle 28 de Febrero,Valverde del Camino,-6.761494999979374,37.57876999964532
Calle Pinta,Punta Umbría,-6.97001599999993,37.18017700000007
Camino de las Longueras,Paterna del Campo,-6.446078086734141,37.414823814867304
Calle Andevalo,San Silvestre de Guzmán,-7.34639999999996,37.38757300000009
Calle Jaén,Punta Umbría,-6.965468999999928,37.18677800000006
Calle Virgen del Rocío,San Juan del Puerto,-6.842138999999918,37.31573600000007
Calle Estribor,Ayamonte,-7.3534510003199305,37.18809000008647
Transversal Natacion,Punta Umbría,-6.966441999999915,37.18761500000005
Camino de Vallemacias,La Granada de Río-Tinto,-6.502301999999929,37.760556000000065
Calle Baliza,Punta Umbría,-6.96632199999993,37.1887720000001
Calle Ventilla,San Silvestre de Guzmán,-7.3493989999999485,37.390130000000056
Calle Yola,Punta Umbría,-6.96034499999996,37.181358
Paraje la Norieta,Punta Umbría,-7.025229667999952,37.224309954000034
Calle Estrella Polar,Punta Umbría,-6.972241999999937,37.182517000000075
Calle el Olivar,San Bartolomé de la Torre,-7.10094199999992,37.4454870000001
Calle Puerto,Santa Bárbara de Casa,-7.187997000361136,37.79559300011701
Calle Cortadero,Zufre,-6.33849585421303,37.834673188339
Plaza Diecisiete de Octubre,Bollullos Par del Condado,-6.534456257839692,37.33976834875489
Calle Margarita,Aljaraque,-7.02799199978247,37.2639619995583
Calle Alcalde José Antonio Marín Rite,Huelva,-6.9466517905294,37.25204428409
Calle Emilio Prados,Aljaraque,-7.00373499985288,37.27816000029969
Calle Carabela Santa María,Palos de la Frontera,-6.837414999833719,37.137654000341215
Calle Pasaje del Agua,Rociana del Condado,-6.604894434999949,37.30602306800006
Calle la Médica,Hinojos,-6.3784369999674,37.2937459995784
Calle Sevilla,Villalba del Alcor,-6.479696000590372,37.399784999590665
Calle los Ingleses,Punta Umbría,-6.957813999999928,37.17627200000004
Calle Tres Carabelas,Moguer,-6.84576312160084,37.2785452021581
Plaza Alcalde José Pérez Lagares,La Palma del Condado,-6.54394212099993,37.39007943300004
Calle Baratilla,La Palma del Condado,-6.560821182999973,37.38834887000007
Calle la Plaza,Paterna del Campo,-6.40042999974448,37.4202589998531
Calle Cebollarejo,Almonte,-6.51534600003643,37.2574090004941
Camino de Villalba de Alcor a Almonte,Villalba del Alcor,-6.4837120002111615,37.340628999634504
Vía de Villanueva de los Castillejos a Lepe (Ruta Verde),Villanueva de los Castillejos,-7.265656999999919,37.46155600000009
Camino Laguna,Villanueva de los Castillejos,-7.105362999999954,37.506620000000055
Vía de la Casa de Cuerpo,Villanueva de los Castillejos,-7.255710999999906,37.44701500000008
Vía de Espa o San Silvestre,Villanueva de los Castillejos,-7.303455999999926,37.48131500000005
Carretera HU-8130 N-433 a Puerto Moral,Zufre,-6.448040999999932,37.90288600000008
Calle Colimbo,Punta Umbría,-6.969307999999955,37.18224600000008
Vía Hu-3102,Zufre,-6.429316999999912,37.89989600000007
Camino Santa Olalla del Cala,Santa Olalla del Cala,-6.233584999999948,37.90376500000008
Placita Severo,Chucena,-6.3913882268696245,37.36454707557592
Urbanización Guadiana Golf,Ayamonte,-7.4156791224258,37.267790154549
Carretera HU-3105 Trigueros a Gibraleón,San Juan del Puerto,-6.858340999999939,37.38322000000005
Camino del Castaño,Santa Ana La Real,-6.715722999999912,37.86851200000007
Camino de Fuente Santa,San Silvestre de Guzmán,-7.381182999999908,37.40294600000004
Camino de Valderrasco,San Silvestre de Guzmán,-7.3663819999999305,37.385320000000036
Plaza Pelachingo,Valverde del Camino,-6.756975000434714,37.57736299963518
Camino de la Zaballa,Villablanca,-7.381986999999924,37.29317300000008
Calle Olivo,Punta Umbría,-7.04879299999993,37.209189
Paraje Boñiguero,Bollullos Par del Condado,-6.504959961411287,37.33749171458065
Calle Teide,Aljaraque,-6.99365315120923,37.2920665281891
Calle Tempero,Moguer,-6.820004000883931,37.255997998521046
Calle Río Carreras,Cartaya,-7.12065999999993,37.2180250000001
Calle Velázquez,Aljaraque,-6.99994399961749,37.27422300004235
Calle Hortensia,Aljaraque,-7.02678800025476,37.2662210002258
Calle Antonio Cuba,Aracena,-6.560878419764,37.895463486635
Pasaje Juan de Mena,Huelva,-6.94184100044095,37.2575820000383
Calle Albur,Punta Umbría,-7.04600299999993,37.2093130000001
Plaza de la Compañia,Aljaraque,-6.993382999865692,37.26988999961254
Calle Huelva,San Juan del Puerto,-6.84214799999995,37.3150340000001
Calle Faro,Palos de la Frontera,-6.89829699961991,37.2307009999964
Calle la Callejilla,Rociana del Condado,-6.59651899999994,37.3069300000001
Polígono Industrial Domincano,San Juan del Puerto,-6.85161299999993,37.3130990000001
Calle Juan Ramón Jiménez,Manzanilla,-6.43772900029295,37.3892739999953
Calle Cristóbal Colón,Almonte,-6.51898099959243,37.2558309999318
Camino de Moguer,Almonte,-6.55751084371996,37.1527481580885
Calle Niebla,Almonte,-6.51960100006753,37.262875999311
Calle las Codornices,Ayamonte,-7.36609100062185,37.1761849996891
Avenida de la Playa,Ayamonte,-7.39125712873222,37.1926128055606
Polígono Agropecuario Calle A,Villanueva de los Castillejos,-7.276803999999913,37.492507000000046
Paraje La Zahurdilla,Bonares,-6.6745876904836,37.3250281488689
Paraje La Estacada,Corteconcepción,-6.5062155942431,37.896714305199
Plaza Parque de Aracena,Aracena,-6.5564918828666,37.890314630691
Calle Camino de la Corte,Aracena,-6.55748457860502,37.8925125437637
Trasera Calle Silos,Aracena,-6.5636458071858,37.897501688608
Calle Mato,Aracena,-6.56498165967575,37.8958320810859
Calle Almanzor,Aljaraque,-6.9917538207184,37.2944193800013
Calle Ancha,Punta Umbría,-6.962379999999939,37.18306000000007
Calle Traseras Castillo,Santa Bárbara de Casa,-7.18637749389596,37.7987889644778
Calle José Canalejas,Aljaraque,-7.02494099989681,37.2689150003303
Calle Isaac Albéniz,Lepe,-7.211505147712879,37.26056140131218
Calle Narciso,Aljaraque,-7.02398300022551,37.265366000328
Avenida Alcalde José Rodríguez González,Aljaraque,-6.99123400069755,37.2747269999469
Avenida Reina de los Ángeles,Aracena,-6.57612689304156,37.888211786345
Calle Manuel Siurot,Campofrío,-6.57281413399994,37.7668052590001
Calle Monte,Villanueva de los Castillejos,-7.27300599999995,37.499982
Calle Sierra de Guadalupe,Aljaraque,-7.01178562176295,37.2952750082616
Avenida el Cantillo,Aljaraque,-7.02552300007056,37.2726250004006
Paraje Álamo,Rociana del Condado,-6.6287036753249,37.334691189031
Paraje Arroyo Bayas,Villarrasa,-6.5938109998776,37.3872470000492
Calle Paz,Ayamonte,-7.408409000399481,37.213832999653654
Avenida Extremadura,Arroyomolinos de León,-6.42686199999991,38.0304530000001
Calle Juan Vázquez Muñoz,Cumbres Mayores,-6.64251400022077,38.0591469996345
Camino de la Pesadilla,Trigueros,-6.85030491466348,37.397074486105
Paraje Almendri,Rociana del Condado,-6.6073233841441,37.312469697554
Avenida de los Carpinteros,Galaroza,-6.70546666099995,37.925362567
Calle San José,Palos de la Frontera,-6.89310900068274,37.2295440003023
Calle Escuela,San Bartolomé de la Torre,-7.10478799999993,37.4452590000001
Donante de Órganos,Escacena del Campo,-6.38878599967403,37.4041800003069
Calle Miguel Hernández,Ayamonte,-7.402386000057651,37.21197400036793
Calle Ancla,Punta Umbría,-6.964067999999941,37.17725000000007
Calle Manzano,Aljaraque,-7.018107999707511,37.28231099992471
Calle Esteros,Ayamonte,-7.399869000725372,37.20491399958688
Calle la Fragua,Aljaraque,-6.9884721268249,37.2737824171
Calle Violeta,Aljaraque,-7.027295999938703,37.26414799957802
Calle Almirante Cervera,Valverde del Camino,-6.7573059999195415,37.577369000174706
Calle Puerto de la Encina,Santa Bárbara de Casa,-7.189942129625461,37.79598250908573
Calle Río Duero,Ayamonte,-7.397740000625954,37.21821699987155
Calle San Isidro,Rosal de la Frontera,-7.224662432999935,37.96640293100006
Calle Playa de Castilla,Lucena del Puerto,-6.73110399999996,37.3061720000001
Plaza Canovas,Aljaraque,-7.024210000267961,37.27056099991585
Calle Babor,Punta Umbría,-6.966982931999951,37.189662619000046
Calle Enrique Granados,Valverde del Camino,-6.763751227788601,37.574018666810964
Calle Moguer,Valverde del Camino,-6.75923899984266,37.5727990000985
Calle Muñoz Monasterio,Ayamonte,-7.403629000180682,37.20911600007225
Calle Manuel de Falla,Valverde del Camino,-6.76188400050278,37.5738219999121
Calle Pinta,Palos de la Frontera,-6.8939250004861,37.2298480000702
Calle Barrio Alto,Los Marines,-6.624989999688614,37.902679000235864
Barriada Santa Cruz,Punta Umbría,-6.97173499999991,37.18855700000006
Calle Albahaca,Cortegana,-6.82269699999995,37.915284
Plaza Málaga,Valverde del Camino,-6.758696000409532,37.57657399983255
Calle Azahar,Linares de la Sierra,-6.622295117325613,37.879217578428694
Calle Gurugu,Ayamonte,-7.40835300012182,37.21654899966466
Calle Domingo Ramírez de los Caballitos,Ayamonte,-7.406225000411116,37.21293699966349
Calle Iglesia,Sanlúcar de Guadiana,-7.46722200039483,37.4726910003895
Calle Traiña,Ayamonte,-7.342038000566139,37.19011500014535
Calle Eslora,Ayamonte,-7.359427971972478,37.177479188662
Paseo de la Ribera,Ayamonte,-7.4066889997365,37.21295199964116
Calle Angula,Punta Umbría,-6.967798999999957,37.18964200000005
Calle Bonares,Ayamonte,-7.402597978433624,37.211407848225676
Calle Fray Juan Pérez,Palos de la Frontera,-6.89198500049066,37.2302080004126
Calle Virgen del Rocío,Santa Olalla del Cala,-6.224673097999926,37.90608781200007
Calle los Olmos,Higuera de la Sierra,-6.450797000381057,37.83781400011621
Calle Cartaya,Punta Umbría,-6.966249894999919,37.183569644000045
Calle Alcatraz,Punta Umbría,-6.956380999999908,37.17417800000004
Calle Rábida,Punta Umbría,-6.969127999999955,37.184668000000045
Callejón los Romanos,Punta Umbría,-6.967091999999923,37.191449000000034
Calle Castillejos,Rociana del Condado,-6.59639999999996,37.3083560000001
Calle Carmen Cordero Rodríguez,Punta Umbría,-6.96375299999994,37.18387400000006
Calle Carpinteros,Valverde del Camino,-6.7460620001025795,37.5718040004336
Calle Real de la Feria,Villablanca,-7.34208699999994,37.3002930000001
Calle Velázquez,Ayamonte,-7.402548999787399,37.209535000102335
Calle Albañil,Aljaraque,-7.03141611850345,37.27809414409035
Avenida San Antonio,Ayamonte,-7.34217999994987,37.1903669999118
Calle Azucenas,Punta Umbría,-6.984591999999907,37.19496000000004
Calle Cerceta,Punta Umbría,-6.952846999999906,37.17439600000006
Calle Fontanilla,Punta Umbría,-6.9606509999999275,37.17659900000007
Calle Perales,Rociana del Condado,-6.59886941599996,37.3135859450001
Calle Charrán,Punta Umbría,-6.96089699999993,37.1800200000001
Calle Cristo del Rosario,Higuera de la Sierra,-6.4475090304172955,37.83698394655201
Calle Molino,Linares de la Sierra,-6.619533276839081,37.88012263455208
Barriada Sagrado Corazon,San Juan del Puerto,-6.839296999999931,37.31871000000007
Calle Goya,Valverde del Camino,-6.754121000595425,37.56933100027927
Calle Reino Unido,Aljaraque,-7.01994100042256,37.26598700004968
Calle Santa Cristina,Punta Umbría,-6.960516999999925,37.17550700000004
Calle Valle Santa Ana,Villanueva de los Castillejos,-7.271241999999916,37.496004000000084
Calle Salamanca,Valverde del Camino,-6.7607110003792386,37.576901000092555
Calle Zurbarán,Valverde del Camino,-6.753972000494,37.56880400014
Calle la Resolana,Higuera de la Sierra,-6.449797000131339,37.840004000384454
Calle Cáceres,Lepe,-7.202364999702142,37.250808000213276
Paraje San Cayetano,Trigueros,-6.8365496264435,37.425891908294
Camino del Cerro,Calañas,-6.893018999999924,37.67351200000007
Paraje Camino del Pantano,Calañas,-6.87840499999993,37.659454
Calle Pérez Galdós,Jabugo,-6.771383999999955,37.927508000000046
Calle Central Térmica,Aljaraque,-6.99136700042871,37.2813779996347
Grupo E (Sardon),Puebla de Guzmán,-7.293909999999926,37.609511000000055
Calle Andrés Cantina,Santa Bárbara de Casa,-7.188622999551665,37.796387999906386
Calle Extremadura,Ayamonte,-7.40661700026921,37.2095759999841
Calle Almendro,Ayamonte,-7.402400000478575,37.214720000146876
Calle Bergantín,Ayamonte,-7.34308299975314,37.190493000237
Calle el Greco,San Juan del Puerto,-6.84787622109045,37.3131922860983
Calle Altozano,Linares de la Sierra,-6.62238208716343,37.879571869946
Calle Rafael Alberti,Aljaraque,-6.999581000434294,37.278513000319656
Calle Goya,Ayamonte,-7.40146999974305,37.205256999625
Calle Don Juan Talero García,Jabugo,-6.77199814457211,37.9279929629017
Calle Río Guadalquivir,Ayamonte,-7.396690999987997,37.218830999598374
Calle Hermanos Marín,Los Marines,-6.620429,37.90424
Calle de los Descubridores,Palos de la Frontera,-6.828640000544258,37.13438500019813
Calle Batalla de Lepanto,Lucena del Puerto,-6.73281599999996,37.3048170000001
Calle Amparo,Rociana del Condado,-6.59492099999994,37.3093920000001
Carretera Mina de Aguas Teñidas,Almonaster La Real,-6.84506599999992,37.7762310000001
Calle Bergantín,Lepe,-7.21489639465245,37.2070629379035
Calle Murillo,Minas de Riotinto,-6.58090400001953,37.71501100005764
Paseo de los Caracoles,Minas de Riotinto,-6.6001920000607015,37.69483500043498
Calle Pocita,Minas de Riotinto,-6.595905323971465,37.688905707232664
Calle Elías Serrano,Minas de Riotinto,-6.592775999812488,37.69160199973254
Calle Muñoz Arteaga,Minas de Riotinto,-6.59088599988894,37.692658999912965
Calle Cartagineses,Minas de Riotinto,-6.590375999752553,37.69641899973709
Calle Almería,Minas de Riotinto,-6.5992299997646455,37.6933920004405
Calle Cervantes,Minas de Riotinto,-6.591686999955016,37.69261999991312
Plaza del Museo,Minas de Riotinto,-6.595842000008247,37.69297900028067
Calle Tartessos,Minas de Riotinto,-6.58701966782337,37.695072745211064
Calle Príncipe de Asturias,Lepe,-7.206199999733093,37.26060199988818
Calle Bajel,Lepe,-7.21459660974388,37.2073230770151
Calle Alfonso XII,Lepe,-7.199159999922226,37.25836999957532
Calle Unamuno,Minas de Riotinto,-6.5931227771957,37.691259806623
Calle Sevilla,Lepe,-7.2065350007118445,37.252341000204765
Calle Talabarteros,Lepe,-7.196008999835907,37.25089900035337
Plaza Bajamar,Lepe,-7.2175351557647565,37.205299604066184
Calle Alegrías,Lepe,-7.183745000124698,37.22557099977871
Calle Atolón,Lepe,-7.201762221582221,37.206590233782556
Calle Río Tinto,Lepe,-7.203582999804691,37.24928599963564
Calle Jazmín,Lepe,-7.193004999899632,37.25942299974206
Calle Tavirona,Lepe,-7.20461600067421,37.20881699967017
Calle Compás,Lepe,-7.20081499983508,37.2554170000786
Calle del Peral,Lepe,-7.208340999781813,37.25648099980536
Calle Raúl García Raya,Lepe,-7.220993921059078,37.205327978713925
Calle Galera,Lepe,-7.213486000399975,37.20912300011161
Calle Anade,Lepe,-7.218624293059044,37.20643140626932
Calle Niña,Lepe,-7.20560499997034,37.2570520002528
Plaza del Nogal,Lepe,-7.20960000032377,37.25729899992782
Calle Carmen,Lepe,-7.19749200001857,37.2606279996471
Calle Zorrilla,Lepe,-7.201010000401118,37.258145000327886
Calle Rodrigo Pérez Acevedo,Lepe,-7.20298900070472,37.2549620003783
Avenida de Río Frío,Lepe,-7.229653076878231,37.20836336012023
Calle Valleponce,Lepe,-7.233059941570725,37.280430709741395
Urbanización las Palmeras Golf II,Lepe,-7.225207092243743,37.21236744993031
Calle Cormorán,Lepe,-7.220847999734242,37.20902100009922
Calle Amapola,Lepe,-7.194574000506207,37.25972900033906
Calle Panamá,Lepe,-7.20326399979792,37.2473760002859
Calle Nerva,Lepe,-7.1992834345891845,37.26228792176961
Carretera Hv-4126,Lepe,-7.176125999881424,37.21592500045192
Urbanización Mirador del Golf,Lepe,-7.2323179885103,37.211891319005
Calle de las Moreras,Lepe,-7.20341900009407,37.2496440002519
Calle Avutarda,Lepe,-7.2085429996690955,37.20952599975119
Calle Alosno,Lepe,-7.199431255701826,37.26199686572623
Calle San José,Lepe,-7.2072509998769805,37.25834500003058
Calle Salvia,Lepe,-7.213915000725122,37.22962399982856
Calle Tenerife,Lepe,-7.198126999705196,37.252023000093
Calle el Cid,Lepe,-7.206098000217735,37.259033000290216
Calle San Silvestre de Guzmán,Lepe,-7.206245000023817,37.259365999854566
Calle D,Lepe,-7.198084992358853,37.246162082853736
Camino de Valle Hondo,Lepe,-7.240876736324929,37.26169940913098
Calle I,Lepe,-7.197585305440732,37.24527692386304
Calle Playa de los Enebrales,Lepe,-7.206823989523301,37.245587487636065
Calle Fábrica Fernández y Rodríguez,Lepe,-7.2015752394704,37.2674232828435
Estación de Bombeo Los Machos,Lepe,-7.204394602999586,37.31253210062692
Calle Transportistas,Lepe,-7.1948669998152,37.268222000349176
Calle Alonso Cano,Lepe,-7.19894299985513,37.253418999587
Calle Juan Pablo II,Lepe,-7.2066060003584,37.2552159997149
Calle Azucena,Lepe,-7.19588699962461,37.2573629998959
Calle Almadraba,Lepe,-7.201161282847798,37.20923425464036
Calle Sisón,Lepe,-7.218901023882874,37.20589567902213
Carretera de Cantagallo,Lepe,-7.1996875168942305,37.284231121629006
Calle Foreño,Lepe,-7.20799364,37.20871312
Calle PP1- Calle I,Aracena,-6.5724616218671,37.8918682927332
Calle Cruz,Bonares,-6.68338999992165,37.3213679998664
Urbanización Marina 2,Ayamonte,-7.34186213776069,37.1851562439639
Carretera Cortelazor-Hinojales,Cortelazor,-6.62676199999993,37.9366770000001
Barriada Isla Canela-Urb. Pleamar,Ayamonte,-7.40440672960186,37.1996705544202
Calle Haití,Ayamonte,-7.3953470355231,37.219753282467
Paraje Cortijo del Río,Campofrío,-6.5510910614924,37.796437044766
Calle San Sebastián,Lucena del Puerto,-6.72943498414107,37.3033530529017
Vía Poderosa,Minas de Riotinto,-6.612211000337368,37.71381999999306
Calle Traviesas,Zufre,-6.3409244639743,37.83310243969
Calle Laguna Seca,Cartaya,-7.0531252595555,37.212024768462
Calle Era de las Adelfillas,Almonaster La Real,-6.75319999999994,37.8614110000001
Calle Pintor Vázquez Díaz,Bonares,-6.683318999356573,37.32216699988536
Camino la Mimbrera,Valverde del Camino,-6.77894684872096,37.5571333795079
Calle Antonio Machado,San Silvestre de Guzmán,-7.346782150999957,37.388684450000085
Calle Cristóbal Colón,Lucena del Puerto,-6.725928999999951,37.30275700000004
Plaza de España,Punta Umbría,-6.9754268983308,37.183380884505
Plaza de Andalucía,Chucena,-6.39442699990601,37.3608640001736
Plaza del Tamborilero,Almonte,-6.48022201887929,37.1297933217412
Calle Joaquín Turina,Almonte,-6.51577804753006,37.2503635535225
Calle Almonte,Almonte,-6.48527700046843,37.132354999692
Paraje Cañada Pavón,Rociana del Condado,-6.621495785723,37.316451649116
Calle Águila Colipinta,Punta Umbría,-6.955429999999922,37.174029000000075
Paraje los Hornos,Rociana del Condado,-6.60683499999993,37.3022690000001
Calle la Camarina,Almonte,-6.52353900037286,37.2583030003119
Paraje El Pico,Gibraleón,-6.98670918870534,37.3753180764057
Calle la Rosa,Almonte,-6.5140919998163,37.2649814993885
Calle Luis Benjumea,Almonte,-6.51604200050522,37.2619489997539
Camino del Granado a San Sivestre de Guzmán,Sanlúcar de Guadiana,-7.380555000312878,37.42775700028549
Calle Cristo,Almonte,-6.51503400042358,37.2639820002988
Calle Infanta Isabel Alfonsa,Almonte,-6.48334000025253,37.134168000146
Calle Faltriquera,Almonte,-6.51869099986526,37.2623769997261
Calle Tomillo,Aljaraque,-7.02894400046628,37.2646329995355
Calle Bollullos,Almonte,-6.52350199940389,37.2617530001478
Calle Sevilla (Matalascañas),Almonte,-6.545162387852454,36.99936822081402
Callejón de Servicio,Almonte,-6.48611214742989,37.1327668869071
Calle Torre del Loro,Almonte,-6.475183999747367,37.13124600031553
Camino Manzanilla,Almonte,-6.50082329216331,37.2832297976518
Calle Princesa Sofía,Almonte,-6.48091199986751,37.1326690003056
Calle Torre Carbonero,Almonte,-6.47308925103849,37.1306909094049
Calle la Ronquilla,Almonte,-6.52530822867818,37.2611556653644
Calle Granada,Almonte,-6.52007200031861,37.2566979997717
Calle Petunia,Almonte,-6.56408472049754,37.0066889265143
Avenida Dehesa del Piorno,Lepe,-7.238881528998648,37.276719315801884
Calle Blas Infante,Villalba del Alcor,-6.480041999601861,37.39497300002098
Carretera Acceso Autovia A-497,Punta Umbría,-6.97737691299994,37.1927822580001
Urbanización Playa Verde,Cartaya,-7.05316131122517,37.2138862442183
Calle San José,Valverde del Camino,-6.75589500061109,37.5721819997261
Calle Aroche,Huelva,-6.94863199975494,37.274699000413136
Calle Serafín Romeu Portas,Isla Cristina,-7.32726400055481,37.202698000178
Calle Rita Arnau,Isla Cristina,-7.32065261882218,37.198089266537046
Calle Abogado Juan José Domínguez,Huelva,-6.94261596684506,37.2545024825712
Calle Jorge Manrique,Aljaraque,-7.0016566708439,37.2799331592
Paraje Las Dehesas,Rociana del Condado,-6.58164777411946,37.304034725338
Calle Don Quijote,Isla Cristina,-7.318403000424643,37.1997089995796
Paraje Renegoso,Beas,-6.8299300965445,37.430051805117
Camino Matías,Valverde del Camino,-6.7033878555674,37.524789393912
Paseo del Barranco del Moro,Isla Cristina,-7.236089999769399,37.20994700016545
Sector Laguna del Sopetón,Almonte,-6.5542078050324,37.005125662885
Calle Camino de las Palmillas,Aljaraque,-7.03203700030425,37.2689160001692
Camino Las Higueras,Valverde del Camino,-6.70557471907287,37.5245925306981
Calle Torralba,Chucena,-6.39024000017571,37.3636780004395
Calle Villanueva de los Castillejos,Alosno,-7.11963899999995,37.55199
Calle Juan Ramón Jiménez,Villablanca,-7.3426086881693,37.304951723249
Calle Lavanda,Ayamonte,-7.40141725359832,37.2235304797966
Calle Júpiter,Valdelarco,-6.6823352285673,37.950980720122
Calle Sandolina,Ayamonte,-7.40053747071074,37.2242265406778
Calle Buenos Aires,Palos de la Frontera,-6.89233152245589,37.2194242465054
Calle Santa,Santa Bárbara de Casa,-7.18550263875286,37.7992014692519
Calle Condesa de Barbate,Alosno,-7.113540999999941,37.54940700000009
Calle Olivo,Ayamonte,-7.4025268269765,37.215002532695
Calle Paymogo,Rosal de la Frontera,-7.22261999999995,37.9627970000001
Calle Santa María,Palos de la Frontera,-6.89558700003722,37.2284419999608
Calle Rafael Alberti,Hinojos,-6.38561600007822,37.2921760000225
Calle Huelva,Cañaveral de León,-6.52804000024568,38.0132189995573
Calle Camino de los Soldados,Rociana del Condado,-6.58962299999996,37.3075940000001
Calle Rómulo,Nerva,-6.54833947469538,37.6943866809162
Calle Magnolia,Huelva,-6.93108645689397,37.2790305424098
Urbanización Albatros,Cartaya,-7.05314095780889,37.2126428045353
Calle Cañas,Punta Umbría,-7.05259897799993,37.2120507150001
Calle Alta,Galaroza,-6.704708999999923,37.928765000000055
Calle Rosal de la Frontera,Cartaya,-7.15500170799993,37.278346088
Calle Beas,Gibraleón,-6.96684899999991,37.3791430000001
Plaza del Mercado,El Cerro de Andévalo,-6.9384115375364,37.73491929772
Calle Carmen,Cortegana,-6.82255899999996,37.913373
Calle Madroño,La Granada de Río-Tinto,-6.5094844764675,37.770358407095
Grupo Jardines,Cortegana,-6.87896299999994,37.7845940000001
Paraje Los Torcales,Beas,-6.8102909685592,37.423863284695
Apartamentos las Brisas Bloque-A,Ayamonte,-7.379297488506,37.175443700152
Calle La Morera,Paterna del Campo,-6.4069071832688,37.47290301351
Avenida de la Paz,Bonares,-6.68496099977001,37.3242730001556
Calle Pila,Cartaya,-7.15001799999993,37.2820090000001
Calle Trinidad,Jabugo,-6.74893500516393,37.8934570283744
Calle Triana,Jabugo,-6.7522295148147,37.893935755785
Calle la Corta,Almonaster La Real,-6.80165999999991,37.7798060000001
Camino al Manantial del Morcillo,El Almendro,-7.25364899999994,37.5382860000001
Carretera N-435 de Huelva a Zafra,Almonaster La Real,-6.71583099999992,37.7471320000001
Paraje Cañada la Cisa,Puebla de Guzmán,-7.2584880512453,37.6079722458583
Camino de las Pardillas,Hinojos,-6.38170300039297,37.2427400000511
Calle Santa Ángela de la Cruz,Valverde del Camino,-6.75242399991153,37.5702439996837
Avenida de Huelva,Lepe,-7.19914739957631,37.2612940820344
Calle Francisco Martín Pinzón,Palos de la Frontera,-6.891438000035465,37.22125000004743
Calle Pasillo a Nivel,La Zarza-Perrunal,-6.87195999999994,37.7086790000001
Camino de Valdeovejas,Paterna del Campo,-6.39457500043572,37.422102000307234
Calle Constitución,El Campillo,-6.630498999999929,37.694214000000045
Transversal Avenida De Andalucía,Villarrasa,-6.60503714340588,37.3870805676121
Camino a Pedro Antón,Niebla,-6.697471000286295,37.41842399976795
Camino Callejón,Alosno,-7.111404999999934,37.54273500000005
Camino de la Puebla de Guzmán,Santa Bárbara de Casa,-7.199126000064705,37.771409000025514
Calle Legión Española,Palos de la Frontera,-6.88705800054304,37.2256169998113
Camino de los Silos,Calañas,-6.91194499999995,37.69007
Calle Norte,La Zarza-Perrunal,-6.85770199999996,37.7144290000001
Calle Quijote,La Zarza-Perrunal,-6.85498499999994,37.715513
Calle Ramón y Cajal,La Zarza-Perrunal,-6.85729399999991,37.717903
Calle San Lucas,La Zarza-Perrunal,-6.85315999999995,37.713262
Calle Riotinto,La Zarza-Perrunal,-6.87122199999993,37.710312
Calle Rociana,La Zarza-Perrunal,-6.86984199999995,37.7098470000001
Calle Santa María,La Zarza-Perrunal,-6.85251099999994,37.713102
Calle Sarasate,La Zarza-Perrunal,-6.85816599999993,37.7151430000001
Calle Zarza,La Zarza-Perrunal,-6.85068999999993,37.712316
Calle Barrio Llano,La Zarza-Perrunal,-6.85834299999993,37.71223
Calle Cerrejon,La Zarza-Perrunal,-6.85429599999992,37.7139470000001
Calle Casa Cuartel (Perrunal),La Zarza-Perrunal,-6.86868699999991,37.711329
Calle Algaidas,La Zarza-Perrunal,-6.85086099999995,37.7123350000001
Camino Almonaster de a Calañas,La Zarza-Perrunal,-6.86591999999996,37.712992
Calle San Andrés,La Zarza-Perrunal,-6.85698768526273,37.7130587349683
Calle San Damian,La Zarza-Perrunal,-6.85722799999991,37.7144900000001
Calle Mercurio,La Zarza-Perrunal,-6.85466499999995,37.7141700000001
Avenida la Torre,San Bartolomé de la Torre,-7.10256199999992,37.4471760000001
Barriada la Estación,Cumbres Mayores,-6.6307915187761,38.053425657931
Calle el Tejar,Bonares,-6.68368473983315,37.3235437415637
Calle Álora,Encinasola,-6.87120535557403,38.1366410599188
Calleja Mártires,Encinasola,-6.86935105840447,38.1377404493624
Calle Santos,Puebla de Guzmán,-7.25208099999992,37.6142760000001
Calle Alcalde Rodríguez Prieto,Palos de la Frontera,-6.88625599967988,37.2234669999507
Calle Garci Fernández,Palos de la Frontera,-6.89465914967004,37.2272595129716
Calle Rábida,Encinasola,-6.86832017543561,38.1376191110333
Calle Rosales,Bonares,-6.68478055828585,37.3218671471711
Plaza Alta,Fuenteheridos,-6.66264561854935,37.904978223039
Calle Retama,Punta Umbría,-6.975289999999916,37.18200400000006
Calle Extremadura,Fuenteheridos,-6.66241499999995,37.9055850000001
Calle Mar de Leva,Punta Umbría,-6.9714309604724,37.182680460909
Calle Bartolomé Gómez,Encinasola,-6.87298887993266,38.1358813357552
Calle Puerto Tahona,Calañas,-6.87912999999992,37.6575670000001
Calle Manefique,Calañas,-6.88067799999993,37.655918
Polígono Industrial el Peral Calle B,Nerva,-6.53593759581419,37.6935767592909
Calle Córdoba,Rosal de la Frontera,-7.22213257299995,37.9665575380001
Grupo F (Valdelamusa),Cortegana,-6.87938899999995,37.787739
Avenida de los Maríneros,Isla Cristina,-7.319185000272761,37.195110999751996
Calle la Cigüeña,Almonte,-6.4869059996417,37.1363959998462
Camino de Linares de la Sierra a los Marines,Los Marines,-6.6264519996598334,37.894742000243326
Plaza de los Maríneros,Punta Umbría,-6.9656846655668,37.184623381617
Paraje Zahorni,Paterna del Campo,-6.45131299989488,37.5137289997936
Calle Arrabal Menor,Encinasola,-6.8705809924551,38.1346589614499
Calle Rosal,La Zarza-Perrunal,-6.87273899999991,37.7104860000001
Callejón San Pedro,Trigueros,-6.83880900299988,37.3803709020002
Travesía Nueva Transv,Manzanilla,-6.44047199998265,37.3875169999098
Calle Camino de Huelva,Trigueros,-6.83922943099998,37.3775449340001
Calle Doctor García Sánchez,Jabugo,-6.728015028999948,37.915648101000045
Carril de Galayo,Villanueva de las Cruces,-7.015793999999914,37.65349700000007
Calle Reina de los Ángeles,Fuenteheridos,-6.6644379999999614,37.90252200000003
Calle Doctor Ríos Ramos,Villarrasa,-6.60308100018782,37.388167000207
Calle Romero,Palos de la Frontera,-6.91837000027596,37.2094620001473
Calle Regadío,Moguer,-6.82431400080042,37.2583399985268
Avenida de la Constitución,Moguer,-6.83402108810472,37.280512710161
Calle Álamo,Isla Cristina,-7.30630900061601,37.1983760002306
Carretera A-5054 de la Antilla a Isla Cristina,Isla Cristina,-7.292984000247067,37.20118299988249
Calle Juan Limón Borrero,Alosno,-7.11704399999991,37.5481990000001
Plaza Félix Rodríguez de la Fuente,Nerva,-6.551638178816903,37.69617507292581
Calle Concejal José Castilla Limón,Valverde del Camino,-6.75827100014404,37.5758170000547
Travesía Félix Rodríguez Fuente,Santa Olalla del Cala,-6.22465884099995,37.90660844000007
Grupo R (Valdelamusa),Cortegana,-6.87832999999995,37.7882220000001
Plaza San Sebastián,Punta Umbría,-6.967740037999931,37.18617060000008
Calle San Sebastián,Alosno,-7.117324999999937,37.548789000000056
Calle San Sebastián,Galaroza,-6.70688399999995,37.9279960000001
Avenida Unión Europea,Aljaraque,-7.017976999927157,37.2657840002903
Camino Mojónato,Aroche,-6.978223999999955,37.85449500000004
Calle O'Donell,Santa Olalla del Cala,-6.223735886999918,37.90630808900005
Camino de San Silvestre,Villanueva de los Castillejos,-7.16221899999994,37.4351310000001
Calle San Andrés,Aljaraque,-6.99245700067221,37.2777440001177
Camino de Alosno a Tharsis,San Bartolomé de la Torre,-7.13082199999991,37.417264
Paraje Galaperal,El Cerro de Andévalo,-6.92932399999995,37.7380880000001
Paraje el Encinar,Niebla,-6.71588799973125,37.4576999997553
Camino de las Paredejas a Pilas,Hinojos,-6.36771300005469,37.2617249996092
Camino Aljaraque GIbraleón,Gibraleón,-7.0062466046018,37.337955433599
Urbanización Hoyo 19,Cartaya,-7.07454957971696,37.2153854032237
Paraje las Acciones,Bonares,-6.6594749996299,37.2843889997529
Vía de Alosno,Villanueva de los Castillejos,-7.21733299999994,37.4982650000001
Calle Villa Rosa,Huelva,-6.9476537978671,37.26883565852
Camino del Guijarral,Alosno,-6.98534499999994,37.501759
Calle Arquitecto Hilario Vázquez,Aracena,-6.56081399986604,37.8937070001781
Camino del Pinillo,Cartaya,-7.1302538389912,37.332688016303
Calle Adonis,Huelva,-6.90463100030768,37.3160829999454
Camino Valdelama,Fuenteheridos,-6.64698436613199,37.9205952011937
Calle el Corchuelo,Lepe,-7.203137999648446,37.25029600018856
Calle Rábida,Aroche,-6.95545699999991,37.94425700000005
Grupo Escuela,Cortegana,-6.87815399999994,37.7876190000001
Calle Julio Gómez González,Fuenteheridos,-6.66182272262449,37.9050794015476
Calle Transversal de Rábida,Chucena,-6.39586399962372,37.3660799996924
Calle Hierbabuena,Lepe,-7.21355400034076,37.226449999578
Grupo A-B (Valdelamusa),Cortegana,-6.88136999999995,37.7864460000001
Calle Zeus,Huelva,-6.90627314220872,37.3154236262525
Plaza de Los Litris,Huelva,-6.94746468903663,37.25993281484778
Calle Santa Cruz de Tenerife,Huelva,-6.93975753757059,37.2657332112549
Pasaje de los Procuradores,Huelva,-6.9427710060289,37.253931272529
Calle San Juan del Puerto,Palos de la Frontera,-6.8976864450588,37.2254867655999
Calle Andrés Niño,Moguer,-6.838618000497766,37.27017700013551
Glorieta Blanca de Prieto,Punta Umbría,-6.9752636396621,37.195022195867
Calle Romero,Villanueva de los Castillejos,-7.25870454899996,37.4895942590001
Calle Rábida,Manzanilla,-6.430717999835695,37.39126400003374
Calle Don Quijote de la Mancha,Ayamonte,-7.40060029854927,37.2172959006534
Plaza Miguel Ballesta,Moguer,-6.837429332394,37.277943700373
Urbanización Vistamar Golf,Lepe,-7.2287012990562,37.210450692534
Camino del Parralejo,Puerto Moral,-6.469852336884,37.878001050777
Grupo I (Valdelamusa),Cortegana,-6.87880499999994,37.7887630000001
Carretera HU-6102 el Cerro de Andevalo a la HU-7104,Cortegana,-6.8876489999999535,37.776177000000075
Calle Cartagineses,Huelva,-6.93271712146267,37.2677899154325
Calle Ceuta,Cartaya,-7.11182299999996,37.2167580000001
Calle Maestro Francisco Benítez Pérez,Hinojos,-6.38173900025446,37.29209699997675
Polígono Industrial Alto Mesa,Minas de Riotinto,-6.587157999741862,37.69196200014625
Calle Cuesta de las Pilas,Almonaster La Real,-6.762467,37.844337
Calle José Manuel Carrión,Huelva,-6.959705958515155,37.26181409955417
Travesía Cruz Trasera,Arroyomolinos de León,-6.41981999999996,38.021932
Calle Académico Benítez de Castro,Castaño del Robledo,-6.70451999999995,37.8954600000001
Carretera Circunvalación,Berrocal,-6.5423699999999485,37.60740300000003
Calle Melilla,Ayamonte,-7.40008587703052,37.2041046623426
Calle Palo Dulce,Palos de la Frontera,-6.88936623451833,37.2276056746995
Calle Zarapito,Punta Umbría,-7.04584499999993,37.2104760000001
Calle Huelva,Valverde del Camino,-6.748634000535,37.5772030003487
Calle Gitanos,Ayamonte,-7.40427200017538,37.2240149998469
Calle Berruguete,Cartaya,-7.14627899999994,37.282385
Calle Padre Álvarez,Ayamonte,-7.40959299974841,37.212630999816
Calle Lepe,Ayamonte,-7.40338300051482,37.2075899998777
Plaza Dr. Patricio Vizcaino,Punta Umbría,-6.96994470199991,37.1923238740001
Calle La Coruña,Valverde del Camino,-6.76068200015138,37.576572000111
Calle San Sebastián,Villablanca,-7.34236399999992,37.300846
Paraje los Llanos,Beas,-6.80744800001686,37.4686749997844
Camino de Moguer,Rociana del Condado,-6.6318647851008,37.3047678978345
Avenida de España,Moguer,-6.844191830403901,37.27444820304856
Calle Doctor Juan Rivera,Aljaraque,-7.02208599980684,37.2706170001772
Carretera San Juan del Puerto a Cáceres,Trigueros,-6.827992551999955,37.386289515000044
Calle Rubens,Cartaya,-7.14494476726201,37.2812507504263
Calle Triana (Jabuguillo),Aracena,-6.5153880523389,37.858739064484
Calle Vicente Alexandre,Aljaraque,-6.9976863306049,37.278633369283
Calle San Sebastián,Villarrasa,-6.6021473281805,37.388044488873
Urbanización los Patos,Cartaya,-7.05986714072922,37.2182051502818
Calle Monte Luna,Cartaya,-7.05711999999994,37.2122880000001
Calle Espada Colada,Ayamonte,-7.40239873489375,37.2211925505981
Calle Mar Báltico,Palos de la Frontera,-6.85107665355371,37.1437116979887
Vereda de los Contrabandistas,Villablanca,-7.39759499999991,37.33305300000006
Calle Rábida,Lucena del Puerto,-6.732510999999931,37.30353400000007
Urbanización Marina I,Ayamonte,-7.3406709921162,37.185616415215
Calle Santa Marina,Cañaveral de León,-6.526134999630379,38.01374100024711
Calle Santa Marina (Arac),Aracena,-6.5677437870141,37.891378232493
Urbanización Residencial Marina Esuri - Manzana IV,Ayamonte,-7.4187872916133,37.257048800539
Muelle Marina,Isla Cristina,-7.32828399980171,37.2056429998033
Calle Fraternidad,Bollullos Par del Condado,-6.538366999837065,37.345289999633934
Calle Santa María de Consolación,Cartaya,-7.15127099999995,37.2865180000001
Calle Cuatro de Agosto,Palos de la Frontera,-6.90053900049405,37.225570000316
Calle los Bayuncos,Almonte,-6.47794799946645,37.1291379997428
Calle Lepanto,Almonte,-6.51327800077484,37.261578999772
Barriada Tres Carabelas,Palos de la Frontera,-6.89031007167051,37.2205550748136
Calle Isla Cristina,Bollullos Par del Condado,-6.53306900013412,37.3378819997546
Calle Esperanza,Bonares,-6.682710000174,37.3222420000905
Calle Málaga,Beas,-6.79044599990776,37.4266119997614
Calle Castaño,Cortegana,-6.81874299999993,37.9152790000001
Calle Harina,Cartaya,-7.15497095550951,37.2854636139849
Calle la Orden,Trigueros,-6.83389593299989,37.3804836200001
Camino de la Bellida,Villanueva de los Castillejos,-7.20356299999992,37.4472680000001
Calle Pastorcito,Almonte,-6.51188678347565,37.2552036920722
Calle Antonio Mairena,San Juan del Puerto,-6.84763985,37.31449451
Plaza Murillo,Cartaya,-7.1541526801541,37.285482983775
Calle Murillo,San Juan del Puerto,-6.84814488417644,37.3123480218192
Calle Palos de la Frontera,Huelva,-6.94995600053432,37.2576289997808
Entrada Recinto Ferial Doña Elvira de Ayala,La Palma del Condado,-6.55780476099989,37.3841947920002
Plaza Félix Rodríguez de la Fuente,Santa Olalla del Cala,-6.2248565269807,37.906883783847
Calle Lope de Vega,Ayamonte,-7.40057200059446,37.2077089998476
Calle la Fuente,Huelva,-6.95006600029547,37.2590480001769
Avenida del Andévalo,San Bartolomé de la Torre,-7.10667107774857,37.4479664220287
Calle Pablo Rada,Huelva,-6.9497226553319,37.258599215481
Calle Montes Vascos,Aljaraque,-7.00261796480329,37.2901249558401
Calle Lirio,Bollullos Par del Condado,-6.54262800028181,37.3462020003222
Calle José Ferrer Robles,Palos de la Frontera,-6.89104499976946,37.2286459999774
Calle la Marmoleja,Almonte,-6.5153889995333,37.2571169999733
Calle Moncayo,Aljaraque,-6.99679869572459,37.2957891005626
Plaza Alcalde Gregorio Carrero Macías,Beas,-6.73850389195402,37.3906462843391
Avenida Plus Ultra,Palos de la Frontera,-6.89903900033524,37.2314730002337
Plaza Iryda,Beas,-6.73823499951718,37.3915729997716
Plaza de las Marismas,Lepe,-7.201253999985834,37.2514030002707
Calle Orfebres,Lepe,-7.19948299973449,37.248281999724
Calle Cádiz,Palos de la Frontera,-6.82959299998167,37.1346790001591
Calle Tenerías,Trigueros,-6.82827549599995,37.380852808
Calle Madre Trinidad,Aracena,-6.5590724783062,37.89102173626
Trasera Calle Domínguez Moran,Aracena,-6.51617199973785,37.858659000013
Aldea Santa Eulalia,Almonaster La Real,-6.668118177999929,37.80928208500006
Calle Federico García Lorca,Gibraleón,-6.97025599999995,37.3740210000001
Calle Langostino,Punta Umbría,-6.96240399999994,37.1821860000001
Calle Forestal,Punta Umbría,-6.96634499999993,37.1797250000001
Calle Cormorán,Aljaraque,-7.02856345186098,37.2664145470062
Calle Betis,Cartaya,-7.11457599999994,37.2222520000001
Urbanización Green 7,Lepe,-7.2254105001726,37.218085788432
Paraje El Cuchillo,Gibraleón,-6.91625470499991,37.3985948010001
Calle Maestro Aurelio Rodríguez,Alájar,-6.6673156489021,37.873240395864
Calle Pintor Maestro de Moguer,Moguer,-6.8371760004337,37.2775560004077
Calle Camilo José Cela,Valverde del Camino,-6.75381800040273,37.5787460000979
Calle Prado San Sebastián,El Cerro de Andévalo,-6.94124859868448,37.7329924494282
Paraje Santana,Paterna del Campo,-6.38624300021413,37.49058199985952
Camino las Aldefillas,Valverde del Camino,-6.76119266604324,37.5825577712769
Camino de Servicio,Paterna del Campo,-6.441048999611486,37.45228400000674
Carretera N435 (Los Pinos),Valverde del Camino,-6.79230799978103,37.5314479997935
Camino de las Palmeritas,Lepe,-7.2400749849241,37.230231665389
Calle Barrio Santa Ana,Villanueva de los Castillejos,-7.27207699999991,37.4966010000001
Calle Peña,Ayamonte,-7.40634000002753,37.2154580000137
Calle Realidad,Ayamonte,-7.40709300007424,37.2154160001413
Calle Pueblo Nuevo Chalet,Alosno,-7.11681399999992,37.590427
Travesía Antonio Domínguez Trasera,Aroche,-6.947536999999954,37.94613900000007
Calle Montehigos,Almonte,-6.52601677668731,37.2651219994573
Camino de Malvecino,Aracena,-6.55039949940719,37.8994617051467
Camino Hondo de Hinojos,La Palma del Condado,-6.5205459131379,37.368061072412
Camino de los Pezones,La Palma del Condado,-6.5110873975367,37.375048796636
Calle Juan Ramón Jiménez,El Campillo,-6.63104699999991,37.6952410000001
Calle Manuel de Falla,Santa Olalla del Cala,-6.23333299999996,37.9082790000001
Transversal San Francisco (Punta del Caimán),Isla Cristina,-7.32636675693855,37.1954563903347
Calle Sebastián de Benalcázar,Cartaya,-7.05891144699996,37.2164018600001
Calle Arrabal,El Cerro de Andévalo,-6.94105099999996,37.7340970000001
Urbanización las Colinas,Isla Cristina,-7.25391999995125,37.236308999622
Paraje Pol 29 - Coto Candón,Beas,-6.74236500027857,37.3849140007467
Camino Padrón de Remunana,Bollullos Par del Condado,-6.548655471572607,37.30964619141874
Solar Sapu R-1 Calle G,Villalba del Alcor,-6.473683999901975,37.401074000496735
Camino de Cañada Honda,Villalba del Alcor,-6.4974569995735525,37.37374100066222
Pasaje Varaderos,Punta Umbría,-6.966837896999948,37.18771316800007
Calle Manolito el Sacristán,Almonte,-6.5175490007438,37.2621380000155
Calle Manzanito,Niebla,-6.68087200014257,37.3641149999075
Camino de Veredas a Cortegana,Almonaster La Real,-6.82507400104177,37.8883279988721
Camino la Molinilla,Aracena,-6.5827758246444485,37.87979557180837
Camino Villalba,Almonte,-6.505315276608693,37.28702149750711
Carretera Camino las Cabezuelas,Cartaya,-7.15687825577056,37.3020521161976
Polígono Industrial las Yucas,Huelva,-6.9437616793094,37.288893216886
Calle D (Polígono Industrial Polirrosa),Huelva,-6.92011400021739,37.2640399996135
Calle Alfareros,Lepe,-7.1975452274356035,37.25013072377667
Calle del Varadero,Lepe,-7.17456070749044,37.2260561657194
Avenida Fuerzas Armadas,Huelva,-6.92364899958804,37.2649910000282
Trasera Avenida de las Salinas,Isla Cristina,-7.32559899967365,37.2077950002232
Calle A (polígono Industrial Tartessos),Huelva,-6.86715000044146,37.3076730000363
Carretera A-5000 de Huelva a San Juan del Puerto,Huelva,-6.8994836325938,37.2816050648294
Camino Viejo de Almadén de la Plata,Santa Olalla del Cala,-6.197608999999943,37.88837900000004
Calle Fedatario Miguel Ferre Molto,Huelva,-6.91784001358522,37.2700446664216
Paraje Fuente de la Corcha (Pol 52),Beas,-6.8648116568722,37.484841323533
Calle Río Odiel,Aljaraque,-6.992810142696978,37.27156960568309
Calle Normal a Fontanilla,Beas,-6.793520394527388,37.436039456341895
Camino Real,Beas,-6.814282999957855,37.45676800019565
Avenida Dolmen de Soto,Beas,-6.738572514029805,37.3868906406757
Camino del Arenosillo,Beas,-6.75463699987082,37.38419699971155
Camino Charco Hondo,Beas,-6.7924470003533415,37.41510000052519
Calle Valle Abajo,Villanueva de los Castillejos,-7.27047599999992,37.5016310000001
Camino de la Cañada de la Zarza,Beas,-6.777245000445125,37.43264600034981
Camino de Valdegar,Bonares,-6.667722000186018,37.330076000563245
Plaza Doctor Martín Mora,Alosno,-7.12173099999995,37.6005960000001
Calle Junco,Moguer,-6.82854599998121,37.1365939998689
Calle Amapola,Moguer,-6.83634400035591,37.28029199931893
Calle Viso del Alcor,Moguer,-6.809693000185409,37.12872000045485
Calle Alcalde Tierno Galván,Valverde del Camino,-6.754873999778441,37.56881499972797
Calle la Planta,Aljaraque,-6.99212994175184,37.27669753800448
Calle el Palancar G,Almonte,-6.52906172048435,37.2633906419482
Calle Azahar,Almonte,-6.56306986432692,37.0079456147201
Camino el Tamujo,Valverde del Camino,-6.77118516487612,37.5527724704725
Paraje las Cañadas,Villablanca,-7.2986799750308,37.298158052872
Camino el Romero,Valverde del Camino,-6.77272277258187,37.5551588227074
Calle Veredilla,Almonte,-6.51649799995505,37.2652920003423
Calle Alcalde Rafael Pérez Tello,Aracena,-6.57483564404896,37.8891882833171
Calle Espejo,Niebla,-6.6795470001937,37.360006000177
Calle Pinta,Lepe,-7.2080360005268,37.2608069996214
Paseo Libertad,Escacena del Campo,-6.38950699964815,37.4053100002565
Calle Portugal,Isla Cristina,-7.32669565718842,37.201958495985
Plaza Félix Pichardo,Isla Cristina,-7.32379058,37.20026866
Calle Feria,Hinojos,-6.38293599969651,37.2908770003734
Travesía Calle Constitución,Santa Ana La Real,-6.72286972630419,37.8652328539353
Carretera HU-9112 Acceso Sur a Corteconcepción,Corteconcepción,-6.5016090774399355,37.889981859836574
Plaza de los Toros,San Juan del Puerto,-6.8415160461945,37.31568370132
Calle Cartaya,Villanueva de los Castillejos,-7.26813835868116,37.500481312906
Calle Juan Coronel Prieto,Punta Umbría,-6.97317966712685,37.1890106929866
Calle Antonio Hierro Gutiérrez,Punta Umbría,-6.96728699999994,37.1829970000001
Calle Portalón,Villalba del Alcor,-6.47708299996187,37.3980679996582
Calle Puebla de Guzmán,Valverde del Camino,-6.75896699960975,37.5719799998282
Calle Agua de Verano,Villanueva de los Castillejos,-7.26884599999994,37.50154
Calle Trigo,Villanueva de los Castillejos,-7.269874999999956,37.50303000000008
Calle Veleta,Villanueva de los Castillejos,-7.2697789999999145,37.50228800000008
Calle Isaac Albéniz,San Juan del Puerto,-6.84689199999991,37.3152650000001
Barriada Celulosa,San Juan del Puerto,-6.8470149780614,37.313351795065
Calle de la Guardia Civil,Isla Cristina,-7.32728088912206,37.2023499611441
Camino de Moriana,Manzanilla,-6.41952199919097,37.3620082562143
Plaza Marina,San Juan del Puerto,-6.84140272099995,37.3120110080001
"Calle Dª Irene Iglesias González ""Matrona""",Punta Umbría,-6.97403784813882,37.1906618389204
Urbanización Miramar,Palos de la Frontera,-6.86012182822349,37.1457640540203
Calle Virgen de Piedras Albas,Beas,-6.77302699960659,37.4044670003801
Calle Cine de Verano,Bonares,-6.67976859809239,37.3232077964741
Calle Virgen del Rocío,Beas,-6.77127100028703,37.4027030000423
Calle Virgen de Montemayor,Beas,-6.77340900029746,37.4026709997532
Calle Pepe Peregil,Manzanilla,-6.4296190004164,37.3888179996512
Calle Colmenillas,Lucena del Puerto,-6.73209869382566,37.3069862358228
Calle Virgen de la Salud,Alájar,-6.6641641676115,37.874119892406
Calle Libertad,La Zarza-Perrunal,-6.85671799999994,37.7155460000001
Avenida Playas de Cartaya (El Rompido),Cartaya,-7.10504599999996,37.2170620000001
Avenida de Cádiz,Huelva,-6.94571100029511,37.2486209997743
Calle Barragán,Aracena,-6.58115021514918,37.9366800724681
Calle Esperanza,Aracena,-6.5802313741712,37.936104352292
Avenida España,Aljaraque,-7.0206690001601,37.2668019999191
Plaza de Selene,Punta Umbría,-6.9694705256219,37.188896165403
Urbanización Punta Mar,Punta Umbría,-6.97961299999992,37.1847410000001
Aldea el Cabezuelo,Alájar,-6.68055600028846,37.8689460000807
Calle Cabezuelo,Almonaster La Real,-6.7885065688747,37.8716918999235
Barriada el Castillo,Almonaster La Real,-6.80562699999996,37.8923310000001
Calle Prolongación Calle Huerta,San Juan del Puerto,-6.83967296199995,37.3173553870001
Plaza de la Constitución,Villablanca,-7.34167299999996,37.3040540000001
Calle Santolina,Aljaraque,-7.027884999771271,37.262807000036084
Calle de Arriba,Almonaster La Real,-6.7538970532271,37.874352038115
Calle Cerezo,Almonaster La Real,-6.75387399999994,37.873048
Plaza Nueva,Puebla de Guzmán,-7.24605699999995,37.6120040000001
Camino Casas de Arriba,Almonaster La Real,-6.70048499999996,37.80226
Calle el Almendro,San Bartolomé de la Torre,-7.10825899999992,37.447546
Calle Jara,Almonaster La Real,-6.70336299999991,37.8021340000001
Calle Tras C/ Manuel Domínguez,Aracena,-6.51676300001226,37.8602780000299
Calle Ntra Sra del Rosario,Aracena,-6.5158252954763,37.859729090166
Plaza Mayor,Encinasola,-6.87213791083578,38.1348132055652
Barrio Residencial Sevillana,Lepe,-7.19825400050024,37.2170940000527
Calle Bodega Espinosa,La Palma del Condado,-6.542954379999969,37.36135730900003
Polígono Autoridad Puerto Huelva,Palos de la Frontera,-6.91109400045988,37.1757609999063
Calle Talleres,Aljaraque,-6.988724000668994,37.27631100016171
Calle de las Araucarias,Ayamonte,-7.348048000233368,37.18724799997241
Camino de las Minas,Villalba del Alcor,-6.50392600034298,37.4351429997931
Calle Carmen de Burgos,Aljaraque,-6.991269500128062,37.28182570375779
Plaza Rafael Zabaleta,Aljaraque,-7.000118459693979,37.277842286703084
Senda de Águila,Almonte,-6.53952363174696,36.9895521372549
Camino de la Granada,Alájar,-6.639878999924992,37.842379000331206
Camino del Pino Gordo,Beas,-6.776445999774266,37.43817699973962
Camino Alto de la Granada,Nerva,-6.534502999552096,37.70904499992289
Camino de Trigueros,Beas,-6.780223999770546,37.382497000144554
Camino de los Hortigales,Beas,-6.825331999882099,37.5032719999755
Camino Colada del Carril de los Moriscos,Beas,-6.7499379999091325,37.40109199994717
Calle el Alamillo,Ayamonte,-7.367758999755378,37.189495000222784
Calle Francisco de Neves,Cartaya,-7.15893088199994,37.2865289920001
Calle Faisán,Cartaya,-7.14995599999992,37.2811120000001
Callejón de Servicio,Almonte,-6.48878236175483,37.137199615069
Camino de Navahermosa,Beas,-6.767327000037523,37.48574899974294
Calle Uruguay (San José),Moguer,-6.828926000457433,37.138011999402956
Calle Enebrales,Palos de la Frontera,-6.91738999963773,37.2094380001747
Calle Olivillo,Palos de la Frontera,-6.896790999810154,37.22907199998945
Calle Pontón,Ayamonte,-7.3436662283007,37.1883630825379
Plaza Sor Eusebia Palomino,Valverde del Camino,-6.759941000654849,37.57774799974011
Calle de la Gitana,Ayamonte,-7.371928000275673,37.186964999848236
Camino del Realejo,Villalba del Alcor,-6.4797710004206355,37.4129599998722
Calle Honduras,Ayamonte,-7.39574640386243,37.2220292996942
Camino de San Bartolomé,Aroche,-6.81940399999991,37.9957110000001
Camino del Cerro la Real,Santa Ana La Real,-6.73969699999992,37.852357
Calle Canovas (Tharsis),Alosno,-7.11900099999991,37.5995290000001
Calle Francisco de Quevedo,Ayamonte,-7.41650300041717,37.2638840002261
Calle Pozo,Cartaya,-7.1468373835962,37.2854142109318
Calle Canto de la Villa,Ayamonte,-7.4046708,37.22232513
,Palos de la Frontera,-6.86791598,37.1501715
Calle Limonero,Cartaya,-7.16091942929773,37.2869463810702
"Calle José María Gutiérrez ""El Vitorio""",Rociana del Condado,-6.59392166415966,37.3017854967277
Camino de la Dehesa,Alosno,-7.162828999999931,37.554223000000036
Camino de Almonte,Hinojos,-6.4799202646822,37.3580547916701
Camino de la Máquina de los Talabarteros,Cortegana,-6.870791999999938,37.90887100000003
Calle Arqueólogo Martín de la Cruz,Aljaraque,-7.026922543478222,37.27159993893995
Calle Amapola,Cartaya,-7.14740501,37.28635901
Avenida Andalucía,Hinojos,-6.37884199975834,37.2895339995946
Carretera HU-9104 Acceso Norte a la Nava,La Nava,-6.74961496056185,37.9705709843635
Camino de Santo Domingo,Paymogo,-7.37016999999992,37.7317610000001
Calle la Tenería,Villanueva de los Castillejos,-7.2698428304394,37.496891821178
Carretera HU-7104 N-435 a Cabezas Rubias,Cortegana,-6.89729299999993,37.8004570000001
Calle Chamarín,Lepe,-7.19798029084648,37.2673928161437
Calle Virgen de Luna,Beas,-6.7714974643521,37.404740279288
Carretera a Los Veneros,Santa Ana La Real,-6.7220609563536,37.847041277825
Camino del Antiguo Ferrocarril Minero de las Herrerías al Puerto de la Laja,El Almendro,-7.35847099999995,37.5919920000001
Carretera A-461 de Santa Olalla de Cala a Zalamea la Real,Higuera de la Sierra,-6.42206900028396,37.8140080003691
Carretera HU-8111 N-435 a los Romeros,Jabugo,-6.74728528565676,37.891369285378
Polígono Industrial Sur,Higuera de la Sierra,-6.44107762033495,37.8237543405247
Avenida Andalucía,Linares de la Sierra,-6.62008376535332,37.8813190800117
Carretera HU-8123 Acceso Este a Linares de la Sierra,Linares de la Sierra,-6.61698099997305,37.8851599999342
Carretera HU-8127 N-433 a Jabuguillo,Aracena,-6.52903999959614,37.8759559999696
Polígono Industrial La Atalaya 2,El Campillo,-6.61971047842959,37.6929509543733
Avenida José Fernández Vázquez,Minas de Riotinto,-6.58103031939316,37.714595116367
Calle Don Manuel Centeno,El Campillo,-6.63326799999993,37.691943
Carretera HU-9110 Carboneras a la HU-8128,Aracena,-6.54009500038383,37.9262889999376
Carretera Acceso a Los Marines,Los Marines,-6.62358999987849,37.8992169997649
Carretera N-433 de Sevilla a Lisboa,Los Marines,-6.63185499970827,37.8993020000874
Calle el Palancar C,Almonte,-6.5304550006338,37.26193899998723
Carretera HU-8105 Cortegana a Aracena,Almonaster La Real,-6.75704599999995,37.8657010000001
Calle Francisco Villaespesa,Punta Umbría,-6.97064699999993,37.188226
Carretera N-433 de Sevilla a Lisboa,Jabugo,-6.75979899999993,37.92706
Calle el Carretin,Fuenteheridos,-6.659126999999955,37.90934500000009
Carretera N-435a,Valverde del Camino,-6.7505100514352,37.584933850793
Calle Federico García Lorca,La Palma del Condado,-6.56031999599998,37.38931087
Calle Pedro José Moneva,La Palma del Condado,-6.56186056699983,37.3902535430001
Calle José Manuel Domínguez Vicente,La Palma del Condado,-6.5627739036262,37.39032426807
Carretera N-435 de Huelva a Zafra,El Campillo,-6.67903699999994,37.7202710000001
Calle Salto de la Reja,Almonte,-6.51531900043315,37.2523460001059
Carretera A-496 de Valverde del Camino a Cabezas Rubias,Valverde del Camino,-6.83420300054598,37.5836370000904
Calle Trigueros,San Juan del Puerto,-6.84206699999993,37.3204130000001
Carretera N-435 de Huelva a Zafra,Trigueros,-6.82533514988346,37.3673353298856
Carretera A-472 de Sanlucar la Mayor a San Juan del Puerto,Trigueros,-6.79852461899998,37.3228562750002
Carretera A-483R de A-483 a Bollullos Par del Condado,Bollullos Par del Condado,-6.54045800039259,37.3273529994992
Carretera la Palma,Bollullos Par del Condado,-6.54075668900244,37.3537547065419
Avenida Veintiocho de Febrero,Bollullos Par del Condado,-6.53985099992352,37.3462889998377
Camino de Valdegota,Niebla,-6.67059500015902,37.3512350003951
Transversal a Calle Gavilán,Fuenteheridos,-6.663551999999925,37.90553900000009
Calle Oraque,Aljaraque,-6.98974429600995,37.2734101958772
Calle Bajamar,Ayamonte,-7.404775650342558,37.19983336640487
Calle de las Palmeras,Ayamonte,-7.39891300058568,37.2187089999671
Calle Mariscadores,Ayamonte,-7.404790892141374,37.1991710392554
Calle Naranjo,Ayamonte,-7.39907900041185,37.2196770003416
Calle Clara Campoamor,Aljaraque,-6.988743325907919,37.28231208463807
Camino de la Peñuela,Palos de la Frontera,-6.911916658111642,37.207391189960056
Glorieta Isla de Saltes,Aljaraque,-6.990448540687373,37.271671174177456
Urbanización Campo de Golf,Ayamonte,-7.3909640003401,37.194870999982804
Calle Jaén,Palos de la Frontera,-6.830478000057904,37.13604099992657
Calle María Moliner,Moguer,-6.8180519385862,37.1329016311743
Callejón de Servicio,Almonte,-6.48585886185838,37.1402007933553
Senda la Gaviota,Almonte,-6.53672690483659,36.9894302559505
Camino de la Cerca,Almonte,-6.52755695269904,37.2267690812055
Calle las Gavias,Almonte,-6.52256400042802,37.2662790003003
Ronda Maestro Guerrero,Almonte,-6.55637768533291,37.0012378838449
Calle el Jaramago,Almonte,-6.52332718277064,37.2682696943542
Calle las Campanillas,Almonte,-6.5234790008104,37.2680169998194
Camino Pasada de las Canoas,Almonte,-6.38060199990471,36.9132999998185
Calle Panamá,Ayamonte,-7.3982305694549,37.222309007059
Plaza la Laguna,Aljaraque,-7.0012753030582,37.28009298189
Sector Ánade Real,Almonte,-6.56400255417059,37.0101926384468
Camino de Sevilla,Villalba del Alcor,-6.440251000175732,37.34197000052602
Camino de las Herrerias,Bonares,-6.705801000086787,37.31402700010471
Polígono Parque Industrial los Tarajales,Almonte,-6.50871248266231,37.2550765917571
Camino de San Lázaro,Bonares,-6.690409000474966,37.33532899940393
Calle Gines de los Ríos,Beas,-6.790861000590307,37.428752999963514
Camino de la Laguna,Palos de la Frontera,-6.87869367358743,37.182862535046
Camino Vereda de Carne,Nerva,-6.52304499969675,37.6836659998954
Camino Vereda de Sanlucar,Almonte,-6.35233499943276,36.8165429994142
Camino Raya de la Porquera,Almonte,-6.46260999981694,37.0780250000526
Calle el Balcón del Guadiana,Ayamonte,-7.40798058939922,37.221587718515
Camino de la Ataray,Palos de la Frontera,-6.9002014554127,37.2116245994625
Carretera HU-3104 Beas a Su Estación,Beas,-6.82365899964488,37.4241279999189
Aldea Ermita de los Clarines,Beas,-6.7707206322677,37.404009097409
Calle Benito Pérez Galdós,Ayamonte,-7.40171789822842,37.2664400412301
Camino de la Hinojosa,Villalba del Alcor,-6.50410100020264,37.3737329997501
Camino de Beas a las Cruces,Beas,-6.880082759868699,37.495625414882355
Carretera N-447 de A-49 a N-431,Ayamonte,-7.40390200034393,37.2347349999263
Glorieta Ciudad de los Niños,Huelva,-6.94533601595882,37.2842771213106
Calle José María Segovia Azcárate,Huelva,-6.95076659127478,37.2515977643927
Paseo de la Laguna del Prado,Isla Cristina,-7.24133932859541,37.2121865112216
Carretera HU-4403 Alosno a Puebla de Guzmán,Puebla de Guzmán,-7.22577499999994,37.597536
Calle Alcalde Rafael González Sánchez,Alájar,-6.6614475394949,37.875345301308
Pasaje C Pío XII,Huelva,-6.93850100035219,37.2576670000435
Calle el Cabezo,Villanueva de los Castillejos,-7.27239999999995,37.503362
Calle Jara,Villanueva de los Castillejos,-7.25483095,37.49010378
Calle Yucas,Punta Umbría,-6.96208800867436,37.1798384134358
Plaza 26 de Abril de 1963,Punta Umbría,-6.9633278827309,37.1840365097147
Calle Menéndez Pelayo,Almonte,-6.51710200017071,37.2571529999647
Calle San Joaquín,Rociana del Condado,-6.59811099999996,37.31001
Calle de la Cerquilla,Isla Cristina,-7.27140797687756,37.2233753852979
Paraje la Carrasca,Villarrasa,-6.59902711540893,37.4113990292419
Callejón del Morito,Ayamonte,-7.40622596110998,37.2173359418678
Calle Santa Bárbara,Valverde del Camino,-6.74927300045482,37.5703229998893
Calle Trigueros,La Zarza-Perrunal,-6.87125999999995,37.7101050000001
Paraje Romería,Rosal de la Frontera,-7.19710299999991,37.9094860000001
Carretera A-495a,San Bartolomé de la Torre,-7.11516499999993,37.4601220000001
Travesía Andalucía,Palos de la Frontera,-6.89464200038731,37.2283349998885
Carretera A-5077 Ronda Exterior de Aljaraque,Aljaraque,-7.016070205986,37.272270395981
Polígono Industrial Nuevo Puerto,Palos de la Frontera,-6.90816711389564,37.1818864442958
Plaza Dos de Mayo,Huelva,-6.95167999967538,37.2594680003061
Avenida Palomeque,Huelva,-6.93781300003495,37.2629209995699
Camino Cementerio,Punta Umbría,-6.97645899999992,37.193723
Avenida Méjico,Huelva,-6.9581517414341,37.252363740507
Paseo de la Cebadilla,Puebla de Guzmán,-7.2514649670155,37.61247139542
Calle Leones,Puebla de Guzmán,-7.24521499999992,37.612152
Carretera A-5052 de el Rompido a Punta Umbría,Cartaya,-7.09219599399995,37.2164050210001
Parque José Carrasco,Huelva,-6.92744754591133,37.2604657676627
Calle Santísimo Cristo del Amor,Huelva,-6.93290131377949,37.2551268049512
Calle Don José Miguel Maestre Rodríguez,Aroche,-6.95536965994918,37.947093626
Calle A (Polígono Industrial Polirrosa),Huelva,-6.92142589377655,37.2646286299889
Camino Santa Rosalía,Paymogo,-7.32276282809973,37.7362222330271
Camino Colada del Camino Viejo de Trigueros a Lucena,Niebla,-6.73476499970481,37.3454519999101
Calle Libertad,Corteconcepción,-6.50397999920096,37.8937640004361
Calle Camarones,Huelva,-6.9504608536454,37.2766064919632
Calle Panamá,Huelva,-6.93191799974516,37.2573850001781
Calle Artesanos,Huelva,-6.93971900012246,37.2776390000926
Calle Acebuche,Ayamonte,-7.40506828671389,37.2171459778469
Calle Huelva,Villarrasa,-6.60569900040834,37.3874230000715
Calle Francisco de Céspedes,Moguer,-6.84198400028046,37.2744560003622
Sector Torre Zalabar,Almonte,-6.53783499924529,36.9877019998451
Trasera Calle Cabezo,El Granado,-7.41593099999994,37.519055
Camino de los Labradillos,El Granado,-7.3370219999999335,37.480563000000075
Calle Pablo Picasso,La Palma del Condado,-6.5531281829999,37.3827488700001
Calle San Fernando,Almonte,-6.51878499988786,37.2577240002533
Calle San Fernando,Nerva,-6.554673520776833,37.696297142826865
Avenida Arboleda,Lepe,-7.208595999669924,37.26003599982687
Camino de la Arboleda,Hinojos,-6.37671876605802,37.277971695737314
Calle Tobalo,San Juan del Puerto,-6.83739699999995,37.3173860000001
Avenida Juan Pablo II,Ayamonte,-7.40751806867853,37.2565797505662
Paraje Diseminado las Escaleras 41C,Trigueros,-6.8220256262641,37.371627469105
Puente Sifón Santa Eulalia,Huelva,-6.96766059790115,37.2669179789611
Carretera Ramal Conexión con Autovía A-66,Santa Olalla del Cala,-6.2256777297833,37.914723795191
Camino San Antonio,Puebla de Guzmán,-7.2461709182464,37.609661525061
Calle Joaquín Turina,Huelva,-6.94953699983918,37.2413740001993
Calle Naranjo,Bollullos Par del Condado,-6.54651799980573,37.3388720004426
Calle Santa Cruz de la Palma,Moguer,-6.840594000420696,37.27915999999922
Camino de Villablanca,San Silvestre de Guzmán,-7.348088999999959,37.38234700000004
Calle Antonio Feria Morgado,Paymogo,-7.33949611399993,37.739933723
Calle Pavía,Gibraleón,-6.96234057573374,37.3755347010962
Calle Azucenas (El Rincón),Punta Umbría,-7.04326399999991,37.249694
Calle Cristóbal Colón,Moguer,-6.8389879995698,37.2733640006106
Calle Pocito Pileta,Hinojos,-6.38404999990093,37.286403999958
Calle Ana María Matute,Huelva,-6.92981731363442,37.2560128822295
Plaza Periodista Ana Vives Casas,Huelva,-6.9413460702059,37.252767997348
Calle Martín Alonso Pinzón,Palos de la Frontera,-6.89198000014461,37.226804000119
Calle Noria,Santa Bárbara de Casa,-7.191290000233121,37.795773000323926
Calle Cepa,Rociana del Condado,-6.58871570681269,37.3095116819722
Calle Padre José Antonio Rodríguez Bejarano,Almonte,-6.50620148104179,37.2633438295549
Calle Alcalde Pedro Uceda,Hinojales,-6.59050628973613,38.0086944934753
Calle Isabel II,Isla Cristina,-7.31690899977533,37.1991369998612
Calle Juan Ruiz Soriano,Higuera de la Sierra,-6.44520799984917,37.8349880001963
Calle el Fraile,Aljaraque,-6.99219200039987,37.2725709995602
Calle Cruz,Arroyomolinos de León,-6.41962816399996,38.0223068480001
Calle Grande,Arroyomolinos de León,-6.42177073885807,38.025718601915
Calle Cerro,Arroyomolinos de León,-6.42076299999991,38.027223
Calle Méjico (San José),Moguer,-6.829478771485,37.1378764248899
Calle Agustín Conceglieri,Aljaraque,-7.0219228984336,37.2686467915381
Calle Altozano,Berrocal,-6.54151168299995,37.6080717820001
Calle Pío Baroja,Ayamonte,-7.40249500028265,37.2109479995901
Calle Enmedio,Corteconcepción,-6.50955702923039,37.8977841290267
Calle Lavanda,Cartaya,-7.15452195613823,37.2809719045693
Calle Fontanilla,Zufre,-6.33990542699991,37.834685634
Calle Ruiseñor,Castaño del Robledo,-6.70769599999994,37.8955490000001
Calle Alonso el Sabio,Gibraleón,-6.96804599999996,37.3775390000001
Calle el Cerrillo,Hinojos,-6.37784999987744,37.2933949995797
Calle Mirador del Alcor,Moguer,-6.81028800040596,37.1283439997568
Calle Miguel de Unamuno,Paterna del Campo,-6.40218299964554,37.4213940000332
Calle Alcalde Gregorio Fernández Zarza,Paterna del Campo,-6.40393600044589,37.4163310003755
Calle Domingo Núñez,Gibraleón,-6.96357414999994,37.3765624580001
Calle Laberinto,Chucena,-6.39066800012799,37.3642469996995
Calle Palma del Condado,Lepe,-7.20496600039429,37.2527070002864
Calle Lazareto,Aljaraque,-6.99118047757569,37.2770971770247
Calle Silos,Aracena,-6.56412999989945,37.8973770003484
Calle San Juan,Jabugo,-6.77018935499996,37.9272755810001
Calle Alfareros,Aracena,-6.5606985,37.8969515
Plaza de España,San Bartolomé de la Torre,-7.10664299999991,37.4461250000001
Calle Ayamonte,Alosno,-7.11675199999991,37.5473700000001
Calle Diego Velázquez,Beas,-6.79295200058981,37.4318680000459
Calle Ramón y Cajal,El Cerro de Andévalo,-6.935434935999922,37.735208209000064
Calle Trinidad,Castaño del Robledo,-6.70520499999992,37.895267
Sector Malvasía,Almonte,-6.55535899969256,36.9983899999522
Camino Viejo del Cerro,Almonaster La Real,-6.8436330001794,37.7356339998084
Calle Alonso Pérez,Almonte,-6.51711600065842,37.2605789999989
Calle Brezo,Paterna del Campo,-6.40596499968094,37.4733569995347
Calle la Paz,Jabugo,-6.7273254855178,37.9177616245414
Calle Rafael Sánchez Romero,Jabugo,-6.72870186514647,37.9168892362714
Calle San Salvador,Moguer,-6.84411837320825,37.2790959717095
Calle la Calzada,Cañaveral de León,-6.526399000113631,38.01325600036428
Calle Dr. Urbano Fernández Núñez,Cañaveral de León,-6.525771999977643,38.01325999964945
Camino de Marmolejo,Almonte,-6.51899984696997,37.222497038507925
Calle Ramón Menéndez Pidal,Huelva,-6.95133900062696,37.2625610002026
Paraje el Puente,Almonte,-6.5301010537913,37.266646676978
Camino Balufo,Villarrasa,-6.60431087524123,37.4016343912353
Calle Alonso de Ercilla,Huelva,-6.93683700005559,37.2681639997726
Urbanización Residencial las Lomas de Esuri - Manzanz VI,Ayamonte,-7.4086697299186,37.261214630238
Calle Rinconcillo,Aracena,-6.58053305250133,37.9371561290849
Calle Puerto la Laja,El Granado,-7.493653999999935,37.524147000000085
Llanito del Cerro,Calañas,-6.90885301756759,37.6353725364998
Calle Salamanca,Huelva,-6.94160186376204,37.2669740959138
Paraje Las Peñas,Almonaster La Real,-6.70520311269113,37.8006814052786
Calle Cabezo,Almonaster La Real,-6.78787667892135,37.8714807093954
Carretera N-431 de Huelva a Ayamonte,Lepe,-7.250170828111947,37.25160460224436
Calle Retamar,Santa Ana La Real,-6.72360799999996,37.8636280000001
Calle Pingüino,Punta Umbría,-6.95659499999994,37.173549
Calle Cepa,La Palma del Condado,-6.55542212099994,37.3833294330001
Calle Molino Mareal,Huelva,-6.92486527981002,37.2585874840228
Camino a Rincomalillo,Almonaster La Real,-6.8186065234227,37.823918951942
Calle Capuchinos,Almonaster La Real,-6.78581767492121,37.871700284403
Calle Ermita de Piedras Albas,Cartaya,-7.1517480559658,37.2904748902391
Calle Zenobia,Trigueros,-6.84095878499994,37.3866295050001
Calle Constancia,Villalba del Alcor,-6.475881999912804,37.400634999876054
Calle Hermanos Segura,Niebla,-6.67753299994784,37.3591530004108
Calle Bodega Soldan,La Palma del Condado,-6.542954379999969,37.36135730900003
Polígono Polígono Nuevo,Palos de la Frontera,-6.90169300009218,37.1881890001855
Grupo E (Valdelamusa),Cortegana,-6.88076099999995,37.788463
Calle Salsipuedes,Bonares,-6.68203399952119,37.3193909999483
Carretera HU-7100 Almonaster la Real a Valdelamusa (Por Gil Marquez),Almonaster La Real,-6.838974999999948,37.836790000000065
Calle de la Casa de la Columna,Aroche,-6.9481969999999365,37.94473100000005
Paraje Tierra Blanca,Gibraleón,-7.01355430642629,37.3517419268555
Calle Onuba,Escacena del Campo,-6.38840800022886,37.4060470000692
Paraje La Mahila,Villarrasa,-6.606524143823,37.382151733605
Calle Nenúfares,Almonte,-6.56408066960878,37.0083146296349
Calle Sierra de Cazorla,Punta Umbría,-6.97739199999995,37.1887710000001
Calle Lepe,Isla Cristina,-7.326788999981536,37.199999999885065
Calle E (Polígono Industrial San Diego),Huelva,-6.906774000011696,37.274358999983036
Calle García Alonso,Huelva,-6.941147999962215,37.25714199983
Plaza del Foro,Aroche,-6.94905756143468,37.9449261812467
Calle Mero,Isla Cristina,-7.247214999908091,37.206243999898106
Calle Oviedo,Huelva,-6.95036800008295,37.2709070000567
Calle Goleta,Cartaya,-7.12354199999993,37.217498
Calle Francisco Pizarro,Huelva,-6.938226000024051,37.2538940000862
Barriada Manuel Cajilla,Santa Bárbara de Casa,-7.18877440994378,37.7938390940777
Travesía San Antonio,Alájar,-6.6655222525464595,37.872784993867704
Calle Conde de Barbate,Isla Cristina,-7.327198000420486,37.20158400018547
Calle Estacadilla,Almonte,-6.51188199991566,37.2615489995974
Carril Montes De San Benito-vva. De Las Cruces,El Cerro de Andévalo,-7.09038414991651,37.6735549845398
Camino la Perdiz,Valverde del Camino,-6.7972797943062,37.527080827574
Residencial Green 5,Cartaya,-7.057022401999916,37.21558421800006
Calle Estornino,Bonares,-6.684707673748825,37.319631144269245
Calle Coscoja,Huelva,-6.95347754431968,37.2420481811302
Calle Francisco Villaespesa,Huelva,-6.936466999835607,37.27013700026736
Calle Ribera del Odiel,Aljaraque,-6.990962000333534,37.27777900022438
Calle D (Polígono Industrial la Carrasca),El Cerro de Andévalo,-6.92544035299994,37.7317328170001
Calle C (Polígono Industrial la Carrasca),El Cerro de Andévalo,-6.92479188199991,37.7312302500001
Calle Guatemala,Aljaraque,-7.0272810002077,37.26897600014199
Plaza de la Magdalena,La Palma del Condado,-6.554836861999945,37.386758308000026
Calle Alonso Cano,Lucena del Puerto,-6.72952381599993,37.3061443880001
Prolongación Calle Arenal,El Campillo,-6.6584166454565,37.700069900745
Calle Doctor Fleming,Huelva,-6.94233014872625,37.2578382804221
Calle la Margarita,Almonte,-6.52420099999868,37.2678570001425
Camino Galaroza,Castaño del Robledo,-6.70837499999993,37.8989790000001
Calle Colombia,San Juan del Puerto,-6.846586155999944,37.311652268000046
Calle K,Lepe,-7.203799973498353,37.26167469160381
Plaza San Antonio,Aljaraque,-7.00029299968887,37.2721529997491
Callejón de Servicio,Almonte,-6.47983399545529,37.1305862512125
Calle Santa María (La Redondela),Isla Cristina,-7.2689210004376,37.2226479998763
Carretera Norte,Almonte,-6.54157138775744,37.0012082658931
Camino El Castaño,Valverde del Camino,-6.70517500057996,37.5226229997948
Calle Postigo,Zufre,-6.33894499999991,37.833267
Calle Matadero,Huelva,-6.9383812353847,37.252885655325
Calle Joaquín Costa,Nerva,-6.552338000193785,37.696629999698175
Calle Vázquez Díaz,San Juan del Puerto,-6.84797704610355,37.3128720496201
Carretera A-5053 de Cartaya a el Rompido,Cartaya,-7.12822199999994,37.2436480000001
Calle Patrones de Pesca,Isla Cristina,-7.31858374838174,37.2003221350028
Glorieta Antonio Franco Palomino,Punta Umbría,-6.9705472437423,37.192168539884
Calle Gravina,Cartaya,-7.122279999999932,37.22162800000007
Calle Doctor Gieb Cabrera,Ayamonte,-7.40208164496033,37.2054508310553
Paraje Riparia,Rociana del Condado,-6.585042547855688,37.31340878253174
Camino Dehesa Paniajo,Trigueros,-6.8364077254286,37.429181664006
Calle Real Sociedad Colombina Onubense,La Palma del Condado,-6.5526070642201,37.3847446021144
Calle Arrastre,Huelva,-6.96006799962079,37.268828999617
Calle Marcelino Camacho,Huelva,-6.960234687360816,37.26218387773101
Calle de la Biodiversidad,Huelva,-6.86659346592107,37.3123738072223
Paraje Pol. 24 - Cerca Marín,Beas,-6.7383980356048,37.392369971651
Calle San Pedro,Isla Cristina,-7.321690471430443,37.20196759004225
Calle Nueva del Molino,Isla Cristina,-7.3246080000332885,37.204262000132
Vereda de la Jara,Huelva,-6.91776487492751,37.271036215723
Calle San Sebastián,Isla Cristina,-7.3264193283769465,37.19530100704658
Calle Ancla,Isla Cristina,-7.32989167603423,37.1940260496268
Calle Plaza,Isla Cristina,-7.271276000341608,37.221831000137016
Calle Carretera,Isla Cristina,-7.326772999863318,37.20478400010499
Calle Albur,Isla Cristina,-7.253192000585576,37.20586999977432
Plaza María Auxiliadora,Isla Cristina,-7.3140939997960865,37.22477900015608
Calle Geranios,Isla Cristina,-7.269983000684649,37.23950699958946
Calle del Prado,Isla Cristina,-7.3250296688911,37.203394598947
Urbanización Concha del Rompido,Cartaya,-7.11296787399993,37.2179957340001
Calle Platero,Moguer,-6.8347134139142,37.272114264501
Calle Jesús del Gran Poder,Isla Cristina,-7.318400000342058,37.20052900039562
Calle Arroyo de Valtejera,Huelva,-6.91204955543027,37.273508556167
Calle Valencianos,Isla Cristina,-7.319236,37.198959
Calle Ermita,Isla Cristina,-7.31235881461899,37.2250104955057
Calle Don Quijote de la Mancha,Isla Cristina,-7.27397163816626,37.2223030252186
Paseo Ría Carreras,Isla Cristina,-7.237408000638334,37.205781999741774
Calle Ciprés,Isla Cristina,-7.305151142313737,37.19879462625887
Plaza Emigrantes Isleños,Isla Cristina,-7.330297612743067,37.19431166188357
Paseo de la Redondela,Isla Cristina,-7.2392070005917395,37.20545300012846
Calle Raya (Urbasur),Isla Cristina,-7.24500800052408,37.204756999996825
Plaza de la Cigüeña,Isla Cristina,-7.321770000558381,37.2034050001325
Calle Jesús Cautivo,San Juan del Puerto,-6.84001150499995,37.3166279220001
Calle San Bartolomé,Nerva,-6.55173999941889,37.6951119998809
Glorieta Arquitecto José Pablo Vázquez Hierro,Huelva,-6.95353655033135,37.2518945440238
Calle Río Odiel,Huelva,-6.93352400048316,37.25550400031743
Calle Juan Ramón Jiménez,Hinojos,-6.384153000060732,37.29275899992805
Calle Ramón Ortega Egurrola,Niebla,-6.67749499999407,37.3633240003026
Calle Maestra Aurora Romero,Huelva,-6.933341999976973,37.26000200011551
Calle Rey Gaspar,Huelva,-6.95372599985369,37.269184000454736
Paraje Valdepalma,Gibraleón,-6.99189037051517,37.359821917558
Paraje Presa Del Sancho,Gibraleón,-6.98438660007192,37.4610388826225
Calle Badajoz,Huelva,-6.948641999669153,37.27122499966204
Calle Jorge González,Trigueros,-6.83061062099995,37.3805279330001
Carretera HU-3100 Acceso a el Judío,Gibraleón,-7.032301999999959,37.437887000000046
Calle Arias Montano,Huelva,-6.93926500006139,37.2536360003499
Calle Alanís de la Sierra,Huelva,-6.9263730006043245,37.26392700022418
Calle Antonio Rengel,Huelva,-6.9484599999431085,37.27599500032618
Calle Arroyomolinos de León,Huelva,-6.9344000005945325,37.25703699958431
Calle B,Huelva,-6.938640563814554,37.25632194804827
Plaza de los Columpios,Huelva,-6.940241000140113,37.25997899955418
Calle Camarada Carlos Moreno,Huelva,-6.92917000006568,37.26319600034185
Calle Camarada García Ramos,Huelva,-6.92865900027517,37.26231100021114
Calle Rafael Pavón,Huelva,-6.946127832688841,37.26436363141184
Calle Ecuador,Huelva,-6.930595000520061,37.25775600022886
Calle Domingo Borrero de Feria,Huelva,-6.945886999950297,37.26430499977381
Calle Espronceda,Huelva,-6.952088999993626,37.25720299976693
Calle Hernán Cortés,Huelva,-6.95306700047025,37.2561509997223
Glorieta de los Estibadores,Huelva,-6.9353599997318165,37.26566200022432
Calle Isla Cristina,Huelva,-6.933625999955136,37.25683700023957
Calle Islas Malvinas,Huelva,-6.93218399962031,37.2588939998274
Calle la Gavilla,Huelva,-6.95057134620744,37.272534243276496
Calle José de Valdivieso,Huelva,-6.939975000049869,37.25289600035302
Calle Juan de la Cosa,Huelva,-6.942798000507408,37.258536000410345
Calle Juan Salvador,Huelva,-6.95117099979313,37.2672249997308
Plaza Juan XXIII,Huelva,-6.927300999734559,37.257523999987406
Plaza Padre Genaro,Huelva,-6.9324330001269,37.26012899992169
Calle Lepe,Huelva,-6.948711999743372,37.27175800035158
Calle Muñoz Seca,Huelva,-6.938612000321487,37.269622000403075
Calle Murcia,Huelva,-6.934761000459126,37.25617300026046
Calle Murete Bajo,Huelva,-6.93909200044218,37.260755000312685
Calle Médico Luis Buendía,Huelva,-6.95140148068653,37.2638839078845
Pasaje Pedro Argot,Huelva,-6.941848999888363,37.25687300036507
Calle Nazaret,Huelva,-6.947780059829555,37.27665886435951
Plaza Virgen del Rosario,Huelva,-6.935445446075337,37.25644788615013
Plaza Quito,Huelva,-6.942145443164212,37.28302607908573
Calle Ricardo Terrades,Huelva,-6.948897000243625,37.2639569995754
Avenida Portugal,Huelva,-6.9565160001448,37.257302999711605
Plaza Punto,Huelva,-6.9472210004996775,37.25461599987114
Calle Puebla de Guzmán,Huelva,-6.93558900011282,37.2569810004258
Calle Ricardo Velázquez,Huelva,-6.94882900027054,37.2570220000465
Calle Salvador Rueda,Huelva,-6.939096230970723,37.270371096983325
Calle Sánchez Barcaiztegui,Huelva,-6.954036000476314,37.25405600012205
Calle San José,Huelva,-6.9541019998763725,37.25935999978739
Plaza San Pedro,Huelva,-6.950103000624448,37.260117999575606
Calle San Marcos,Huelva,-6.93511000041602,37.2603769998752
Calle Virgen de Belén,Huelva,-6.950962000289226,37.27169299962439
Calle Virgen María,Huelva,-6.9546270000421,37.2693879998137
Calle Tamarindos,Huelva,-6.952531268550692,37.27213688238193
Calle Zalamea la Real,Huelva,-6.94953000030327,37.2740609995923
Plaza de las Amapolas,Huelva,-6.928534999565167,37.277487999983805
Plaza del Fandango,Huelva,-6.931511935953686,37.26452203879977
Calle Practicante Martín Molino,Huelva,-6.95559100014855,37.2655469996101
Plaza de la Morana,Huelva,-6.9452410005141605,37.26511999994901
Plaza Tallista Miguel Hierro Barreda,Huelva,-6.922975000276538,37.26229200021763
Calle Emilio Molero,Huelva,-6.9449970002952774,37.2653640003549
Calle Doctor Sanz de Fruto,Huelva,-6.950193000406769,37.2631289996776
Calle Higuera de la Sierra,Huelva,-6.927559999641773,37.27483999960067
Calle Primitivo Lázaro,Huelva,-6.9468569490466345,37.26168945173567
Calle Rosita Barrios Balboa,Huelva,-6.95039000050627,37.272471000197
Plaza de las Carretas,Huelva,-6.93086874490562,37.25991870600182
Calle Paula Santiago,Huelva,-6.94854579789815,37.2794301013812
Urbanización Costa Portil,Cartaya,-7.054420911999955,37.21257637600007
Calle Juan Fernández,Ayamonte,-7.402805999862522,37.21472600021004
Urbanización Alameda,Aracena,-6.45687924937773,37.861601057443
Camino de la Plata,Chucena,-6.39917500032586,37.3603109998529
Calle Toneleros Perpendicular,Bollullos Par del Condado,-6.5434127316047,37.353396047493
Paraje Chaparro,Rociana del Condado,-6.6142144456811,37.3254901507185
Paraje Cañada Paloma,Villarrasa,-6.61365672482243,37.3559933661494
Paraje El Rincón,Villarrasa,-6.59789922894486,37.3477366749663
Calle Viento de Levante,Trigueros,-6.83288368299998,37.3774113700001
Calle Hermosa,Valdelarco,-6.682699039591,37.95049840186
Avenida de Portugal,Sanlúcar de Guadiana,-7.46749999972505,37.4719739997005
Calle Bernal,Santa Olalla del Cala,-6.2303486449999355,37.90490249000004
Callejón de Rodrigo,Chucena,-6.395334,37.357876
Calle Ferroviario,Gibraleón,-6.96300999999994,37.3698650000001
Camino de los Manan Tiales,Paterna del Campo,-6.566102000007089,37.48069699996676
Callejón los Frailes,Paterna del Campo,-6.397748878807573,37.42087228532788
Plaza Rafael Morales,Almonaster La Real,-6.789062999999942,37.872250000000065
Carretera Paterna,Escacena del Campo,-6.39627433337284,37.4165282238289
Camino Rubias,Calañas,-6.891646999999921,37.66152900000009
Carretera Cabezas Rubias,Calañas,-6.87833199999994,37.6512640000001
Calle Primavera,Aracena,-6.49350200021695,37.8665679996136
Calle Doce de Octubre,Niebla,-6.679463999963455,37.3607019998976
Camino de Huelva,Gibraleón,-6.9561129253718,37.348918664223
Calle Juan Ramón Jiménez,Villarrasa,-6.6092846752255,37.387448512398
Camino de Tharsis a Sta Bárbara,Alosno,-7.127500999999938,37.617567000000065
Calle Trasplaceta,El Cerro de Andévalo,-7.07160723599992,37.681314248
Calle Moral,Aroche,-6.955224999999928,37.945625000000064
Plaza Vieja,Alájar,-6.6653776398434,37.874094264335
Calle Fregenal de la Sierra,Alájar,-6.6641809629341,37.87465728223
Calle Canalejas,Alosno,-7.119383479999954,37.60047850500007
Calle Zanja,Aroche,-6.955253999999911,37.946075000000064
Calle Jara,Aroche,-6.9548789999999485,37.94441200000006
Calle Vázquez Díaz,Cartaya,-7.15329943963004,37.2859689147186
Calle Colón,Calañas,-6.878092999999922,37.65295900000007
Calle Cañada Grande,Calañas,-6.875393999999915,37.65633800000006
Calle Cuba,Cartaya,-7.15655699999991,37.2871960000001
Calle Pablo Picasso,El Campillo,-6.627977999999928,37.69495000000006
Avenida Cuenca Minera,Campofrío,-6.5787689095245,37.767191276027
Calle Santo Cristo,Cartaya,-7.15507699999995,37.2820610000001
Calle Fuente,El Cerro de Andévalo,-7.07400009399993,37.681886987
Calle Alta,Cortegana,-6.81788499999993,37.9109200000001
Calle Valle,Fuenteheridos,-6.66322699999995,37.9049670000001
Calle Palmera,Cortegana,-6.816816999999958,37.91386700000004
Plaza Sagrado Corazón,El Cerro de Andévalo,-7.07216002189843,37.680425739819
Calle San Juan,Gibraleón,-6.97109499999993,37.3752020000001
Calle la Era,Alosno,-7.1163689999999065,37.60266400000006
Calle Canga,Cartaya,-7.147223999999937,37.28348100000005
Calle José María Díaz Domínguez,El Campillo,-6.631434999999954,37.69415200000009
Calle Maimónides,Cartaya,-7.15027199999992,37.284092
Calle Castillo,Cortegana,-6.81875399999996,37.9091020000001
Plaza San Antonio de Padua,Cortegana,-6.832617073999927,37.95187002800009
Plaza Apeadero,Gibraleón,-6.973841315999948,37.37130981300004
Calle Francisco Pizarro,Palos de la Frontera,-6.81755100052029,37.1299189998081
Calle Limeño Chico,Santa Olalla del Cala,-6.22595999999993,37.9077020000001
Calle Miguel de Unamuno,San Bartolomé de la Torre,-7.10462799999993,37.44768
Calle Fria,Sanlúcar de Guadiana,-7.467706000231573,37.47269399962852
Carretera HU-8129 de HU-8128 a HU-8130,Puerto Moral,-6.491387999999915,37.88549100000006
Calle Calipso,Punta Umbría,-6.957845999999961,37.173984000000075
Calle Marismilla,Punta Umbría,-7.05128499999995,37.212004000000036
Calle de las Aceitunas,Ayamonte,-7.40245767059242,37.2156047845696
Calle Natacion,Punta Umbría,-6.9669269999999415,37.18778400000008
Calle Romeral,Punta Umbría,-6.963497999999959,37.17868200000004
Calle Gacela,Punta Umbría,-6.961729999999932,37.17638800000009
Calle Calvario,Berrocal,-6.54128699999995,37.6070900000001
Calle Blanca Paloma,Bonares,-6.68453200041796,37.3227329994769
Avenida del Dr.Mackay,Punta Umbría,-6.98129611199994,37.1895743150001
Calle Sevilla,Valverde del Camino,-6.75230700023013,37.5692780000489
Pasaje el Mirador,Aljaraque,-7.019992977779699,37.26724679257163
Calle Bodega Morales,La Palma del Condado,-6.542318934999969,37.36231643900004
Calle Cristóbal García del Castillo,Moguer,-6.84323568265619,37.27488581104
Camino el Jilguero,Valverde del Camino,-6.7831094749501,37.530084262317
Vía Viejo de San Bartolomé,Villanueva de los Castillejos,-7.111116999999922,37.52111200000007
Callejón del Santo Entierro,Huelva,-6.94912188546402,37.2602945471324
Urbanización los Sauces 1ª Fase,Cartaya,-7.057150838999917,37.21441379300006
Pasaje Nemesio Miranda,Ayamonte,-7.408828000746867,37.21616999955896
Camino del Chaparrito,El Almendro,-7.423236999999915,37.59988700000008
Calle Eustaquio Jiménez,Moguer,-6.84189218481649,37.2729083255237
Calle la Viña,Almonaster La Real,-6.75042123204294,37.8616587264327
Camino el Gato Montés,Valverde del Camino,-6.7956488984369,37.527981813467
Camino el Becerril,Valverde del Camino,-6.77829768386419,37.5861675827657
Camino a Montes del Cerro,Alosno,-7.16001899999992,37.64152900000005
Camino la Calvilla,Gibraleón,-7.039920254999913,37.401676585000075
Camino Carril de la Torre,Aroche,-6.879979999999932,38.00059600000009
Camino el Chopo,Valverde del Camino,-6.77149035174043,37.5520975302944
Camino el Gamo,Valverde del Camino,-6.7961477602461,37.515732844517
Camino el Azor,Valverde del Camino,-6.7927363316037,37.513786989913
Camino Callejón del Chivero,Beas,-6.7857540000400265,37.44205899982686
Camino Camino del Centenario,Cabezas Rubias,-7.118392999999912,37.77330900000004
Camino de Barcigomez,Cañaveral de León,-6.551008965890876,38.020928989081746
Camino Camino de los Canos,Campofrío,-6.555329999999913,37.76111700000007
Urbanización los Enebros,Cartaya,-7.107764348999922,37.21582108600006
Vía Hf-6244,Lucena del Puerto,-6.743775999999912,37.153504000000055
Travesía Puerto Alto,La Nava,-6.74815500025285,37.96333299951847
Camino Raya del Moyo,Hinojos,-6.4474190001864935,37.30749400044796
Camino de Almonte a Chucena,Hinojos,-6.43256899975938,37.320367999683604
Camino Raya de las Posturas,Hinojos,-6.426815999758461,37.128194000353005
Prolongación Calle Eretas,Paymogo,-7.33866166363043,37.7410168074162
Camino el Gallipierno,Valverde del Camino,-6.78415588881171,37.514871712607
Camino la Salamandra,Valverde del Camino,-6.7925527802064,37.51649441404
Camino la Liebre,Valverde del Camino,-6.7836731892352,37.519971377337
Calle Extramuros,Puerto Moral,-6.4774909999999295,37.89243300000004
Calle Herrería,Aljaraque,-6.991632999919436,37.26939799956649
Camino de los Rasos,Rosal de la Frontera,-7.130019999999945,37.95964200000009
Calle Ramón y Cajal,Aljaraque,-7.026530000305226,37.269438000109155
Calle Álamo,Aljaraque,-7.004796999975589,37.282777000002696
Calle Pijotas,Ayamonte,-7.315382999970761,37.23245299972443
Camino del Mayllo,La Granada de Río-Tinto,-6.501528999999948,37.800542000000064
Calle Onuba,Cumbres Mayores,-6.642617000474072,38.058675999497936
Calle Jaén,Beas,-6.78969500057426,37.4263069996123
Vía de la Fuente de la Vega,Villablanca,-7.259792999999945,37.310685000000035
Vía de los Montes a Gibraleón,Villablanca,-7.274671999999953,37.319150000000036
Calle Caballito de Mar,Punta Umbría,-6.968149999999923,37.18400500000007
Calle Carabela,Punta Umbría,-6.964016999999956,37.182611000000065
Calle Sapu Si A-490 Calle M,Villanueva de los Castillejos,-7.255725581999911,37.48777264100005
Clara Campoamor,Escacena del Campo,-6.39102699959619,37.4090300000346
Calle San Bartolomé,Santa Ana La Real,-6.725698999999906,37.86407800000006
Calle Veintiocho de Febrero,Villalba del Alcor,-6.475690000305031,37.397243999812815
Camino de la Adeleilla,Santa Bárbara de Casa,-7.175748000269845,37.69898000002711
Calle Santa Teresa,Villalba del Alcor,-6.4747929999524505,37.39835299977572
Calle San Rafael,Valverde del Camino,-6.754930999766602,37.5766599995727
Calle Virgen del Pilar,Valverde del Camino,-6.750827999892697,37.578895999981576
Vía de Villablanca a Lepe,Villablanca,-7.310919999999953,37.34812100000005
Calle Manuel Fernández,Fuenteheridos,-6.6613474396653,37.904944643215
Camino Camino del Perotonero,Berrocal,-6.523416999999938,37.51217600000007
Calle Poeta García Lorca,Bonares,-6.68352331150817,37.3250506735097
Calle Lope de Vega,Bonares,-6.678065000228211,37.32539299987639
Transversal Almirante,Moguer,-6.833164000319318,37.271370000367746
Calle Lagunazo,Aljaraque,-6.992913966681031,37.268761811851114
Calle J (P.I. Cantalgallo),Aracena,-6.5703958654744,37.8957950443887
Calle del Alto,Higuera de la Sierra,-6.44361840671703,37.8342099573828
Calle Bachiller Carrasco,Ayamonte,-7.4017215504066405,37.21738549182915
Calle San Roque,Ayamonte,-7.408026000729196,37.21602400031045
Plaza Doctor Fleming,Ayamonte,-7.399080378029338,37.216496006929944
Complejo Puerto Deportivo,Sanlúcar de Guadiana,-7.46829300032153,37.4725470000442
Urbanización Residencial Villadunas,Isla Cristina,-7.310539558738276,37.19635416394784
Plaza de la Paz,Isla Cristina,-7.326241408591239,37.201689733657595
Calle Cádiz,Beas,-6.789267000804302,37.425790999399496
Carretera HU-3400 N-431 a la Nueva Conexion Acceso a Islantilla,Isla Cristina,-7.261239999889337,37.229337999617385
Calle Virgen de la Coronada,Beas,-6.77326299997131,37.4039689999809
Calle Vázquez Limón,Beas,-6.79260900033095,37.4278190008184
Calle Sevilla,Beas,-6.789881000302145,37.424595000413234
Calle Plan Parcial 5 R3,Bonares,-6.68577200102519,37.3196899998672
Calle Azucenas,Moguer,-6.835908035933888,37.28022386320151
Calle Paraguay,Moguer,-6.834929999594567,37.27882899973494
Calle Pleamar,Moguer,-6.82732500057412,37.1415930004631
Calle Río Tinto,Moguer,-6.8451829999303895,37.27752399999566
Calle Bolivia,Moguer,-6.837208000045024,37.280793000603936
Calle Coral,Moguer,-6.840971819340748,37.27822985368825
Calle Hermana Brigida,Moguer,-6.839718000280289,37.27529799926624
Calle Palos,Moguer,-6.83935299933785,37.2725800002201
Calle Calera,Moguer,-6.83368199996749,37.2754829996068
Calle Unamuno,Moguer,-6.81690806329103,37.1354678462503
Calle Rosalina,Moguer,-6.83405700017721,37.2700849998981
Calle San Francisco,Moguer,-6.842620000588079,37.276687999975564
Calle Alcalde Julián Gamón,Moguer,-6.83037321784205,37.2754779113309
Calle Arrecife,Moguer,-6.829183000160463,37.13609899949864
Calle Reyes Católicos,Moguer,-6.837455000202518,37.27496300059952
Calle Santarén,Moguer,-6.83638099987097,37.2735139998049
Calle Mairena del Alcor,Moguer,-6.80946900055307,37.1304039994943
Calle Delta,Moguer,-6.827917000800183,37.14160400037698
Calle Jofre Tenorio,Moguer,-6.837027000309824,37.272633999745985
Calle Martinete,Moguer,-6.80862757627326,37.128979744199
Calle Inca,Moguer,-6.84165907399978,37.2733491398267
Calle Encina,Moguer,-6.82923299907755,37.2735992705948
Calle Pérez Pastor,Cartaya,-7.15092199999992,37.284608
Calle Monte Romero,Aljaraque,-6.992508000321905,37.26829400033615
Avenida Veintiseis de Junio,Almonte,-6.510681000211547,37.26810099937662
Polígono Industrial La Fontanilla,Higuera de la Sierra,-6.44226359051423,37.8312741900682
Camino de Carabajal,Valdelarco,-6.670940035939769,37.95760957880437
Camino de los Molinos,Cala,-6.34498799999994,37.9701340000001
Calle Mundo Nuevo,Almonte,-6.51242700028324,37.2605560000094
Calle Barco,Jabugo,-6.72795999999994,37.9169620000001
Calle Juan Ramón Jiménez,Palos de la Frontera,-6.896017659628462,37.22885581191227
Calle el Puerto,Santa Olalla del Cala,-6.23237299999994,37.9068990000001
Carretera N-446 de la A-49 a la N-431,Isla Cristina,-7.30539399173108,37.2515451452608
Calle Jilguero,Almonte,-6.53686108958686,36.9882566849037
Plaza Carabela Santa María,San Juan del Puerto,-6.837617093999938,37.31488427700009
Calle Jorge Guillén,Ayamonte,-7.400769999684926,37.26191399976889
Calle Rosa,Ayamonte,-7.401278000789932,37.21499100020298
Calle José Carrasco Pérez,Aljaraque,-6.98840599968568,37.2730539999198
Calle Granada,Almonte,-6.54400430168228,36.9990365075563
Calle Tablas de Daimiel,Almonte,-6.50979415678358,37.252358872116
Travesía Tharsis Transversal Carre,Alosno,-7.120766999999944,37.55074300000007
Calle Cautivo de Aracena,Aracena,-6.55929724557126,37.8946626602538
Calle Escacena del Campo,Bonares,-6.68627883680345,37.3219941896215
Polígono Industrial la Pasadera,Lucena del Puerto,-6.73492898699993,37.3041014560001
Calle Olmo,Corteconcepción,-6.507975000633905,37.898334999169435
Camino Corral,Hinojales,-6.5832590330777165,38.00574487612528
Plaza Nuestra Señora Esperanza,Cumbres Mayores,-6.642926000334526,38.05956799926399
Calle Santa María,Villalba del Alcor,-6.47634899949843,37.3960419999522
Camino del Almazarron,Paterna del Campo,-6.400202000022181,37.4301580003915
Camino Vereda Real de Ganados,Villalba del Alcor,-6.504042999761258,37.41678000031665
Paraje Estación,Beas,-6.826679281496386,37.42531262152614
Calle de las Zancudas,Ayamonte,-7.37614600028515,37.1758170002085
Calle García Lorca,Almonte,-6.51645200033436,37.2549499998217
Calle Vázquez Díaz,Almonte,-6.51296600035666,37.2575669998966
Calle José Hierro,Almonte,-6.52814524406516,37.2635326279699
Avenida Juan Ramón Jiménez,Corteconcepción,-6.504571999419603,37.894943999892455
Calle Cabecillo,Corteconcepción,-6.498630999847554,37.892398999760246
Calle Padre Mariana,Nerva,-6.547930999776612,37.69950499986008
Calle Ayala,Nerva,-6.552249234601917,37.69690584610154
Paseo Barranco Santa María,Nerva,-6.5491164915058215,37.69833477630223
Urbanización Residencial Huerta Primera,Ayamonte,-7.39368799986553,37.2171359999323
Calle María Cristina,Nerva,-6.5512375633875,37.6940559460657
Calle Narciso Castañeda,Nerva,-6.54173899949891,37.68909099970984
Calle Obispo Cantero Cuadrado,Nerva,-6.54498584085565,37.6928328949928
Barriada San José Obrero,Nerva,-6.55515993965984,37.6940086256465
Calle Colón,Punta Umbría,-6.969613999999922,37.18467600000008
Plaza Virgen del Refugio,Huelva,-6.94966300004762,37.2590779996464
Calle Manuel Martín Robles,Huelva,-6.9307209997517,37.2532390004374
Plaza de los Scouts,Huelva,-6.928686402546897,37.26053418624005
Calle B (Polígono Industrial San Diego),Huelva,-6.905530000491009,37.27520900006456
Polígono Industrial Naviluz,Huelva,-6.91495800032512,37.2689720000457
Calle del Comercio,Huelva,-6.87521466053387,37.3094500445964
"Calle Antonio Herrera Abrio ""La Moni de Huelva""",Huelva,-6.941662737263059,37.261655087052425
Calle Zarapico,Huelva,-6.950428000329015,37.278761000280994
Plaza de la Capitalidad de Huelva,Huelva,-6.9479076279305065,37.261030580208036
Parque los Castaños,Jabugo,-6.73050999999992,37.9144160000001
Plaza Río Guadiana,Punta Umbría,-6.976683999999921,37.188750000000084
Barriada Alcalde Diego Expósito,Alosno,-7.125061,37.600262
Calle Ayamonte,Punta Umbría,-6.974315708999939,37.18670446400006
Calle Castilla,Bollullos Par del Condado,-6.54313000004926,37.3400279997926
Calle las Flores,Chucena,-6.392976000441965,37.3637819998396
Calle Arias Montano,Higuera de la Sierra,-6.4502946345896,37.8356435888807
Camino de Cañoso,Hinojos,-6.36136499959491,37.2498180000008
Plaza Helios,Punta Umbría,-6.970454758999949,37.18963254400006
Camino Racio,Hinojos,-6.409527000170756,37.2104789998062
Calle Escribanos,Moguer,-6.8350070000632925,37.27396199996633
Calle Campo Castillo,Niebla,-6.677812000223429,37.36189800019267
Calle las Huertas,Niebla,-6.67634199988322,37.36549699978693
Camino de la Lagunilla,Niebla,-6.7271670000568795,37.35449499964463
Camino de Robo Conejo,Niebla,-6.710055999684452,37.48562699978639
Calle Arriba,Jabugo,-6.7300491168651,37.917638626659
Calle de los Charranes,Ayamonte,-7.38311040499143,37.1737843813072
Calle Puerto,Huelva,-6.95344699975608,37.25871300016046
Plaza Ivonne Cazenave,Huelva,-6.948886205776169,37.262052000789154
Carretera HU-6102 el Cerro de Andevalo a la HU-7104,Almonaster La Real,-6.871787999999924,37.79041500000005
Calle Vázquez Díaz,Gibraleón,-6.974647999999945,37.37790200000006
Calle Jesús Cautivo,Bollullos Par del Condado,-6.53656500037435,37.3352889997877
Calle Enmedio,La Nava,-6.745237225417418,37.96339038256026
Calle del Cobre,Almonaster La Real,-6.67397362243346,37.7766331058051
Carretera N-433 de Sevilla a Lisboa,Aroche,-6.93852982699991,37.9545089700001
Camino Carril de la Bajena de los Cires,Aroche,-6.979934999999955,37.86883500000005
Barriada Asland,Niebla,-6.68697600058304,37.3590869996281
Camino de los Rasos y de la Cabeza,Aroche,-6.994699999999909,37.940495000000055
Camino de Monteblanco,Aroche,-7.035490999999922,37.98405200000008
Carretera HU-8115 Acceso a el Castaño del Robledo,Castaño del Robledo,-6.707495999999935,37.893661000000066
Calle Jilguero,Almonaster La Real,-6.84630004355316,37.8494196528676
Carretera H-9011,El Almendro,-7.240172999999913,37.517435000000035
Carretera H-1311,Cartaya,-7.149276999999927,37.293018000000075
Camino de Fuenteheridos,Cortelazor,-6.630836999999929,37.93037600000008
Grupo Cruzadillo,Cortegana,-6.96692949450659,37.7964317724315
Camino Valdelarco,Cortelazor,-6.633808999999928,37.93932900000004
Carretera H-9004,Cortegana,-7.024904999999933,37.791116000000045
Camino Zorreras,Bollullos Par del Condado,-6.547433999779118,37.33310599984219
Camino Camino de las Cabezadas,Cabezas Rubias,-7.055717999999956,37.80854400000004
Camino del Matuloso,Calañas,-6.856817999999919,37.64155500000004
Calle Jabugo,Cartaya,-7.143567944999916,37.28783417800008
Calle Emilio Martín,Alájar,-6.66405919253582,37.8745695853963
Calle Cervantes,Higuera de la Sierra,-6.4427069996282,37.8296189999171
Camino Azores,Aracena,-6.5945881130995,37.916111986334
Calle Cuesta (Castañuelo),Aracena,-6.58053900027445,37.936898999989
Camino Lirio,Bollullos Par del Condado,-6.54563856717298,37.3501425358365
Calle Hinojales,Cala,-6.32178008586503,37.9713429723801
Calle García Sarmiento,Palos de la Frontera,-6.888550000429481,37.22245100033608
Calle D (Parque Empresarial Sierra de Aracena),Aracena,-6.53144088368972,37.8795724949748
Camino de Alájar,Campofrío,-6.589041999999949,37.77809800000006
Calle Almoradux,Bonares,-6.66729699,37.3225034
Plaza del Punto,La Palma del Condado,-6.55701096199994,37.3894260020001
Calle Tenerías,Aracena,-6.56927744589725,37.8870179714024
Calle Córdoba,Niebla,-6.677828000061949,37.36441700034452
Camino de la Zarzuela,Hinojos,-6.423890999769665,37.281706000132004
Camino de la Casa de las Coloradas,Paterna del Campo,-6.407068000088011,37.48025300017596
Camino del Juquillo,Paterna del Campo,-6.387610000301124,37.495794000093234
Camino Camino de los Pinos,Gibraleón,-6.859346040999924,37.40941542100006
Camino de la Verdeja,Chucena,-6.395688999647432,37.36689000017358
Calle el Muro,Cumbres Mayores,-6.64534600041743,38.05892300009658
Colada de Espada,El Granado,-7.35585999999995,37.42538100000007
Senda Raya Larga,Hinojos,-6.424957000365105,37.23397799978507
Carretera HU-3200 A-494 a Mazagón (Campamento),Palos de la Frontera,-6.800674000034495,37.12480600021125
Camino las Marismas Hinojos,Hinojos,-6.402856000104184,37.18684199975863
Carretera HU-9107 Cortelazor a Hinojales,Hinojales,-6.606015443058112,38.005524856986725
Calleja Montero,Hinojales,-6.585969999815479,38.007498000132756
Camino de la Cañadita,Paymogo,-7.286281999999915,37.83042300000005
Vía de la Pasada de las Piedras,Puebla de Guzmán,-7.436107999999933,37.68869300000006
Camino de la Tejuela,Paterna del Campo,-6.420747999620379,37.49204800001537
Camino de las Mulas,Paterna del Campo,-6.556328999883342,37.513462000071385
Camino del Pinguete,Paterna del Campo,-6.4028610003347355,37.428704999935995
Calle Rafael Alberti,Trigueros,-6.832294245999947,37.384212183000045
Camino Salvador,Puerto Moral,-6.476125999999908,37.898011000000054
Vía de las Puercas,Lucena del Puerto,-6.717098999999905,37.24903500000005
Vía de Cristos,Lucena del Puerto,-6.725962999999922,37.295165000000054
Camino de Canamales,Niebla,-6.629118000295278,37.35152600032481
Pasaje Alcolea,Trigueros,-6.83287560399987,37.3811332280002
Camino de los Toriles,Niebla,-6.704904000419112,37.40924800019516
Calle Viento del Cierzo,Trigueros,-6.83503227599988,37.3768330820002
Sector Junco,Almonte,-6.54288300045342,36.9980619991569
Calle María del Valle Rubio,Chucena,-6.39088900042685,37.3661939995536
Calle la Fontanilla,Paterna del Campo,-6.403890618856821,37.41971640019183
Calle Andaluz Universal,Moguer,-6.84421625,37.27649519
Camino la Corte,Santa Ana La Real,-6.731698999999935,37.859570000000076
Plaza San Pedro,Valverde del Camino,-6.754229999814594,37.5764300001797
Calle Alfareros,La Palma del Condado,-6.551178182999934,37.38677412000004
Camino del Pilar,La Palma del Condado,-6.5685738609307,37.3984431728781
Barriada Ilipla,Niebla,-6.6768095651835,37.366575840862
Muelle Martínez Catena,Isla Cristina,-7.328390000492072,37.201912999613974
Calle Jesús Conde Delgado,Calañas,-6.87604499999992,37.656169000000034
Calle Vicario,Aracena,-6.5595019819216,37.894203151483
Travesía Doctor Adame,Valdelarco,-6.68192099995401,37.950669000074456
Plaza Santa Lucía,Aracena,-6.5619939230393,37.896099602951
Calle Mesones,Aracena,-6.5605219998902,37.8947949999894
Calle Cervantes,Hinojos,-6.382948000249866,37.29274300008953
Apartamentos Albéniz - Avenida Playa De Cartaya N 39,Cartaya,-7.104781170999956,37.21741925400005
Calle Blas Infante,Trigueros,-6.82845343299988,37.3812523080001
Calle la Niña,Bollullos Par del Condado,-6.54058100031273,37.3337649996551
Barriada Rafaela Flores,Aracena,-6.5567419482996,37.888896712797
Calle Virgen del Rosario,Aracena,-6.51617699996839,37.8596529999861
Calle Rafael Alberti,San Bartolomé de la Torre,-7.103670999999906,37.44700100000006
Calle Manuel Rubio Díaz,Hinojos,-6.37714999997238,37.2918920004157
Calle Zorzal,Aljaraque,-7.019559000436357,37.269400000075976
Calle Campo de Tejada,La Palma del Condado,-6.545904995999933,37.39029662000007
Calle Cartaya,La Palma del Condado,-6.560321182999928,37.38681724500003
Camino del Tartaja,Paterna del Campo,-6.42591799971579,37.483693999678536
Calle Andalucía,Trigueros,-6.8346408079999605,37.38315924500006
Calle Nueva,Puebla de Guzmán,-7.246389999999906,37.61370100000005
Avenida del Ferrocarril,Valverde del Camino,-6.750230445613491,37.57795300660892
Calle Gua,Aljaraque,-6.989030568702544,37.272093113800594
Calle Almendros,Cartaya,-7.15160152415091,37.2841667554617
Calle el Campillo,Valverde del Camino,-6.7523735857891,37.5696562188111
Calle Valverde del Camino,Aljaraque,-7.027780999849613,37.268573999777345
Calle Jacinto,Aljaraque,-7.02298400039908,37.2635000000867
Calle Hueca,Aljaraque,-6.989433453217269,37.27235821630115
Calle Tortuga de Mar,Punta Umbría,-6.968565999999953,37.18403200000006
Calle Huerta,San Juan del Puerto,-6.84053099999994,37.3205390000001
Plaza Álamo,Cabezas Rubias,-7.08720630666698,37.7259440574135
Calle Quevedo,Higuera de la Sierra,-6.447772000277405,37.83756700041694
Plaza Andalucía,Campofrío,-6.57391199999995,37.76536
Callejón Carnicería,Cabezas Rubias,-7.08630799999992,37.7270950000001
Calle Calvario,La Palma del Condado,-6.55493099599994,37.3805154950001
Carretera A-5059 Acceso Norte a el Portil,Punta Umbría,-7.0582330669999465,37.22531777800009
Calle Jesús,Punta Umbría,-6.965738999999928,37.18249000000009
Calle Poeta Adriano del Valle,Punta Umbría,-6.97251999999992,37.1883050000001
Paseo de la Ermita,Cala,-6.31557599999991,37.9700730000001
Calle el Alcornocal,Cala,-6.30980899999992,37.969676
Camino Camino de Fuente Cubierta,Cabezas Rubias,-7.137311999999952,37.786163000000045
Calle Antonio Machado,Calañas,-6.880031999999915,37.65155200000004
Calle Traslasierra,El Campillo,-6.630008999999916,37.69437900000008
Calle Roque Barcia,El Campillo,-6.626714999999933,37.69526300000007
Calle San Vicente,El Campillo,-6.629924999999957,37.69542000000007
Calle Prado Viejo,Cartaya,-7.054829999999924,37.21326600000009
Calle Dalí,Cartaya,-7.14694299999991,37.277634
Calle Barca,Ayamonte,-7.343448000508577,37.18904899999882
Calle Huelva,Jabugo,-6.73749799999996,37.91530300000005
Calle Miguel Delibes,San Juan del Puerto,-6.84494366518238,37.3185113376358
Calle Feria,San Juan del Puerto,-6.8365972176497,37.314533446017
Calle Alfonso X Sabio Prolongacion,Niebla,-6.675977000138302,37.36666499969012
Barriada Valdeflores,Niebla,-6.68873400027367,37.3583280001373
Calle la Fuente,Bonares,-6.68501300011523,37.3206089999358
Solar a Sapu I-2 Calle,Villalba del Alcor,-6.475601458241528,37.40153056383138
Calle Serrania de Ronda,Punta Umbría,-6.977459999999951,37.18853800000005
Calle Salmon,Ayamonte,-7.31521900051044,37.230886999810195
Travesía Barros Trasera1,San Bartolomé de la Torre,-7.1053779999999165,37.44750000000005
Calle Helecho,Punta Umbría,-7.051790999999923,37.21169000000009
Calle Pastor Alonso Gómez,El Almendro,-7.27069829553755,37.5080257504158
Calle Larga,Puebla de Guzmán,-7.24819499999995,37.613772
Calle Unamuno,El Campillo,-6.624433999999951,37.694356000000084
Calle Felipe Godinez,Moguer,-6.838702000589289,37.271051999930364
Plaza Arriero,El Campillo,-6.630453999999929,37.69602500000008
Plaza Virgen del Rocío,Aljaraque,-7.027374000553411,37.26947200036666
Calle Guadiana,Rociana del Condado,-6.60209599999996,37.30945900000006
Calle la Tenería,Puebla de Guzmán,-7.24252,37.613324
Calle Solana,Zufre,-6.344343999999921,37.83331400000009
Calle Cuartel,Cartaya,-7.12340099999994,37.2177540000001
Calle Tranquilidad,Cartaya,-7.15582999999992,37.286617
Camino al Grillito,Gibraleón,-6.955546902999913,37.357274558000086
Calle Cementerio,Paterna del Campo,-6.4049009999810105,37.42366699963248
Calle Cruz Verde,Paterna del Campo,-6.400308999560566,37.4213839995721
Calle Crisantemo,Aljaraque,-7.028320999801488,37.26383399982973
Camino de Castilleja,Paterna del Campo,-6.3615422910437305,37.44540422682378
Calle Calderón de la Barca,Trigueros,-6.84037450399995,37.3859584060001
Carretera Hu-3106 Gibraleon-Trigueros,Trigueros,-6.843770781999979,37.38413006300004
Calle Tirso de Molina,Trigueros,-6.839810747999934,37.38785644200004
Calle Carpinteros,Trigueros,-6.83661655799995,37.3809018700001
Calle Antonio Mairena,Trigueros,-6.82679068099998,37.3852973680001
Calle Molino de Viento,Trigueros,-6.83340793299993,37.3787405580001
Calle Primero de Mayo,Trigueros,-6.83906549599988,37.3858155580002
Calle C (Laguna del Tornejón),Trigueros,-6.810185585999932,37.325378312
Plaza Isabel II,Villarrasa,-6.608313999591221,37.38993399985431
Plaza de España,Villarrasa,-6.606042000038105,37.39031700042939
Urbanización Residencial Oscar II,Cartaya,-7.055154739999921,37.214461448000066
Calle Miguel Ángel,Cartaya,-7.14846908,37.28130349
Plaza Redonda,Cartaya,-7.15482899999995,37.283416000000045
Calle Tomillo,Lucena del Puerto,-6.731972999999925,37.303420000000074
Calle Cádiz,Cartaya,-7.108494827999948,37.21704233000008
Calle Escalerilla del Alto,Cartaya,-7.15645699999993,37.2810860000001
Calle León,Cartaya,-7.106784178999931,37.21714405100005
Calle Luna,Cartaya,-7.158818999999937,37.28241200000008
Urbanización el Faro,Cartaya,-7.12487399999992,37.218196000000034
Calle Gardenia,Cartaya,-7.1465302479999195,37.28663357700009
Calle San José,Cartaya,-7.158802999999921,37.28519400000005
Calle Geranio,Cartaya,-7.148824461999936,37.28725239600004
Calle Diego López de Cortegana,Cortegana,-6.823774648999915,37.91524265500004
Calle Rodrigo de Triana,Cartaya,-7.05890647018615,37.2163861162774
Calle Sevilla,Cartaya,-7.110735999999918,37.21963100000005
Calle Americo Vespucio,Cartaya,-7.059097698999949,37.21669508200006
Calle Baelo Claudia,Cartaya,-7.149849464999932,37.28788322300005
Calle Hermanos Corpas,Cartaya,-7.15466282299991,37.28275822000006
Calle Cortegana,Cartaya,-7.157873859999938,37.278030959000034
Calle Talero,Castaño del Robledo,-6.7036039999999275,37.89548800000006
Urbanización Residencial San Bruno I,Ayamonte,-7.3841866793335,37.176598178783
Calle Cefiñas S.Mames,Aroche,-6.858833999999945,37.967220000000054
Calle Andalucía,El Cerro de Andévalo,-6.937624761999928,37.73377224500007
Calle Tetuán,Zufre,-6.33884199999994,37.8341260000001
Calle Pozo,El Cerro de Andévalo,-6.93747731299993,37.7354052150001
Calle a (Cabezas),Puebla de Guzmán,-7.2955599999999095,37.61344100000008
Calle Sevilla,Cortegana,-6.818901999999923,37.90830200000005
Avenida de las Minas,Cortegana,-6.81918299999995,37.904362
Calle Jazmines,Galaroza,-6.712598999999955,37.926082000000065
Calle Bordadora Agustina Gómez,Cortegana,-6.826194999999927,37.90776800000009
Calle Peñas,Cortegana,-6.81874799999991,37.9076430000001
Calle Valverde del Camino,Gibraleón,-6.972722999999917,37.37295300000005
Grupo el Minero,Cortegana,-6.96755,37.796445
Calle Dulcinea,Gibraleón,-6.9635142989602,37.373414609942
Calle Virgen Coronada,Cortelazor,-6.624327187999938,37.936913367000045
Camino de Crianza,Cortegana,-6.836734999999919,37.91318200000006
Calle Mosto,Galaroza,-6.70820399999991,37.927681000000064
Calle Álamo,Fuenteheridos,-6.6628889918825,37.905045323239
Plaza Coso,Fuenteheridos,-6.66047199999991,37.9035670000001
Calle Zurbarán,Gibraleón,-6.974087999999938,37.37827800000008
Calle de la Cultura,Galaroza,-6.712224999999933,37.92826700000006
Calle Cala,Gibraleón,-6.973613999999941,37.37819700000006
Calle Gloria,Galaroza,-6.706924999999956,37.92831000000007
Calle Huelva,Galaroza,-6.708753999999942,37.928082000000074
Calle Pedrera,Galaroza,-6.705978999999957,37.924983000000054
Calle Virgen de la Cinta,Gibraleón,-6.973534999999913,37.37254100000007
Plaza Luis Cernuda,Gibraleón,-6.963946435999958,37.38011235500005
Calle Trafalgar,Gibraleón,-6.96232399999991,37.376126000000056
Calle Real de la Feria,Gibraleón,-6.96611199999995,37.375567
Plaza María Coronel de Guzmán,Gibraleón,-6.963213999999937,37.376209000000074
Calle Maestro Antonio de la Rosa,Gibraleón,-6.969685999999911,37.376900000000035
Calle Clara Campoamor,Gibraleón,-6.96267099999994,37.375792
Calle Virgen de Consolacion,Gibraleón,-6.9746679999999515,37.372021000000075
Camino de la Puebla,El Almendro,-7.183590999999922,37.51129600000007
Calle Antonio Machado,Aroche,-6.9493609999999535,37.945756000000074
Callejón de la Fragua,El Almendro,-7.26997188299993,37.5077674400001
Aldea Gil Márquez,Almonaster La Real,-6.84597621299991,37.8497650290001
Calle Almendros,El Almendro,-7.268014999999934,37.50397500000008
Calle Tórtola,Almonaster La Real,-6.84754154484572,37.8500374394983
Muelle Puerto Deportivo,Ayamonte,-7.40532293272492,37.2108850936766
Calle Peral,Aljaraque,-7.017538000691819,37.284805000035824
Calle Mar Blanco,Palos de la Frontera,-6.85331499962852,37.1433340000133
Calle Enrique Acosta,Rociana del Condado,-6.597765999999922,37.31176000000005
Travesía tras Diputacion,San Bartolomé de la Torre,-7.1053139999999075,37.444135000000074
Calle Gavidia Humanes,Zufre,-6.33915999999994,37.8337220000001
Calle Nao,Ayamonte,-7.340820000113395,37.185625999687105
Calle Santa Ana,Jabugo,-6.7478208676443,37.893139191081
Calle Otoño (Valdezufre),Aracena,-6.493697000216214,37.86685600030431
Calle El Cabezo (Corterrangel),Aracena,-6.59934699976402,37.9379669997774
Calle Jesús y María,Aracena,-6.55970600003176,37.8905389997752
Calle Cruces,Aracena,-6.56392799957738,37.8915719997482
Calleja Antiguo Teatro Ayala,Aracena,-6.5618359479735,37.894804026132
Calle de la Fuente (La Umbria),Aracena,-6.457846999938932,37.8599280000773
Calle Río Odiel (Valdezufre),Aracena,-6.494446999729108,37.865154000057174
Calle San Roque,Aracena,-6.55900900026497,37.8956370001476
Calle Pp1 - Calle E,Aracena,-6.570587046754694,37.89103710008222
Calle Jesús,Bollullos Par del Condado,-6.538940000180771,37.33811699979983
Calle Pilar,Bollullos Par del Condado,-6.536770999981501,37.33989299986222
Calle Huertecillos,Bollullos Par del Condado,-6.534839999965881,37.34463700009762
Calle Daoíz,Bollullos Par del Condado,-6.538612000343347,37.33630199973767
Calle Zalema,Bollullos Par del Condado,-6.54597099976163,37.34363899994008
Calle Pantano,Cañaveral de León,-6.529423000171192,38.014796000335295
Calle Don Mariano Navarro,Cañaveral de León,-6.527260000248642,38.01452999975986
Calle Cervantes,Cañaveral de León,-6.526743999835578,38.01379800017776
Calle Juan Ramón Jiménez,San Juan del Puerto,-6.841295999999943,37.318940000000055
Calle Rábida,Cumbres de Enmedio,-6.69261100009746,38.07317399988036
Calle Nueva,Hinojales,-6.5896022302585635,38.00887133864154
Calle Colón,Cumbres de Enmedio,-6.69379699993145,38.073088000411
Calle Real,Cumbres de Enmedio,-6.69312599956506,38.073047000319
Calle Monte Chico,Cumbres Mayores,-6.644154844770156,38.06415425841253
Calle Amparo,Cumbres Mayores,-6.642699622989035,38.06452589335544
Calle la Fuente,Cumbres Mayores,-6.643264999779753,38.063571999548294
Calle Ostria,Aljaraque,-7.014815000031081,37.27742999979362
Calle Abajo,Lucena del Puerto,-6.731710999999962,37.30428200000006
Calle Narciso Suárez,Cumbres Mayores,-6.64804259059294,38.0618949339042
Calle Madrid,Valverde del Camino,-6.75603050889911,37.5763416418821
Calle Puebla de Farnals,Cumbres Mayores,-6.642380000336601,38.0597040001397
Carretera Carretera la Estación,Cumbres Mayores,-6.64339100019439,38.0580250000539
Camino Alcalá,Chucena,-6.391221999595444,37.357237000187574
Calle Valencita,Encinasola,-6.8751256493291,38.1392740218788
Calle Eugenio Silvela,Encinasola,-6.8665246349038,38.1389776943653
Calle Nuestra Señora de la Esperanza,Hinojos,-6.378430999690765,37.29304599967335
Calle San Isidro Labrador,Escacena del Campo,-6.39121400012583,37.407393000087
Calle Sor Ángela de la Cruz,Escacena del Campo,-6.3916084423897,37.411240744413
Calle el Molino,Hinojos,-6.379302000286946,37.29307900029576
Calle 15 de Agosto,Escacena del Campo,-6.387611000347214,37.40556100014019
Callejón de los Bueyes,Escacena del Campo,-6.384173000083714,37.40402400030754
Calle Muñoz y Pabón,Hinojos,-6.37804199973834,37.2923249996991
Calle Pozo Máquina,Hinojos,-6.379585999893799,37.28926599982617
Avenida Constitución,Hinojos,-6.378528103089331,37.29184275983572
Calle Doctor Fleming,Manzanilla,-6.428269000214021,37.387603000278396
Calle Marimarcos,La Palma del Condado,-6.555450321999956,37.386439788000075
Calle la Alcantarilla,Manzanilla,-6.429021999865276,37.38986700036198
Senda Raya Pino Gancho,Hinojos,-6.44972999973955,37.2050640001037
Calle Rafael de la Haba,Manzanilla,-6.42775900007759,37.3868620002813
Calle Zalema,Manzanilla,-6.440128000306794,37.391425000263695
Calle Santo Cristo,Manzanilla,-6.429129000302941,37.38773800020866
Calle Padre Luis Gordillo,La Palma del Condado,-6.553896870999949,37.38792549500005
Calle Virgen del Pilar,Manzanilla,-6.42824199986824,37.392078999846184
Barriada Nuestra Señora del Valle,Manzanilla,-6.428124999868684,37.39237700009866
Camino Cementerio,La Nava,-6.7450943042586,37.964284506524905
Calle Moravia,La Palma del Condado,-6.555848682999965,37.38286037000006
Calle Bodega Soriano,La Palma del Condado,-6.54559283024109,37.3636347194371
Calle José Díaz de la Mora,La Palma del Condado,-6.550932307999972,37.38844755800005
Calle Castaño de Indias,La Palma del Condado,-6.544498370999975,37.39148449500004
Calle Cabezas del Pasto,Aljaraque,-6.9921068495394,37.267732857826
Calle Poeta José María Enrique Calero,La Palma del Condado,-6.55876973815618,37.3863111708504
Calle Mantua,La Palma del Condado,-6.555676870999946,37.383183433000056
Calle Muñoz y Pabón,La Palma del Condado,-6.55555043299995,37.3877573080001
Calle Siempre Alegres,La Palma del Condado,-6.551134432999959,37.384591870000065
Calle San Cristóbal,La Palma del Condado,-6.54609887099997,37.3868668700001
Calle Alcalde José Miguel Pavon Díaz,La Palma del Condado,-6.55650502,37.39005515
Calle Pilar,La Palma del Condado,-6.55865914505482,37.3907187088221
Calle Trigueros,La Palma del Condado,-6.55932443299986,37.3865669950001
Barriada Antonio Machado,Paterna del Campo,-6.40426000009877,37.4198970002466
Plaza de España,Paterna del Campo,-6.401549000086114,37.42107299961938
Calle Emigrantes,Paterna del Campo,-6.405663000047256,37.42080399980487
Calle Ramón Carande,Paterna del Campo,-6.404600329641274,37.41834396280383
Calle Juan Ramón Jiménez,Paterna del Campo,-6.401406999832958,37.41752100039396
Calle Dalia,Aljaraque,-7.024715999814561,37.264062000117256
Calle Séneca,Punta Umbría,-6.96951199999995,37.190162
Calle Noria,Villanueva de los Castillejos,-7.27044999999993,37.500635
Calle Góngora,Gibraleón,-6.96324005587663,37.373024265182
Antigua Carretera,Jabugo,-6.7275679630744,37.898251635188
Calle Rafael Alberti,Alosno,-7.12374699999992,37.605216
Calle Barrios,Alosno,-7.114058999999941,37.547627000000034
Plaza San Benito,Alosno,-7.115946999999949,37.600861000000066
Calle Bonifacio Romero López,Alosno,-7.11697099999992,37.546344
Barriada Consejero Jaime Montaner Calle B,Alosno,-7.12337399999996,37.605619
Carretera H-9004,Aroche,-7.063178999999934,37.83875800000004
Calle Cilla,Aroche,-6.954070999999942,37.94413700000007
Calle Moura,Aroche,-6.954599999999914,37.944919000000084
Camino de Ayamonte,Alosno,-7.12231799999995,37.529355000000066
Calle los Toros,Santa Olalla del Cala,-6.22978899999993,37.9051010000001
Calle Sagrado Corazon,Aroche,-6.860117999999943,37.96832200000006
Carretera H-9005,Aroche,-7.067789999999945,37.837109000000055
Camino de Huerta Mandera,Aroche,-6.9729509999999095,37.977032000000065
Calle Federico García Lorca,Aroche,-6.9488139999999134,37.945831000000055
Plaza Constitución,Arroyomolinos de León,-6.42266035099993,38.0237514060001
Camino Viejo de Soleta,Aroche,-6.9534119999999575,37.936788000000035
Travesía Calvario Traser,Berrocal,-6.5410139999999615,37.60623600000008
Travesía Iglesia Transv,Berrocal,-6.542997999999955,37.609053000000074
Calle Patera,Punta Umbría,-6.961640999999929,37.181568000000084
Calle Santa Lucía,Ayamonte,-7.40536399990171,37.21378000001064
Placita del Sopla,Chucena,-6.3913442521485,37.362845887165
Camino de las Atayuelas,Paterna del Campo,-6.4472790000257065,37.455250000087574
Calle Virgen del Pilar,Sanlúcar de Guadiana,-7.465735000169921,37.47404900006153
Calle Sauce,Aljaraque,-7.007734999994819,37.28696600039671
Travesía Cuartel Transv,Paymogo,-7.346913699999959,37.74124273000007
Calle Jesús del Gran Poder,San Juan del Puerto,-6.839423729999908,37.317754156000035
Calle Andrés Blas,Valverde del Camino,-6.752567999792,37.5718420003726
Calle San Pedro,Aljaraque,-6.988490953296,37.274088964979
Calle de los Maestros,Huelva,-6.94910415507521,37.2516508798116
Avenida de la Mojarra,Ayamonte,-7.346522000656821,37.183023999901195
Calle San Diego,Ayamonte,-7.407836999735267,37.21281600028736
Calle Ribera del Huelva,Puerto Moral,-6.477942554999913,37.89265199700009
Calle Diezmo,Palos de la Frontera,-6.8963280004078085,37.22970799983867
Calle Ibis,Punta Umbría,-6.967879999999923,37.18464600000004
Calle Cristo Resucitado,San Juan del Puerto,-6.83935625699991,37.3169499990001
Calle Celestino Gómez Jaldon,San Bartolomé de la Torre,-7.105036999999925,37.44857300000007
Calle Sapu Si A-490 Calle H,Villanueva de los Castillejos,-7.25558777699996,37.48932548
Calle Córdoba,Beas,-6.788978999852507,37.425283999532475
Calle Álamo,La Palma del Condado,-6.5577651829999,37.3868555580001
Vía de Villanueva de los Castillejos a Cartaya,Villanueva de los Castillejos,-7.22001199999994,37.41099400000007
Polígono La Juanita,San Juan del Puerto,-6.84672786,37.312737
Cuesta de la Ermita,Villanueva de las Cruces,-7.022704340999951,37.62857348500006
Plaza Rosalía de Castro,San Juan del Puerto,-6.846937887999957,37.31658242600008
Vía de los Huertos,Villanueva de los Castillejos,-7.24793399999993,37.43293500000004
Vía Carril de los Alosneros,Villanueva de los Castillejos,-7.218661999999938,37.46455300000008
Camino Viejo Villanueva de las Cruces a Alosno,Villanueva de las Cruces,-7.026768999999945,37.62548500000008
Vía de Peralilos,San Bartolomé de la Torre,-7.137100999999916,37.42623700000007
Callejón Retamar,Linares de la Sierra,-6.621610000301167,37.878807000143105
Plaza Altozano,Aracena,-6.54420723407642,37.9180306973589
Calle Barberos,Aracena,-6.5604090000751,37.8932259995804
Vía de Villanueva de los Castillejos,Villablanca,-7.3204999999999245,37.33769500000005
Vía del Centenil,Villablanca,-7.306944999999928,37.32310200000006
Vía de la Parra,Villablanca,-7.362893999999926,37.324028000000055
Camino de Jimonete,Santa Bárbara de Casa,-7.217317999925545,37.82588600043872
Calle Orinque,Punta Umbría,-6.97003599999994,37.1861020000001
Calle Garza,Punta Umbría,-6.956974999999943,37.17478900000009
Calle Pez,Punta Umbría,-6.963266999999917,37.18149500000004
Barriada Doctor Royo Cerrejón,Alosno,-7.120041999999955,37.54871300000008
Calle Serranía de Ronda,Aljaraque,-7.01036329052497,37.2959670727553
Travesía Real Trasera,Paymogo,-7.345013784999935,37.740121747000046
Calle la Pinta,Rociana del Condado,-6.59750625199996,37.3136278960001
Calle República Argentina,Palos de la Frontera,-6.890545000087511,37.227732999910316
Barriada Pintor José Manuel Pascual,Nerva,-6.546566649068005,37.69102417812054
Calle Santa María de la Rábida,Moguer,-6.8410205821932,37.140059496297
Calle Arroyo Gallinero,Villanueva de los Castillejos,-7.27031299999993,37.4960990000001
Calle Bellavista,Punta Umbría,-6.97186699999992,37.1817
Avenida de Sevilla,Rosal de la Frontera,-7.21450599999991,37.9689930000001
Calle Ilipula,Niebla,-6.68193799983864,37.3626089997057
Calle Cruz de Hierro,Corteconcepción,-6.50068699948708,37.8923319994623
Calle Jesús Nazareno,Huelva,-6.95479700048122,37.2569219995663
Calle Santiago,Bollullos Par del Condado,-6.53461000015122,37.336286999945244
Avenida del Tres de Marzo,Huelva,-6.92410413942948,37.268042357193
Calle Camino de los Tarajales,Almonte,-6.48048032086251,37.1318632249888
Calle Lagar de Cera,Aracena,-6.56723464126557,37.8894267902144
Calle Carpa,Punta Umbría,-6.963971999999956,37.18308200000007
Calle Fragata,Punta Umbría,-6.967026999999916,37.18147300000004
Calle Barrio Alto,Santa Bárbara de Casa,-7.18631250716056,37.7980383428936
Calle el Lobato,Lepe,-7.211136000599931,37.25407900027986
Calle San Blas,Aracena,-6.56176999988546,37.8941649997151
Calle Piragua,Ayamonte,-7.34188499985687,37.1900059996317
Calle Margarita,Punta Umbría,-6.982003999999961,37.19454600000006
Calle Carpe,Aljaraque,-7.01422100057909,37.2781820003539
Calle Sierra de Cazorla,Aljaraque,-7.013197392335081,37.295320522357095
Plaza del Antiguo Camino de Corrales,Aljaraque,-7.02157343282811,37.2719641838465
Calle Pozo Nuevo,San Bartolomé de la Torre,-7.10423099999991,37.4448950000001
Grupo Segundo,Cortegana,-6.80301199999991,37.960946000000035
Calle Patera,Ayamonte,-7.343180000742245,37.1899419996267
Paraje Medianaranja,Rociana del Condado,-6.6001688523339,37.314945333884
Calle Damián Larios Morales,Hinojos,-6.37533399986404,37.2931079998345
Calle Alpizar,La Palma del Condado,-6.54686912099993,37.3897610580001
Calle Santa Ana,Palos de la Frontera,-6.89214599973511,37.2230630003418
Paraje Huerto Arrayán (Pol 008),Beas,-6.7822653277783,37.486460083463
Calle Escamas,Punta Umbría,-6.96830699999992,37.1905560000001
Plaza Lorenzo Poyatos,Aljaraque,-6.9927604655014,37.267057987954
Calle Ostreros,Punta Umbría,-6.955125793999912,37.17524918300006
Calle Toneleros,San Juan del Puerto,-6.842587999999921,37.31309300000004
Plaza de la Carrasca,Valverde del Camino,-6.7482669997271,37.5698450004371
Plaza Era de Gonzalito,Higuera de la Sierra,-6.44481199957393,37.8322790002758
Calle Peña del Viento,Palos de la Frontera,-6.889549804437981,37.22845912515824
Calle San Sebastián,Valverde del Camino,-6.754491999952368,37.5699060003032
Calle Santa Ana la Real,Valverde del Camino,-6.74943764153575,37.5786555508988
Calle Alameda,Rociana del Condado,-6.60007899999994,37.308455
Calle Tavira,San Bartolomé de la Torre,-7.11007599999994,37.4478040000001
Calle Rosas las (El Rincón),Punta Umbría,-7.051919134999935,37.249924288000045
Calle Jaén,Rosal de la Frontera,-7.22375899999992,37.969252
Calle Maestro Manuel Lama,Valverde del Camino,-6.763658999668384,37.57720100039907
Calle Fuenteheridos,Valverde del Camino,-6.747872999913003,37.576808000415795
Calle Orquídea,Valverde del Camino,-6.762519999876105,37.57680700025741
Travesía Coso Transv,El Granado,-7.417277999999953,37.52142400000008
Plaza Andalucía,Aljaraque,-7.021703720797853,37.27119568602719
Travesía Plaza Trasera,El Granado,-7.41597199999995,37.521414
Calle Catalina Vallejo,Rociana del Condado,-6.599868999999956,37.30552800000004
Calle Sagrado Corazón de Jesús,San Bartolomé de la Torre,-7.10592499999996,37.4464970000001
Avenida las Camelias,Aljaraque,-7.02644899989231,37.263229999624
Calle la Palma,Rociana del Condado,-6.591564281999922,37.312289655000086
Calle Obispo Fray Juan Izquierdo,Palos de la Frontera,-6.89140699967619,37.226178000090854
Calle Alcalde Alfonso Marquez,El Granado,-7.4171467490706,37.519262871275
Paraje Agua de la Zarza,San Bartolomé de la Torre,-7.123954054999956,37.43114152600009
Barriada los Rosales,Punta Umbría,-6.971710999999914,37.18587800000006
Calle García Lorca,San Bartolomé de la Torre,-7.10799899999995,37.44785600000006
Barriada de la Paz,Rociana del Condado,-6.598066999999958,37.305183000000056
Calle Molino,Santa Bárbara de Casa,-7.190022000214981,37.79885500035813
Calle Santa Bárbara,Rosal de la Frontera,-7.22153899999995,37.963869
Calle Córdoba,Valverde del Camino,-6.757514999594158,37.575933000426424
Calle Vicente Aleixandre,Valverde del Camino,-6.753198000593058,37.57865700017004
Calle San Juan del Puerto,Aljaraque,-7.02729400060282,37.26807199966491
Calle Aire,Ayamonte,-7.407382000212224,37.21471099965787
Calle la Palma del Condado,Ayamonte,-7.4039168602733705,37.21155847638477
Calle Virgilio Fernández,Santa Ana La Real,-6.72436633846116,37.863512326854
Calle Yedra,Los Marines,-6.622020000322616,37.90406100011519
Calle Galera,Ayamonte,-7.343881999896143,37.1899310001229
Calle la Peseta,Ayamonte,-7.40079800050207,37.2207679999645
Avenida Pintor Miguel Ballesta Maqueda,Palos de la Frontera,-6.794969999792864,37.12226999964157
Calle Antonio Machado,San Juan del Puerto,-6.84577799999994,37.3156540000001
Calle Castaño,Ayamonte,-7.39901000011707,37.2181710002325
Calle Acacia,Higuera de la Sierra,-6.450142999899375,37.8382500004373
Calle Tarpeya,Ayamonte,-7.404483999798357,37.215485000256365
Calle el Labrao,Rociana del Condado,-6.590428999999915,37.308313000000055
Carril Matadero,Valverde del Camino,-6.747149916675958,37.579443097247676
Calle Santa Bárbara,Higuera de la Sierra,-6.448629668424308,37.837256565238484
Calle Piragua,Punta Umbría,-6.960523999999907,37.18058700000006
Calle Hoya la Guapa,Ayamonte,-7.346484000684599,37.18298799990041
Calle Punta Umbría,Ayamonte,-7.40436700013015,37.2055169999646
Calle Isaac Peral,Ayamonte,-7.40233700074858,37.2225050003072
Calle Tarrafa,Ayamonte,-7.34297715628988,37.1885114056709
Calle Sotavento,Ayamonte,-7.40474182083104,37.2005144998397
Calle Inglaterra,Punta Umbría,-6.961038999999914,37.17551600000007
Ronda del Foro,Punta Umbría,-6.970047999999906,37.189513000000034
Camino del Morre,Palos de la Frontera,-6.871111436170283,37.178808840040766
Calle Jara,Villablanca,-7.34308899999991,37.3042580000001
Calle Galatea,Punta Umbría,-6.95977199999993,37.17969500000004
Calle Altozano,Rociana del Condado,-6.59113286624772,37.3116091565256
Calle Orozco,Rociana del Condado,-6.59964899999994,37.307308
Calle Andalucía,Santa Ana La Real,-6.72471209899092,37.863806047582
Calle B Zona Industrial,Villanueva de los Castillejos,-7.2700459999999225,37.49588700000004
Calle Andalucía,Villablanca,-7.34385599999996,37.3033790000001
Calle Salmon,Punta Umbría,-6.970237999999938,37.184123000000056
Calle Rosal,Punta Umbría,-6.965363999999909,37.17878200000007
Calle Virgen del Rocío,Valverde del Camino,-6.7507840005693405,37.57855299988349
Calle Virgen de Fátima,Rociana del Condado,-6.595685999999944,37.302924000000075
Plaza de la Peña,Punta Umbría,-6.954564058999949,37.17662192200004
Polígono San Jorge H,Palos de la Frontera,-6.87950977615725,37.2235679682397
Calle Concejo,Santa Bárbara de Casa,-7.189428999848303,37.79861199994403
Plaza Poetas Andaluces,Punta Umbría,-6.970098999999948,37.18828600000006
Calle Doñana,Santa Olalla del Cala,-6.22952399999991,37.9094650000001
Calle Agua del Pino,Punta Umbría,-6.97287385899995,37.1884837270001
Calle Federico García Lorca,San Juan del Puerto,-6.847359999999924,37.31680700000004
Calle A (Mesas de Enmedio),Trigueros,-6.8658385431391,37.442762854493
Calle Espárragos (Laguna del Tornejón),Trigueros,-6.8157713984827,37.325533768668
Vereda de Carne de Portugal,Trigueros,-6.86522568999993,37.4481758860001
Calle Pleamar,Ayamonte,-7.40497199982991,37.2005750001411
Calle Luis Cernuda,Aljaraque,-7.00373499985288,37.27816000029969
Calle Gorrión,Aljaraque,-7.01656099977331,37.2687849996867
Calle Pura y Limpia,Paymogo,-7.3458541239999136,37.740168193000045
Calle Galaroza,Ayamonte,-7.402613000712129,37.208582999634686
Calle Hermanos Pinzón,Ayamonte,-7.409283999664121,37.21263999979609
Calle Esparteros,San Juan del Puerto,-6.84190199999995,37.313429
Calle Almería,Valverde del Camino,-6.757614999609933,37.57679400019269
Calle Recuerdos,Jabugo,-6.7507427276823,37.89455728823
Calle Yerbabuena,Palos de la Frontera,-6.918553999996238,37.20859599973615
Calle del Cordon Dunar,Punta Umbría,-6.983078414999909,37.19188022600008
Plaza Cantabrico,Punta Umbría,-6.962336999999934,37.17645500000009
Calle Balandro,Punta Umbría,-6.9534119999999575,37.174514000000045
Calle Niña,San Juan del Puerto,-6.83573999999993,37.3149250000001
Paseo Alcaldes José Navarro y Andrés Pascual,Zufre,-6.340609324999946,37.832820663000064
Camino de La Escalada,Almonaster La Real,-6.76941299999993,37.8476140000001
Plaza Francisco Pérez Paz,Lepe,-7.184315999813127,37.226745000364104
Aldea los Andreses,Aroche,-6.848018999999908,37.96512500000006
Avenida del Deporte,Lepe,-7.22413010806511,37.2170110869245
Calle Hinojo,Lepe,-7.216277668460413,37.222331930726256
Calle Salomón,Minas de Riotinto,-6.586110477516456,37.69472709617861
Calle Barcal,Minas de Riotinto,-6.597142559981137,37.69045581288549
Calle José Real Navarro,Minas de Riotinto,-6.595008000218968,37.69192700033085
Calle Inocencio Delgado Valdés,Minas de Riotinto,-6.592493000251693,37.69150999998658
Calle Filón Sur,Minas de Riotinto,-6.596597578915066,37.690257933257044
Calle Mariana Pineda,Minas de Riotinto,-6.5811251810822,37.71391656469774
Calle Farrucas,Lepe,-7.184422407326631,37.22358314214936
Calle Hernén Cortés,Minas de Riotinto,-6.581813623799633,37.71348307078716
Calle Navidad,Lepe,-7.198611999686757,37.26080299994465
Calle Tanguillo de Cádiz,Lepe,-7.184455999725207,37.225633999884735
Plaza Francisco García Prieto,Minas de Riotinto,-6.58111889032449,37.713690474236046
Avenida Juan Ramón Jiménez,Minas de Riotinto,-6.59596800042283,37.6946190003666
Calle Altozano,Minas de Riotinto,-6.590226000029816,37.69134200033312
Grupo Gil Varón,Minas de Riotinto,-6.592308999860393,37.6956680001781
Calle Narciso,Lepe,-7.192672000479625,37.25881800031796
Calle Carreteros,Lepe,-7.198903000231991,37.24930100018289
Calle Río Miño,Lepe,-7.206633000200741,37.259640999874605
Calle Gladiolo,Lepe,-7.195846000274392,37.25772200005028
Calle el Rompido,Lepe,-7.204892000636781,37.24706300033205
Plaza Románico,Lepe,-7.199465773989069,37.256161907342836
Calle Carniceros,Lepe,-7.194806999807266,37.250208000351236
Plaza Grupo Scout Rhode's,Lepe,-7.2056890421912465,37.25851969732189
Calle Juan Díaz de Solís,Lepe,-7.203205000450613,37.257836999611115
Calle Debla,Lepe,-7.183759000435341,37.22331299995692
Calle Suspiro,Lepe,-7.194981999628813,37.25736100016952
Calle Valencia,Lepe,-7.204066999956898,37.25135600043648
Calle Romero,Lepe,-7.194279000446718,37.26126050072309
Calle de los Olivos,Lepe,-7.206961000341127,37.26011399993383
Calle Murillo,Lepe,-7.197538676479574,37.25482246375928
Calle Cabezas Rubias,Lepe,-7.203799973498353,37.26167469160381
Calle Santa Lucía,Lepe,-7.20463900038384,37.253629000319876
Calle Arroyomolinos de León,Lepe,-7.197261092224908,37.266133347306926
Calle Lavándula,Lepe,-7.194585596197288,37.257952238018476
Calle Río Duero,Lepe,-7.20339600024473,37.2581490001065
Calle Mazagón,Lepe,-7.204254999826555,37.24792599967895
Calle Río Odiel,Lepe,-7.20341900009407,37.24964400025192
Calle de los Juncos,Lepe,-7.175260000354314,37.225605000017744
Calle Feria,Lepe,-7.20387900030032,37.2550039995772
Calle Encinasola,Lepe,-7.198583000294046,37.263392999962356
Calle Portugal,Lepe,-7.20283499974837,37.2566719995767
Calle Estero de la Cruz,Lepe,-7.204219000413616,37.20714300017977
Calle Menta,Lepe,-7.213666999935768,37.22539399998309
Calle Buganvilla,Lepe,-7.1938478562708905,37.258219055309766
Calle Recolectores,Lepe,-7.1948889996809,37.2692720004121
Calle Río Segura,Lepe,-7.199135000495196,37.2593350002698
Calle Barlovento,Lepe,-7.213732999841204,37.209099999604064
Calle E,Lepe,-7.197585305440732,37.24527692386304
Calle Artemisa,Lepe,-7.214101291510876,37.224273304892186
Calle el Salvador,Lepe,-7.202712577796109,37.24660919096512
Calle Cerceta,Lepe,-7.209627000407426,37.208640000337795
Calle Huracán,Lepe,-7.209987000327207,37.20844100016325
Calle Numancia,Lepe,-7.2075069999532575,37.25882700029818
Plaza de los Geranios,Lepe,-7.194480020370272,37.25864787371785
Calle E,Lepe,-7.2039161270317145,37.26281832306669
Carretera de la Dehesa,Lepe,-7.18455000503158,37.25506679157569
Calle Florencio García Millán,Lepe,-7.1992025146449805,37.254056873190365
Calle Concha Álvarez Fernández,Lepe,-7.1987169997839935,37.25413500016966
Urbanización Los Sargazos,Lepe,-7.2070559727296635,37.20961993703445
Avenida de Valdeloco,Lepe,-7.207771722974106,37.26319887193709
Calle Garza,Lepe,-7.2250100002110615,37.20758000024
Calle Beas,Lepe,-7.199891000508233,37.25975299955307
Calle Santa Eloísa,Lepe,-7.20539200011941,37.2579610003261
Camino a la Barca,Lepe,-7.181307098141,37.28146246779154
Calle Virgen Remedios,Cortelazor,-6.62438198199993,37.9359765600001
Calleja de la Sangre,Villanueva de los Castillejos,-7.27226699999994,37.5012810000001
Plaza de Huelva,Punta Umbría,-6.9743675206883,37.182884149282
Avenida del Terrón,Lepe,-7.216762000474546,37.20858399971215
Calle Antonio Machado,Cortegana,-6.82511199999993,37.9135200000001
Calle de los Chorlitos,Ayamonte,-7.37708700010777,37.1750679999147
Calle Cristóbal Colón,La Palma del Condado,-6.55357099599996,37.3854415580001
Paraje Puerto de la Cruz,El Campillo,-6.6321971101291,37.689414391331
Camino de Juan Muñoz,Villarrasa,-6.623406670269,37.396581411894
Calle Extramuros,Villablanca,-7.34302899999994,37.3003170000001
Paraje la Rejoya,Calañas,-6.87873011477066,37.6615697729237
Calle de la Constitución,Aroche,-6.8572319655571,37.9666380533732
Travesía Pozo,El Cerro de Andévalo,-6.935864143999936,37.73605872500008
Carretera Calañas,El Cerro de Andévalo,-6.93221399999993,37.7348710000001
Carretera Calañas,Valverde del Camino,-6.75725500050704,37.5753280001232
Camino del Calvario,Ayamonte,-7.39250486134599,37.2234401310485
Calle Almirante Pinzón,Nerva,-6.55475700066665,37.6955530001017
Avenida Mirador del Atlantico,Cartaya,-7.104849999999942,37.21863200000007
Calle Solano,Ayamonte,-7.31436151071502,37.2271516533808
Calle Evangelista,Almonte,-6.51279999963305,37.2573480005443
Camino el Helecho,Valverde del Camino,-6.77010427704925,37.5515146008793
Calle del Río,Moguer,-6.84309200024881,37.2756450001218
Plaza de la Coronación,Chucena,-6.394763000112248,37.36064299987466
Plaza de Punta Umbría,Punta Umbría,-6.974068335066,37.182725250407
Calle Francisco Guerrero,Almonte,-6.515196456599523,37.250414907105245
Avenida Federico Mayo,Huelva,-6.94376199988027,37.2574049997422
Calle Mercurio,Huelva,-6.90550540941241,37.3152471485509
Urbanización Hnos. Álvarez Quintero,Calañas,-6.88137499999993,37.6509560000001
Calle Aguaperosa,Almonte,-6.52116788664915,37.2543045292332
Callejón de Servicio,Almonte,-6.47807518379079,37.1300312175605
Calle Alto del Peguero,Almonte,-6.52004800060087,37.2535110005376
Calle Paterna,Almonte,-6.52296700034939,37.2599190001974
Plaza de los Mimbrales,Almonte,-6.56369503047936,37.0078454141353
Calle las Dunas,Almonte,-6.51001548980769,37.255059863581
Calle Pedro Barrera Abreu,Almonte,-6.51959099983832,37.2638820002915
Calle Rodrigo de Triana,Almonte,-6.52010200023888,37.2570030005558
Calle la Platera,Almonte,-6.5162830003707,37.2681130001695
Avenida de la Constitución,Almonte,-6.52057000058821,37.2653280001885
Carretera HF-6244,Almonte,-6.70633799957839,37.2004320000384
Calle Algarrobo,Almonte,-6.514409898071792,37.26629961924771
Calle las Riendas,Almonte,-6.509093000307495,37.268948999591494
Calle Cardenal Almaraz,Almonte,-6.51720000043261,37.2649839994898
Calle Cabañeros,Almonte,-6.51286933728037,37.254016934957
Calle la Ribera,Almonte,-6.5210600508666,37.2642027698753
Calle Carretera,Paymogo,-7.346589134999931,37.73994694000004
Calle Arroyo de Soto Grande,Almonte,-6.524728,37.259851
Calle la Marismilla,Almonte,-6.47893600049413,37.1294129998073
Calle las Castañuelas,Almonte,-6.4772049993758,37.1284399997581
Calle la Montoncilla,Almonte,-6.51576600015686,37.2687089994884
Calle el Saltillo,Almonte,-6.52492491725565,37.2579042125766
Calle el Pocito D,Almonte,-6.511967340670789,37.266820777058236
Calle Puerto Piojo,Puebla de Guzmán,-7.243137999999931,37.61501400000009
Calle Ballestares,Almonte,-6.52460912231812,37.2583715624638
Calle Alcantarilla,Almonte,-6.51673599952446,37.2643269998299
Calle Alfonso María de Cepeda,La Palma del Condado,-6.54870121899989,37.3833540550002
Calle Estrella de Mar,Lepe,-7.212231000596944,37.20548400040288
Callejón Cernícalo,Punta Umbría,-6.955753528999935,37.175076872000034
Calle Sebastián Urbano Vázquez,Isla Cristina,-7.325056999702152,37.20046699974362
Calle Palmito,Cartaya,-7.15365366807222,37.281519632779
Calle Arenal,Cartaya,-7.1581558585424,37.28301001792
Paraje Vallejelo,Rociana del Condado,-6.604965931172,37.324589280973
Calle Tharsis,Valverde del Camino,-6.76012800022281,37.571024999649
Barriada de la Paz,Escacena del Campo,-6.38880200041183,37.4053910003945
Calle José Caballero,Moguer,-6.83631300005858,37.2782970004406
Calle Fuente del Fresno,Almonaster La Real,-6.83122315205487,37.8830729943684
Paseo Flecha Nueva Umbría,Lepe,-7.23038784563163,37.2112125420541
Camino del Tejar del Alamillo,Calañas,-6.8730809999999565,37.639154000000076
Paseo de la Torre del Catalán,Lepe,-7.23211501754546,37.2129091033586
Calle Atanor,Escacena del Campo,-6.38572699980107,37.404486000029
Camino de Acebuche a Cortegana,Almonaster La Real,-6.81355524,37.89368108
Calle José Nogales,Hinojales,-6.58764100043167,38.0080250001538
Paraje Valle Montuoso,Beas,-6.83738899963961,37.4361279997013
Calle Lentisco,Cartaya,-7.15327270811547,37.2785813318411
Calle de los Sauces,Ayamonte,-7.39829700010593,37.2196949998115
Plaza de las Angustias,Villarrasa,-6.60087622717711,37.3871977076015
Calle Almirante Pinzón,Villalba del Alcor,-6.467373000330543,37.395294999760694
Calle Romero,Ayamonte,-7.4010231281875,37.224986949851
Calle Cantabria,Ayamonte,-7.40457300027431,37.2188810000528
Calle la Higuera,Ayamonte,-7.4068036206,37.220683552977
Calle Doctor Porras,Santa Olalla del Cala,-6.22181847799993,37.9058200250001
Calle Almonte,Niebla,-6.68791100009242,37.358547000344
Calle Virtud,Villalba del Alcor,-6.474974000674501,37.40081599983622
Barriada Consejero Jaime Montaner Calle C,Alosno,-7.124008999999944,37.60703100000006
Calle Cerca,San Bartolomé de la Torre,-7.10561599999994,37.4486110000001
Plaza Danzador Manuel el Perdio,San Bartolomé de la Torre,-7.1026020785845,37.444302082174
Calle la Fuente,La Granada de Río-Tinto,-6.51008727599992,37.7679249810001
Paraje Cebollar,Rociana del Condado,-6.6106187411648,37.318441881758
Carretera Hinojales,Cañaveral de León,-6.53075200030442,38.0155839998019
Plaza Molinos de Viento,Huelva,-6.925997000639223,37.260748999748955
Zona Reyerta Vieja,Bollullos Par del Condado,-6.52319946660355,37.354198171077
Calle San Antonio,Bollullos Par del Condado,-6.53774499993162,37.335240000226
Calle el Guijarral,La Granada de Río-Tinto,-6.5094611446807,37.769718244601
Camino de Bonares,Lucena del Puerto,-6.72569106863677,37.319932863754
Camino el Lentisco,Valverde del Camino,-6.7765550530414,37.5552978560045
Barriada de la Constitución,Almonte,-6.52162100021285,37.2664940005403
Urbanización Residencial San Bruno II,Ayamonte,-7.383299854294,37.1755448717925
Plaza del Minero,Almonaster La Real,-6.67548499999992,37.776324
Polígono Plaza de Abastos,Calañas,-6.85106612158489,37.6017443232785
Calle Andalucía,Cartaya,-7.12190399999992,37.217381
Camino de Santo Domingo,Puebla de Guzmán,-7.37550999999991,37.6333220000001
Camino Sanchazapa,Ayamonte,-7.3818603510226,37.230497316641
Calle Párroco Antonio Barba Campos,Rociana del Condado,-6.60590405599993,37.3046968560001
Grupo Forrajera,Cortegana,-6.96586189099992,37.7952019410001
Calle los Olivos,La Zarza-Perrunal,-6.85451599999993,37.7140650000001
Vía de San Silvestre San Bartolomé,Villanueva de los Castillejos,-7.14012699999995,37.44151100000005
Carretera HU-5402 Puebla de Guzmán a Cabezas Rubias,Puebla de Guzmán,-7.163955999999928,37.66444000000007
Trasera Josefa Navarro Zamora,Aracena,-6.51654799999003,37.8595460004477
Carretera A-5300 de N-435 a Arroyomolinos de León,Cañaveral de León,-6.48133063140331,38.00510412085863
Calle Joaquín Rodrigo,San Juan del Puerto,-6.84712199999996,37.3151470000001
Camino de Riotinto,Almonaster La Real,-6.75208999999995,37.8412660000001
Plaza los Zarzales,Valverde del Camino,-6.7519982770972,37.578282658204
Calle Alcalde Limón Castilla,El Campillo,-6.63089699999995,37.6948400000001
Paraje Peña del Gato,Calañas,-6.89392599999991,37.6478420000001
Calle Neptuno,La Zarza-Perrunal,-6.85492199999993,37.7147400000001
Grupo Perrunal H,La Zarza-Perrunal,-6.86958499999992,37.7096640000001
Calle Moguer,La Zarza-Perrunal,-6.86948199999995,37.710316
Calle San Simon,La Zarza-Perrunal,-6.85351396699991,37.713309021
Calle Sevilla,La Zarza-Perrunal,-6.85975699999995,37.715809
Calle Vista Alegre,La Zarza-Perrunal,-6.85265399999992,37.7130220000001
Calle Zaragoza,La Zarza-Perrunal,-6.85785999999996,37.7158560000001
Calle Zapatero,La Zarza-Perrunal,-6.85762299999993,37.7160270000001
Calle Alcaldia,La Zarza-Perrunal,-6.87074099999995,37.709752
Camino Cerro a la Mina a los Silos,La Zarza-Perrunal,-6.86594799999995,37.7152290000001
Calle Lagartijo,La Zarza-Perrunal,-6.85689299999996,37.7149890000001
Calle Barrio Centro,La Zarza-Perrunal,-6.85390699999994,37.711864
Calle Hospital,La Zarza-Perrunal,-6.85425099999992,37.7116010000001
Calle Salamanca,La Zarza-Perrunal,-6.85425099999992,37.7116010000001
Calle Proa,Palos de la Frontera,-6.89807000022759,37.229981000192
Calle Doctor Fleming,Rosal de la Frontera,-7.21985999999993,37.9670790000001
Paraje La VEga,Almonaster La Real,-6.7521912250954,37.888419490594
Paseo Andalucía,Cumbres Mayores,-6.644021000468648,38.06155600010944
Calle la Juncia,Cumbres Mayores,-6.6471783699856,38.0624279324033
Calle Abel Moreno,Encinasola,-6.86901348105087,38.1372128796314
Plaza Altozano,Cumbres Mayores,-6.64434073823433,38.0637812699898
Calle Andevalo,Alosno,-7.12591699999996,37.5610950000001
Plaza Marineros,Cartaya,-7.12278185999992,37.217901468
Calle San Andrés,Encinasola,-6.8741431571559,38.135942728002
Calle África,Bonares,-6.67611200067633,37.3215710005151
Calle Boticario Curro Vázquez,Huelva,-6.9549485103145,37.2523662482518
Calle Martínez Salazar,Paterna del Campo,-6.402148999876233,37.41931999971841
Calle Laurel,Cartaya,-7.16094299999992,37.2845830000001
Calle Fernando de Rojas,Ayamonte,-7.4077400002317,37.2662899998636
Calle Olivar Primero,Calañas,-6.85332299999993,37.6043960000001
Sector Ostrero,Almonte,-6.5435284956758,36.994464706103
Calle Méndez Núñez,Valverde del Camino,-6.755147000046776,37.57775800010523
Calle Río Júcar,Ayamonte,-7.398157000740788,37.21668200009827
Pasaje Sánchez Dalp,Aracena,-6.558450999713694,37.88936499959517
Calle Manuel Domínguez Soriano,Aracena,-6.516388999852351,37.86009299959242
Calle Domínguez Garrido,Manzanilla,-6.431364999994566,37.389950999739035
Calle Félix Rodríguez de la Fuente,Trigueros,-6.83245950999998,37.3849863360001
Calle Sonsonate,Palos de la Frontera,-6.88466700004011,37.2228679997746
Calle Fernando Escartín,Bollullos Par del Condado,-6.532517999905652,37.342313999991305
Barriada Nuestra Señora de África,Nerva,-6.541129404951469,37.69150595288786
Calle San Quintín,Gibraleón,-6.96162799999991,37.376763
Calle Fresno,Aljaraque,-7.01633799980719,37.2799539995828
Calle Barrio Viejo,Valverde del Camino,-6.7488120003046,37.5716079997422
Calle Serafín Rodríguez,Lepe,-7.21117244619446,37.2091525256165
Urbanización el Rocío,Lepe,-7.210289999685591,37.228476000158814
Calle Robalo,Isla Cristina,-7.25431299999699,37.2062119997813
Calle la Arboleda,Hinojos,-6.382064999999614,37.28773899955532
Calle Julián Romero,Aracena,-6.56028799989109,37.8939660004307
Urbanización Orillas del Piedra (C/ Ponce de León),Cartaya,-7.05812949412009,37.219591163178
Urbanización Golf Sol,Lepe,-7.2323371047783,37.212774597051
Calle Presidente José Rodríguez de la Borbolla,Chucena,-6.39129000003335,37.3662640000837
Calle San Sebastián,Cortegana,-6.82407599999993,37.9076110000001
Calle Medina Sidonia,Bollullos Par del Condado,-6.54081500031184,37.3376950001243
Camino Servidumbre de la Cantera de Mármol,Aroche,-6.949128999999914,37.931463000000065
Aldea Mina Cueva de Mora,Almonaster La Real,-6.80355599599994,37.7800171310001
Avenida de los Ánsares,Almonte,-6.47674789334785,37.1324433113379
Calle Esperanza Bermúdez,Fuenteheridos,-6.662936,37.902413
Camino del Río Tinto,Santa Ana La Real,-6.70018299999992,37.842582
Aldea la Corte,Santa Ana La Real,-6.735187999999937,37.85910000000007
Paseo Ría,Punta Umbría,-6.9620389999999475,37.18360700000005
Camino de Nicoba,Gibraleón,-6.884762911057,37.369572724676
Calle Gregorio García Cardoso,Minas de Riotinto,-6.59638399982168,37.6956969997168
Grupo M (Valdelamusa),Cortegana,-6.87874599999992,37.7885620000001
Sector Palmito,Almonte,-6.54331037008997,36.9909406809064
Paraje el Alcornoquillo,Beas,-6.77504500069228,37.4351749997742
Paraje Valle Lobato,Cartaya,-7.15836175926083,37.3074134402692
Camino de Valdeurique,Cartaya,-7.12663025799992,37.304540999
Carretera Camino de la Ramira,Cartaya,-7.15605168971711,37.2950254706067
Camino del Juncal,Cartaya,-7.1309430250502,37.320209671738
Camino del Menajo,Cartaya,-7.12941888199992,37.3148354160001
Carretera Camino de Valdeurique,Cartaya,-7.12565972190805,37.2992313576172
Camino de Alosno a Sevilla,Alosno,-6.99412899999993,37.480391000000054
Calle Cuba,Moguer,-6.82689200002312,37.1401129998633
Carretera H-9005,Cabezas Rubias,-7.07999599999994,37.7513390000001
Calle Arrecife,Fuenteheridos,-6.65886099999994,37.9013390000001
Calle Rábida,Almonaster La Real,-6.78718958267696,37.872838321711
Calle Gertrudis García de Avellaneda,Cartaya,-7.153187537999941,37.28570536700005
Calle Terreño,Lepe,-7.20935917747132,37.2065104911791
Calle Higuera,Almonaster La Real,-6.7032672258294,37.801994633724
Calle del Pozuelo,Moguer,-6.84424558659818,37.27081735433212
Plaza San Juan Bautista,Almonaster La Real,-6.8124218884596,37.888645051725
Calle Dama de Noche,Aljaraque,-7.024124999850714,37.26293999958249
Calle Moratín,Cartaya,-7.05893199999991,37.2145800000001
Camino Carril de los Coches,Niebla,-6.719530000409,37.3582360003913
Calle Moncayo,Huelva,-6.93630199959474,37.2622650000811
Calle Mar Caspio,Palos de la Frontera,-6.855514000462,37.1436550003257
Avenida de Almería,Punta Umbría,-6.9723349896553,37.192825125965
Urbanización el Balcón de Islantilla,Lepe,-7.22887863,37.21029122
Calle Moises Cordero,Encinasola,-6.872290238003902,38.134382056187114
Prolongación Calle Córdoba,Cala,-6.3105739632524,37.969003851462
Barriada Poblado Nuevo,Cortegana,-6.87214999999992,37.7878670000001
Calle Escultor León Ortega,Trigueros,-6.8305355703399,37.383833283034
Travesía Reyes Catol Tr4,Hinojos,-6.38645600014408,37.29128400025658
Calle Pastorales,Moguer,-6.83567100024793,37.2716219997248
Calle Río Tinto,Aljaraque,-6.99301583539769,37.27163004220736
Plaza Naya,Aljaraque,-6.989319792674899,37.273872426554384
Calleja Pilar Lavadero,Calañas,-6.878150999999946,37.64998700000007
Urbanización Residencial Golf Playa IV,Lepe,-7.2242092671518,37.213900447452
Urbanización Residencial las Salinas Golf,Lepe,-7.2285537352761,37.215992124607
Urbanización Alboreto,Lepe,-7.2278626711554,37.215478219623
Barriada Santos Inocentes,Jabugo,-6.76902375637996,37.9273278284814
Camino de la Fuente del Rey,Aracena,-6.5412661181539,37.902325300386
Plaza Oriente,Jabugo,-6.76911685887468,37.9266875113329
Calle las Albercas,Santa Olalla del Cala,-6.2236163723876,37.9075282948737
Calle José Andrés Vázquez,Aracena,-6.558149132955,37.890295410004
Calle Trigueros,Gibraleón,-6.96453320423838,37.3767496562145
Rincón Juan Romero,Huelva,-6.95388603997857,37.2620917263366
Calle Islas Baleares,Ayamonte,-7.40689716272317,37.2247476390439
Calle Lepanto,Rociana del Condado,-6.59334399999995,37.312934
Calle Nuestra Señora la Granada,Niebla,-6.67962200005504,37.3657830003853
Calle Marqués de Nerva,Nerva,-6.55209304810125,37.697647964269
Calle Álvarez Quintero,Ayamonte,-7.40193400070357,37.2128709999174
Grupo Cuadras Cuarteles Don Gaspar,Puebla de Guzmán,-7.24216899999993,37.6158350000001
Calle Colombia,Lepe,-7.19893875491323,37.2493440903588
Plaza Rozalejo,Bollullos Par del Condado,-6.53276085569621,37.3401053632598
Calle Manuel Rebollo,Alosno,-7.11814766818008,37.5455697941477
Calle Gibraleón,Trigueros,-6.83881287099996,37.3852176830002
Camino de Valdepegos,Rociana del Condado,-6.6152370781658,37.311168654765
Calle Tariquejo,Huelva,-6.93772999965076,37.2609489998333
Camino de Rociana a Palma del Condado,Rociana del Condado,-6.587892343999954,37.317875262000086
Plaza de las Estibadoras,Isla Cristina,-7.31248182377953,37.1985475342537
Calle Rafael Alberti,Gibraleón,-6.96321772999994,37.3788012320001
Calle Manzanilla,Chucena,-6.39414300029907,37.3621779996151
Calle Rosal (Corterrangel),Aracena,-6.6002170003142,37.9378339999393
Calle José María de los Reyes,Alájar,-6.6624474202534,37.87514409237
Trasera Oeste de Rogelio Olea,Villanueva de las Cruces,-7.025600161999932,37.62820675000006
Camino de Moguer,Trigueros,-6.80933102219935,37.3536347993543
Calle Real,Villablanca,-7.34292299999993,37.3011870000001
Camino de los Molinos,La Nava,-6.742473296705117,37.96449590566168
Calle Rábida,Puerto Moral,-6.479118108999955,37.89233186800004
Urbanización Jardines de Isla Canela,Ayamonte,-7.34789233938779,37.182554401331
Calle la Compañía,Trigueros,-6.83634680799992,37.3825549950001
Calle Cabo Santo Agostinho,Palos de la Frontera,-6.90163599962238,37.2247590001899
Calle Betis,La Palma del Condado,-6.55600960499993,37.389628558
Calle Hortelanos,Aracena,-6.56073538338508,37.8970110982439
Calle las Corchas,Santa Olalla del Cala,-6.23355199999992,37.9073180000001
Calle Grecia,Palos de la Frontera,-6.893504729487731,37.224339882310574
Calle Portugal,Palos de la Frontera,-6.8951367086262945,37.22551860909457
Calle Italia,Palos de la Frontera,-6.894759090283395,37.22670123285416
Calle Cuatro Caminos,Palos de la Frontera,-6.89015531933893,37.2279012602767
Urbanización las Maravillas,Palos de la Frontera,-6.83337112002544,37.136203109609
Plaza los Choqueros,Rociana del Condado,-6.59703613484059,37.3102592527293
Urbanización Green 4,Cartaya,-7.0607978365893,37.217667350325
Calle Manzano,Cartaya,-7.16090699999995,37.2869400000001
Calle Clavel,Cartaya,-7.14894099999992,37.2860230000001
Calle Alcalde Manuel Peregrina,Minas de Riotinto,-6.5911660002107055,37.69304299963477
Calle de la Peseta,Isla Cristina,-7.32125374529935,37.2045342743607
Calle Miguel Hernández,San Juan del Puerto,-6.84691302322812,37.3167250846246
Paseo Ramón y Cajal,Calañas,-6.87951499999991,37.6527810000001
Calle las Antillas,Moguer,-6.83589400045236,37.2783770001634
Calle Tenerías,Cartaya,-7.156327999999917,37.27618700000005
Avenida Palo Dulce,Gibraleón,-6.96853199999993,37.3749100000001
Calle Bollullos del Condado,La Palma del Condado,-6.54891019099989,37.382791222
Calle Correlimos,Aljaraque,-7.031061885760853,37.26504397670165
Calle Practicante Ángel Núñez,Almonte,-6.52093117026834,37.2555904244532
Plaza España,Gibraleón,-6.96979699999991,37.3747300000001
Calle Cooperativa,Hinojos,-6.37880299975849,37.2942070001531
Calle San Cristóbal,Bonares,-6.68214600106773,37.3252819995601
Plaza Nuestro Padre Jesús Nazareno,Gibraleón,-6.969417999999905,37.37377900000007
Calle Guatemala,Bollullos Par del Condado,-6.54561939207129,37.3355831577971
Calle los Huertecillos,Almonte,-6.5111235296172,37.254744434753
Plaza Antonio Cruz García,San Juan del Puerto,-6.8389017858313,37.317316737485
Calle Paraguay,Cartaya,-7.15615799999995,37.285514
Calle Calañas,Ayamonte,-7.403186000281303,37.206139999939246
Plaza Quintero Báez,Huelva,-6.9501444227733,37.258368176609
Calle Bartolomé de las Casas,Cartaya,-7.05726999999996,37.218329
Avenida Magallanes,Cartaya,-7.070346999999913,37.21889200000004
Calle Paraje Higuera María,Beas,-6.7971529994086,37.4413869999775
Calle Dehesa de los Alcaravanes,Beas,-6.79800999978216,37.4442350005359
Calle Julio Romero de Torres,Aljaraque,-7.0060610001919,37.2781270002232
Calle Empleita,Niebla,-6.6856842925537,37.359846660259
Calle Federico García Lorca,Beas,-6.7929229995885,37.4234529996779
Urbanización el Álamo,Beas,-6.79616200040916,37.4412989996888
Calle Arroyo de la Bárcena,Beas,-6.79850400008653,37.4451260001735
Calle Dehesa de Pallares,Beas,-6.79977100058225,37.4478580000225
Calle el Parque,Beas,-6.79236999978985,37.4312000002532
Calle Flamenco,Lepe,-7.224247002525614,37.20858899841591
Plaza del Economato,Aljaraque,-6.9875916375441,37.274966123923
Calle Aragón,Lepe,-7.20396200067846,37.251294999817
Calle el Peligro,Aracena,-6.5814735412382,37.937085986827
Calle del Duque,Valverde del Camino,-6.7529319999375,37.5742510004452
Calle Larra,Gibraleón,-6.97283199999993,37.379013
Calle San Salvador,Isla Cristina,-7.31639900022848,37.20016799957
Camino del Cañaveral,Gibraleón,-6.931490600119,37.387689110728
Calle Isla Santa Lucía,Huelva,-6.92248691179417,37.275458878395
Calle Santa Ángela de la Cruz,Moguer,-6.83859000013149,37.2778050004428
Avenida de Mazagón,Palos de la Frontera,-6.88980100043536,37.2202669996004
Calle Sor Eloísa,Ayamonte,-7.39649099971635,37.217915999793
Calle Concepción Rodríguez Garzón,Huelva,-6.94098599990077,37.2680069998026
Calle Neptuno,Cartaya,-7.10084799999993,37.2160200000001
Calle Dos de Mayo,Valverde del Camino,-6.757496000276378,37.576857000351524
Calle Flores,Cortegana,-6.83162599999991,37.9524370000001
Camino la Melera,Valverde del Camino,-6.69338590888825,37.5165385540738
Camino de las Cacerías,Moguer,-6.7859360075322,37.282769018142
Camino de Lepe,Villanueva de los Castillejos,-7.2323469999999475,37.42561600000005
Conjunto Herrerías Manganeso Diseminado,Puebla de Guzmán,-7.29227499999996,37.6109530000001
Calle Alcalde Manuel Flores,Ayamonte,-7.40268700048804,37.2051579997551
Calle Pulpo,Ayamonte,-7.31723400000106,37.2325790000255
Calle Pueblo Nuevo,Alosno,-7.11639799999995,37.5890650000001
Calle Cruz,Villanueva de los Castillejos,-7.26957799999991,37.4975910000001
Transversal Calle Cruz de Mármol,Aracena,-6.5655691500954,37.897536303953
Calle de la Miel,Aracena,-6.5649045308941,37.897571656869
Urbanización Valle Giraldo,Isla Cristina,-7.25087399994753,37.2341420003756
Calle Alegría,Alájar,-6.6654656734855,37.873385737165
Calle Sapu I-2 Calle B,Villalba del Alcor,-6.47873100019275,37.40187599974716
Calle G (Polígono Industrial Polirrosa),Huelva,-6.92077700006423,37.266137999599
Calle Virgen de las Mercedes,Beas,-6.77395300027262,37.4035160001663
Calle Era de Tejada,El Almendro,-7.26818524192902,37.5099522908121
Camino de Santa Ana la Real,Almonaster La Real,-6.748760999999945,37.859807000000046
Camino a Valdelamusa,Almonaster La Real,-6.87098299999991,37.7979480000001
Camino de las Tres Fuentes,Almonaster La Real,-6.83271199999996,37.8688540000001
Camino de Lisboa a Sevilla,Cañaveral de León,-6.48793360585105,37.973034445983
Camino de Almonte a Bollullos,Bollullos Par del Condado,-6.53024279191748,37.3149632241054
Calle H (Polígono Industrial Polirrosa),Huelva,-6.91920162790538,37.2663143084128
Calle I (P.I. Cantalgallo),Aracena,-6.57196300068578,37.8967659989279
Calle Cartaya,Ayamonte,-7.40347800064963,37.2038840000704
Calle A (Polígono Industrial Fortiz),Huelva,-6.89796599968506,37.2934250003218
Calle Almonte,Rociana del Condado,-6.59654199999994,37.305237
Calle Islas Canarias,Ayamonte,-7.40786855544498,37.2254621293603
Paraje Los Milanos,Calañas,-6.9039672214243,37.586243654311
Calle Jura de Santa Gadea,Ayamonte,-7.40331758765058,37.2216089459839
Calle Barca,Moguer,-6.82884649110913,37.134930328197036
Camino de los Pinos,Beas,-6.864173000633469,37.48037900009362
Camino de los Rodeos,Beas,-6.7814099997718795,37.39440799982958
Camino de la Alameda,Beas,-6.772616999896273,37.39052500042725
Barriada Santa María Salome,Bonares,-6.676521999986034,37.32194799995196
Plaza Juan Carlos I,Bonares,-6.676239000113327,37.32229200037594
Calle Tres de Agosto,Moguer,-6.841267000390732,37.27488799946077
Calle Geranio,Moguer,-6.834985004631281,37.28090202173926
Calle Espigón,Moguer,-6.82609099985224,37.1427000005754
Calle Rompeolas,Moguer,-6.829370999518842,37.13736599932159
Plaza Águila Imperial,Moguer,-6.80851163300212,37.1329627081851
Carretera N-442 de Huelva a Mazagón,Moguer,-6.845747000217517,37.14886100025195
Carretera N-442 de Huelva a Mazagón,Palos de la Frontera,-6.87552800058007,37.1572219996917
Calle Almirante Garrocho,Huelva,-6.9495080090612,37.25943071966
Plaza Doctor Manuel Cano Peral,Huelva,-6.9292680997853,37.277265566291
Calle Alcoracejo,Moguer,-6.80866150529939,37.1297695221795
Calle Capuchinas,Almonte,-6.56432883139968,37.0066704424944
Avenida del Atlántico,Ayamonte,-7.4048678494706,37.197457864268
Calle Jure,Aljaraque,-6.98934424479773,37.2726608962632
Sector Halcón Peregrino,Almonte,-6.5606038122302,37.008946852622
Calle Beato Ramírez,Ayamonte,-7.407915000586851,37.21794899973775
Carretera N-435 (Puerto Blanco),Valverde del Camino,-6.77148325,37.54975489
Paraje Los Valles,Calañas,-6.9546132808085,37.617169475461
Calle Zamora,Valverde del Camino,-6.76168299969138,37.5765120003085
Plaza Iglesia,San Juan del Puerto,-6.84132238999996,37.3154352210001
Calle el Sacristán,Almonte,-6.52274110583338,37.2583078275041
Calle Bitácora,Punta Umbría,-6.97179499999993,37.1803770000001
"Calle Sebastián Casillas ""El Panadero""",Ayamonte,-7.40349328722053,37.2200313736652
Calle Manuel Gómez,Encinasola,-6.87277400041963,38.1365479995907
Calle Cernícalo,Niebla,-6.68435699987545,37.3593240002026
Trasera Campo Primero,Puebla de Guzmán,-7.24909599999995,37.615373
Calle Artesanos,Gibraleón,-6.96794897699993,37.3751767420001
Avenida Pedro Maestre,Cortegana,-6.82153299999993,37.9121170000001
Calle Cabecillo,Alosno,-7.11616599999991,37.5475400000001
Calle Canet de Mar,Isla Cristina,-7.32301001,37.2015384
Calle la Colonia,Almonte,-6.51111778842437,37.2560376689741
Calle Doctor Pedro Naranjo,Huelva,-6.91363543387222,37.2744954920929
Carretera HU-8129 de HU-8128 a HU-8130,Corteconcepción,-6.501341844165736,37.88562779692112
Calle Julián González Vaz,Punta Umbría,-6.95702399999993,37.178431
"Calle Mariano Díaz Macías ""Municipal""",Punta Umbría,-6.9716131365589,37.184492293058
Calle Trajano,Punta Umbría,-6.97104299999995,37.190051
Calle Prado de Osma,Villanueva de los Castillejos,-7.27044299999994,37.503046
Calle Molino,Villanueva de los Castillejos,-7.26754099999994,37.5029660000001
Calle San José,Bonares,-6.68330400037948,37.3230599997632
Paraje Pañero,Rociana del Condado,-6.63262420711789,37.3038528039743
Calle Costanilla,Escacena del Campo,-6.3880129999998,37.4093369998028
Calle Romería,Isla Cristina,-7.31315853247166,37.2259387796839
Calle Montellano,Huelva,-6.94424500022399,37.280025000032
Plaza Alhambra,San Juan del Puerto,-6.8344349827526,37.314609827036
Calle Trasera Chorrito,Puebla de Guzmán,-7.25485473547883,37.6096773792611
Calle Virgen del Carmen,Beas,-6.77149700072302,37.4040799997541
Calle Macías Belmonte,Huelva,-6.95842606031731,37.2640147241669
Calle Sevilla,Rociana del Condado,-6.59587999999991,37.3092960000001
Glorieta Francisco Martín Olivares,Huelva,-6.94329006489003,37.2776240903482
Camino de Cala a Santa Olalla,Cala,-6.337680999999918,37.95324000000005
Plaza de la Juventud,Aracena,-6.58156064,37.93653799
Calle Escalera,Aracena,-6.58119953072197,37.9368248007597
Calle Juan Carlos I,Aljaraque,-7.025444999632553,37.27018400020351
Calle Valdés Leal,Aljaraque,-7.00378899998527,37.2757589997906
Avenida Montes de León,Aljaraque,-7.004746024156849,37.292269244269455
Calle Fátima,San Juan del Puerto,-6.83967296199995,37.3173553870001
Calle Conde,San Juan del Puerto,-6.84000799999995,37.3155510000001
Calle las Yeguas,Almonte,-6.513160999955012,37.269409999836746
Calle San Roque,Villablanca,-7.33955799999995,37.302691
Calle Madera,Aljaraque,-7.01758400061749,37.2575899998427
Camino Casas de las Joyas,Almonaster La Real,-6.78591300160635,37.7883067047444
Camino El Meloncillo,Valverde del Camino,-6.79718697066382,37.5143357869249
Polígono Rústico 02,Bollullos Par del Condado,-6.5295635303233,37.355861064341
Calle Miguel Baez Espuny,Valverde del Camino,-6.75360600046903,37.5667800001593
Calle el Pozo,Higuera de la Sierra,-6.4475436744142,37.839375187897
Calle Señor,Higuera de la Sierra,-6.44842699990599,37.8392560000645
Calle Aljibe,Cartaya,-7.14610899999991,37.2833760000001
Calle Picasso,Cartaya,-7.14921460478783,37.2794841437223
Calle William Martin,Huelva,-6.94468100052624,37.2615339995412
Avenida de la Soleá,Moguer,-6.806809037219466,37.13081905399986
Calle del Muro,Ayamonte,-7.378973000212209,37.191894999620004
Calle García Paredes,Palos de la Frontera,-6.815513999960688,37.12915200042012
Pasaje Nuestra Señora de la Esperanza,Moguer,-6.839731604203473,37.27511325257051
Carretera de las Carretera Forestal,Aljaraque,-7.06398200030481,37.2865149998888
Calle Fray Junipero Serra,Palos de la Frontera,-6.814754058361822,37.128984381148456
Camino de Valdefinos,Beas,-6.787524000340575,37.44904499989386
Camino de Villarrasa,Beas,-6.747423000250566,37.42000599951612
Calle Brocal,Cartaya,-7.14683599999995,37.2844920000001
Avenida Consolación,Cartaya,-7.15005799999994,37.2904710000001
Camino de la Hoya,Beas,-6.749368000779639,37.39536499984848
Camino de Valverde,Beas,-6.866152000056583,37.4911540003785
Camino de Gibraleón a Valverde,Beas,-6.819258000459598,37.50668599997104
Camino de Santa Ana,Beas,-6.839090000848584,37.46752599943172
Camino de Granada,Alájar,-6.6672079999553775,37.86998000018205
Calle Campana,Paymogo,-7.34818192199992,37.740293491
Camino la Canorra,Moguer,-6.7970498851251895,37.27734404367922
Camino del Jarrama,Nerva,-6.536111999982386,37.66475400004167
Camino Bajo de la Granada,Nerva,-6.544887999788036,37.7052789999549
Camino de la Granada,Nerva,-6.521602000536956,37.72458000015769
Sector Jaguarzo,Almonte,-6.5416692560669,36.998037921079
Calle Hornillos,Ayamonte,-7.4036674345511,37.2244019221535
Calle Irlanda,Aljaraque,-7.018096000418276,37.26581599986289
Camino de la Huerta Rosa,Valverde del Camino,-6.768449453603583,37.57667994937072
Calle Glasgow,Aljaraque,-6.98972917208079,37.27887863692167
Calle Rocinante,Ayamonte,-7.402315937303285,37.21850749972682
Calle Aligustres,Almonte,-6.56294310032576,37.0083067928498
Camino de la Dehesa del Estero,Palos de la Frontera,-6.878847957362799,37.21096620914305
Solar Sapu R-1 Calle F,Villalba del Alcor,-6.474118000132897,37.40098699973031
Callejón Servidumbre,Valverde del Camino,-6.750940000573239,37.57511900002505
Carretera A-495 de Gibraleón a Rosal de la Frontera,Alosno,-7.1169999999999,37.5817450000001
Calle Méjico,Ayamonte,-7.39549253041153,37.2193271477727
Puerto de El Rompido,Cartaya,-7.1268674829259,37.217642607996
Urbanización los Almendros,Cartaya,-7.12547739999991,37.2190944260001
Avenida de Rociana del Condado,Bonares,-6.67750700010548,37.3225969999797
Calle Carretera Posterior,Calañas,-6.85147899999993,37.6027220000001
Calle Costa,Alosno,-7.120354999999961,37.60092300000008
Calle Egido de San Sebastián,Ayamonte,-7.40536100080144,37.2213770002921
,Palos de la Frontera,-6.8654929528861,37.1491156166653
Avenida San Bartolomé,Cartaya,-7.1425193570368,37.288119324517
Camino de Villalba a Hinojos,Hinojos,-6.45689800024231,37.3672590001029
Calle Acebuche,Higuera de la Sierra,-6.45058899978236,37.8385380002287
Avenida de las Marismillas,Almonte,-6.5572224229914,37.001537282562
Camino de Aracena a Fuentes,Cañaveral de León,-6.52145528585708,38.0083158226862
Plaza Doña Elvira,Aracena,-6.56515431511938,37.893496764764
Calle Merluza,Isla Cristina,-7.24943400066256,37.2067259997686
Carretera A-5300 de N-435 a Arroyomolinos de León,Cumbres de Enmedio,-6.6956513968161,38.06692725487
Vía de Servicio Autovía A-49 Salidas 129 - 131,Ayamonte,-7.3909491915263,37.238933842916
Calle Diego Velázquez,Huelva,-6.94466769439877,37.2677260962044
Carretera A-475 de Calañas a Puebla de Guzmán,El Cerro de Andévalo,-7.07024499999994,37.6081720000001
Carretera A-475 de Calañas a Puebla de Guzmán,Alosno,-7.05146999999994,37.6047290000001
Vía Verde del Litoral,Cartaya,-7.12506991552908,37.2963681284544
Camino de los Verbos,Cabezas Rubias,-7.08852199999995,37.7291010000001
Calle Virgen del Valle,Beas,-6.772227228772,37.404888187061
Vía Verde de Molinos de Agua,Valverde del Camino,-6.7732819684648,37.54841824991
Carretera HU-5402 Puebla de Guzmán a Cabezas Rubias,El Cerro de Andévalo,-7.11607299999991,37.701124
Carretera HU-8131 Acceso a la Umbría,Aracena,-6.47736599984082,37.8608290002583
Carretera A-5301 de Santa Olalla de Cala a Almaden de la Plata,Santa Olalla del Cala,-6.19687332299992,37.9221236910001
Carretera N-630 Ruta de la Plata (Sevilla - Gijon),Santa Olalla del Cala,-6.23597299999994,37.935547
Carretera N-433 de Sevilla a Lisboa,Zufre,-6.41721824744898,37.7987922562313
Calle Honorio Maura,Minas de Riotinto,-6.5816381559407,37.713414696549
Camino de la Vega Llana,Jabugo,-6.7735038545372,37.912899262119
Aldea Estación de Almonaster la Real,Almonaster La Real,-6.79768481233435,37.9015653056396
Calle los Cocederos,Higuera de la Sierra,-6.44558099996298,37.8321879996766
Carretera HU-8119 N-433 a Navahermosa,Fuenteheridos,-6.666436999999917,37.921575000000075
Carretera HU-9100 Encinasola a Oliva de la Frontera,Encinasola,-6.8686497316463,38.182716208395
Calle Juan Zapatito,San Juan del Puerto,-6.8420405930654,37.311863231613
Callejón de los Arrieros,El Almendro,-7.26889299999993,37.5049020000001
Plaza de la Hacienda,Rociana del Condado,-6.59495089499995,37.3087699010001
Carretera HU-4104 Bollullos Par del Condado a Rociana del Condado,Bollullos Par del Condado,-6.557186951715,37.318426991618
Carretera de Sevilla,La Palma del Condado,-6.54786565399996,37.3574848700002
Carretera HU-4102 Villarrasa a Rociana del Condado,Villarrasa,-6.59880499995064,37.3788549997586
Carretera Almonte Hinojos,Hinojos,-6.387843,37.285179
Carretera HU-3300 la Redondela a Pozo del Camino,Isla Cristina,-7.307613999690535,37.22263700023903
Calle el Montrugato,Sanlúcar de Guadiana,-7.4659400949251,37.473093843744
Calle el Palancar E,Almonte,-6.530160000293258,37.26289300040753
Calle Torrecanela,Ayamonte,-7.37486700046841,37.1899059997866
Plaza Doctor Don Antonio Fournier Andray,Ayamonte,-7.40401965756981,37.2157306738913
Calle Poniente,Ayamonte,-7.406070832351692,37.19985942131026
Paseo Estero de Canela,Ayamonte,-7.401802000098993,37.1998599998164
Calle Quilla,Ayamonte,-7.3449863648409215,37.183634958044266
Calle Odon Betanzos Palacios,Aljaraque,-7.000869000063957,37.2768869995978
Calle Palo Mayor,Ayamonte,-7.356509000635559,37.188771000113185
Senda del Petirrojo,Almonte,-6.53672683351486,36.9884242145696
Calle Jaime Gil de Biedma,Almonte,-6.52787438677135,37.2619037708263
Calle la Amapola,Almonte,-6.52356799993462,37.267675999802
Callejón de Servicio,Almonte,-6.48039474264921,37.1294366496932
Camino Recepcion Icona,Almonte,-6.56119081939375,37.0273855943182
Camino Camino Alto,Almonte,-6.39045599987527,36.9452020003741
Sector Macarena Club,Almonte,-6.53944630382685,36.9968571459475
Avenida del Pintor Murillo,Almonte,-6.5597789561197,37.0120980162889
Calle Peña del Hierro,Aljaraque,-6.99107800047909,37.2705870002683
Camino la Huerta,Palos de la Frontera,-6.89033121503665,37.2311564093421
Calle Fonda,Aljaraque,-6.98986796408897,37.2738239673383
Carretera A-494 de San Juan del Puerto a Matalascañas por Mazagón,Almonte,-6.646556999930103,37.06262500012734
Camino de la Aceña,Palos de la Frontera,-6.8860672313038,37.2103798424154
Calle Reina de los Ángeles,Nerva,-6.549315000404597,37.69277800015736
Camino del Álamo,Palos de la Frontera,-6.90424290132334,37.2096337038287
Carretera A-493 de la Palma del Condado a Valverde del Camino,Valverde del Camino,-6.72876600041218,37.5468049997267
Carretera N-435 de Huelva a Zafra,Beas,-6.80884300056603,37.489116999432
Camino del Pozo de los Montes Blancos,Villalba del Alcor,-6.49726300011249,37.353078000242
Camino Carril de los Moriscos,Bonares,-6.70578799954776,37.3431199999132
Paraje Hermita,Villablanca,-7.3595185818704,37.277623885621
Avenida Andalucía,Paymogo,-7.347413999999958,37.73642000000007
Urbanización los Hortelanos,Puebla de Guzmán,-7.2510583484723,37.610364982191
Calle Calvario,Puebla de Guzmán,-7.25373199999996,37.6151560000001
Calle Viña,Villanueva de los Castillejos,-7.27053999999993,37.4988480000001
Carretera A-490 de San Bartolomé de la Torre a Villanueva de los Castillejos,Villanueva de los Castillejos,-7.14098099999995,37.447659
Calle Ballena,Punta Umbría,-6.96617799999996,37.1811500000001
Calle Párroco Domingo Velardo León,Villalba del Alcor,-6.47458400018012,37.399580999749
Calle Mariana de Pineda,Nerva,-6.54687022955804,37.6931473325821
Calle Don Germán Cabrero,Valverde del Camino,-6.75735900011928,37.5741379996398
Glorieta de María Auxiliadora,Isla Cristina,-7.310272076318457,37.198604258893155
Calle Alisio,Ayamonte,-7.31682200059344,37.2257590001848
Calle Bollullos,Villalba del Alcor,-6.47761100084372,37.3919039996905
Calle Mazagón,La Zarza-Perrunal,-6.87217299999992,37.710291
Calle Cruz,Villarrasa,-6.61278599987384,37.3925829997059
Calle Rafael Alberti,Villalba del Alcor,-6.47947199987879,37.3993869995243
Calle Encina,Linares de la Sierra,-6.6200159996385,37.8781090003302
Calle Andalucía,Palos de la Frontera,-6.89436600041238,37.2284390001874
Calle Alcalde Ángel Bueno,La Granada de Río-Tinto,-6.5066797742969,37.770457043241
Calle Fermín Requena,Huelva,-6.95479699986162,37.2652570001262
Calle la Fontanilla,Huelva,-6.94820099967677,37.2755369996548
Calle Miguel Hernández,Gibraleón,-6.96410899999995,37.3797210000001
Calle Domingo Franco Zorrero,Huelva,-6.95481901,37.25255568
Calle Odón Betanzos,Gibraleón,-6.96276799999993,37.377936
Calle Juan Ramón Jiménez,Beas,-6.79455499944855,37.4269749999211
Camino Cañada la Lobera,Cumbres de San Bartolomé,-6.7434642005567,38.07308969471
Calle B (Polígono Industrial Polirrosa),Huelva,-6.92193700010854,37.2637879997047
Calle Esperanza,Cortegana,-6.82063499999992,37.911049
Calle Obispo García Lahiguera,Huelva,-6.9438520485349,37.278364361878
Calle San Mateo,La Zarza-Perrunal,-6.85736199999991,37.7144290000001
Calle del Concejo,Higuera de la Sierra,-6.44941899978689,37.8366189998671
Calle Patrás,Encinasola,-6.86815458416656,38.134464952096
Calle Poeta Miguel Hernández,El Almendro,-7.2715389999999,37.5052880000001
Calle Arrieros,Linares de la Sierra,-6.6217094914395,37.879463287315
Sector Dehesa de las Marismillas,Almonte,-6.55990576752535,37.0012420403287
Calle Montevideo,Moguer,-6.82754400049267,37.1397740005973
Paraje la Dehesa,Galaroza,-6.69578999999993,37.9273330000001
Plaza de la Constitución,El Almendro,-7.27019468399993,37.5071145590001
Avenida de Trigueros,Beas,-6.79848799987786,37.4245429994268
Calle Ayamonte,San Juan del Puerto,-6.83310399999993,37.3154500000001
Camino de los Castillejos a Puebla,El Almendro,-7.314941999999917,37.55669500000005
Camino de los Huertos Perdidos,La Granada de Río-Tinto,-6.52077799999995,37.74888500000009
Paraje el Tejar,Rociana del Condado,-6.6048977369551,37.302425629333
Avenida de la Cinta,Huelva,-6.94047521740856,37.2769119523024
,Huelva,-6.95321411,37.26489403
Calle Gustavo Adolfo Bécquer,Ayamonte,-7.4033853660361,37.25870777024
Calle San José,San Juan del Puerto,-6.84347299999996,37.3119990000001
Paseo Constitución,Villanueva de los Castillejos,-7.27273099999991,37.5005410000001
Calle José Luís García Palacios,Huelva,-6.95318597667932,37.2517741917853
Calle Hermanos Pinzón,Villablanca,-7.34382399999993,37.2997900000001
calle Guillermo Moreno Calvo,Bollullos Par del Condado,-6.54073500021987,37.3407420003432
Calle Sebastián Santos Rojas,Aracena,-6.57563900003965,37.8863459997682
Calle Fuentevieja,Lepe,-7.20150129787788,37.2514157206882
Carretera Carril del Acebrón,Almonte,-6.51146199995031,37.125976999753
Calle Vázquez González,Nerva,-6.54440864517732,37.6926277163155
Calle Maestro Granados,Nerva,-6.54174199980039,37.6889450006463
Barriada Bellavista,Minas de Riotinto,-6.596304479068408,37.69735316151923
Calle General Bernal,Nerva,-6.54476213375285,37.6928066779896
Paraje la Robaldea,Calañas,-6.88412667012341,37.6470712725507
Calle Pi y Margall,Nerva,-6.55192724536273,37.697798384174
Calle el Toril,Valverde del Camino,-6.75267500029602,37.5689929995532
Calle Hinojos,Rociana del Condado,-6.59538399999991,37.30814600000008
Calle Sevilla,Puebla de Guzmán,-7.24779923199992,37.6115484520001
Calle Traiña,Punta Umbría,-6.95829081399995,37.1781740480001
Calle Extremadura,Punta Umbría,-6.95759099999992,37.1785610000001
Avenida del Andévalo,Alosno,-7.12021099999993,37.6034990000001
Calle Rodrigo Caro,Nerva,-6.54776799999272,37.6976109996302
Calle Cristóbal Colón,Niebla,-6.67934900005617,37.3591300002495
Calle Rascón,Huelva,-6.95310800067397,37.2567449998755
Calle Arroyo Grande (Residencial La Fontita),Villablanca,-7.34587299999993,37.3079670000001
Camino de los Llanos,Rociana del Condado,-6.58794984811955,37.3122442140022
Calle Río Júcar,Lepe,-7.19708300055957,37.2605290003263
Calle Juan XXIII,Lepe,-7.20695800049251,37.2549940002572
Calle Filón Centro,Aljaraque,-6.99124604464887,37.2793483947057
Camino de la Estaca de Meltion,Villalba del Alcor,-6.49520499933093,37.3774119993854
Calle San Pedro,Cartaya,-7.16181599999993,37.286324
Calle Virgen del Mar,Lepe,-7.2246605484697,37.205146965684
Calle las Paneras,El Almendro,-7.26956546778713,37.5102881376949
Calle Cortinal de la Silla,El Almendro,-7.26946525099993,37.5062156260001
Calle Alcotan,Moguer,-6.80729416883113,37.1325218784216
Calle el Greco,Cartaya,-7.14897142304116,37.2803354839448
Calle San Sebastián,Aljaraque,-7.02319099964591,37.2699639998239
Calle Murillo,Aljaraque,-6.998963000615529,37.2740449999784
Calle Rábida,Corteconcepción,-6.509474000039098,37.897510999979204
Calle Baltasar,Higuera de la Sierra,-6.44557530725446,37.8359871982508
Calle Rafael Alberti,Higuera de la Sierra,-6.44769400027779,37.833547000294
Calle Rosario Moya,Corteconcepción,-6.498576730676,37.8928849335172
Avenida Cristóbal Colón,Cartaya,-7.07082994999996,37.2167596120001
Calle Argentina,Nerva,-6.55077657428982,37.6970887217698
Calle Pablo Picasso,Manzanilla,-6.43241083899613,37.3909559406207
Calle Francisco de Rojas,Cartaya,-7.15046199999995,37.2838410000001
Calle Transversal Virgen del Pilar,Trigueros,-6.82698837991166,37.3836962237299
Calle la Muela,Paterna del Campo,-6.40651900004785,37.4722139998849
Calle Paterna,Villalba del Alcor,-6.47507500053164,37.3991050000023
Calle San Leandro,Cartaya,-7.15910099999991,37.2863300000001
Calle Oriente,Santa Bárbara de Casa,-7.18733899969492,37.7942670001221
Urbanización Werjamar I,Lepe,-7.204407054539139,37.209313448872685
Calle Cádiz,San Bartolomé de la Torre,-7.10967999999991,37.446466
Trasera Calle Colón,Santa Olalla del Cala,-6.23243477332041,37.9042761139464
Calle Goya,Santa Olalla del Cala,-6.23467899999991,37.9090120000001
Calle Rábida,Rociana del Condado,-6.59722799999992,37.3126760000001
Calle Doctor Rodiño,Valdelarco,-6.68453905102063,37.9521057500108
Carretera HU-3402 A-49 a Cartaya,Cartaya,-7.1523454827921,37.311085227577
Calle la Serena,Villablanca,-7.34023099999996,37.3018620000001
Calle Pozo de la Nieve,Aracena,-6.56639099984458,37.8909449996122
Plaza de la Libertad,Lepe,-7.2004533690254,37.2678198472774
Calle Rincón de los Romos,Puebla de Guzmán,-7.2436292231897,37.614260522268
Calle Castillejos,El Campillo,-6.62954699999995,37.6961460000001
Calle Constitución,Paterna del Campo,-6.40294599975797,37.4190459996733
Calle Rábida,Beas,-6.79109300027161,37.4353920000397
Calle Alosno,La Zarza-Perrunal,-6.86900499999996,37.7096890000001
Calle Virgen del Valle,La Palma del Condado,-6.55624364399995,37.3884293500001
Transversal Federico García Lorca,Cumbres Mayores,-6.64189400040768,38.0635169997099
Calle Paz y Bien,Cortegana,-6.82624299999992,37.907359
Plaza San Isidro,Paterna del Campo,-6.4059252981139,37.4734294274263
Calle Calvario,Paymogo,-7.34567461499995,37.7388256450001
Calle Arroyo,San Juan del Puerto,-6.84464906499994,37.3145800930001
Calle Odiel,San Juan del Puerto,-6.84061099999991,37.3157780000001
Calle Puerta de Triana,Jabugo,-6.72870187,37.91688924
Plaza García Lorca,Moguer,-6.84122672600474,37.2737982464824
Calle José Fernández Ferrera,Lepe,-7.20917499997287,37.2531289998356
Calle Carlos V,Minas de Riotinto,-6.58134200043293,37.7141459997382
Camino de la Contienda,Rociana del Condado,-6.562551110285736,37.30434664566008
Camino del Sotillo,Almonte,-6.52195762181732,37.2357675819722
Paraje Sotillo,Almonte,-6.5245780364576,37.223696696124
Jardines Manuel Feria Toscano,Punta Umbría,-6.9561530664214,37.177619833204
Camino Viña Vieja,Niebla,-6.6377910000544516,37.364151999815086
Calle Virgen de la Peña,San Bartolomé de la Torre,-7.10862499999996,37.44649
Calle Jesús Hermida,Huelva,-6.95139499957322,37.2625669997315
Calle Córdoba,Punta Umbría,-6.96563025,37.18753975
Calle Azcárraga,Nerva,-6.5485229999165,37.699368999781
Camino de los Peros,Santa Bárbara de Casa,-7.232343000329035,37.775862000331244
Urbanización Santa María del Pilar,Huelva,-6.93414600047002,37.2693880001451
Avenida de la Amistad,San Bartolomé de la Torre,-7.10336899999993,37.4432840000001
Rotonda La Romería de la Amistad,San Bartolomé de la Torre,-7.10181950790431,37.4412794130824
Calle Luna (Castañuelo),Aracena,-6.57972822727576,37.9369087567339
Apartamentos Río Piedras - Avenida Playas de Cartaya,Cartaya,-7.11987335326822,37.2186077114811
Camino de El Arrayán,Almonte,-6.4873812979832,37.180119244248
Calle Castillo,Almonaster La Real,-6.78732609114695,37.8713246743267
Avenida Adoratrices,Huelva,-6.942827000308374,37.26532599955942
Carretera HU-3400 de N-431 a la Nueva Conexion Acceso a Islantilla,Lepe,-7.24416399984714,37.2453090003421
Calle Barquera,Almonaster La Real,-6.789077999999961,37.871695000000045
Calle Bollullos del Condado,Huelva,-6.95888200023909,37.262920999668
Calle Venezuela,Huelva,-6.930612999586028,37.2586849999977
Avenida Andalucía,Villalba del Alcor,-6.47891700044151,37.3970079994869
Calle Puerto Alto,La Nava,-6.74748499993265,37.9633389997952
Calle Jacinto Navas,Almonaster La Real,-6.78687550443414,37.8728272352737
Calle Paco Cerrejón,Huelva,-6.9392485164009,37.2536342561432
Calle los Naranjos,Almonaster La Real,-6.78811598999994,37.8725628920001
Calle Manuel Carrasco Galloso,Isla Cristina,-7.325158000698167,37.1937379998347
Calle Alcalde Pedro Medero,San Bartolomé de la Torre,-7.10869799999995,37.447617
Urbanización Punta Coral- C/ Cisneros,Cartaya,-7.12134579970637,37.2222082506842
Calle de la Iglesia,Isla Cristina,-7.269684999839932,37.22165100000222
Placeta de la Cruz,Lucena del Puerto,-6.730456999999944,37.304680000000076
Calle Juan el Morito,Lepe,-7.200626444234382,37.267432588944956
Plaza Cañamales,Bonares,-6.67662100057935,37.3210650007521
Calleja el Beato,Gibraleón,-6.97307799999993,37.37565900000004
Calle Río Ter,Huelva,-6.92951300002855,37.257236999915335
Calle Peones,Lepe,-7.193867999653975,37.27092899992222
Calle H,Huelva,-6.937020508379925,37.25529592438499
Paraje San Isidro,Gibraleón,-7.01457233214222,37.4058614637881
Calle Recuerdo,Isla Cristina,-7.326350082633451,37.20350068029505
Calle Estrella,Cartaya,-7.1578378344673,37.282991182141
Calle María Zambrano,Moguer,-6.82195352,37.13227137
Travesía Paterna Transve,Escacena del Campo,-6.392964999934624,37.41226499992998
Calle Dieciocho de Julio de 1922,Isla Cristina,-7.326454000519526,37.20755100025907
Calle Villarrasa,Moguer,-6.831605000458537,37.273870000530295
Travesía Constitución (Uno),Cumbres Mayores,-6.643953000030745,38.06023899963028
Plaza Tamarindo,Almonte,-6.56520708084944,37.0069920216582
Calle Chorrito,Puebla de Guzmán,-7.25406903117825,37.6104863348721
Calle Fuente de la Corcha,Huelva,-6.85526642488692,37.3088040155076
Calle la Porta,Hinojos,-6.38507300021857,37.2891020003572
Calle Jerónimo Sosa Castillo,Isla Cristina,-7.32445300042033,37.1963359995962
Polígono Ganadero,Chucena,-6.403026914027809,37.369609445811356
Calle Santiago,Niebla,-6.680761000419735,37.360322000360256
Avenida del Parque,La Granada de Río-Tinto,-6.509591999999941,37.767525000000035
Paraje Precise Resort El Rompido,Cartaya,-7.1448160520642,37.220815906051
Calle Empalme Sur F,Isla Cristina,-7.30712024835724,37.2455958551041
Calle Florida,Lepe,-7.201239776596222,37.248539356660096
Calle Berdigón,Huelva,-6.949156000245874,37.25540699996074
Urbanización las Garzas,Ayamonte,-7.3609476081887,37.178288940932
Calle Fernando Labrador,Aracena,-6.57288638877538,37.8870790845043
Calle Enebro,Punta Umbría,-7.04790963499994,37.2132340310001
Calle Barrio Nuevo,Isla Cristina,-7.315372000441134,37.19923599996631
Calle Río Tinto,Huelva,-6.949663000474229,37.2732880003194
Calle Manuel Siurot,Almonte,-6.52182300042461,37.2635250000133
Calle Jorge Juan,Villalba del Alcor,-6.476826000428005,37.395979000061764
Calle Condado,Bonares,-6.676852000632749,37.3224589994535
Calle Paraguay (Valdemorales),Moguer,-6.828566000011838,37.13801799916211
Plaza Noria del Palmarete,Huelva,-6.931450140201745,37.26365652614722
Calle Tartessos,Huelva,-6.9338421442013445,37.26712168282925
Calle Palma,Ayamonte,-7.4067940006423365,37.2154020002196
Calle Tulipanes,Punta Umbría,-6.98295799999994,37.19311900000008
Camino el Armiño,Valverde del Camino,-6.78919827633019,37.5229898277331
Calle Maestro Bando,Jabugo,-6.73063499999995,37.915136000000075
Calle Cabezo,El Granado,-7.41621499999991,37.519481
Calle Minas de Riotinto,Punta Umbría,-6.955999614999939,37.17753783300009
Vía de Huelva,Puebla de Guzmán,-7.243559999999945,37.60159500000009
Calle PP Callejón Niebla V1,Valverde del Camino,-6.748143791152401,37.563728548358
Paraje Los Lirios,Villarrasa,-6.5901433133856,37.34871857798
Plaza Ciudad de Tomelloso,Lepe,-7.2115996623933825,37.26239173390709
Avenida Nuestra Señora del Rocío,Bonares,-6.679466000141655,37.322607999781226
Paraje Matalagrana 33/35,El Almendro,-7.2643743448898,37.506310205
Callejón de Servicio,Almonte,-6.48710873992954,37.1333817264608
Calle Juan Ramón Jiménez,Santa Olalla del Cala,-6.2325840624943,37.90780379264
Calle Barrio Chico,Puebla de Guzmán,-7.25041351900724,37.61323330462
Calle Infanta Cristina,Palos de la Frontera,-6.89222072921868,37.2285161195828
Calle Diego Lozano,Moguer,-6.838161999295902,37.27419900050925
Calle Alambique,Moguer,-6.841419999648015,37.27030699940422
Plaza el Terreguero,La Nava,-6.744352000244432,37.96240399984484
Calle el Galeón,Palos de la Frontera,-6.93121084495713,37.1983740391467
Calle Corrales,Huelva,-6.92941532207465,37.2692182966759
Calle Mirto,Lepe,-7.214781000138912,37.22316000007388
Calle de la Innovación,Huelva,-6.87098952125111,37.3109847965625
Calle Manuel Siurot,La Palma del Condado,-6.5505538079999,37.3878204330001
Calle Zulema,Aracena,-6.55769599997026,37.8887669998973
Avenida de la Libertad,Punta Umbría,-6.97581699999995,37.1851570000001
Calle Rosario,Isla Cristina,-7.32518576035959,37.2037526024321
Calle Levante,Isla Cristina,-7.31607565802766,37.2017477107467
Calle Campofrío,Valverde del Camino,-6.75228300039649,37.5777260003507
Avenida Molino de la Vega,Huelva,-6.95842943680866,37.2649368839887
Calle San Martín,Isla Cristina,-7.32585300072389,37.1958340000976
Calle Escuadra,Isla Cristina,-7.32567095866751,37.2043366552963
Urbanización Islantilla Real,Isla Cristina,-7.237724919565422,37.21142551740498
Calle Huerto Potala,Isla Cristina,-7.31816958190679,37.2000991422276
Calle Dionisio Rodríguez Espinar,Isla Cristina,-7.326933123800736,37.20383533815016
Calle Madrid,Isla Cristina,-7.3247337660928995,37.19983477239237
Calle Ostra,Isla Cristina,-7.253123000740034,37.20535400023134
Calle San Simón,Isla Cristina,-7.32596906436302,37.196016241346
Calle Gustavo Adolfo Bécquer,Isla Cristina,-7.27086100030674,37.2210070001939
Plaza Almería,Isla Cristina,-7.325332228607404,37.19513144396346
Calle Rábida,Isla Cristina,-7.327217000507395,37.19956500021305
Calle Coquina,Isla Cristina,-7.248996000445138,37.20627000014089
Calle Bocas,Isla Cristina,-7.244611000494297,37.207340999600014
Calle Mercado,Isla Cristina,-7.327283921402949,37.203926167074926
Calle Mateo Alemán y Enero,Isla Cristina,-7.27182700071593,37.2199549996491
Calle Alfonso XIII,Isla Cristina,-7.3194352373254,37.2006950502704
Paraje Chicharita,Beas,-6.79475799980716,37.482994000151
Calle Sancho,Isla Cristina,-7.317561000028861,37.199656999664796
Calle Cuerda,Isla Cristina,-7.32063114351866,37.2003831594871
Calle Madreselva,Isla Cristina,-7.270421999795549,37.24157600001936
Calle Rape,Isla Cristina,-7.253683000036978,37.20619100031558
Calle Ribera,Moguer,-6.84370299998747,37.2778749993063
Paseo de las Flores,Isla Cristina,-7.326257725733601,37.20311646746942
Calle Matías Cabot,Isla Cristina,-7.3257069998910875,37.204932000093805
Calle Miramar,Isla Cristina,-7.326530559200257,37.19850569803691
Calle Calafate,Isla Cristina,-7.321902000380927,37.20320299980481
Avenida Federico Silva Muñoz,Isla Cristina,-7.325110999729005,37.197524000093104
Calle Jiménez Vaquero,Isla Cristina,-7.327631999918167,37.200179999566856
Plaza Hermanos Pinzón,Isla Cristina,-7.327151059858943,37.20472680040998
Calle Sierpes,Isla Cristina,-7.327688088404107,37.202821109757984
Calle Raya,Isla Cristina,-7.32333714,37.20166593
Calle Cercado,Isla Cristina,-7.269405999763994,37.221736999779644
Calle Alcalde Francisco Ruiz Bosque,Aracena,-6.5681607343303,37.8882373981375
Plaza Huerto del Dorado,Isla Cristina,-7.307535907727267,37.19819618587748
Paseo de Isla Cristina,Isla Cristina,-7.241862999847134,37.20542800037573
Calle de la Viña,Isla Cristina,-7.24827899992992,37.2072800002712
Plaza de la Higuerita,Isla Cristina,-7.31365330332356,37.2249565538119
Calle Arroyo de San José,Huelva,-6.9130453589323,37.2724092451756
Calle Arroyo del Valle del Jaral,Huelva,-6.91204955543027,37.273508556167
Paseo Ramón Regajo,Calañas,-6.876765999999918,37.651793000000055
Calle Navarra,Huelva,-6.951227000276053,37.26912600037824
Calle Juan Ramón Jiménez,Moguer,-6.83682449231887,37.2765026104572
Calle Pleamar,Punta Umbría,-6.96756199999993,37.17871900000006
Calle Olivo,Cañaveral de León,-6.52420399961467,38.0140710001766
Calle Fuente del Rey,Aracena,-6.57185274001174,37.8876568057172
Calle Isla Cristina,San Juan del Puerto,-6.833102546999953,37.31543183700006
Calle Alegría,Trigueros,-6.83381309,37.38861966
Calle Rociana,Huelva,-6.936150000021983,37.25734700029409
Calle Niño Jesús,Huelva,-6.952688999711304,37.26860600039042
Calle Alonso Barba,Huelva,-6.950117999921723,37.26045399991764
Calle Alcolea,Huelva,-6.943813000453475,37.26743400023705
Calle Alcalde José María Amo,Huelva,-6.954034000617178,37.25565200039366
Plaza Alcalde Coto Mora,Huelva,-6.95193999994241,37.255856999856086
Calle A,Huelva,-6.939766158735433,37.25588370236876
Calle Arquitecto Pérez Carasa,Huelva,-6.951017000300554,37.25626500010299
Calle Camarada Manuel María Carrasco,Huelva,-6.930350000304119,37.26329700034872
Calle Calpe,Huelva,-6.936816223295047,37.26031186310372
Calle Canarias,Huelva,-6.942209000148252,37.264672000220884
Calle Cerro Colorado,Huelva,-6.934290999857939,37.25648300006826
Carretera de la Cinta,Huelva,-6.94578500030579,37.2781550000083
Calle Doctor Asuero,Huelva,-6.933201999687534,37.260696999849785
Plaza del Estadio,Huelva,-6.935710000287591,37.257618999749404
Plaza Estados Unidos,Huelva,-6.941830747116168,37.28044525659177
Calle Estrella de Oriente,Huelva,-6.951846000064749,37.26986900044118
Glorieta de los Orfebres,Huelva,-6.935714999901903,37.26461400008699
Calle Gómez de Avellaneda,Huelva,-6.935850420352605,37.272431798164924
Calle Góngora,Huelva,-6.9384309997291735,37.26871699988785
Calle Granada,Huelva,-6.95540099964656,37.2604390001121
Glorieta de los Caldereros,Huelva,-6.936023999886465,37.26538699984349
Glorieta de los Forjadores,Huelva,-6.937805999936194,37.26328799989303
Plaza Huerto Paco,Huelva,-6.942891208930025,37.26677505094159
Calle Huerto Don Moisés,Huelva,-6.94377409360245,37.2637652864154
Calle Isaac Peral,Huelva,-6.9525809998752415,37.25930399990394
Avenida José Muñoz de Vargas,Huelva,-6.9355040002045705,37.258591999672696
Calle Juan Ramón Jiménez,Huelva,-6.937817000342403,37.257751999904094
Calle Rey Baltasar,Huelva,-6.954277000080768,37.269309999683564
Calle Jabugo,Huelva,-6.93109099985028,37.2598629999319
Calle María Auxiliadora,Huelva,-6.941565000134499,37.26435699987143
Calle Marqués de Dosfuentes,Huelva,-6.9435830004455426,37.26752299989301
Calle Mástil,Huelva,-6.93121299971096,37.25918800028335
Calle Niebla,Huelva,-6.935710000287591,37.257618999749404
Calle Picote,Huelva,-6.93797800047008,37.262175999707
Calle Nuestra Señora del Rocío,Huelva,-6.946597825502676,37.26197636480342
Calle Ortega y Gasset,Huelva,-6.928080000687289,37.2635950000349
Calle Pelícanos,Huelva,-6.95255037451282,37.2742429965762
Calle Pedro Alonso Niño,Huelva,-6.9372040000672825,37.25810099991413
Calle Miguel Redondo,Huelva,-6.9510730004848655,37.254445999776856
Avenida Miramar,Huelva,-6.953462999936962,37.27166099968904
Calle Ponce de León,Huelva,-6.944169999843297,37.25809199994244
Calle Río Segura,Huelva,-6.927013458322648,37.25651188118685
Calle Río Salado,Huelva,-6.928086999977614,37.25650399985196
Calle Sarasate,Huelva,-6.934910999591952,37.25462500002581
Calle Timón,Huelva,-6.9308259998544015,37.258994000225265
Calle Tres Carabelas,Huelva,-6.9480449998744644,37.27591000043037
Calle Virgen del Valle,Huelva,-6.939906000019704,37.26920700011024
Calle Santo Ángel,Huelva,-6.951827999631935,37.27240699999035
Plaza Monseñor José María Escrivá de Balaguer,Huelva,-6.940329000063235,37.282488999731655
Plaza Alonso Quijano,Huelva,-6.926370000365432,37.262502000369146
Calle Diana,Huelva,-6.90574799976202,37.3161070004133
Calle María Zambrano,Huelva,-6.93089462601939,37.2552186140504
Calle los Romeros,Huelva,-6.949329000035301,37.2650709997455
Plaza Don Miguel Raya,Huelva,-6.955927568569369,37.26417460539386
Calle Garcilla,Huelva,-6.950570473308176,37.27760971678104
Plaza Puerto Moral,Huelva,-6.927684084041,37.270847070800144
Plaza de Cañaveral de León,Huelva,-6.928921999929538,37.273065000006135
Avenida de las Ciencias,Huelva,-6.923847725989852,37.269529441873765
Plaza Doctor Francisco Sánchez Delgado,Huelva,-6.929923789405032,37.27783344681001
Plaza de los Hermanos Costaleros,Huelva,-6.95648348688969,37.2541309622595
Calle San Juan del Puerto,Huelva,-6.93110273919726,37.2689605713265
"Calle Antonio Borrero ""Chamaco""",Huelva,-6.95542524019463,37.2528163535074
Calle Pilar Miró,Huelva,-6.94986159649354,37.2797915192193
Calle Doctor Celestino Verdier,Huelva,-6.95618237,37.25315196
Calle Juan Castro González,Huelva,-6.95592400044997,37.2521550002281
Calle Escritor Hermenegildo de la Corte,Huelva,-6.9534189997943,37.253241999984
Calle Isla Formentera,Huelva,-6.940842217494687,37.26582342514305
Calle Río Guadalhorce,Huelva,-6.92655767211302,37.2586083046176
Plaza Amparo Correa Beltrán,Huelva,-6.935672814937465,37.27506451455698
Calle Goya,Minas de Riotinto,-6.5993810004328,37.6924629998676
Calle los Madroñeros,Huelva,-6.9197641048055,37.2624758054221
Paraje La Confesa,Galaroza,-6.69977149841606,37.9186799138226
Calle Lagar,La Palma del Condado,-6.556395307999935,37.38371380800004
Calle Conde de Niebla,Niebla,-6.6804490004209205,37.36088800038107
Calle Río Tinto,Palos de la Frontera,-6.89231999975284,37.2244880004375
Calle Blas Infante,Chucena,-6.3912265876094,37.36441457329
Calle los Labrados,Chucena,-6.39222946781549,37.361302821668
Urbanización Vinos Gordos - Avda Playas de Cartaya,Cartaya,-7.1190835265136,37.218529705613
Grupo Ingeniero Francisco Torres Quevedo Marín,Cortegana,-6.966735946256,37.793823603235
Paraje Peña Gorda,Calañas,-6.88502899999992,37.6531320000001
Calle José Nogales,Minas de Riotinto,-6.59319800038736,37.6940989997691
Calle Azucena,Palos de la Frontera,-6.91608600052603,37.209337999992
Paraje Los Almendros,Gibraleón,-6.9507170711889,37.359768192556
Avenida Andalucía,Villarrasa,-6.60568199962445,37.3873389997952
Calle Villarrasa,Bonares,-6.68553170456869,37.3240478011879
Calle Rosalía de Castro,Hinojos,-6.38703900004968,37.2915059997023
Camino Camino de los Naranjeros,Gibraleón,-7.001846999999941,37.356580000000065
Calle Virgen de los Remedios,Villarrasa,-6.60809000005328,37.3898260002698
Calle Castillo Alpizar,Paterna del Campo,-6.404758999727943,37.422338000398526
Calle I (Laguna del Tornejón),Trigueros,-6.811711690999971,37.327209638
Plaza Alcalde Miguel Merchante,Bollullos Par del Condado,-6.539398999763913,37.33746200017134
Paraje Solana de la Tallisca,Calañas,-6.88824599999992,37.6570740000001
Callejón El palo,La Nava,-6.74389172632199,37.9614458387546
Camino de la Huerta de los Clerigos,Calañas,-6.892402999999945,37.651920000000075
Calle la Pasa,Aracena,-6.557817000154264,37.88899399957363
Calle Cañamales,Aracena,-6.56850935112546,37.8926136404074
Plaza de San Roque,Villarrasa,-6.608131567889,37.385983670367
Trasera Paseo de los Estudiantes,Villarrasa,-6.609171696552,37.3872123341722
Calle Niña,Paterna del Campo,-6.40597700013834,37.416877000373454
Calle el Cabo,Alájar,-6.6613055611142,37.875258104693
Calle Luna,Aroche,-6.9540139999999155,37.94264800000008
Calle Montecillo del Señor,Alosno,-7.111660999999913,37.55008900000007
Grupo Escolar,Alosno,-7.122456880999948,37.60275170700004
Calle Coso,Aroche,-6.95527099999993,37.9447400000001
Calle Dolores Losada,Aroche,-6.952832999999941,37.94441400000005
Calle Artesanos,Aroche,-6.955057999999951,37.94238800000005
Barriada Antonio García Correa,Cala,-6.307643999999925,37.96889500000009
Calle Isabel Tejero,Calañas,-6.878243999999938,37.65664700000008
Calle Abeto,Cartaya,-7.16092199999991,37.2855250000001
Calleja de los Pozos,Campofrío,-6.57582199999996,37.76770300000004
Calle Napoles,Cartaya,-7.112320999999952,37.219479000000035
Vía de la Estación,San Bartolomé de la Torre,-7.08937499999996,37.4462680000001
Calle Andevalo,El Cerro de Andévalo,-6.940181813999914,37.73544363900004
Paraje Campo de San Benito,El Cerro de Andévalo,-7.095597551999958,37.672623454000075
Calle Arroyo Abajo,Cortelazor,-6.62652099999991,37.9353160000001
Calle Álvaro de Castilla,Galaroza,-6.71184699999992,37.926855
Calle Duque de Béjar,Gibraleón,-6.96483799999993,37.3774300000001
Calle Miguel de Unamuno,Gibraleón,-6.97519099999994,37.378652
Callejón la Langosta,Cabezas Rubias,-7.085673352999947,37.72650058100004
Plaza Constitución,Alosno,-7.114552999999944,37.54917800000004
Calle Sol,El Cerro de Andévalo,-6.941544518999933,37.73544939200008
Calle de la Muralla,Aroche,-6.95295799999991,37.944443000000035
Calle Padre Domínguez,El Cerro de Andévalo,-6.93991082499991,37.7351738400001
Calle Encina,El Cerro de Andévalo,-6.93695799999995,37.7350730000001
Avenida Deportes,Cortegana,-6.823060999999939,37.91318800000005
Calle Benafique,Cortegana,-6.818768999999918,37.91165600000005
Calle Manuel Daza,Gibraleón,-6.96910299999996,37.3754680000001
Calle Cervantes,Gibraleón,-6.97029299999991,37.377867
Calle Juan Ramón Jiménez,Galaroza,-6.710280710999939,37.928497048000054
Calle Puente,Gibraleón,-6.974819673999946,37.37130825700007
Camino Vereda de Peguerillas,Gibraleón,-6.967450999999926,37.36227500000007
Urbanización Hotel Riu Atlántico,Ayamonte,-7.3367814804854,37.186487776195
Urbanización Playa Canela I,Ayamonte,-7.3460733414304,37.183102009992
Calle La Juliána,Huelva,-6.92170413605955,37.2620348921434
Calle Molino,Ayamonte,-7.402148443325328,37.21436845790306
Calle Miguel de Cervantes,Aljaraque,-6.995762000038239,37.27749999960139
Calle Bailén,Ayamonte,-7.4092229997913,37.2145599996379
Calle Caño Franco,Ayamonte,-7.337400346163511,37.18712655127983
Calle Ermita,El Granado,-7.4164173144457,37.521947426001
Calle Doctor Silva Marquez,Jabugo,-6.729392999999959,37.91827600000005
Calle de los Azores,Ayamonte,-7.374225000669603,37.173793999685415
Calle de las Abubillas,Ayamonte,-7.37712200001175,37.173448000117
Calle Don Rodrigo Caballero,Valverde del Camino,-6.754287000454498,37.57231699988026
Vía de la Corraleta,Puebla de Guzmán,-7.26466999999991,37.607327000000055
Vía de Valdeparra,Villablanca,-7.289902999999924,37.340159000000085
Calle Río Tinto,Valverde del Camino,-6.751735999992905,37.577585999977344
Carretera A-490 de San Bartolomé de la Torre a Villanueva de los Castillejos,San Bartolomé de la Torre,-7.129164999999944,37.44710400000008
Calle Ramón y Cajal,Bonares,-6.68098500058179,37.3233209998681
Camino la Graja,Valverde del Camino,-6.77891326931317,37.5158122266765
Calle Concordia,Valverde del Camino,-6.74591400006077,37.5673609996906
Calle Villamanrique,Hinojos,-6.375190000417985,37.2905089995908
Camino el Corzo,Valverde del Camino,-6.79005548134397,37.5190964773266
Calle Almonte,Bonares,-6.68017999979816,37.3226699996977
Calle San Bartolomé,Paterna del Campo,-6.40289500010405,37.4219889995929
Calle la Calleja,Valverde del Camino,-6.7544549999955965,37.574026999975494
Calle Azcarate,Nerva,-6.55371060296389,37.69769404535495
Calle Sotavento,Punta Umbría,-6.964926999999932,37.177245000000084
Plaza Tabladilla,La Palma del Condado,-6.560677174999967,37.39073963100003
Plaza del Hortelano,Almonaster La Real,-6.75134527544313,37.8609954189736
Carretera Hv-1431,Aroche,-6.953719999999919,37.948496000000034
Camino Vereda del Batan,Alosno,-7.192870999999911,37.57646500000004
Camino Carril de la Dehesa Boyal,Aroche,-7.065399999999954,37.95681100000007
Camino Vereda de Chanza,Aroche,-6.975177999999914,37.98667700000004
Calle Santa Cruz de la Palma,Huelva,-6.93993591385321,37.2677168982762
Calle Presilla,Jabugo,-6.74968700899021,37.8934306128803
Camino Camino de la Ventilla,Berrocal,-6.521850999999913,37.55213400000008
Camino de la Dehesa,Cañaveral de León,-6.537099584378165,38.00891768250519
Camino Camino de Cala a Santa Olalla,Cala,-6.297010999999941,37.946762000000035
Camino Forestal del Marco al Cobujon,Calañas,-6.9019859999999085,37.588569000000064
Calle Trasera,Paymogo,-7.347536999999932,37.73920100000004
Camino de las Cruces a Calañas,Calañas,-6.900818999999956,37.65135900000007
Camino Vereda del Camino de Puerto Moral,Campofrío,-6.570284999999956,37.77492100000006
Calle Via Verde del Litoral,Cartaya,-7.1594996028378,37.2878625623395
Plaza Constitución,Fuenteheridos,-6.66344799999996,37.90267800000004
Camino Camino de Valverde del Camino por la Chaparrera,Gibraleón,-6.92266427699991,37.414989147000085
Vía de las Cabezadas,Lucena del Puerto,-6.723166999999933,37.311228000000085
Vía Lobos de la Culebra,Lucena del Puerto,-6.71992199999994,37.28583000000009
Camino las Vegas,La Nava,-6.7491698150347466,37.96490752806007
Camino Carril del Manzanito,Niebla,-6.663774000369673,37.53027800032966
Calle Bodega Pichardo,La Palma del Condado,-6.5418565579999495,37.359899195000025
Camino del Caballon,Niebla,-6.697436999617614,37.507889000277345
Calle San Blas,La Palma del Condado,-6.54820518899993,37.390518265000026
Pasaje Gustavo Bacarisa,Aracena,-6.561782971706675,37.89387630744584
Calle Alfonso XIII,Almonte,-6.51130700035624,37.2598660003225
Carretera HU-4401 San Silvestre de Guzmán a Sanlúcar de Guadiana,Sanlúcar de Guadiana,-7.37514299984937,37.4240229998617
Calle Peñuelas,Aljaraque,-6.994609234387508,37.27110356661527
Calle Santa Rosa,Aljaraque,-6.995113000695642,37.26906700025551
Calle Buganvilla,Aljaraque,-7.02490200040056,37.26318799967535
Calle Remedios,Aljaraque,-7.02445199967142,37.2685529999314
Calle Médico Enrique González Mayboll,Ayamonte,-7.39875473477252,37.2200490929762
Calle Boca Honda,Ayamonte,-7.33796999992596,37.1875490001367
Calle Balandro,Ayamonte,-7.34027000066697,37.1907800003862
Calle Cerezo,Ayamonte,-7.39949800018917,37.2184169999592
Calle Chile,Ayamonte,-7.39512700025691,37.2205869995546
Calle Virgen de la Salud,Linares de la Sierra,-6.621756999885494,37.879629000278356
Calle Fuente (El Quejigo),Jabugo,-6.73529313599994,37.898156885
Camino de las Ventas,Linares de la Sierra,-6.597406000186608,37.86703899975019
Calle Santa María de la Rábida,Palos de la Frontera,-6.84133388530101,37.140132901441
Plaza Llano la Fragua,Paymogo,-7.345792999999958,37.73915000000005
Calle Marga Gil,Moguer,-6.841657719842326,37.27827120498848
Camino de Corte del Ovejero,Paymogo,-7.24644399999994,37.71786300000008
Calle la Tahona,Puebla de Guzmán,-7.250592999999924,37.61178400000006
Vía de Valdecasa,Villanueva de los Castillejos,-7.1890489999999545,37.48186400000009
Vía de Pajares a el Muleto,Villanueva de los Castillejos,-7.249553999999932,37.43826500000006
Vía de la Puebla,Villanueva de los Castillejos,-7.178062999999952,37.50463600000006
Vía de la Alquería del Pozo,Villanueva de los Castillejos,-7.298217999999906,37.43006500000007
Calle San Roque,Villalba del Alcor,-6.478361999869953,37.3978570000129
Calle Prosperidad,Villalba del Alcor,-6.476263000597561,37.40055899940697
Calle Maestro D José Cotan Pinto,Villalba del Alcor,-6.479646999711379,37.39410399969483
Camino el Jarrillo,Santa Bárbara de Casa,-7.216740000250667,37.79290000003515
Camino de Paymogo,Santa Bárbara de Casa,-7.19813900041434,37.7040380003536
Calle Andalucía,Santa Bárbara de Casa,-7.187250000087232,37.79541399995627
Calle Juan Ramón Jiménez,Villalba del Alcor,-6.478927999907873,37.39425600013748
Vía Carril de Cartaya,Villanueva de los Castillejos,-7.160533999999927,37.385474000000045
Polígono Agropecuario CL C,Villanueva de los Castillejos,-7.2739539999999465,37.49150700000007
Prolongación Ereta,El Almendro,-7.267918999999949,37.50892600000009
Calle Lepe,Punta Umbría,-6.97421195099992,37.1870115600001
Plaza Comandante Ramón Franco,Palos de la Frontera,-6.893649999918623,37.22877699966554
Calle Virgen de Guadalupe,Huelva,-6.9386580005644,37.260421000227275
Calle Alcalde Rafael Ortiz Sánchez,Aracena,-6.57007600385853,37.8876209516034
Calle Garza Real,Huelva,-6.9524323694037635,37.27462729046318
Calle Nogales,San Juan del Puerto,-6.842187999999908,37.31430700000004
Calle Cerro de Andevalo,Ayamonte,-7.402591000590764,37.20826099994882
Vía Cañada,San Bartolomé de la Torre,-7.075727999999913,37.45389400000005
Calle Cala,Moguer,-6.82550899961094,37.14267199960835
Camino de Pitono,Beas,-6.768854999478821,37.43565300022875
Calle San Antón,Bonares,-6.67897599981858,37.32723099917035
Plaza de Mataró,Isla Cristina,-7.324939366308995,37.20092433754636
Puente Infanta Cristina,Isla Cristina,-7.324047000248853,37.20582900022836
Camino de la Dehesa,Isla Cristina,-7.26012156066663,37.208722747829746
Calle Escalera San José,Bonares,-6.68204300018647,37.323754999943766
Calle San Bartolomé,Beas,-6.791650999633082,37.424619000296495
Calle Granada,Beas,-6.789162999816436,37.42560800055974
Calle Niebla,Moguer,-6.83972700048856,37.2720260000984
Calle Miguel Teurbe Tolon,Moguer,-6.838657000076977,37.270605000190194
Calle América,Bonares,-6.67686199995499,37.3211020002119
Calle Pozo,Bonares,-6.680299,37.323904
Calle Alájar,Moguer,-6.83243053931651,37.2758741898753
Calle Juan Ladrillero,Moguer,-6.83799300056207,37.270655999883544
Calle Trigueros,Moguer,-6.8405810003812055,37.27165099996887
Calle Velázquez,Bonares,-6.67780603688985,37.3233586285175
Calle de la Noria,Moguer,-6.844539400513138,37.27044888289885
Calle Zarzamora,Moguer,-6.8366079997809335,37.27074300020327
Calle Comendador Vélez de Mendoza,Moguer,-6.845741449948749,37.27906218708333
Calle Carabela la Niña,Moguer,-6.835884000026573,37.137561999914865
Plaza Trainera,Moguer,-6.82863600024001,37.1373600000423
Calle Rubén Darío,Moguer,-6.83763612111071,37.2776627754432
Calle Lima,Moguer,-6.82708300015991,37.138736000371
Calle Fuerteventura,Moguer,-6.83983300062601,37.279537000357244
Calle Bartolomé Ruiz Estrada,Moguer,-6.837832999336138,37.27692699980027
Calle Lanzarote,Moguer,-6.840627000604434,37.28009699977796
Calle Gran Canaria,Moguer,-6.840270418188568,37.27952663345327
Calle Andalucía,Moguer,-6.840170000071696,37.275262999507795
Poblado Forestal de Mazagón,Moguer,-6.762731999497841,37.113299000097925
Calle Pablo García Izquierdo,Moguer,-6.8430491622309795,37.27459731212196
Plaza de los Bomberos,Huelva,-6.941832995696165,37.26101618731566
Calle las Cruces,Valverde del Camino,-6.75197300030983,37.5727609996018
Carretera HU-3105 Trigueros a Gibraleón,Gibraleón,-6.9359139999999115,37.373480000000086
Calle Pastor Alonso Gómez,Villanueva de los Castillejos,-7.270422999999937,37.50394600000004
Calle Maestra González Adame,Fuenteheridos,-6.661385999999936,37.90388000000007
Calle Alta,Ayamonte,-7.40610399975549,37.2208409996738
Calle de los Ruiseñores,Ayamonte,-7.370896000329708,37.174611999776225
Calle Enrique Granados,Almonte,-6.51596525848802,37.2512029877787
Calle Cristóbal de Morales,Almonte,-6.51524118674636,37.2507266768476
Calle Bollullos Par del Condado,Bonares,-6.686168828090089,37.32249103247303
Calle Hinojos,Bonares,-6.684770000301414,37.323684999750796
Callejón de Servicio,Almonte,-6.47730817589359,37.1274944931188
Calle Calar,Linares de la Sierra,-6.621891999815751,37.879870999747
Zona Residencial Santa María,Palos de la Frontera,-6.920211999751311,37.20258400040592
Plaza Oropendola,Moguer,-6.807856088082408,37.13219133598589
Calle Gibraleón,Ayamonte,-7.40546900015682,37.2059949998483
Calle Cantarrana,Villalba del Alcor,-6.475949000719564,37.39251999993791
Camino de Pedro Casa,Calañas,-6.88239399999992,37.63845400000008
Calle Gloria Fuertes,Almonte,-6.52845313019832,37.2631507067249
Calle B (Cabezas),Puebla de Guzmán,-7.294924999999921,37.612764000000084
Calle Condado de Niebla,Puebla de Guzmán,-7.251263999999935,37.608880000000056
Calle Faro,Punta Umbría,-6.965616999999952,37.186191000000065
Calle H (Laguna del Tornejón),Trigueros,-6.812308567999878,37.32627362700009
Plaza del Guadalquivir,Almonte,-6.47545817207008,37.1342317843491
Calle el Almoradux,Almonte,-6.51078799992459,37.2582339997936
Calle el Turmal,Almonte,-6.52122475416139,37.2545142492885
Calle las Hermandades,Almonte,-6.48783386914537,37.136490506302
Calle Ermita (Corteconcepcion),Corteconcepción,-6.4984104055804,37.8925684270691
Calle Evaristo Pérez,Corteconcepción,-6.499222999775976,37.8918699999369
Calle Tarifa,Nerva,-6.546736838505699,37.692275961283926
Barriada Juan Ramón Jiménez,Nerva,-6.550996221516814,37.69416447675641
Calle Antonio Machado,Huelva,-6.93006285416218,37.2646990052327
Calle Prim,Nerva,-6.55224100034814,37.698347999969
Calle Canovas,Nerva,-6.550897000457086,37.695076999649025
Plaza EL Velódromo,Huelva,-6.943128620836781,37.25395627239572
Barriada Francisco Romero Marín,Nerva,-6.54561012181617,37.6911836165152
Calle Teodosio,Nerva,-6.554328000057444,37.69553500065005
Polígono Industrial San Diego,Huelva,-6.90738103081365,37.2739952174461
Calle Cano y Cueto,Nerva,-6.547333754381436,37.6936720830184
Calle Santa Rafaela María,Huelva,-6.94941799997375,37.2723729996712
Calle León y Castillo,Nerva,-6.5434193975645325,37.69196007053465
Calle Doctor Jaime Vera,Nerva,-6.548772351526147,37.69298756456029
Calle Calvario,Villarrasa,-6.606755999689508,37.38371299985526
Plaza Paco Toronjo,Huelva,-6.940324000102823,37.262566000381355
Camino Acceso al Vertedero,Huelva,-6.8955098999632085,37.2701279977972
Plaza de la Misericordia,Huelva,-6.937495999975335,37.27040199968807
Paseo Virgen de la Victoria,Huelva,-6.940800545699111,37.25504967172008
Plaza de la Tierra,Huelva,-6.94014408920825,37.265684817960725
Calle Águila Imperial,Huelva,-6.951383173265242,37.277096753378
Calle Doctor Pedro Azcárate,Huelva,-6.931557479606182,37.282500918599695
Calle Empalme Sur B,Isla Cristina,-7.3071366822608,37.244186989466
Avenida de la Cuenca Minera,Huelva,-6.88422416166574,37.309440071063
Calle de la Economía,Huelva,-6.87189306665232,37.3104920459093
Calle Poeta Rafael Alberti,Rociana del Condado,-6.59264699999994,37.3090980000001
Camino de Encinasola,Rosal de la Frontera,-7.124888999999939,38.00198700000004
Calle el Molino,San Bartolomé de la Torre,-7.104796999999905,37.44616700000006
Plaza de España,Rosal de la Frontera,-7.220250999999905,37.96809500000006
Plaza el Cine,Huelva,-6.946938131859413,37.25581224910139
Transversal a Santa Rafaela María,Huelva,-6.94933952292951,37.27266945817919
Calle Pilar Gallango,Huelva,-6.95782029222719,37.2617068773172
Plaza Doctor José Arenas Ortiz,Huelva,-6.9424654647558,37.264371729555
Avenida Honduras,Huelva,-6.926889950898951,37.267209934273
Plaza Andalucía,Escacena del Campo,-6.38864170869215,37.4080174978455
Calle Margarita,Moguer,-6.835908035933888,37.28022386320151
Camino Carril del Lobo,Hinojos,-6.466550000182225,37.32794700025403
Plaza Conchita la Maestra,Niebla,-6.680831431725056,37.360988868341806
Calle Rincones,Almonaster La Real,-6.78724732469856,37.8722763343259
Camino del Rocío a Sevilla,Hinojos,-6.349845999892822,37.16360300007857
Carretera HU-6110 Escacena del Campo a Aznalcóllar,Paterna del Campo,-6.366173000083774,37.444495999690815
Camino de la Dehesa,Paterna del Campo,-6.415551000078467,37.41965599992464
Urbanización Rincón del Golf III,Ayamonte,-7.3848841168589,37.191603496624
"Calle D. Antonio Ladrero Elías ""Practicante""",Punta Umbría,-6.97368069753845,37.1911269849761
Calle Pastillo,Huelva,-6.93598800060084,37.26070099969884
Calle Gravera,Huelva,-6.92127871821735,37.2603801707135
Calle Aldea de Tejada,Huelva,-6.91857484051212,37.2602923103654
Calle Murillo,Calañas,-6.878962999999942,37.65444700000006
Urbanización los Albatros,Ayamonte,-7.3599900718866,37.177924757007
Camino la Aulaga,Valverde del Camino,-6.77542814038266,37.5554215879037
Calle el Prado,Chucena,-6.393803000097564,37.366859999511966
Calle Cornisa,Ayamonte,-7.40759000029827,37.2227440000972
Camino Vereda de Sevilla,Cortegana,-6.893575999999939,37.910457000000065
Camino Vereda de los Cerreños,Almonaster La Real,-6.85976299999993,37.801844000000074
Camino de Arroyomolinos,Arroyomolinos de León,-6.416017999999951,38.03081700000007
Camino de la Contienda a las Aldeas,Aroche,-6.87871599999994,37.986353000000065
Camino de los Terrrazos,Aroche,-6.927522999999951,37.992541000000074
Camino Carril de la Loba,Aroche,-6.930645999999911,38.035479000000066
Carretera HU-8129 de HU-8128 a HU-8130,Aracena,-6.4978959996005,37.88421899970727
Camino de Cortelana,Aroche,-7.112272999999959,37.96727000000004
Carretera de Cabeza la Vaca al Monasterio de Tentudia,Arroyomolinos de León,-6.373784999999941,38.04940600000003
Camino Vereda de Aguas Teñidas a Concepción,Almonaster La Real,-6.656237999999917,37.77976000000007
Camino de Valdefuentes,El Almendro,-7.330298999999911,37.55445000000009
Camino de Alosno a Puebla de Guzmán,Alosno,-7.132814999999937,37.579262000000085
Camino de Thersis a los Montes,Alosno,-7.1443069999999125,37.625707000000034
Camino de la Rebolla,Alosno,-7.183079999999961,37.58316200000007
Camino Tharsis a los Castillejos,Alosno,-7.165046999999959,37.585811000000035
Carretera Hv-1471,Alosno,-7.101577999999961,37.587255000000084
Camino Castaño-Jabugo,Castaño del Robledo,-6.711998999999935,37.89838800000007
Carretera HU-6102 el Cerro de Andevalo a la HU-7104,El Cerro de Andévalo,-6.896492999999907,37.757625000000075
Carretera HU-7104 N-435 a Cabezas Rubias,El Cerro de Andévalo,-7.020531999999946,37.77345500000007
Camino de Porero,Cortegana,-6.84326399999992,37.91277900000006
Camino Camino de Cañada Grande,Berrocal,-6.4632369999999355,37.546568000000036
Camino Camino de Cala a Zufre,Cala,-6.305027999999936,37.946367000000066
Polígono Industrial Municipal,Berrocal,-6.54422536504358,37.6066510000001
Camino del Milano,Calañas,-6.879859999999951,37.56256100000007
Camino de Servicio de las Cruces a Calañas,Calañas,-6.944811999999956,37.64763700000009
Camino de Alosno a las Minas del Milano,Calañas,-6.932535999999914,37.585447000000045
Calle el Poleo,Alájar,-6.664492445210073,37.87408282367635
Calle José Arauz Bayo,Higuera de la Sierra,-6.44514662471681,37.8340566595874
Vía Ruta Verde hacia los Romeranos,Sanlúcar de Guadiana,-7.435819000146566,37.4110240002576
Calle E (Parque Empresarial Sierra de Aracena),Aracena,-6.53073194,37.87915215
Camino de los Mochados,Hinojos,-6.473200000179735,37.34919499984956
Calle Grupo Escolar,El Campillo,-6.632287930999951,37.69219112600007
Camino del Charco,Almonte,-6.49093797861302,37.2502130208263
Calle Cruz de Mármol,Aracena,-6.56710740234529,37.8975286577475
Carretera del Valle a Chucena,Manzanilla,-6.407849727882,37.371033978391
Calle el Molinillo,Almonte,-6.51328627542161,37.2613564547483
Polígono Industrial el Tejar,Gibraleón,-6.95317189802471,37.3767535779026
Polígono Industrial Cantalgallo Calle C,Aracena,-6.5678751288833,37.898395015161
Camino del Pueblo,La Palma del Condado,-6.551280184999939,37.39315991800004
Calle Clara Campoamor,Niebla,-6.6801300000993,37.3669999998503
Carretera HU-6109 Paterna del Campo a Manzanilla,Manzanilla,-6.422365000444236,37.396845000196734
Avenida Fausto Arroyo,Santa Bárbara de Casa,-7.18662199990515,37.7935890003322
Urbanización Residencia José Mª III,Cartaya,-7.055992882999931,37.21274349400005
Calle Bodega Rubio,La Palma del Condado,-6.542544557999975,37.364634058000036
Calle Marismas,La Palma del Condado,-6.555452346999971,37.39115616400005
Camino del Fuente,Paterna del Campo,-6.413005999627019,37.41341900008698
Calle Romeral,Niebla,-6.678518000405211,37.36561599987866
Camino Camino la Esperanza,Cumbres Mayores,-6.651049358740735,38.06705622406564
Calle Proa,Punta Umbría,-6.960066999999924,37.18182900000005
Calle Nueva (Corterrangel),Aracena,-6.6008793781152,37.937804163447
Camino Cabeza Gorda,Encinasola,-6.8675057834371,38.141643469321
Camino Vereda de Sevilla,Galaroza,-6.675693999999908,37.92595400000005
Calle Fray Juan Peguero,Trigueros,-6.834054682999977,37.38446805800004
Plaza Puerta de los Novios,Palos de la Frontera,-6.892192017560808,37.230708433765535
Camino de la Portugalesa,Encinasola,-6.866506000051647,38.13184700043886
Camino Raya de la Zarzuela,Hinojos,-6.434395622659694,37.28580362613664
Sector Dunas,Almonte,-6.5289336390768,36.984200362626
Carretera A-474 de Sevilla a Almonte por Pilas,Hinojos,-6.3510679995883,37.299291999926
Camino Casa,Paterna del Campo,-6.430869999650612,37.48087500008141
Calle Trasera del Santo,Paymogo,-7.343013694999911,37.739525377000064
Polígono Industrial San Juan,Nerva,-6.54995819763581,37.6992313750816
Camino Carril de Santana,Paterna del Campo,-6.383691000339241,37.47955200022481
Camino de Tejada,Paterna del Campo,-6.377632999762949,37.44020399961502
Camino de Santa Ana,Paterna del Campo,-6.391023000311024,37.48954399965604
Camino del Parrondon,Paterna del Campo,-6.471963999838558,37.50617799961517
Calle Barquina,Paterna del Campo,-6.4061609996302495,37.41552400003271
Camino Vereda de las Cintas,Paterna del Campo,-6.391612999640061,37.423966999977225
Carretera A-494 de San Juan del Puerto a Matalascañas por Mazagón,Lucena del Puerto,-6.727366999999958,37.10291100000006
Camino de Valdearco a Aracena,Los Marines,-6.644214000375671,37.9216989996093
Camino de la Corte,La Palma del Condado,-6.551949890999936,37.39941519700005
Vía del Corral,Lucena del Puerto,-6.736907999999914,37.23379900000003
Vía de los Lobos,Lucena del Puerto,-6.72936999999996,37.282605000000046
Camino de Rociana,La Palma del Condado,-6.557911130999969,37.368632330000025
Camino de la Atalaya,Niebla,-6.5927820000890724,37.496099999815286
Camino los Pollos,Almonaster La Real,-6.75961499999994,37.8932780000001
Sector Fumarel,Almonte,-6.5257767792955,36.9917523624975
Calle Goya,Hinojos,-6.382033000322573,37.28987900021591
Carretera Almonte,Rociana del Condado,-6.59398573399994,37.29924026
Grupo el Toril,Cortegana,-6.96818599999995,37.7942610000001
Calle Cinaga,Encinasola,-6.869784606274337,38.13554718815233
Calle San Pío X,Trigueros,-6.83328093299991,37.3837412450001
Calle Recinto Ferial Doña Elvira de Ayala,La Palma del Condado,-6.559367261487313,37.3844438145275
Calle San José,La Palma del Condado,-6.555596245999936,37.384118433000026
Calle Arroyo el Sorbijo,Cartaya,-7.15267299999994,37.2865330000001
Calle Sagunto,Rociana del Condado,-6.593591999999944,37.31175900000005
Calle Huelva,Santa Ana La Real,-6.72456963072741,37.8637427915125
Calle Benavente,Bollullos Par del Condado,-6.537572000047598,37.33931100000281
Calle Dos de Mayo,Bollullos Par del Condado,-6.53716600021056,37.34239500012937
Calle Cuesta la Estación,Valverde del Camino,-6.750761000306961,37.5742119997016
Calle García Lorca,Hinojos,-6.383636999647668,37.29297900018091
Camino Sesmo,Paterna del Campo,-6.416986999750084,37.40428799989148
Calle Almería,La Palma del Condado,-6.547181432999935,37.38787224500004
Calle Revista Corumbel,La Palma del Condado,-6.552431057999968,37.38393437000008
Calle Almirante Pinzón,Niebla,-6.678641999828208,37.36067400040501
Plaza San Martín,Niebla,-6.679875000031035,37.361543000009554
Calle Hermanos Machado,La Palma del Condado,-6.559490245999939,37.38901768300008
Camino del Alcornocal,Paterna del Campo,-6.422222000145038,37.40956899970972
Camino de la Pastora,Paterna del Campo,-6.430005000230431,37.425604999970915
Calle Cantillo,Puebla de Guzmán,-7.248374999999953,37.61467800000008
Camino de Vaíllo Palo,Lucena del Puerto,-6.73492418571747,37.3088598073608
Calle Francisco Ayala,San Bartolomé de la Torre,-7.103965027999948,37.44761190000008
Calle Paymogo,Valverde del Camino,-6.758806000597657,37.571386000074874
Calle Carnicería,Santa Bárbara de Casa,-7.188179999807044,37.797598999994065
Calle Pizarra,Linares de la Sierra,-6.6203526332848,37.878794357068
Calle de los Enebros,Ayamonte,-7.356540999665873,37.18729299956202
Calle Ejido Norte,Rosal de la Frontera,-7.217809999999929,37.97042200000004
Calleja Tio Lunar,Villanueva de los Castillejos,-7.273736999999926,37.500838000000044
Urbanización Ciudad Jardín Virgen Blanca,Villablanca,-7.33915692412412,37.3039551941016
Calle Alcornoque,Higuera de la Sierra,-6.450217999760719,37.83751399977146
Barriada el Molino,Villablanca,-7.344109999999944,37.30040800000006
Calle Cerro,Cabezas Rubias,-7.087635999999918,37.72774100000004
Plaza Médico Don Bartolomé,Cabezas Rubias,-7.0864394087247,37.72646452749
Calle Abubilla,Punta Umbría,-6.964677999999935,37.182896000000085
Calle Coso,El Granado,-7.41871249413618,37.5200928101233
Calle la Valdemuñoz (Corte,Santa Ana La Real,-6.736753789999909,37.855764760000056
Calle Mesones,San Silvestre de Guzmán,-7.348747999999944,37.38869500000004
Calle la Cruz,Cala,-6.31960809267634,37.9712246452892
Avenida de Andalucía,Cala,-6.31007399999993,37.9692220000001
Calle Mineros,Cala,-6.31683399999991,37.971594
Barriada Virgen de España,Calañas,-6.8777019999999425,37.653031000000055
Calle Dr. Miguel Marquez,Calañas,-6.879348999999934,37.64940500000006
Calle Fleming Tahona,Calañas,-6.880641999999909,37.65654200000006
Calle Góndola,Cartaya,-7.150530644999947,37.28753746600006
Calle Granaitos,Ayamonte,-7.4061090000050624,37.221542999690236
Calle Vázquez Díaz,Campofrío,-6.57335862154985,37.7671031441806
Calle Flor,Punta Umbría,-6.96012251699995,37.1792701680001
Calle Jazmín (El Rincón),Punta Umbría,-7.05470339699991,37.248704575
Calle San José Obrero,Beas,-6.738054000231181,37.38938100024364
Calle Chanza,Rociana del Condado,-6.600990999999908,37.30997200000007
Calle de las Palomas,Ayamonte,-7.36583000019151,37.18164000031602
Calle Cordoneras,Moguer,-6.84386865,37.27591754
Calle Bailén,Rociana del Condado,-6.592073999999911,37.309345000000064
Calle Tierra,Rociana del Condado,-6.59392599999995,37.3133240000001
Calle Camaleón (El Portil),Punta Umbría,-7.05148399999996,37.2142870000001
Calle Alcalde Silvela,Rosal de la Frontera,-7.21700499999992,37.966033
Calle Pizarro,Santa Olalla del Cala,-6.233986999999956,37.90919800000006
Calle Pablo Neruda,Valverde del Camino,-6.753146000572284,37.57910700008078
Calle Acebuche,Villablanca,-7.34557699999993,37.302241
Calle Buenavista,Paterna del Campo,-6.4016959996705305,37.42315700039542
Calleja Jesulita,Villanueva de los Castillejos,-7.27104299999991,37.4976810000001
Calle Rafael Alberti,Escacena del Campo,-6.38769399967818,37.4038779998699
Urbanización la Florida - C/ Arroyo de la Plata,Cartaya,-7.0548313389922,37.21512914336
Plaza de Parchilena,Lucena del Puerto,-6.731672999999944,37.30367700000005
Calle Nueva,Villanueva de los Castillejos,-7.27216999999996,37.49746
Calle Asturias,Cartaya,-7.105611999999951,37.21712500000007
Calle Prelados Onubenses,Palos de la Frontera,-6.90250071788974,37.2240039466476
Calle las Golondrinas,Ayamonte,-7.371986238214242,37.17411901968691
Calle Carrasca,Trigueros,-6.83690443299997,37.387286558
Calle Virgen de los Dolores,Paterna del Campo,-6.404782999935365,37.4154809998485
Calle Tamujoso,Paterna del Campo,-6.406942999719466,37.41750000032491
Calle Castaño,Cartaya,-7.161103999999909,37.28501600000004
Calle Tomillo,Trigueros,-6.83690549599987,37.38744987
Calle Libertad,Trigueros,-6.834626471999968,37.3875299020001
Calle J (Laguna del Tornejón),Trigueros,-6.813142838999909,37.32734529100014
Calle Cabezo Alto,Trigueros,-6.82887774599993,37.3803846830002
Camino Padron de los Carboneros,Villarrasa,-6.61345200000968,37.392334999960426
Calle Camino del Parral,Trigueros,-6.8330285589999,37.3877373670001
Calle Romero,Trigueros,-6.83641480799997,37.3872985580001
Calle Ramón y Cajal,Trigueros,-6.834879182999941,37.38221049500004
Camino Arenal,Trigueros,-6.815859089999947,37.327237602000025
Calle Tinto,Trigueros,-6.833191059999933,37.380613660000165
Calle Estrados,Valdelarco,-6.682648407597729,37.9496471867684
Camino de los Cuadrejones,Villarrasa,-6.61232400015234,37.3862039996151
Camino Camino de Valdelarco a la Nava,Valdelarco,-6.694388218741126,37.95511945799673
Calle de la Torre,Villarrasa,-6.608402000052095,37.390347000014245
Calle Santa María,Villarrasa,-6.60648499978273,37.3891679996037
Calle Loto,Cartaya,-7.14707091899993,37.28651760000008
Calle Trébol,Cartaya,-7.14908464348499,37.2882215824181
Barriada Juan Carlos I,Cartaya,-7.14727599999992,37.284549000000084
Plaza Santa Lucía,Cartaya,-7.1589695309999115,37.28263932900006
Calle Sol,Cartaya,-7.159035999999958,37.283048000000065
Calle Trigo,Ayamonte,-7.4050400744660445,37.2168851766291
Calle Cervantes,Santa Olalla del Cala,-6.23252621199993,37.9057064450001
Calle la Peñuela,Palos de la Frontera,-6.919943000293414,37.20815299973588
Calle Fray Ángel Ortega,Palos de la Frontera,-6.8923729999804,37.2291569995996
Calle Antonio Machado,Villanueva de las Cruces,-7.025696999999923,37.62963000000008
Calle Villeda,Cartaya,-7.15266899999995,37.2826930000001
Calle Carneceria,Zufre,-6.337242999999944,37.83505800000006
Calle Cartaya,Cartaya,-7.152965359999939,37.28639537200007
Calle Churruca,Cartaya,-7.1226429999999255,37.22035200000005
Calle Río Odiel,Cartaya,-7.12145299999992,37.217677
Barriada Vivienda Maestros,Cartaya,-7.15843999999993,37.2861750000001
Calle Murcia,Cartaya,-7.108013310999922,37.21696221000008
Calle Sierra de Guadarrama,Aljaraque,-7.01781146578697,37.2924314290457
Calle Estación,Gibraleón,-6.96337499999993,37.3696320000001
Calle Tapies,Cartaya,-7.14803899999993,37.2800950000001
Calle Galaroza,Cartaya,-7.14416993300827,37.2874874976988
Plaza Fuente del Duque,Cartaya,-7.15868690178848,37.28398556511
Calle Agua del Rompido,Cartaya,-7.124121342999956,37.21801055200007
Calle San Isidro,Cartaya,-7.15041899999994,37.2841660000001
Polígono Industrial los Pinos,Moguer,-6.82310855348342,37.1422765722638
Calle Manuel Siurot,Fuenteheridos,-6.66217203,37.90491462
Calle Coscorrita,El Cerro de Andévalo,-7.07280991099992,37.6818051710001
Calle Garabato,Ayamonte,-7.3753210002183796,37.18974399972947
Calle Aroche,Aljaraque,-7.034502460988794,37.26391408902478
Travesía de los Estudiantes,Ayamonte,-7.408450000481296,37.21565400003387
Calle Comandante,Linares de la Sierra,-6.62011000037601,37.8805040001596
Calle Caldereros,Valverde del Camino,-6.758467999841258,37.57235300031619
Calle Matrona María Tamarit,Cortegana,-6.825696999999934,37.91289500000005
Calle Talero,Cortegana,-6.82095999999996,37.911187
Calle Maura Montaner,Cortegana,-6.8204503156739,37.909152501731
Calle Tia Sabina,Cortelazor,-6.623312999999939,37.93435000000005
Calle Tomillo,Cortegana,-6.82235799999995,37.9144860000001
Plaza Esperanza,Cortegana,-6.820520999999928,37.91062400000004
Calle Sierra Morena,Cortegana,-6.827277999999922,37.908510000000035
Calle Fray Alonso Giraldo de Terreros,Cortegana,-6.82341685599994,37.9155171260001
Grupo Malacate,Cortegana,-6.96790899999991,37.7949600000001
Plaza Virgen de la Soledad,Gibraleón,-6.96394370599995,37.3729320830001
Calle Tartesos,Gibraleón,-6.96726899999993,37.3765980000001
Calle Cielo,Galaroza,-6.70925999999992,37.9288330000001
Calle Cerro de Santa Brigida,Galaroza,-6.706023999999957,37.92555800000008
Calle Fernández de Landa,Galaroza,-6.708944496999948,37.926612875000046
Calle los Jarritos,Galaroza,-6.709324999999922,37.92648500000007
Calle Tio Maximo,Galaroza,-6.71036499999991,37.9282600000001
Camino Cementerio,Galaroza,-6.7156349999999065,37.93049600000006
Calle Palacios,Gibraleón,-6.97520499999996,37.377289000000076
Calle Costaleros,Gibraleón,-6.96631799999994,37.3730590000001
Calle Fuenteplata,Gibraleón,-6.97018799999995,37.3727280000001
Calle Zenobia Camprubi,Gibraleón,-6.96527853099991,37.3787788850001
Calle Juan XXIII,Gibraleón,-6.976498999999933,37.378562000000045
Calle Vicente Aleixandre,Gibraleón,-6.9636232029999405,37.38002431500007
Plaza las Monjas,Gibraleón,-6.972979316999954,37.37432065300004
Calle Miguel Ángel Blanco,Gibraleón,-6.96835799999991,37.3798570000001
Plaza Ejido de los Molinos,Gibraleón,-6.9647620724223,37.379204696652
Calle Buenavista,Gibraleón,-6.96102999999994,37.3752180000001
Calle Descubridores,Gibraleón,-6.96320499999996,37.3758510000001
Calle San Cristóbal,El Almendro,-7.27136652199994,37.5050480830001
Aldea Escalada,Almonaster La Real,-6.76239759099991,37.84481688100004
Calle Paiño,Punta Umbría,-6.966709999999921,37.18449100000004
Calle Pepe Antonio Márquez,Aracena,-6.57389000032312,37.8864069998833
Calle Piedra del Majar,Aracena,-6.60091296783,37.938097693244
Calle Pedro Delgado,Bollullos Par del Condado,-6.534736999712576,37.34107599955794
Calle Romeria (Valdezufre),Aracena,-6.49339799991756,37.8664119996142
Calle Jarallo,Bollullos Par del Condado,-6.541983000215124,37.33323200025673
Calle Zarzamora,Aracena,-6.557115000156932,37.88988700028496
Calle Málaga,Bollullos Par del Condado,-6.537650000047302,37.34590199997749
Calle Odiel,Bollullos Par del Condado,-6.54367800013945,37.3410839999268
Calle Miguel de Cervantes,Bollullos Par del Condado,-6.535570000355085,37.33774299963992
Calle Vendimiadores,Bollullos Par del Condado,-6.529091000149412,37.338774999566766
Calle García Lorca,Bollullos Par del Condado,-6.5428070004425525,37.336744000335486
Calle Gloria Fuertes,Bollullos Par del Condado,-6.53186799960833,37.3397199999782
Calle República Dominicana,Bollullos Par del Condado,-6.543894000207773,37.33492500008888
Calle la Higuerita,Bollullos Par del Condado,-6.54262800028181,37.3462020003222
Calle Bolivia,Bollullos Par del Condado,-6.542578999820792,37.34691099974301
Calle Federico Martín Bahamonte,Bollullos Par del Condado,-6.534233999899042,37.34092899997352
Calle Carmen de Burgos,Bollullos Par del Condado,-6.53203900029945,37.33976700034695
Calle Gustavo Adolfo Bécquer,Bollullos Par del Condado,-6.54153200010151,37.3454580001868
Calle Viticultores,Bollullos Par del Condado,-6.541018999826809,37.35209200034568
Calle Nerva,Bollullos Par del Condado,-6.532378999790856,37.34143900010996
Calle Reyes Católicos,Bollullos Par del Condado,-6.534990999734658,37.335237000087695
Calle Jazmín,Bollullos Par del Condado,-6.545677999739697,37.33434899960682
Calle Vázquez Díaz,Bollullos Par del Condado,-6.540780999643248,37.34669699976687
Calle Santa Bárbara,Bollullos Par del Condado,-6.540570999851559,37.338568999959534
Camino del Cementerio,Cañaveral de León,-6.53173399073091,38.01467358821574
Calle Santo,Cañaveral de León,-6.525361999956154,38.01173899965532
Calle del Norte,Cumbres de Enmedio,-6.6940439996307175,38.07383899997002
Calle Ave María,Cumbres de San Bartolomé,-6.74014628742106,38.0768052473644
Calle Canarias,Cumbres de San Bartolomé,-6.744120512051866,38.077335093739734
Calle Reina Sofía,Escacena del Campo,-6.39206099961531,37.4112360001415
Pasaje Coquina-Delfin,Punta Umbría,-6.962304434999908,37.18344150300004
Calle José María Morón y Barrientos,Cumbres Mayores,-6.64568040882364,38.062601037508
Calle Canal,Punta Umbría,-6.962493999999936,37.18101600000006
Calle Arenque,Punta Umbría,-6.968298999999945,37.18465300000008
Camino Río Frio,Cumbres Mayores,-6.647455785655854,38.05929348031002
Calleja Iglesia Transv,Hinojales,-6.588056378398978,38.008995746356774
Trasera Conde,Encinasola,-6.873139000164546,38.13398099992336
Calle Regina,Chucena,-6.392403000098258,37.363932999608465
Calle Palomar,Encinasola,-6.86989099966976,38.1362320003067
Camino Cogapalitos,Encinasola,-6.883126000264522,38.13849000011356
Camino Cumbres de San Bartolomé,Encinasola,-6.865728000146969,38.132178000414555
Calle Silverio Escobar Salazar,Escacena del Campo,-6.39148900021698,37.4077320004316
Carretera SE-4400 de Aznalcóllar a Escacena (L.P. Huelva),Escacena del Campo,-6.338810950564743,37.485281788723704
Calle las Contiendas,Escacena del Campo,-6.38601799973073,37.4089829996659
Calle Consolacion,Hinojales,-6.5896869598850785,38.00860418063861
Calle la Fuente,Hinojales,-6.588657907036634,38.008871526599805
Calle Azahar,Hinojos,-6.39284199965843,37.2819079995547
Calle Miguel Hernández,Hinojos,-6.3826239996977,37.29324799999533
Calle Jazmín,Hinojos,-6.3935699999553615,37.27970899977066
Calle Blas Infante,Hinojos,-6.37704499962689,37.2929610002501
Plaza Príncipe de Asturias,Hinojos,-6.378528103089331,37.29184275983572
Camino de Bollullos a Sevilla,Hinojos,-6.453520000047807,37.33671099971306
Plaza del 15 de Agosto,La Palma del Condado,-6.550932307999972,37.38844755800005
Camino Algarbe a Hinojos,Hinojos,-6.412490000113313,37.298979999927184
Plaza Andalucía,Manzanilla,-6.4302011429051,37.388181520018
Calle Santa María,Manzanilla,-6.42761000040108,37.38628199961478
Calle Martín Alonso Pinzón,Manzanilla,-6.4393799999868,37.38921099978794
Camino de Villamanrique,Hinojos,-6.3605145404135195,37.2874666974303
Calle Estrecha,La Nava,-6.7442344525578255,37.963601050548206
Calle del Pilar,La Nava,-6.74430299978341,37.96284999972791
Calle Artilleros,Almonaster La Real,-6.67673896546028,37.7771299061361
Plaza de la Feria,Niebla,-6.67721699976457,37.36053300019795
Calleja Tio Elias,Niebla,-6.683475999717472,37.361221000448936
Calle Bonares,Niebla,-6.68207199972281,37.3641390001149
Calle Real de la Feria,Niebla,-6.677097999672834,37.366039999646404
Calle Doncella,Niebla,-6.67628199981431,37.3668930003119
Calle Bonares,La Palma del Condado,-6.55918612099987,37.387566683
Calle Rociana del Condado,La Palma del Condado,-6.55282193299996,37.3796937450002
Calle Naranjo,La Palma del Condado,-6.546482682999965,37.388502620000054
Plaza del Puente,La Palma del Condado,-6.555738682999959,37.383801058000074
Calle Virgen de los Dolores,La Palma del Condado,-6.55337662099987,37.386739308
Calle Olmo,Aljaraque,-7.017672000087919,37.28162999980238
Calle Vicealmirante Cornejo,La Palma del Condado,-6.55035168299997,37.3848309330002
Calle Vicente Aleixandre,La Palma del Condado,-6.559857307999948,37.387967683000056
Calle Párroco Paulino Chaves,La Palma del Condado,-6.55197162099995,37.3877437450001
Calle Verdial,La Palma del Condado,-6.55345618299998,37.3811739950001
Calle Juan Pablo II,La Palma del Condado,-6.55124518299982,37.3886826830002
Calle Orozco,Paterna del Campo,-6.399567999563382,37.42110600024188
Calle Jimios,Valdelarco,-6.6826108132382815,37.951162084862474
Calle Virgen del Rocío,Paterna del Campo,-6.402419999783015,37.41721299968041
Calle Almirante Pinzón,Lucena del Puerto,-6.731197999999949,37.304797000000065
Calle Rico,Alosno,-7.112723999999957,37.549344000000076
Calle Portezuela,Almonaster La Real,-6.80480999999992,37.8931660000001
Avenida Pedro Carrasco,Alosno,-7.118190999999911,37.54791000000006
Calle Doctor Daniel Bellido Valera,Aroche,-6.954338999999948,37.944783000000086
Senda del Cortijo Machado Caval,Alosno,-7.140062999999941,37.552249000000074
Calle Peleas,Aroche,-6.954552999999919,37.94242900000006
Carretera el Mustio,Aroche,-6.958135999999911,37.94223400000004
Calle Rua de los Arcos,Aroche,-6.9536639999999466,37.94494000000009
Calle San Silvestre de Guzmán,Cartaya,-7.1554539999999065,37.27919700000007
Calle Cortinal,Aroche,-6.953353737999919,37.94305464200005
Urbanización Puerta del Atlantico,Cartaya,-7.0576136139999335,37.21492404400004
Urbanización Alto de las Cruces,Aroche,-6.949502999999936,37.94569700000005
Calle Cuesta,Aroche,-6.954913999999917,37.945160000000044
Camino de Servicio,Aroche,-6.9675569999999425,37.94065000000006
Calle Resolana,Aroche,-6.955248999999924,37.94375300000007
Camino de los Hierros Cabezas,Aroche,-6.969738999999947,37.94316800000007
Camino Vereda de Sevilla,Aroche,-6.894557999999961,37.91170900000009
Calle el Garrotal,Chucena,-6.39300199984229,37.3667839997819
Calle Fuente,Cabezas Rubias,-7.086659999999938,37.724394000000075
Calle Corzo,Paymogo,-7.341823449999936,37.74040952200005
Calle Altavista,Punta Umbría,-6.968775999999934,37.17941300000007
Calle Álvarez Quintero,Aljaraque,-7.00469600045789,37.2749379997183
Barriada Río Gulf,Palos de la Frontera,-6.8992399998998515,37.22637700003051
Calle Nerva,San Juan del Puerto,-6.834470188999944,37.316425345000084
Calle Doctor Fleming,Santa Olalla del Cala,-6.23041817479466,37.9067445480752
Plaza Pintora Lola Martín,Huelva,-6.933696045277351,37.275966299641425
Calle Italia,Aljaraque,-7.021568999925865,37.26490899969591
Calleja Cercado Feo,San Bartolomé de la Torre,-7.10882299999992,37.4446580000001
Callejuela Angosta,San Silvestre de Guzmán,-7.348934999999926,37.387500000000045
Calle Martín Vázquez,Santa Ana La Real,-6.72363099999995,37.8629920000001
Calle Isla Saltes,Punta Umbría,-6.955199999999934,37.177039000000036
Calle las Cojillas,Aljaraque,-7.02732912288674,37.2723741117713
Calle Cochera,Aljaraque,-6.99033899971312,37.2734640004364
Camino Puente Palo,Linares de la Sierra,-6.623010000111292,37.87856299968283
Calle Pozo Nuevo,Puebla de Guzmán,-7.251038999999935,37.613694000000066
Calle Castillo,Lucena del Puerto,-6.7307389999999145,37.30321500000008
Calle Acebuche,La Palma del Condado,-6.5534943709999425,37.38006318300006
Finca La Nava,Villanueva de los Castillejos,-7.0708788661344,37.51165133101
Camino del Corchito/Buenavista,Villanueva de las Cruces,-7.0162149999999315,37.62573800000007
Camino del Mariotal,Santa Bárbara de Casa,-7.168645000066544,37.74462399959801
Vía de los Puellos,Villanueva de los Castillejos,-7.153031999999939,37.431215000000066
Calle San Vicente,Lucena del Puerto,-6.730798999999934,37.30429300000009
Urbanización Residencial las Lomas de Esuri - Manzanza I,Ayamonte,-7.4108491147759,37.25962004837
Calle Montesina,Corteconcepción,-6.511970742676467,37.897121370390245
Vereda del Camino de Aracena a Santa Olalla,Zufre,-6.331949999999949,37.875079000000085
Avenida de los Reyes,Almonte,-6.52483799979306,37.2592279995639
Calle Jorge Guillén,San Juan del Puerto,-6.84553365499994,37.31648808600005
Calle Dámaso Alonso,San Juan del Puerto,-6.847307183999931,37.316801524000084
Vía Ruta Verde hacia los Romeranos,San Silvestre de Guzmán,-7.429457999999954,37.408825000000036
Calle Jazmines,Punta Umbría,-6.984573999999952,37.195606000000055
Vereda del Camino de Valdejudios,Villablanca,-7.326670999999919,37.26541400000008
Calle Pablo Neruda,Trigueros,-6.842298772999811,37.386547123000014
Calle Roma,Nerva,-6.548143153723381,37.697880981147165
Calle Pinar,Punta Umbría,-6.96301799999992,37.17838900000004
Calle Avoceta,Punta Umbría,-7.04710899999992,37.2121410000001
Calle Andevalo,Punta Umbría,-6.972863999999959,37.19585200000006
Calle Estribor,Punta Umbría,-6.9616739999999595,37.17775800000004
Calle la Fuente,Jabugo,-6.730303265999908,37.915602463000084
Calle la Viña,Punta Umbría,-7.042229576999944,37.24693321400008
Avenida Carmelo Fortes Pérez,San Silvestre de Guzmán,-7.347515999999928,37.38828500000005
Calle Piedra,San Juan del Puerto,-6.8406989999999155,37.31692700000008
Calle San Francisco,Palos de la Frontera,-6.90289886,37.2236054
Calle Pozo Nuevo,San Juan del Puerto,-6.84255299999995,37.3192560000001
Polígono Parque Empresarial Sierra de Aracena,Aracena,-6.53375914436888,37.8788955159154
Calle Pinar,Moguer,-6.83027400014289,37.2702260004887
Calle Sevilla,Niebla,-6.67761600017808,37.3614809998485
Calle Antonio Machado,Gibraleón,-6.97271799999993,37.375009
Calle Blas Infante,Almonte,-6.51053311630641,37.2588914258361
Avenida de Santolalla,Almonte,-6.47566700030932,37.1359129997652
Calle Alfonso X el Sabio,Nerva,-6.55121993495125,37.698605894006
Calle Río Bidasoa,Huelva,-6.92614699978403,37.2570649999268
Avenida la Esquila,Minas de Riotinto,-6.59721500037193,37.69226499973
Calle Emigrantes,Almonte,-6.519536999868771,37.255373000262054
Paraje Molino de San José,Gibraleón,-7.03395504699995,37.4148311210001
Calle Orquídea,Hinojos,-6.391069999780485,37.28204200033824
Polígono El Palmar (Pol 22 - Par 52),Niebla,-6.72984860102613,37.3421468448506
Calle Hermanos Machado,Aljaraque,-7.00305052412141,37.2725780363329
Calle Granada,Cartaya,-7.11500299999994,37.2245960000001
Calle Pozato,Santa Bárbara de Casa,-7.18825094522044,37.7995827077727
Camino del Tejar,Rociana del Condado,-6.6038531323764,37.299942242414
Calle Gibraltar,Lepe,-7.205121999831131,37.25157299966662
Plaza del Cabezo,Aljaraque,-6.988916348268692,37.27351559562264
Camino la Muela,Rociana del Condado,-6.6031115259841,37.295171594746
Calle Venida de la Virgen,Almonte,-6.516597999647261,37.26102900017929
Calle Galatea,Aljaraque,-6.99044784176425,37.2725358281313
Calle Secretario Don Antonio Rodríguez García,Aljaraque,-7.02068800013705,37.2712920003808
Calle Guadiana,Santa Olalla del Cala,-6.22494784699995,37.9061658240001
Calle Antonio Ponce,Aljaraque,-7.0228700003151,37.2711979995912
Calle República Dominicana,Lepe,-7.203487999873814,37.24599100022237
Calle Pato,Punta Umbría,-6.96393299999994,37.1800720000001
Calle Miguel Hernández,Aroche,-6.94990199999995,37.944869
Grupo Primero,Cortegana,-6.8047939999999585,37.96268400000008
Calle Transversal Antonio Machado,Villalba del Alcor,-6.4774979999716,37.399151999969
Calle Ribera de Cala,Santa Olalla del Cala,-6.225063805999923,37.90562167600007
Calle las Huertas,Cortegana,-6.82366499999995,37.910782
Calle los Molinos,Escacena del Campo,-6.38972199967038,37.4077919996013
Calle Prado Vicioso,Aljaraque,-6.994237999663116,37.270155999715016
Calle Salmonete,Punta Umbría,-6.96516099999991,37.182667
Barrio Arias Montano,Higuera de la Sierra,-6.449967428853585,37.83597550076895
Calle Isla Cristina,Punta Umbría,-6.960558999999932,37.180014000000085
Calle Francisco Giron,Higuera de la Sierra,-6.4476777342399405,37.837720390583726
Calle Nogal,Ayamonte,-7.39932300010849,37.2173379995578
Calle Jesús,Ayamonte,-7.405314000198583,37.22371699974664
Calle Laguna del Abalario,Lucena del Puerto,-6.73091799999992,37.3065100000001
Calle Colón,Santa Olalla del Cala,-6.2326501770581,37.904911037502
Trasera Barrio Alto,Santa Bárbara de Casa,-7.18583452373939,37.7980801947026
Calle del Medio,Zufre,-6.340663395999911,37.83551810700004
Calle Mero,Punta Umbría,-6.967461999999955,37.18463900000006
Plaza Alcalde Lucas G. Bonaño,San Bartolomé de la Torre,-7.101345999999921,37.44398800000005
Calle Granada,Rosal de la Frontera,-7.2186900869999135,37.96624094200007
Calle Grande,San Bartolomé de la Torre,-7.10552099999995,37.4456150000001
Calle Palangre,Ayamonte,-7.339983000617171,37.191237999752786
Calle Tamujoso,Aljaraque,-6.991217752009327,37.272748104416046
Calle Huerta,Villablanca,-7.34340092,37.30679668
Paseo del Mar,Punta Umbría,-6.957034999999905,37.17515700000007
Calle Amador Jiménez,Ayamonte,-7.39546399992895,37.217353999745
Calle Alicante,Ayamonte,-7.397993000511437,37.20574799998921
Plaza Lucerna,Punta Umbría,-6.9704406169999515,37.19109120500008
Grupo F (Martillero),Puebla de Guzmán,-7.29489799999993,37.6094610000001
Avenida Alan Brace,Punta Umbría,-6.98126584184791,37.1914449121892
Calle Aromo,Ayamonte,-7.402011000462,37.21466600007297
Calle el Greco,Valverde del Camino,-6.753966000150359,37.56844200004182
Calle Araucaria,Aljaraque,-7.013649999608684,37.277272000273534
Calle Granada,Valverde del Camino,-6.7595300001969765,37.57625400013861
Calle Nuevo Mundo,Jabugo,-6.733490999999958,37.914735000000064
Calle Mercedes de Zarraga,Higuera de la Sierra,-6.44830080883506,37.8347647515921
Calle los Frutales,Punta Umbría,-7.04406396714205,37.2478134136686
Calle las Arenas,Punta Umbría,-6.97705399999995,37.1833940000001
Calle la Romanera,Aljaraque,-6.992213751642605,37.2715782661095
Calle Honduras,Aljaraque,-7.027324000630145,37.2692820002693
Polígono San Jorge B,Palos de la Frontera,-6.87986299984324,37.2215180002899
Calle Cabecillo,Santa Bárbara de Casa,-7.188815573179998,37.79676118797865
Calle Juan Miro,Valverde del Camino,-6.753881000218082,37.56857099958628
Calle Mercado,Villablanca,-7.34534399999995,37.298683
Calle de las Flores,La Granada de Río-Tinto,-6.50798849899991,37.7686285090001
Calle Velázquez,Valverde del Camino,-6.753977811036555,37.56926724361797
Calle Rodaballo,Punta Umbría,-6.967716999999936,37.18642300000005
Calle Vera Cruz,Santa Olalla del Cala,-6.22935189199995,37.9076882690001
Calle Coral,Punta Umbría,-6.9693399999999315,37.17931100000004
Calle Asturias,Aljaraque,-7.0253910006588,37.2676599996272
Calle Barranco,El Granado,-7.493716327999948,37.524367607000045
Calle Tiburon,Punta Umbría,-6.9641679999999155,37.18421700000005
Calle Cerrito,Punta Umbría,-6.958404999999914,37.17760000000004
Calle de la Seda,Puerto Moral,-6.480204967999953,37.89117045200004
Calle Arroyo,Rociana del Condado,-6.591758999999911,37.30749600000007
Calle Odiel,Rociana del Condado,-6.60066299999994,37.30944000000005
Plaza Andalucía,Villanueva de los Castillejos,-7.270835976999933,37.50082232500006
Calle Menéndez Pidal,Aljaraque,-7.004727999688759,37.27962199990919
Calle Marte,Ayamonte,-7.40778500046055,37.2156930003757
Callejón Parroquial,San Bartolomé de la Torre,-7.10674999999992,37.446668000000045
Calle Goleta,Punta Umbría,-6.95883699999996,37.17880400000007
Calle Corralada Alta,Santa Bárbara de Casa,-7.18806900008412,37.79456899965978
Calle el Vínculo,Santa Ana La Real,-6.72303183308477,37.864501994546
Calle Madrid,Ayamonte,-7.405092000739669,37.21054099979222
Plaza España,Rociana del Condado,-6.598701999999946,37.30804400000005
Calle Azucena,Aljaraque,-7.02339929029637,37.2711272926118
Calle Peligros,Ayamonte,-7.407967999754722,37.21419200016113
Calle Italia,Valverde del Camino,-6.7529489998222,37.5704090000094
Camino del Pantano,Trigueros,-6.85682403399994,37.4450569980002
Calle Romero,Aljaraque,-7.028291000236762,37.26437000023781
Calle Miguel de Unamuno,Aljaraque,-7.005243000083183,37.279581000387324
Plaza San Antonio,Higuera de la Sierra,-6.44452099964426,37.8340090000155
Calle Huelva,Villanueva de las Cruces,-7.02281699999992,37.6280760000001
Calle Nueva,Santa Ana La Real,-6.72503195,37.86477275
Calle Escobas,Zufre,-6.339722973999926,37.83480076700005
Paraje la Perogila,Santa Ana La Real,-6.74347199999994,37.84303900000009
Calle Carlos Cano,Ayamonte,-7.4000496751676,37.220744490195
Avenida el Granado,El Granado,-7.491699999999923,37.52493000000004
Calle Tembladera,Punta Umbría,-6.966656999999941,37.18224100000003
Calle Aserradero,Aljaraque,-6.99023702669468,37.2761185242935
Calle Ánimas,Puebla de Guzmán,-7.24902699999996,37.6158750000001
Calle San Antonio,Rociana del Condado,-6.593177999999909,37.307540000000074
Plaza Atlantico,Punta Umbría,-6.974352999999951,37.181054000000074
Calle Pablo Picasso,Aroche,-6.94818845301989,37.9464229956083
Camino de San Cristóbal 2,Almonaster La Real,-6.7648457415192,37.880400724222
Calle Orilla de la Ría,Cartaya,-7.12503099999992,37.2171870000001
Camino San Cristóbal 1,Almonaster La Real,-6.7802557423646,37.882482013689
Calle Velázquez,Minas de Riotinto,-6.59989599990041,37.6924239998677
Calle Pedro García Méndez,Minas de Riotinto,-6.594782720046453,37.690373014103386
Plaza Doctor Letamendi,Minas de Riotinto,-6.591585999794006,37.697610999847825
Calle Córdoba,Minas de Riotinto,-6.599458000386335,37.693407000232924
Calle Huerta Romana,Minas de Riotinto,-6.587841999808404,37.68985700020045
Calle Bartolomé Grau,Minas de Riotinto,-6.582785999574185,37.7143340003139
Calle Enrique Montes Herrada,Minas de Riotinto,-6.596059000122693,37.690768999989416
Calle Baltasar Queija Vega,Minas de Riotinto,-6.594695666571681,37.69110445430715
Calle Toledo,Lepe,-7.19784499975409,37.2596580002622
Avenida del Río Piedras,Lepe,-7.203438938091379,37.21051729504468
Calle Marejadilla,Lepe,-7.196570000447123,37.261349999934666
Calle Nao,Lepe,-7.217450185390088,37.20906286750458
Calle Marino Santana Martín,Lepe,-7.183105000387265,37.223145999586784
Calle la Vega,Lepe,-7.231996315609485,37.2812281725416
Calle Livianas,Lepe,-7.183777737250807,37.222899521867774
Calle México,Lepe,-7.202089000090742,37.247021000018314
Calle Dorada,Lepe,-7.2199999746088555,37.20580981062758
Calle Cofa,Lepe,-7.19703799968682,37.2623929999679
Calle Julio Rando Rodríguez,Lepe,-7.21885801306658,37.2060063017717
Calle Joaquín Rodrigo,Lepe,-7.210130655837873,37.261747474888665
Calle de la Lonja,Lepe,-7.17403048596381,37.224652319612765
Calle Artesanos,Lepe,-7.19562300011255,37.2488769997031
Calle Jesús,Lepe,-7.205519999975949,37.25833599990162
Calle Trasera de Manijeros,Lepe,-7.1962117053741,37.249586784835266
Calle Carmencita Díaz,Lepe,-7.200480999649204,37.25454600018512
Calle Huerta,Lepe,-7.200784999686099,37.25162899967558
Calle Manuel Vela,Lepe,-7.202583999781211,37.252676000042676
Calle Monjas,Lepe,-7.201719000320994,37.25585700016271
Calle Margarita,Lepe,-7.194217412446891,37.25830707079864
Calle Dalia,Lepe,-7.195006000681322,37.260365000366406
Calle Lirio,Lepe,-7.1928340002018425,37.25911499991449
Avenida de Valdemedio,Lepe,-7.211367000629303,37.25368800032556
Calle la Estación,Lepe,-7.20216931568906,37.2588146838208
Calle los Jardales,Lepe,-7.233979839930356,37.27949010894691
Calle Teide,Lepe,-7.19867400008189,37.251475000361
Urbanización Las Azucenas,Lepe,-7.2162018234920495,37.22428437616368
Calle Palos de la Frontera,Lepe,-7.208810532543717,37.250816127399226
Avenida Extremadura,Lepe,-7.213948205654494,37.20810532624726
Calle Galaroza,Lepe,-7.20061600031002,37.2612969999213
Calle Capataces,Lepe,-7.194334999799041,37.269433999849724
Calle Santa Olalla de Cala,Lepe,-7.199216000535389,37.26284999991074
Carretera A-5076R Ramal de Acceso a Camino de la Higuerita,Lepe,-7.236369454319834,37.23118249313533
Calle Costa Rica,Lepe,-7.20253985206173,37.24772226880944
Calle Doctor Cariñanos,Lepe,-7.202623581594895,37.268905314349745
Calle C,Lepe,-7.204622484932344,37.263138807671
Camino Fuente de la Vega,Lepe,-7.235934202799897,37.29113824600586
Camino de los Recoveros,Lepe,-7.256425282011151,37.285630881701216
Calle J,Lepe,-7.2039161270317145,37.26281832306669
Calle Werja,Lepe,-7.19916600041631,37.2077880001606
Plaza de los Clásicos,Lepe,-7.208428282076202,37.26132988233506
Calle Sorolla,Lepe,-7.20023400039802,37.256885000085
Calle Gardenia,Lepe,-7.194905000047884,37.25850600018878
Calle Carmelitas,Lepe,-7.19774900021559,37.26080800025841
Calle Brasil,Lepe,-7.200126000101627,37.24951300044581
Avenida Costa de la Luz,Lepe,-7.222715656921326,37.20637909561363
Calle Orquídea,Lepe,-7.1933582160583,37.2576584196267
Avenida Islantilla,Lepe,-7.227194486676163,37.20677776335544
Plaza del Ancla,Lepe,-7.174992940948718,37.2254199770001
Calle Valle González,Cortelazor,-6.62523895099991,37.935693041
Vereda de la Carne de San Bartolomé,Lepe,-7.26851553043858,37.338600674428065
Calle Antonio Bienvenida,Valverde del Camino,-6.75455900013243,37.567751999866196
Calleja de Valiente,Villanueva de los Castillejos,-7.27120899999994,37.5027670000001
Calle Plazuela,Valdelarco,-6.68272271837106,37.9506852177021
Paraje EL Chaparral,Rociana del Condado,-6.5892756960253,37.277805184682
Calle Paso a Nivel,Trigueros,-6.83734499499991,37.3897426590001
Polígono Industrial Atalaya,Minas de Riotinto,-6.60243800021351,37.69587900001591
Paraje Las Malatas,Villarrasa,-6.58582817942671,37.3814221100426
Plaza Doñana,Lucena del Puerto,-6.72587099999993,37.3035540000001
Plaza Mirador Diego de Oyon,Lucena del Puerto,-6.730761722999944,37.302584584000044
Plaza San Juan Bautista,Minas de Riotinto,-6.586973568575274,37.69409103357441
Calle Bronce,Almonaster La Real,-6.67721281299158,37.7770471505185
Barriada Europa,Almonte,-6.5266564419498145,37.264304265826844
Calle Málaga,Cala,-6.3158414820367,37.971248438658
Paraje Puerto Corzo,Almonaster La Real,-6.7994697112036,37.870442131745
Urbanización Residencial Vista Esuri,Ayamonte,-7.4122016551777,37.256384074505
Barriada Estación-Casa de Renfe,Ayamonte,-7.3216308352919,37.220837943092
Calle Cristóbal Méndez,Lepe,-7.200214651831622,37.252363228947395
Calle Luis Daoíz,Cartaya,-7.12107667699991,37.220067881
Calle Huerta de las Luisas,Almonte,-6.51628373321684,37.2681221607435
Calle el Villarejo,Almonte,-6.52152927274228,37.2542140568704
Calle Afrodita,Huelva,-6.90483582508791,37.3159358666288
Calle Telémaco,Huelva,-6.90677700049849,37.3167700000353
Calle Lorenzo Cruz,Almonte,-6.51942100016414,37.2593409999656
Paraje Los Romanes,Villarrasa,-6.59744123260444,37.3667391492188
Carretera Villarrasa,Rociana del Condado,-6.59989041199992,37.3238602590001
Calle Principito,Rociana del Condado,-6.59795999999994,37.303523
Calle los Pinos,Almonte,-6.51465200015707,37.2525960004436
Calle el Romero,Almonte,-6.48679243681142,37.1399095714194
Plaza Maese Nicolás,Huelva,-6.923944999719263,37.26389699963571
Calle Vetalengua,Almonte,-6.48347900039831,37.1387030002847
Calle la Mimosa,Almonte,-6.52469499962422,37.2655380004906
Calle Doctor Marañón,Almonte,-6.52280300009181,37.2621059997932
Calle Gonzalo de Sandoval,Palos de la Frontera,-6.89766272831145,37.2260389127124
Calle Bellavista,Almonte,-6.48724099969064,37.1324539995188
Calle Senda del Mirlo,Almonte,-6.53686655264509,36.9880527393389
Calle Hinojos,Almonte,-6.52377400010561,37.2628999998229
Plaza Barrio Obrero,Almonte,-6.51242699958687,37.2572740000768
Calle el Raigal,Almonte,-6.51120918069684,37.2561676173882
Callejón de Servicio,Almonte,-6.47714519481182,37.1297377379179
Calle la Parrilla,Almonte,-6.51285800001921,37.2654969998292
Calle el Lirio,Almonte,-6.52481599991765,37.2679329997279
Calle el Alamillo,Almonte,-6.52389000018281,37.257944999577
Calle Madreselva,Almonte,-6.56385746366917,37.0087518116705
Plaza Andalucía,Almonte,-6.51579700083338,37.2607020004399
Plaza Limónero,Almonte,-6.563810986343,37.0089006593699
Calle Mimosas,Almonte,-6.56510460747439,37.0061937846499
Calle Sevilla,Almonte,-6.51631400023104,37.2636910006914
Calle Alcalde Cristóbal Gil Pérez,La Palma del Condado,-6.55455508199992,37.386534904
Avenida Cayetano Feu,Ayamonte,-7.39950800056928,37.2152600000475
Calle María Auxiliadora,Isla Cristina,-7.31372100067221,37.2255389996539
Calle Aviador Ramón Franco,Huelva,-6.941874000222578,37.254506999808996
Camino Vereda de Santa Eulalia,Almonaster La Real,-6.66428199999996,37.8040270000001
Pasaje Cristo de la Sangre,Huelva,-6.946278000251239,37.25838400007746
Calle Agua,Cartaya,-7.15746499999995,37.2837050000001
Calle Agustín Mora,Campofrío,-6.573716999999931,37.76674500000007
Calle Campiña,Villanueva de los Castillejos,-7.27422599999994,37.4974080000001
Calle Madroño,Isla Cristina,-7.308814833976911,37.198120009174566
Calle Cañada Honda,Aljaraque,-7.02772547009156,37.2727850661778
Calle Córdoba,Ayamonte,-7.4049380003562,37.2123189997719
Calle María Josefa Díaz Pérez,Escacena del Campo,-6.3862614628752,37.406542931451
Calle Primero de Mayo,Escacena del Campo,-6.38724599970293,37.4064469996295
Calle Cazón,Isla Cristina,-7.2461739999242,37.2074839996679
Paseo Barranco del Moro,Lepe,-7.230585999695074,37.21414000019915
Barriada el Castillo,Moguer,-6.84206563878665,37.2719856587403
Calle San Sebastián,Manzanilla,-6.43502999993437,37.3898640002236
Calle Lucía Ramírez,Valverde del Camino,-6.7513300002692125,37.57476400023343
Camino El Sauce,Valverde del Camino,-6.70691099979244,37.5239949997194
Calle Bodega Calero,La Palma del Condado,-6.54607449,37.36348327
Calle Portales,Zufre,-6.33956004300935,37.8339880233744
Plaza de la Constitución,Zufre,-6.34288699999991,37.831961
Calle Virgen de la Rábida,Alosno,-7.1205188117951,37.550920187626
Prolongación Calle Doctor Porras,Santa Olalla del Cala,-6.22247651799995,37.9058557170001
Calle Sanlúcar de Guadiana,Villanueva de los Castillejos,-7.26799648599996,37.499231738
Calle Gustavo Adolfo Bécquer,Santa Olalla del Cala,-6.232275173999938,37.906447771000046
Calle San Pedro,Aracena,-6.56665799956683,37.8915509996791
Calle Reno,Punta Umbría,-7.04858699999994,37.2098930000001
Avenida Luis Rodríguez de la Borbolla,Hinojos,-6.37636999997534,37.2946859997592
Avenida Andalucía,Punta Umbría,-6.967734999999948,37.179527000000064
Calle Lucena del Puerto,Lepe,-7.20917600034315,37.2505650002769
Paraje Animas,Rociana del Condado,-6.6128809930829,37.315436265834
Calle Salmerón,Nerva,-6.5472567989676,37.6947188615186
Calle Galaroza,Huelva,-6.934891999706513,37.2644809997711
Calle Pozo,Encinasola,-6.874213432803494,38.13540929690165
Apartamento las Brisas Bloque-B,Ayamonte,-7.379205965143245,37.17544317901521
Calle Ermita,Bonares,-6.67913699983492,37.3210830004311
Camino Casa de las Tapias,Cortelazor,-6.61785299999991,37.9834030000001
Calle Camino Montealto,Rociana del Condado,-6.59340799999995,37.3047080000001
Calle San Sebastián,Zufre,-6.344549610346,37.834206387679
Calle Montanera (La Umbría),Aracena,-6.46084592978149,37.8601424324383
Calle Doctor José María de Soto,Paymogo,-7.346799830999942,37.740453038000055
Calle Cabezo,Cortelazor,-6.625533471735,37.934368065355
Calle el Maio,Almonaster La Real,-6.74012099999993,37.8846940000001
Calle Concejo,Cabezas Rubias,-7.08406699999995,37.7256270000001
Camino de Cañaveral,Puerto Moral,-6.47492599999993,37.8941770000001
Calle Monteromero,Almonaster La Real,-6.8010634013981,37.781511277893
Camino la Adelfa,Valverde del Camino,-6.77925134086214,37.5590664186112
Calle Alfarería,Cortegana,-6.8199545720511,37.908243865471
Camino de Valdecerros,Ayamonte,-7.37670926497981,37.2329226459982
Camino de Linares de la Sierra a Aracena,Aracena,-6.5819462577631,37.8853846984122
Calle G (Laguna del Tornejón),Trigueros,-6.8130614459998355,37.32591414400014
Camino de Linares de la Sierra a Aracena,Linares de la Sierra,-6.60640100040568,37.883546000148
Carretera Forestal,Cartaya,-7.09676699999994,37.2714730000001
Grupo Cuartel,Cortegana,-6.96627343864121,37.7961967107892
Carretera A-5058 de el Portil a Cartaya,Cartaya,-7.07911919576798,37.2384450441891
Avenida Blas Infante,Lepe,-7.204727972198905,37.25084692719017
Grupo Doctor José Morera Martín,Cortegana,-6.96682599999991,37.7972120000001
Calle San Benito,La Zarza-Perrunal,-6.85230999999993,37.7124460000001
Grupo Cooperativa,Cortegana,-6.96820499999995,37.796227
Calle Travesía Pinta,Niebla,-6.6796344704753,37.362771678313
Barriada Virgen de los Dolores,El Cerro de Andévalo,-6.94082199999991,37.7335290000001
Carretera HU-7401 Santa Bárbara de Casas a Paymogo,Paymogo,-7.268851999999924,37.760714000000064
Vía de San Bartolomé de la Torre,Villablanca,-7.277095999999915,37.33166900000003
Calle Campanilleros,Valverde del Camino,-6.7574723222398,37.572407917865
Calle Alájar,Valverde del Camino,-6.74707100002561,37.5762650003713
Calle Santa Aurora,La Zarza-Perrunal,-6.85349899999994,37.7130430000001
Vía Cañada del Carril de la Puebla de Guzmán Cartaya,Villanueva de los Castillejos,-7.163481999999931,37.39092500000004
Calle Poeta Juanma,Valverde del Camino,-6.763104000200094,37.57828699987788
Carretera A-5300 de N-435 a Arroyomolinos de León,Hinojales,-6.590757271830462,38.0178088577927
Camino Camino de Almonaster a las Minas de Riotinto,Campofrío,-6.6299569999999335,37.75652100000008
Calle Velázquez,San Juan del Puerto,-6.8482691987863,37.311604096038
Calle el Castillo,Trigueros,-6.83506751399995,37.3802060010001
Calle Zurbarán,San Juan del Puerto,-6.84884041135006,37.312521715683
Calle Blas Infante,Huelva,-6.93957639056102,37.2627811875783
"Calle Francisco González Toro ""El Cano""",Escacena del Campo,-6.38945700004032,37.4114409997025
Calle San Lino,La Zarza-Perrunal,-6.85298599999993,37.7133480000001
Calle Solana (La Zarza),La Zarza-Perrunal,-6.85199499999993,37.712207
Calle Vista Hermosa,La Zarza-Perrunal,-6.85295999999994,37.712473
Calle Barcelona,La Zarza-Perrunal,-6.85865999999993,37.7157680000001
Calle Bombita,La Zarza-Perrunal,-6.85661499999992,37.7145580000001
Calle Cabezas Rubias,La Zarza-Perrunal,-6.87293099999994,37.70984
Calle Doctor Fleming (La Zarza),La Zarza-Perrunal,-6.85727999999995,37.717723
Calle Casa los Pinos,La Zarza-Perrunal,-6.86724199999992,37.7081120000001
Camino a el Villar,La Zarza-Perrunal,-6.81854599999991,37.6849300000001
Plaza Abastos,La Zarza-Perrunal,-6.87055899999996,37.7090150000001
Calle Fuente,La Zarza-Perrunal,-6.85290699999996,37.7126030000001
Calle Frascuelo,La Zarza-Perrunal,-6.85691999999995,37.7148510000001
Calle Litri,La Zarza-Perrunal,-6.85674699999993,37.7146550000001
Calle San Antonio,La Zarza-Perrunal,-6.85475299999996,37.715222
Calle Huelva,La Zarza-Perrunal,-6.85596499999991,37.714909
Calle San Eduardo,La Zarza-Perrunal,-6.85681499999993,37.7133030000001
Plaza del Condado,Chucena,-6.39504624818529,37.3610785131335
Calle Sebastián García Vázquez,Puebla de Guzmán,-7.24840199999994,37.6107220000001
Paraje Apaleadillas,Almonte,-6.5624654189311,37.260747488161
Avenida Roca Amador,Encinasola,-6.87104299973444,38.1334440003405
Calle Colón,Cumbres Mayores,-6.64335286084573,38.0642875145573
Calle Trasera Tte Pérez Macias,Paymogo,-7.339881373999958,37.73938545400006
Calle Mudos,Puebla de Guzmán,-7.24442799999991,37.612872
Calle Juan Sebastián Elcano,Cartaya,-7.0595802469999285,37.21696218500006
Avenida Presidente Adolfo Suárez,Bonares,-6.67798599986608,37.3200969995172
Plaza de los Arrayánes,Huelva,-6.957767000449392,37.25854199988871
Calle Galaroza,Fuenteheridos,-6.66171099999991,37.9014870000001
Calle de los Faisánes,Ayamonte,-7.370551271799182,37.18121928294642
Paraje el Ojillo,Almonte,-6.4858091132207,37.197224543527
Calle Carabela la Pinta,Moguer,-6.83366522347041,37.1366247798222
Calle Galera,Moguer,-6.82854100074458,37.1367629996043
Plaza Juan Pablo II,Palos de la Frontera,-6.8916780000049,37.2304639996639
Urbanización Residencial las Encinas,Ayamonte,-7.3980603209359,37.257898213316
Calle José Sánchez Calvo,Castaño del Robledo,-6.703953999999953,37.89479800000004
Calle Miguel Casimiro Sánchez,Cortegana,-6.8226609999999255,37.90872500000006
Calle Málaga,Trigueros,-6.84031005799994,37.3840792450001
Calle Huelva,Minas de Riotinto,-6.59963400040874,37.6932429998646
Calle Jacinto Núñez,Campofrío,-6.575760999999943,37.76580000000007
Polígono Industrial el Peral Calle E,Nerva,-6.535689736051364,37.69412012668522
Calle Regajillo,Alosno,-7.11133399999994,37.5482390000001
Calle Cervantes,Alájar,-6.66531656273587,37.8742356568149
Calle la Barca,Palos de la Frontera,-6.92973545663464,37.198728159157
Calle Zalema,Rociana del Condado,-6.59532799999994,37.3010170000001
Calle Cuna,Ayamonte,-7.40497100030206,37.2230529996852
Paseo del Golf,Isla Cristina,-7.23884000023789,37.2090799999242
Avenida del Deporte,Isla Cristina,-7.2450140002578145,37.21269700000323
Callejón de los Canónigos,Villalba del Alcor,-6.474502999767266,37.39645800029529
Calle Huerto Dorado,Isla Cristina,-7.30943048493986,37.1977627700755
Calle Camino los Tejares,Almonte,-6.52277323,37.25511064
Calle Barranco (Valdezufre),Aracena,-6.49299600026506,37.865891999916
Calle Antonio de Nebrija,Ayamonte,-7.42039800063171,37.2544860001792
Calle Domínguez Becerra,Linares de la Sierra,-6.6213459998179145,37.879146999634514
Calle Fernando el Católico,Palos de la Frontera,-6.8898489749498,37.228382191126
Calleja Julián Hernández,Calañas,-6.8773729999999205,37.65449000000007
Urbanización Montealto,Lepe,-7.2305135078046,37.212078501604
Calle Alcalde José Rodríguez,Nerva,-6.549980951042445,37.693543820203956
Calle San Sebastián,Beas,-6.7922210005285075,37.42451699995733
Calle Sebastián Conde,Almonte,-6.51669099987907,37.2622009996104
Grupo O (Valdelamusa),Cortegana,-6.87842099999995,37.7884320000001
Calle Verónica,Valverde del Camino,-6.754696000328461,37.56707400043691
Vía del Mojón Blanco,Lucena del Puerto,-6.738190999999915,37.25073500000008
Urbanización Villa Conchita (Segunda Fase),Huelva,-6.9472097900993,37.262742603134
Camino los Farandules,Villanueva de los Castillejos,-7.15998070098514,37.4191331039026
Plaza de España,Cabezas Rubias,-7.0878389787073,37.726251244344
Vía de Aljaraque,Villanueva de los Castillejos,-7.117636999999945,37.37392200000005
Plaza de Andalucía,Cabezas Rubias,-7.0886245529869,37.727133380426
Calle Anillo Jurado,Puebla de Guzmán,-7.24539599999991,37.6135800000001
Calle Sierra Morena,Aljaraque,-7.0078800868376,37.292670489103
Prolongación Hospital,El Cerro de Andévalo,-6.93278999999995,37.7358850000001
Camino de Santa Marisma,Moguer,-6.85610053504951,37.2655402821216
Vía del Tresmal,Lucena del Puerto,-6.751158999999916,37.24052700000004
Calle Alto de la Viña (Polígono la Barca),Cartaya,-7.17044899999991,37.2867790000001
Camino Cabezas,Calañas,-6.90016699999995,37.6660150000001
Paraje Dehesa de Abajo,El Cerro de Andévalo,-6.95964912099993,37.7206600540001
Carretera H-9019,Calañas,-6.866170999999952,37.60626000000008
Paraje Huerta las Veredas,Bonares,-6.69182299961489,37.2932259995182
Camino del Obispo a la Carretera de Alosno,Villanueva de los Castillejos,-7.13000199999993,37.47308
Plaza Ntra. Sra de los Ángeles,Huelva,-6.9512627700064,37.260059615633
Calle Río Pisuerga,Huelva,-6.92944299963361,37.2562899997557
Paraje los Olivarejos,Almonte,-6.5067777204732,37.227139989065
Camino Alto de Rociana,Almonte,-6.5630634106999,37.278776109375
Camino de la Madre de Dios,Aroche,-7.02472699999993,37.9171860000001
Calle Doctor Cristóbal Gangoso,Huelva,-6.95224720240997,37.2506206593688
Grupo Z (Valdelamusa),Cortegana,-6.88143599999995,37.7866680000001
Calle Rábida,Cumbres Mayores,-6.642337929151932,38.06359807898832
Calle Olivos,Jabugo,-6.748371999999961,37.89433200000008
Plaza Convento de la Bella,Lepe,-7.184386680264994,37.224609302717035
Calle Mar de Barents,Palos de la Frontera,-6.8490449939704,37.14193857311
Calle Cristal Amarillo,Moguer,-6.843798999994596,37.27667499988084
Calle Real,Niebla,-6.67961100044715,37.3610170000347
Calle Canto Av Libertad,Paterna del Campo,-6.406974000249787,37.41900499958123
Calle Canteros,Cortegana,-6.836792999999943,37.91839800000008
Calle Tharsis,Lepe,-7.207819880199557,37.253325112780864
Calle Paymogo,Huelva,-6.929994999852434,37.25887200028328
Grupo J (Valdelamusa),Cortegana,-6.87902899999995,37.7891720000001
Grupo K (Valdelamusa),Cortegana,-6.87848199999991,37.7890740000001
Camino de la Fuente del Castaño,Aracena,-6.5909988127372,37.906791130807
Calle Esperanza,Aljaraque,-6.992885999626238,37.268411000176954
Calle el Mauricio,Lepe,-7.235070000538272,37.2785210004287
Calle San Sebastián,Cabezas Rubias,-7.08540916799996,37.726249769
Camino Padrón de Malaño,Rociana del Condado,-6.601470828887,37.2918584240504
Camino de Valdelimones,Lepe,-7.2437677473965,37.256578480689
Camino de Valdepegas,Isla Cristina,-7.2772838795591,37.234939441301
Calle Paseo del Pilar,Lepe,-7.20355073373544,37.2520249660391
Urbanización Vista Lago,Lepe,-7.2224188090261,37.214737145169
Urbanización Vistahermosa,Lepe,-7.2271266611851,37.215807142527
Polígono 8 Parcela 38,Chucena,-6.4307003738951,37.327855461545
Camino de San Silvestre,San Bartolomé de la Torre,-7.123777999999959,37.43907400000006
Calle San Juan Bautista,Jabugo,-6.768588999999906,37.927433000000065
Avenida Andalucía,Arroyomolinos de León,-6.41852527999993,38.020351567
Calle Drago,Moguer,-6.84150299963139,37.2791259997188
Plaza Cruces de Mayo,Bonares,-6.67965300033437,37.3250679995733
Carretera A-5300 de N-435 a Arroyomolinos de León,Arroyomolinos de León,-6.4523929999999154,38.01038300000005
Calle Manuel Rodríguez Zamora,Huelva,-6.946278000251239,37.25838400007746
Calle Picos de Europa,Almonte,-6.51055364426627,37.2509773676143
Calle Alborea,Huelva,-6.93544049121452,37.2634795204412
Calle la Española,Palos de la Frontera,-6.89659800012018,37.2282290000127
Calle el Pendique,Bollullos Par del Condado,-6.53978400043108,37.3324490001214
Calle Guatemala,Ayamonte,-7.39626299990738,37.2220080003317
Barriada Santa Cruz,Valverde del Camino,-6.74941227073201,37.5793230011753
Calle Doctor Manuel Vázquez,San Bartolomé de la Torre,-7.10739299999995,37.444169
Calle Santa Fe,Palos de la Frontera,-6.88520999959432,37.2250739997527
Calle Brezo,Cartaya,-7.1551554444576,37.280814013501
Calle Clara Campoamor,Bollullos Par del Condado,-6.53272999978952,37.3395110002326
Calle Acequia,Cartaya,-7.14497573698939,37.2847040091872
Urbanización Pendique y 3 de Abril,Bollullos Par del Condado,-6.5381088657633,37.332522381904
Calle Faneca,Isla Cristina,-7.31602966337942,37.1996966902427
Camino de Bonares,Rociana del Condado,-6.60752560574863,37.307821135442
Calle Adelfa,Cartaya,-7.15544439572362,37.2807687188387
Calle Casas Solas,Valverde del Camino,-6.75883700019241,37.572459000097
Calle Carnerete,Villarrasa,-6.60807400021476,37.391116000403215
Paraje Cabezo las Mayas (Pol 43),Beas,-6.8296234028942,37.425624277153
Calle Rufa Rosado,Gibraleón,-6.96693999999991,37.3774260000001
Callejón Colegios,Los Marines,-6.6226050003203,37.9031519995653
Plaza Donantes de Órganos,Almonte,-6.52331319583938,37.2588369219938
Calle Noria,Cartaya,-7.14575399999995,37.2843140000001
Plaza Andévalo,Alosno,-7.11979314748028,37.5516990247877
Calle Francisco García Gallegos,Cartaya,-7.15341038199995,37.2862302090001
Calle Timón,Palos de la Frontera,-6.89804993299061,37.2297216380822
Calle Rábida,Nerva,-6.55083349513411,37.6962824875256
Calle Manuel Retamales Benítez,Punta Umbría,-6.970277754999927,37.19330904000009
Calle Sargento Benítez,Cortegana,-6.82337399999994,37.906029
Calle Marina,Lepe,-7.226923875430526,37.20465031862037
Urbanización Marina de El Rompido,Cartaya,-7.12833756399993,37.2272383390001
Calle Santa Marina (Jabuguillo),Aracena,-6.5161489995765205,37.8602939998684
Paseo Santiago Cotán-Pinto,Huelva,-6.95232900931471,37.248318572667
Calle San José,Bollullos Par del Condado,-6.53394900024601,37.3372209998494
Calle Granada,Bollullos Par del Condado,-6.53709371899977,37.3468886740733
Calle Lima,Palos de la Frontera,-6.89042666065423,37.2208489694107
Calle Higuera,Cartaya,-7.15985006556729,37.2869838324194
Barriada las Rosianas,Rociana del Condado,-6.59745272899994,37.3111046870001
Calle Badajoz,Valverde del Camino,-6.76040999995917,37.5729220000539
Urbanización Hoyo 4,Cartaya,-7.06511723325076,37.2156493946829
Calle Doñana,Lepe,-7.20631899961816,37.2470849996597
Calle Julio Romero de Torres,Moguer,-6.83626100029933,37.2782750000465
Plaza Soledad,Huelva,-6.94848300052976,37.2596420000408
Calle Isidro Pinedo,Huelva,-6.94677113574777,37.2669459291633
Calle Urbanización Patria,Aljaraque,-7.02626106116032,37.2696727458359
Calle Nueva,Bonares,-6.68167200062766,37.321349000257
Calle San Sebastián,La Palma del Condado,-6.55533618299989,37.388281745
Calle Federico López Pereira,Cartaya,-7.15350922314423,37.286463005384
Calle Almirante,Moguer,-6.8334739053673,37.2712502719111
Urbanización Hoyo 6,Cartaya,-7.05545602358187,37.2148321123772
Plaza de las Sirenas,Cartaya,-7.122722999999951,37.217455000000086
Calle Misericordia,Bonares,-6.6835630006265,37.3206759999539
Avenida Castilla,Lepe,-7.20649499972248,37.2075820002351
Calle Juan Ramón Jiménez,Aljaraque,-7.02413500024925,37.2709820001438
Calle Profesor Don Laureano Jiménez Carrión,Bollullos Par del Condado,-6.54136253769153,37.347091862184
Calle Palmito,Moguer,-6.8349940001133,37.2721640002679
Calle Isaac Peral,Aljaraque,-7.0256860004818,37.2685390001849
Calle el Carmen,Aljaraque,-7.02396699964298,37.2680280000252
Calle de los Halcones,Ayamonte,-7.37821900056115,37.1738479996321
Calle Dehesa de El Conejero,Beas,-6.79932600026094,37.4469529992385
Plaza de los Olivos,Beas,-6.73939399968413,37.3918399997709
Calle Chucena,Manzanilla,-6.429425999610045,37.38516800040306
Calle Alborea,Lepe,-7.185199787631579,37.22585962377691
Calle Hermana Amparo,Ayamonte,-7.40717100012112,37.2128079996961
Calle Juan Pablo I,Lepe,-7.20745699988006,37.2554930002165
Calle Almonaster la Real,Lepe,-7.20043300022226,37.2616720003537
Plaza San Diego,Lepe,-7.20646823879584,37.2559593901901
Calle Calvario,Cortegana,-6.82394999999991,37.9071910000001
Calle Doctor Romero Rábana,Cortegana,-6.8217495387054,37.90849319476
Calle la Chirina,Isla Cristina,-7.26654525658515,37.2224061723554
Grupo Oficina,Cortegana,-6.880031,37.785539
Calle Diputación,Valverde del Camino,-6.74781700035108,37.5742489995597
Carretera Zalamea,Valverde del Camino,-6.75181900026028,37.5804509997537
Camino de los Molinos,Alájar,-6.67907000007014,37.8646679997063
Calle Rosario Cañizares,Aracena,-6.56030602320424,37.8916822260541
Plaza Platero,Valverde del Camino,-6.7578515678123,37.573165292229
Camino de Valdegallina,Rociana del Condado,-6.5865585681091,37.315941501439
Camino de la Laguna,San Bartolomé de la Torre,-7.10313299999996,37.4115410000001
Calle Bonares,Moguer,-6.83966000025431,37.2724559995607
Calle Francisco Garfias,Moguer,-6.83754400040608,37.274343999388
Calle Sastre,Alosno,-7.11809209954924,37.5987434607936
Calle Redes,Moguer,-6.83161900063357,37.1379789999263
Calle Extremadura,Cañaveral de León,-6.52679500038878,38.0154479998255
Camino Viejo de Gibraleón,Cartaya,-7.1213089974322,37.294836226729
Calle Santa Teresa,Aracena,-6.56275700043502,37.893576999579
Calle Juan del Cid López,Aracena,-6.56452400008233,37.8930509996041
Calle Amadís de Gaula,Huelva,-6.9268140003051,37.262537999566
Camino de Bollullos a Villalba,La Palma del Condado,-6.50889716899997,37.3637001790001
Urbanización Hoyo 7,Lepe,-7.226433577435,37.21813021868
Calle Indias Occidentales,Moguer,-6.82438199991303,37.1350069999903
Calle Divina Pastora,Moguer,-6.84174600030794,37.2755719997727
Calle Extremadura,Cartaya,-7.11551799999995,37.2234290000001
Calle Mirador,Cortegana,-6.83198799999991,37.95239
Camino del Catalán,Lepe,-7.19875950095865,37.229311207694
Vía de la Higuerita,Villanueva de los Castillejos,-7.2652199999999425,37.43013200000007
Paraje Tomelloso,Niebla,-6.74807500016092,37.4416479996556
Calle Hospital,Alosno,-7.11872399999993,37.6010900000001
Plaza Pepita León,Isla Cristina,-7.3182792192125,37.201109481388
Calle Catalanes,Isla Cristina,-7.32825482414029,37.2029771251466
Calle Cristóbal Colón,El Cerro de Andévalo,-6.93503999999996,37.734288
Calle Daoiz,Huelva,-6.95131900030463,37.2599949996037
Calle del Teatro,Nerva,-6.551286000046691,37.69365899982306
Polígono Villa Julia,Cartaya,-7.146534625458602,37.2875578091354
Polígono la Dehesa,Isla Cristina,-7.2629857733059,37.2095188738681
Polígono Parque Industrial el Tomillar,Almonte,-6.50792586520766,37.2531642091317
Camino Murtal,Almonaster La Real,-6.794414999999958,37.886874000000034
Camino de la Cañada Velasco,Cartaya,-7.10175303499994,37.2393630350001
Polígono Vista Hermosa,Isla Cristina,-7.32445067659834,37.2081230630869
Avenida Villablanca,Cartaya,-7.14587799999993,37.287853
Calle Lateros,Lepe,-7.1990790005042,37.2490280002138
Calle Sierra de Aracena,Alosno,-7.12494199999992,37.5611860000001
Calle A (Polígono Industrial VI Centenario),La Palma del Condado,-6.5587892607199,37.392556866321
Polígono Industrial Pavipresa,Huelva,-6.91300358579648,37.2699294894505
Calle C (Polígono Industrial la Estación),Cartaya,-7.14302199999992,37.2891540000001
Carretera A-495 de Gibraleón a Rosal de la Frontera,Gibraleón,-7.03684900099995,37.4210490680001
Camino de Valdeoscuro,Gibraleón,-7.0455477490398,37.35139079729
Calle G (Polígono Industrial Tartessos),Huelva,-6.86998684302498,37.3091336372533
Calle Cristóbal Dorante,Huelva,-6.945572274561937,37.2324918941967
Paraje Polígono 47 - Fontanilla,Beas,-6.79552979656707,37.439410065886
Camino de Sevilla,Almonaster La Real,-6.7590510911458,37.863371865383
Calle Beas,Moguer,-6.840610605169337,37.2726094773631
Calle Clara Campoamor,Beas,-6.79078900010168,37.4309239997934
Senda de Flamero,Almonte,-6.53812586782303,36.9890325002655
Calle Isla del Gallo,Moguer,-6.82388885143484,37.13285853718358
Camino de Almoladera,Beas,-6.742319999769768,37.39800100065704
Calle la Habana,Moguer,-6.826243000981292,37.139435999828834
Camino del Cortijuelo,Beas,-6.763409999888046,37.381314999945076
Camino de las Cuarenta,Beas,-6.753548999884973,37.39173199984992
Camino de la Cañada,Bonares,-6.700144000584156,37.30547599977888
Calle de los Ángeles,La Palma del Condado,-6.54965029599992,37.3895180170002
Calle Mar del Sur,Moguer,-6.82628499991596,37.1345340008562
Calle Laguna de Moguer,Moguer,-6.81935400055697,37.1363540001304
Calle Jabugo,Moguer,-6.833071000167453,37.274703000207275
Plaza de la Soledad,Moguer,-6.8414229995221865,37.275798000443714
Camino de las Palomas,Moguer,-6.836528000071805,37.28128200025412
Avenida Fuentepiña,Moguer,-6.82830400060397,37.1385429998029
Calle la Fragua del Aljaraque,Aljaraque,-7.020403066059361,37.27034804709328
Calle Chaparrita,Aljaraque,-6.994994877527081,37.27083748197958
Calle Molino,El Almendro,-7.26750066537261,37.5040430442769
Pasaje de las Peñas,Valverde del Camino,-6.75106100017191,37.5736499999042
"Calle Rodrigo Díaz de Vivar ""El Cid""",Ayamonte,-7.40287728788957,37.2180606326092
Calle Brezo,Aracena,-6.5727937,37.89040126
Calle Madreselva,Aracena,-6.5743063179964,37.889918852096
Camino Carril de los Moriscos,Niebla,-6.65391299978496,37.3384940000982
Calle el Cerro,Almonte,-6.51636000013758,37.2626570000894
Calle Doctor Fleming,Nerva,-6.55141800041459,37.6981290000798
Calle Gómez Plana,Santa Ana La Real,-6.72440463607462,37.8660361923036
Calle las Escuelas,Santa Ana La Real,-6.72400682139092,37.8656574611882
Plaza Iglesia,Sanlúcar de Guadiana,-7.46645700019022,37.4726609999054
Travesía Juan R Jimnez 2,Corteconcepción,-6.50244099968844,37.8946830000442
Calle Cirocho,Villanueva de los Castillejos,-7.27043399999991,37.5034870000001
Calle Casas de Arriba (Patrás),Almonaster La Real,-6.6994142165951,37.802180345434
Calle Piedras Alba,Villanueva de los Castillejos,-7.27018199999992,37.5039410000001
Calle Doctor Marañón,Valverde del Camino,-6.74849995260664,37.5721870870194
Calle Buenavista,Villanueva de los Castillejos,-7.26907799999992,37.499263
"Calle Manuel Martín Velo ""El Cordonero""",Punta Umbría,-6.96284242733904,37.1830391122068
Calle Paco de Lucía,San Juan del Puerto,-6.84797099999992,37.3142260000001
Calle la Higuera,Berrocal,-6.542374999999936,37.60830200000004
Calle Argentina,San Juan del Puerto,-6.84700494,37.31231995
Calle Almería,San Juan del Puerto,-6.83318551199994,37.3150137330001
Calle Alcalde Manuel Martínez Oria,Lepe,-7.209280399031999,37.26147894285526
Calle Galeón,Punta Umbría,-6.96436499999993,37.1826380000001
Plaza Mateo Morales,San Juan del Puerto,-6.84102951199992,37.3120102820001
Calle Virgen de los Milagros,Beas,-6.77320121322678,37.4023583984242
Paraje Huerta los Mendes,Corteconcepción,-6.5238670919442665,37.90803620558225
Calle Animas,Arroyomolinos de León,-6.42138499999993,38.027135000000044
Calle Manuel Félix Osorno,Manzanilla,-6.42916099997998,37.3882309995611
Trasera Coso,Santa Bárbara de Casa,-7.19016499961486,37.7975080002942
Ronda Fray Jacinto de Chucena,Chucena,-6.39275300005075,37.3596279998324
Calle Estrella,Aracena,-6.58164445222871,37.9366761344612
Calle Curva,Aracena,-6.58089665311007,37.9369129746854
Plaza Neptuno,Punta Umbría,-6.96811613099993,37.1879139580001
Ronda de los Pájaros,Punta Umbría,-7.05226199999993,37.2195280000001
Parque Los Molinos,Villanueva de los Castillejos,-7.2672695615252,37.502154498008
Plaza de la Merced,Huelva,-6.9527213025015335,37.262718276146465
Calle Huerta Arriba,El Almendro,-7.27049217313853,37.507415593373
Calle Antonio Ceferino Bocanegra,Hinojos,-6.378043,37.291598
Calle Artesania,Aljaraque,-7.01899999975385,37.2571649998924
Calle Cristal,Aljaraque,-7.018558999804478,37.25843299982462
Polígono Industrial el Tejar 2,Gibraleón,-6.950456,37.376391
Plaza Alcalde Don Gregorio Jiménez Vidosa,Punta Umbría,-6.9737226209578,37.19017347527
Polígono Rústico 01,Bollullos Par del Condado,-6.54749734171846,37.3568272628764
Calle el Prado,Manzanilla,-6.43618800027585,37.3880639999538
Calle Encinar,Almonaster La Real,-6.70402899999993,37.8032220000001
Plaza Nuestra Señora del Rosario,Almonaster La Real,-6.70355999999992,37.8027700000001
Calle Camino de la Fuente,Almonaster La Real,-6.7027553466411,37.801270370259
Calle los Marines,Linares de la Sierra,-6.62199315915683,37.8793961127406
Calle San Salvador,Huelva,-6.948223000443275,37.25580699976551
Calle María Jesús,Encinasola,-6.87025281221733,38.1356991762761
Calle Ppr4 Calle V1,Palos de la Frontera,-6.8893690000581005,37.22455200018102
Calle las Cabezadas,Almonte,-6.52253000016691,37.2668189998146
Camino de los Puyos,Bonares,-6.647974000218595,37.31544300030715
Calle Almacen Municipal,Ayamonte,-7.406105035887136,37.20673852699105
Plaza del Lince,Palos de la Frontera,-6.89747857919078,37.22919464429242
Carretera HU-5102 De N-435 al Buitrón,Valverde del Camino,-6.73307100007758,37.6145559998207
Camino de la Palma al Acebuchal,Villalba del Alcor,-6.540011000701202,37.46003300012872
Camino de la Sierra,Villalba del Alcor,-6.534780000400289,37.44130399985868
Camino de la Mina,Nerva,-6.574039000640482,37.73096100011345
Camino Padrón de la Lobera,Beas,-6.783740000508,37.4377139996885
Camino de la Tabla de Clarines,Beas,-6.788713000032773,37.39336199993352
Camino de Linares de la Sierra,Alájar,-6.643002000174594,37.88089599956614
Plaza de la Manzanilla,Ayamonte,-7.40178635119136,37.2152887950446
Camino del Dique,Beas,-6.773263000255105,37.46418600024232
Camino los Huertecillos,Almonte,-6.47661367526422,37.2826014666736
Camino Local a la Peña de Hierro,Nerva,-6.552076000064686,37.721426000126556
Camino del Antiguo Ferrocarril de Cala a las Minas de Peña de Hierro,Nerva,-6.495876999568866,37.71150000005798
Camino de los Molinos,Moguer,-6.84011416004098,37.284223070111246
Avenida Alcalde Juan Antonio González,Ayamonte,-7.39744240322784,37.214771050261
Camino de Valperdio,Bonares,-6.676567000109257,37.315279999644595
Polígono San Jorge J,Palos de la Frontera,-6.8797470002028245,37.22367000014985
Polígono a San Jorge,Palos de la Frontera,-6.88227800016574,37.2222659995961
Calle la Huerta,Aljaraque,-6.98850799973614,37.275124000299
Calle Zurbarán,Ayamonte,-7.4017809999635915,37.20569500000311
Glorieta Isla de Enmedio,Aljaraque,-6.9915555524999835,37.2737142087348
Calle Zenobia Camprubi,Aljaraque,-6.9911537650066675,37.282611441597375
Calle la Plaza,Aljaraque,-6.98826899986247,37.2746389995774
Camino de las Huertas,Villalba del Alcor,-6.494025999998577,37.347672999734556
Camino del Torrejon,Villalba del Alcor,-6.509761000095062,37.41056499985936
Calle Almacen,Aljaraque,-6.989180000259387,37.27334000036465
Calle Goleta,Moguer,-6.83150183144554,37.1361937444986
Calle Urbión,Aljaraque,-6.98866639663308,37.2948596110334
Calle Puntal del Molino,Aljaraque,-6.994279946837711,37.274900438989
Avenida de los Pirineos,Aljaraque,-7.000336702897929,37.28518884440299
Calle San Miguel,Aljaraque,-6.99135199977125,37.2700010000472
Carretera HU-7105 N-435 a el Patrás,Almonaster La Real,-6.71037499999994,37.8000730000001
Calle Doctor Emilio Haya Prats,Huelva,-6.93123699957823,37.2802839999089
Carretera de Oliva HU-9100,Encinasola,-6.8713522244529,38.140928495182
Calle el Zumajo,Almonte,-6.51296774450831,37.2675788295893
Calle Abejaruco,Bonares,-6.68433036630103,37.3194213908546
Avenida de Lucena del Puerto,Bonares,-6.68232899978409,37.3176739999573
Calle Asia,Bonares,-6.6775975701266,37.3205302227269
Calle el Cerro,Valverde del Camino,-6.74654600064403,37.5726579996564
Calle Ordóñez Rincón,Higuera de la Sierra,-6.44798300011518,37.8391289996038
Calle Mar Egeo,Palos de la Frontera,-6.85406440846204,37.1445852132284
Calle Choco,Ayamonte,-7.3123976057474,37.228725360308
Calle Mar Jónico,Palos de la Frontera,-6.85500760753893,37.1445974430079
Calle Río Jordán,Palos de la Frontera,-6.85635293759304,37.14741279353
Calle Río Nilo,Palos de la Frontera,-6.85673234754245,37.1489947103509
Calle Mar del Norte,Palos de la Frontera,-6.85798100002667,37.146129000379
Calle Ermita Nuestra Señora del Valle,Cartaya,-7.15092143987494,37.28976880261
Calle Gran Almirante Cristóbal Colón,Palos de la Frontera,-6.84633499962864,37.1409260001554
Calle Mar Azov,Palos de la Frontera,-6.85582395884363,37.144256513682
Camino de los Huertos,San Bartolomé de la Torre,-7.09814799999992,37.4363080000001
Calle Llana,Almonaster La Real,-6.7871151355319,37.8713934072066
Avenida de los Agricultores,Isla Cristina,-7.26860199984885,37.221662999992
Calle Huelva,Gibraleón,-6.97225399999991,37.3746380000001
Calle Carmen Conde,Huelva,-6.93052247847325,37.2554908253222
Calle Belice,Huelva,-6.92074205043665,37.271008445247
Camino de Mogaya,Cartaya,-7.09297199999992,37.2891040000001
Camino Villanueva de las Cruces,Alosno,-7.09478699999994,37.5555830000001
Carretera A-499 de Ayamonte a Puebla de Guzmán,San Silvestre de Guzmán,-7.34579799999995,37.3614680000001
Camino de Porralucía,Ayamonte,-7.37744425540976,37.2410744362901
Vía Verde del Litoral,Gibraleón,-7.0579108505661,37.322795330071
Calle Mariquita Florentina,Lepe,-7.19996158038773,37.2654649279226
Carretera HU-9116 Santa Olalla del Cala a Almaden de la Plata (Sevilla),Santa Olalla del Cala,-6.15874599999995,37.8882960000001
Carretera A-476 de el Castillo de las Guardas a Minas de Riotinto,Minas de Riotinto,-6.57104200028806,37.687895999700686
Carretera A-495 de Gibraleón a Rosal de la Frontera,El Cerro de Andévalo,-7.12756299999995,37.642588
Camino Antiguo Ferrocarril de Zufre a las Minas de Teuler,Santa Olalla del Cala,-6.26752499999992,37.8873340000001
Camino de Linares,Alájar,-6.65690900037791,37.8764129999837
Carretera HU-9114 Cala a Minas de Cala,Cala,-6.33540258204028,37.9560839598448
Carretera Acceso a los Molares,Almonaster La Real,-6.753029000157423,37.869789999832534
Carretera HU-8105 Cortegana a Aracena,Santa Ana La Real,-6.73253199999994,37.8688740000001
Camino de Linares a Aracena,Linares de la Sierra,-6.60692400024227,37.8745380002287
Carretera HU-8125 N-433 a Corterangel por Castañuelo,Aracena,-6.5642550002679,37.9266929996824
Calle José María Pemán,Punta Umbría,-6.97085999999996,37.187956
Carretera Pista de las Peñuelas,Moguer,-6.80407499975095,37.1742580004746
Carretera N-435 de Huelva a Zafra,Cumbres de San Bartolomé,-6.7249486788086,38.039735217018
Carretera HU-9101 Higuera la Real a Barrancos,Encinasola,-6.84853357506429,38.1462470115905
Carretera N-435 de Huelva a Zafra,Cumbres de Enmedio,-6.70183278235688,38.0811294674511
Carretera HU-8100 Aroche a la HU-9101,Encinasola,-6.9430704969618,38.079149899914
Calle Luis Cernuda,Punta Umbría,-6.9709289999999555,37.186866000000066
Ronda de los Legionarios,La Palma del Condado,-6.55542287099996,37.3848763080001
Carretera A-494 de San Juan del Puerto a Matalascañas por Mazagón,San Juan del Puerto,-6.83987027199993,37.321399511
Parque Empresarial la Jara,Moguer,-6.82708281842442,37.2958553958903
Camino del Jarallo,Bollullos Par del Condado,-6.54421999995284,37.3303810000833
Calle la Calera,Hinojos,-6.38426799996811,37.2851230003264
Plaza Clara Campoamor,Arroyomolinos de León,-6.4239940079632,38.024519555956
Carretera HU-4105 Rociana a Niebla,Niebla,-6.63427399974516,37.3374000000102
Paraje Casas de Arriba,Alájar,-6.68214838293016,37.877878009618
Calle San Pedro,Ayamonte,-7.40652300043959,37.2137870003317
Calle Ángel González,Almonte,-6.52664244075777,37.262055433382
Calle Joan Miró,Aljaraque,-6.99839100015027,37.2751370003835
Plaza de la Cruz,Palos de la Frontera,-6.891049611756013,37.2228391340293
Calle Córdoba,Palos de la Frontera,-6.89593971792553,37.23045158910017
Calle Ponce de León,Palos de la Frontera,-6.826335999692079,37.13374000026396
Calle María Luisa,Aljaraque,-6.994568308860205,37.27031712658558
Calle Virgen de los Dolores,Palos de la Frontera,-6.88945035759084,37.2279843926639
Urbanización Cotomar,Almonte,-6.53208499981691,36.9913009996996
Plaza Arenal,Almonte,-6.52011574121282,37.2651403086553
Calle Marcelino Fernández,Corteconcepción,-6.5019152147294,37.892692084704
Paraje del Salobrillo,Beas,-6.769875000299819,37.44075700016531
Calle Corín Tellado,Moguer,-6.81787059076364,37.1337104301339
Vereda de Rincón Parrillo,Almonte,-6.50160737637244,37.2675169658863
Placeta Virgen del Rocío,Palos de la Frontera,-6.890093999599631,37.22139300037873
Avenida del Camino Real,Ayamonte,-7.363983000390485,37.18743800029864
Camino de las Cruces,Beas,-6.851278000538548,37.46478100013271
Camino de Matahijos,Beas,-6.798776000188058,37.41604899975603
Carretera Hf-6245,Almonte,-6.72220899943721,37.178405999813
Camino del Picadero,Palos de la Frontera,-6.89625873936005,37.2080104458733
Camino de la Cumbre,Palos de la Frontera,-6.91536971514297,37.2071778806278
Polígono Industrial el Peral Calle F,Nerva,-6.536617361203589,37.69453088437642
Camino de Cartaya,Aljaraque,-7.03965848962868,37.276137790888555
Calle Ordesa,Almonte,-6.510184328433,37.2522490430738
Camino de las Garbosas,Beas,-6.769820000686495,37.396543999983805
Calle de los Naranjos,Ayamonte,-7.40569455130657,37.2172929228909
Carretera A-5150 de N-431 a Isla Cristina,Ayamonte,-7.31225199972982,37.2287010004433
Carretera HU-8121 Alájar a Fuenteheridos,Alájar,-6.66020299982726,37.8829810000183
Carretera HU-4400 Villablanca a Lepe,Villablanca,-7.322597999999914,37.29648700000007
Vía de Cartuja San Bartolomé,Villanueva de los Castillejos,-7.130955999999912,37.38274500000006
Urbanización Ciparsa Dunamar (II Fase),Palos de la Frontera,-6.8494432515558,37.141876702792
Avenida Alemania,Huelva,-6.9536129999912,37.2635919997808
Vía H-9013,Villanueva de los Castillejos,-7.13264999999996,37.3948800000001
Camino de la Raya,El Almendro,-7.25716799999992,37.5021640000001
Calle Niña,Huelva,-6.94871200067436,37.2542099997828
Calle Pinta,Huelva,-6.9491969999166,37.2538840001512
Carretera A-486 de San Juan del Puerto a Bonares,Bonares,-6.663969000663234,37.30789099956952
Trasera Paterna,Villalba del Alcor,-6.47468899982865,37.3994360000319
Calle Raya Real,Hinojos,-6.38318699958024,37.2869890000424
Calle Fernando de Rojas,Trigueros,-6.83735741599997,37.3887449050002
Plaza Pintor Enrique Montenegro,Huelva,-6.93607318439954,37.2756699476217
Avenida Doctor Rubio,Huelva,-6.95509299986484,37.2610329997639
Travesía Granado Travesia,Ayamonte,-7.40595499992346,37.207727999628
Paseo los Rosales,La Nava,-6.74589400030771,37.9636210002091
Calle del Pozo,Berrocal,-6.5427566199999205,37.60892366600007
Paseo de La Zarza,La Zarza-Perrunal,-6.85395399999993,37.7127580000001
Avenida Cristóbal Colón,Huelva,-6.94873626272885,37.2768932522941
Calle Manuel Llanes Muñoz,Huelva,-6.95497700704311,37.2523217437588
Avenida de la Profesionalidad,Cartaya,-7.15369132721863,37.2876356419077
Calle Manuel de Falla,Huelva,-6.95114684,37.2449601
Plaza Álvaro de Bazán,Huelva,-6.93604799982166,37.2822279997539
Calle 4 de Diciembre,Huelva,-6.94263899,37.2616479
Calle Chile,Huelva,-6.93005999973321,37.2581189997446
Calle Cartagenera,Huelva,-6.93316510091269,37.2662914020331
Calle Colibrí,Punta Umbría,-7.05232899999993,37.216975
Calle Mácula,Isla Cristina,-7.328008767387,37.203658075025
Calle Brasil,Huelva,-6.93091400037648,37.2585499997573
Calle los Silos,Aljaraque,-6.98962145498612,37.2724819229279
Calle Camino del Algarrobo,Almonte,-6.50939862411662,37.2593848638072
Carretera HU-6106 Nerva a la Rivera del Jarama,Nerva,-6.53396221489076,37.6787893139671
Camino Vereda del Camino del Cerro,Cabezas Rubias,-7.14597299999991,37.7367800000001
Camino la Notaria,Aljaraque,-7.0323494608620365,37.28891672674728
Avenida del Nuevo Colombino,Huelva,-6.9402995358949,37.249531220916
Calle la Niña,Rociana del Condado,-6.597095080999907,37.31384290800008
Calle Navas,La Zarza-Perrunal,-6.85276699999991,37.7128390000001
Calle Carretera Ayamonte - Aracena,El Almendro,-7.27351873499993,37.5047981180001
Calle Perú,Palos de la Frontera,-6.88575299989983,37.2255639998444
Calle los Molinos,Alosno,-7.11293699999993,37.5453400000001
Calle Doctor Juan Nicolás Márquez Domínguez,Huelva,-6.92917439726653,37.2782932244201
,Huelva,-6.9258848012619,37.260409475603
Camino a la Carretera de Gibraleón,Aljaraque,-6.9876758537512025,37.29769658182702
Camino de los Barreros,Rosal de la Frontera,-7.1840859999999225,37.91012400000005
Calle Ducado de Medina Sidonia,Puebla de Guzmán,-7.251418999999942,37.60857700000008
Camino de Linares de la Sierra a los Marines,Linares de la Sierra,-6.61876400035816,37.8898830001006
Calle Fray Luis de León,Ayamonte,-7.40821195259506,37.2592813140664
Camino Viejo Tharsis (Polígono 37 Parcela 104),Alosno,-7.11896,37.56361
Camino Viejo Tharsis (Polígono 37 Parcela 14),Alosno,-7.115916703822,37.5633707441878
,Villanueva de los Castillejos,-7.27070399999991,37.4972520000001
Calle Andalucía,Puebla de Guzmán,-7.25397099999992,37.6122790000001
Calle Sierra Nevada,Aljaraque,-7.014552052540286,37.2927964448015
Calle Humilladero,Aljaraque,-7.0246432995191,37.27408400274
Calle E Bo Herrerias,Puebla de Guzmán,-7.291990999999939,37.61159200000009
Paraje Ctra. Villablanca-Ayamonte,Villablanca,-7.34423599999991,37.29891400000008
Calle Miguel Delibes,Ayamonte,-7.40723934708337,37.2647362282551
Calle Jilguero,Trigueros,-6.83869662099994,37.381955058000074
Calle Numancia,Minas de Riotinto,-6.58908200033397,37.6954960003402
Plaza Constitución,Minas de Riotinto,-6.59121545482935,37.692621731108
Avenida Concha Espina,Minas de Riotinto,-6.60420199972248,37.694037999654
Calle Fernando Durán García,Minas de Riotinto,-6.59143900020962,37.6948389997201
Calle Pinta,San Juan del Puerto,-6.83772499999992,37.3188930000001
Calle Otumba,Nerva,-6.5466866102953,37.695323117024
Calle B (Polígono Industrial VI Centenario),La Palma del Condado,-6.55641654397442,37.3945483075367
Calle Cardenal Cisneros,Rociana del Condado,-6.59307249136412,37.3096360905872
Calle la Española,Moguer,-6.84153999996128,37.2744350000973
Calle Isaac Peral,Lucena del Puerto,-6.72688999999991,37.3019760000001
Paraje Cañada los Carrascos,Bonares,-6.6489703795075,37.320202796954
Calle Estrella Del Mar. Residencial La Ardila,Moguer,-6.83992544261004,37.1410295498883
Calle Ramón y Cajal (Tharsis),Alosno,-7.1175765323077,37.602639077027
Calle Perú,Moguer,-6.83849400023997,37.2800429996578
Calle Domingo Fal Conde,Higuera de la Sierra,-6.44759092845294,37.8378719442156
Camino Lepe,Villablanca,-7.33954499999993,37.2999170000001
Camino el Labrao,Rociana del Condado,-6.59008239085834,37.3138378895814
Plaza del Carmen,Lepe,-7.19832422657776,37.2604763303056
Camino del Pocito,Rosal de la Frontera,-7.228894999999909,37.969854000000055
Calle Enmedio,Hinojales,-6.58742100017881,38.0078090000855
Senda de la Reyerta,La Palma del Condado,-6.52805972166535,37.3599840167815
Calle Matalagrana,Almonte,-6.51778799944452,37.2555360005463
Calle Vázquez Díaz,Hinojos,-6.38159419272959,37.2930774259665
Calle Ejido,El Almendro,-7.26782385199994,37.507503365
Calle San Salvador,Cartaya,-7.15581399999991,37.2861470000001
Calle Moreno,Cartaya,-7.15122199999996,37.2822970000001
Calle Pozo Alfredo,Aljaraque,-6.99141873789622,37.280278311587
Calle Labradores,Moguer,-6.83532200009663,37.2710420002544
Calle Sagra,Aljaraque,-6.99206087425514,37.2931041266687
Calle Hermanos Pinzón,Beas,-6.74041799923082,37.3896170000408
Calle Rincón,Castaño del Robledo,-6.70611799999995,37.894146
Calle Río Guadalete,Ayamonte,-7.39676700014194,37.2184599999294
Calle Darbón,Moguer,-6.83377679459956,37.2714608813188
Calle Arzobispo Romero,Bonares,-6.67645699973255,37.3240609997812
Calle San Ginés,Aracena,-6.57755727336329,37.8887498372814
Avenida de la Constitución,Ayamonte,-7.39500999995434,37.2184379997387
Calle Manuel Gutiérrez Gascón,Paterna del Campo,-6.39903099998045,37.4206560001744
Calle Andalucía,Paterna del Campo,-6.40063700029718,37.4169619997966
Calle Flores,Isla Cristina,-7.32321123155552,37.2023246391089
Plaza Ernesto Deligny,Aljaraque,-6.9896658722707,37.278889058799
Calle Campito,Aracena,-6.5612734626147,37.895074552866
Calle Gamba,Punta Umbría,-6.96361799999994,37.1833240000001
Calle Presidente Cristóbal Carrasco,Bonares,-6.68356400054375,37.3247739992283
Calle Remolcador,Punta Umbría,-6.96704674016399,37.1843012582742
Calle Otero,Cartaya,-7.15565999999995,37.2819420000001
Plaza Mariana de Pineda,Cartaya,-7.149903858999949,37.28762883700006
Calle Venida de la Virgen,Lepe,-7.2002909998853,37.2482889999579
Calle Donantes de Sangre Lepe,Lepe,-7.19435613106202,37.2508799822957
Plaza Constitución,Santa Olalla del Cala,-6.22980699999994,37.9067640000001
Calle Hospital,El Cerro de Andévalo,-6.93734541199996,37.735842727
Carretera A-499 de Ayamonte a Puebla de Guzmán,Ayamonte,-7.33951000015686,37.2441430001984
Calle Álamo,Paterna del Campo,-6.4074760001135,37.4729459994669
Paraje Rondanas,Villarrasa,-6.5900800978015,37.3913751392068
Calle Estudio,Aracena,-6.56110199965744,37.8926469998594
Calle de la Era,Aracena,-6.566329,37.896968
Calle Arroyo Chico(Carboneras),Aracena,-6.5451640003182,37.9177639998089
Calle Infante del Real,Aracena,-6.5596176310448,37.894432440696
Plaza del Poeta Fermín Requena,Aracena,-6.563353,37.892851
Calle Alfarería,Bonares,-6.67838100001278,37.3226109998328
Calle Silencio,Jabugo,-6.72817631899994,37.9181595060001
Calle Azorín,Cartaya,-7.061943999999926,37.214915000000076
Calle Felipe II,Lepe,-7.19714399986429,37.2579820002621
Calle Rogelio de Olea,Villanueva de las Cruces,-7.0252214719999415,37.62847400900006
Calle Puerto,El Cerro de Andévalo,-6.93406499999992,37.734021
Calle Juan Pablo de Heredia,Beas,-6.79587600013481,37.4262130000558
Avenida del Tamborilero,Paterna del Campo,-6.4069229996965,37.4726229999516
Calle Amapolas,Paterna del Campo,-6.40663500000133,37.4736640002022
Calle Rubén Darío,Ayamonte,-7.41848991077153,37.2673897530926
Calle Ancla,Moguer,-6.82906700062674,37.1376779996318
Calle la Jara,Higuera de la Sierra,-6.44720200007206,37.8377570001856
Paraje el Valle (Pol 016 - Par 034),El Campillo,-6.6031410560842,37.689456403971
Carretera las Delgadas,El Campillo,-6.58671899999996,37.6861920000001
Calle Enrique Fernández Lirola,Punta Umbría,-6.95784199999991,37.1783610000001
"Calle Juana Cárdenas González ""Javiela""",Punta Umbría,-6.97287385899995,37.1884837270001
Camino de los Nogales,Santa Bárbara de Casa,-7.146401999552467,37.83042900039823
Calle Montanera,Aracena,-6.57600880522906,37.886720355683
Calle Choco,Isla Cristina,-7.24518899992313,37.206839000298
Calle Manuel Fernández Sánchez,Punta Umbría,-6.96624989499992,37.183569644
Calle Empalme Sur A,Isla Cristina,-7.30549085615529,37.2457904100473
Caserío Rincomalillo,Almonaster La Real,-6.8173510036682,37.826122558349
Calle Morito,Lepe,-7.22457100003322,37.2076900004044
Plaza Cruces de Mayo,Almonaster La Real,-6.7850893978896,37.8734522322057
Calle Traseras Urbanización la Real,Almonaster La Real,-6.7886112,37.87317254
Calle Magallanes,Huelva,-6.94387803727475,37.2628499123959
Calle los Milanos,Huelva,-6.932618000340089,37.261167000121105
Urbanización Huelva y Puerto Rico,Bollullos Par del Condado,-6.54172963462172,37.3493959818993
Calle Cervantes,Almonte,-6.52035700038635,37.2624590001073
Calle Odiel,Calañas,-6.88168499999995,37.6542690000001
Camino Viejo de Monteblanco,Aroche,-6.988945999999942,37.980383000000074
Calle Béjar,Huelva,-6.95514600011043,37.2578329995813
Vía de la Longuera,Puebla de Guzmán,-7.296696999999938,37.647106000000065
Paraje Vera Rosal,Rociana del Condado,-6.62424283487815,37.3189701371653
Paraje los Perros,Rociana del Condado,-6.571368433801,37.304098710578
Urbanización los Arcos,Ayamonte,-7.40308485138492,37.2042941699189
Carretera A-461 de Santa Olalla de Cala a Zalamea la Real,Zufre,-6.39822499999991,37.819596
Calle Atalaya,Aljaraque,-6.9914790000609,37.2805879998966
Calle Correlimos,Punta Umbría,-6.955218999999943,37.17337300000008
Calle Melchor,Higuera de la Sierra,-6.445037945244811,37.836843244919976
Camino Carril,Nerva,-6.506708001012434,37.70739000051203
Calle Alborán,Huelva,-6.941729000156348,37.265717000233536
"Calle Pepe ""Tau""",Gibraleón,-6.972618858999908,37.37855975800005
Calle Colón,Manzanilla,-6.42803900039936,37.3859929997773
Calle Santa Ana,Castaño del Robledo,-6.70497199999994,37.8940160000001
Calle Santa Elena,Gibraleón,-6.96100799999994,37.3755100000001
Calle Jaén,Cartaya,-7.109415171999956,37.217516956000054
Calle Hinojos,La Zarza-Perrunal,-6.87474399999991,37.711239
Paraje Carrasco,Rociana del Condado,-6.63971008999994,37.2986622560001
Calle Poeta Jesús Arcensio,Huelva,-6.942671000595739,37.25506099975365
Calle Alcotán,Huelva,-6.9588820002390905,37.262920999667955
Camino del Encinar,Niebla,-6.696295000014021,37.45274699977439
Calle Buitre (El Portil),Punta Umbría,-7.04975099999996,37.2170860000001
Carretera Jabugo,El Campillo,-6.66266305058142,37.6975121898838
Avenida de la Palma Club de Futbol,La Palma del Condado,-6.551062907999949,37.38201626700004
Calle Mimosa,Ayamonte,-7.39869100007966,37.2191830002314
Calle Raqueta,Punta Umbría,-6.95557999999994,37.1784690000001
Calle de la Salazón,Isla Cristina,-7.3180083339958735,37.20199265924857
Calle Caño de la Culata,Punta Umbría,-6.97460762799994,37.185807363
Calle Graciela Palau,Moguer,-6.84265199887823,37.2777442265252
Calle Museo,Niebla,-6.68133900009461,37.359094000388
Calle Piedra,Ayamonte,-7.4051517858578,37.214747244829
Polígono Industrial el Pontón,Cortegana,-6.836459585999933,37.916381639000065
Avenida Manuel Molina,Niebla,-6.6775180001554,37.3644989996293
Calle Río Piedras,Punta Umbría,-6.9574520079999616,37.17998452100005
Calle Apolo,Huelva,-6.90498107375387,37.3154012138
Calle Campo de Marte,Aroche,-6.94819868960276,37.9453350734775
Calle Mojarra,Isla Cristina,-7.244007000447769,37.207847000122996
Calle Santa María,Isla Cristina,-7.32658800041526,37.2045900000968
Calle Arrieros,Cortegana,-6.83636199999995,37.9190850000001
Calle Juan Ramón Jiménez,La Granada de Río-Tinto,-6.5084701018646,37.768796476545
Barriada del Carmen,Rociana del Condado,-6.59623799999991,37.3021680000001
Urbanización Hoyo 14,Cartaya,-7.0646182723524,37.216298588683
Calle Donantes de Sangre,Bonares,-6.68540799935844,37.3201820002797
Calle la Mina,Aljaraque,-6.99293517503531,37.2727891833309
Pasaje el Embudo,Cumbres Mayores,-6.6480417374757,38.062258152788
Calle Moro,Niebla,-6.67913500008003,37.36408100013819
Calle Doña Oria,Palos de la Frontera,-6.89773426803653,37.2243734382945
Calle Júpiter,Cartaya,-7.10220899999996,37.2159010000001
Calle Joaquín Sorolla,Huelva,-6.92909499974872,37.2649670000345
Calle Ribera,Punta Umbría,-6.9684259999999085,37.17901000000006
Paraje El Matadero,Niebla,-6.71236633188157,37.3494121662807
Calle Iglesia,Los Marines,-6.624237000037359,37.902786999820336
Calle Barrio Nuevo,Villalba del Alcor,-6.47595100027865,37.392801999813095
Calle Manuel Carrasco Fragoso,Isla Cristina,-7.322992999769966,37.19659000006983
Calle Taray,Huelva,-6.95395379448792,37.2419906303766
Calle Polonia,Aljaraque,-7.020192158594802,37.26769519927401
Calle D (Polígono Industrial San Diego),Huelva,-6.906424999600126,37.27401399976901
Calle Vulcano,Huelva,-6.932676000195331,37.25858400031437
Calle Choza,Huelva,-6.92167370919213,37.2609179289252
Ronda Jerusalem,Niebla,-6.68006695196017,37.3618967737088
Travesía Carlos III,Los Marines,-6.623839999716031,37.90321899995706
Calle Acacia,Cartaya,-7.14921783365952,37.2876422942351
Calle Santa Ana,Gibraleón,-6.9659319999999525,37.379132000000084
Plaza de Pedrezuela,La Palma del Condado,-6.5488268881023,37.384635810928
Calle San Juan Bautista,Alosno,-7.114839999999958,37.54943200000008
Calle Sevilla,San Juan del Puerto,-6.8350006039999585,37.31456441000006
Calle Obrero José García Murillo,Minas de Riotinto,-6.589062000311003,37.69525800015663
Calle Río Turia,Lepe,-7.2069389999769715,37.25898200038529
Calle San Cristóbal,Lepe,-7.20570099968733,37.2542799995894
Plaza Los Rosales,Almonaster La Real,-6.76087599999994,37.8443050000001
Calle Encina,Aracena,-6.5642811543516,37.8949024788665
Paraje Los Puyos,Rociana del Condado,-6.6442507370342,37.308235723882
Calle Bécquer,Almonte,-6.5166120004021,37.2577329998786
Calle Ciprés,Cartaya,-7.15971481599991,37.2848726930001
Calle Marineros,Lepe,-7.19923699985758,37.2487619997538
Trasera Odiel,Calañas,-6.881295999999907,37.65460000000007
Paseo Río Piedras,Isla Cristina,-7.235851000214945,37.20534199998234
Calle Córdoba,Cala,-6.31345220941938,37.9685157699259
Calle Cantarranas,Cala,-6.31320746,37.96940431
Calleja Maripaz,Cala,-6.31094043487089,37.9694031789645
Grupo U (Valdelamusa),Cortegana,-6.88065899999992,37.7865350000001
Glorieta de la Cruz Primera,Lepe,-7.19891281878052,37.2472894841329
Calle San Juan del Puerto,Alosno,-7.11739899999992,37.5450930000001
Calle Zenobia Camprubi,Almonte,-6.51790399913048,37.2655139997043
Calle José María Labrador,Valverde del Camino,-6.75405800058457,37.5688940002263
Calle Lola Martín,Ayamonte,-7.40175500010421,37.2063859996087
Calle Casa Sastre,Alosno,-7.1205290520208,37.600189487544
Calle Constitución,Niebla,-6.68100800011892,37.3596119999939
Calle Cruz,Isla Cristina,-7.32134992483996,37.201410031080236
Calle Mulhacén,Huelva,-6.93505099969278,37.2620209999324
Calle Cartaya,Huelva,-6.95691900006589,37.2621879997499
Calle F - Polígono la Barca,Cartaya,-7.1667188742196,37.285891844201
Calle I (Polígono Industrial Polirrosa),Huelva,-6.9186883433145,37.266318709598
Calle Bonanza,Isla Cristina,-7.31975600016052,37.202673999785
Barrriada del Rocío,Isla Cristina,-7.313501011187132,37.2003046838893
Calle Torre,Isla Cristina,-7.27241800070263,37.2228199996988
Calle Profesor Ramón Noya,Isla Cristina,-7.32542999939829,37.1959018753615
Calle Agadir,Isla Cristina,-7.327346000691876,37.20524199966567
Calle Salmonete,Isla Cristina,-7.24984899988966,37.20529199976969
Calle Real,Isla Cristina,-7.268712000620156,37.22237399958391
Calle Marismas,Isla Cristina,-7.314343999721458,37.20034999964713
Calle Caño del Cepo,Isla Cristina,-7.32118199975801,37.1985169999247
Camino de las Antillas,Isla Cristina,-7.252172000651567,37.20508099956943
Calle Padre Emilio Aguilar,Isla Cristina,-7.32544013942882,37.2030776215081
Calle Alcalde Emiliano Cabot,Isla Cristina,-7.31727199962735,37.1978689996368
Urbanización la Barra,Cartaya,-7.0534348431425,37.210276526102
Calle Clavel,Isla Cristina,-7.31726799975855,37.2002560000482
Calle Pirámide,Isla Cristina,-7.32594189281741,37.1956178444632
Calle Cervantes,Isla Cristina,-7.321664997428005,37.20196494707451
Calle Juan Mirabent Guitérrez,Isla Cristina,-7.32259200056351,37.196462000314
Avenida de las Salinas,Isla Cristina,-7.32622699967163,37.208329000006756
Plaza de la Ribera,Isla Cristina,-7.3225680007163225,37.204462000198795
Calle Triana (Carboneras),Aracena,-6.54322199979532,37.9184429996449
Plaza de las Pilas,Isla Cristina,-7.3269249997324195,37.19508399964484
Calle Naranjo,Isla Cristina,-7.307959451290053,37.19873008278979
Calle Retama,Isla Cristina,-7.307945000572561,37.195419999674726
Calle de la Luz,Isla Cristina,-7.316433828091836,37.20183472407925
Calle Jilguero,Huelva,-6.943762999570374,37.26458000004559
Plaza Ramón y Cajal,Valverde del Camino,-6.753925999959532,37.57303000014402
Calle Postero,Aljaraque,-6.992883027341612,37.27439406396796
Calle Manuel Domínguez Martínez,Paterna del Campo,-6.40656999960565,37.4162080000993
Calle Cabezuelo,Cortelazor,-6.625699039638,37.936470330243
Plaza la Encomienda,Arroyomolinos de León,-6.42203999999992,38.0243560000001
Calle Gibraleón,Villanueva de los Castillejos,-7.27056699999991,37.4998770000001
Carretera los Milanos,Calañas,-6.879853999999909,37.650018000000046
Calle Laguna,Villanueva de los Castillejos,-7.27024589299992,37.500962717
Calle Almirante Luis Hernández Pinzón,Huelva,-6.933414000681267,37.259020000048494
Calle Juan Valera,Huelva,-6.936960586662431,37.27088490171835
Calle Alcalde Mora Claros,Huelva,-6.953604000048838,37.25856399989122
Plaza Alejandro Malaspina,Huelva,-6.937883000107614,37.28056399986198
Calle Arquitecto Pinto,Huelva,-6.938867999733458,37.253594000287904
Plaza Jorge Juan,Huelva,-6.93725100064615,37.2830600001191
Calle Alhelí,Huelva,-6.933757999890838,37.27406999993215
Calle Amor de Dios,Huelva,-6.953462999936962,37.27166099968904
Calle Chimborazo,Huelva,-6.93659599996709,37.2634359999099
Calle Plazuela Chica,Huelva,-6.941179000551825,37.260821999722104
Calle Camelia,Huelva,-6.932744999949391,37.27493899984042
Calle Asunción,Huelva,-6.95167799992651,37.271557999999104
Calle Ayamonte,Huelva,-6.951494811331157,37.265069615888606
Calle Camarada Jaime Beneyto,Huelva,-6.928928000323545,37.262937999834556
Calle California,Huelva,-6.93500100013957,37.2591170001865
Calle Clavel,Huelva,-6.931503000365504,37.27514100016652
Calle Ciudadela,Huelva,-6.94006400009291,37.2536749999296
Calle Cervantes,Huelva,-6.933164999895614,37.25245200016755
Paseo Circunvalación,Huelva,-6.93932484347577,37.25439922388849
Calle Córdoba,Huelva,-6.945813000659422,37.26678800003495
Calle Díaz del Castillo,Huelva,-6.93811300058903,37.2705509996562
Calle Escalerillas,Huelva,-6.9412389997250425,37.2607919996986
Plaza de la Flauta,Huelva,-6.932269999709017,37.25818199963208
Calle Gravina,Huelva,-6.956174999677297,37.25793599961064
Calle Hermanos Álvarez Quintero,Huelva,-6.9355257420349785,37.26966139443215
Glorieta de los Alfareros,Huelva,-6.9363610003619485,37.264288000405536
Glorieta de los Fundidores,Huelva,-6.93636200035064,37.26521300036741
Glorieta de los Mineros,Huelva,-6.938576000628657,37.262514000218324
Calle Mackay Macdonald,Huelva,-6.946594000099662,37.25955299979087
Calle Isla Saltes,Huelva,-6.940716000124948,37.25355800043635
Plaza Ignacio María Álava,Huelva,-6.9375141853622,37.2815310223517
Avenida José Fariña,Huelva,-6.934425999744388,37.25926199979183
Calle Islas Columbretes,Huelva,-6.9324229997082405,37.25832599984045
Calle Jerez de la Frontera,Huelva,-6.94334900067263,37.2660440003728
Plaza Juan Bautista Antequera,Huelva,-6.938256000285871,37.28179999967295
Calle la Palma,Huelva,-6.95276499979383,37.2599459997763
Calle Lucena del Puerto,Huelva,-6.95606399996003,37.264936999822
Calle Murillo,Huelva,-6.952125999970593,37.254842999619946
Plaza Nardo,Huelva,-6.930945647770104,37.27832491971085
Plaza Pascual Cervera,Huelva,-6.938545999684665,37.28106099995417
Calle Plus Ultra,Huelva,-6.953976999932312,37.25758400009082
Calle Rafael López,Huelva,-6.952261000461794,37.25852299983717
Calle Sargazos,Huelva,-6.93444900049477,37.2549050001354
Calle Rubén Darío,Huelva,-6.93723899964204,37.26737100033383
Calle Sainete,Huelva,-6.92653399970799,37.2653830003347
Calle San Justo,Huelva,-6.943397000498998,37.266389000371866
Calle Sancho de Rama,Huelva,-6.9403419998392835,37.256803000287235
Calle Sor Paula Alzola,Huelva,-6.95273699981093,37.2633050003114
Calle Vasco Núñez de Balboa,Huelva,-6.941729000156348,37.265717000233536
Calle Roble,Aljaraque,-7.007904000504447,37.28616099996949
Calle Zurbarán,Huelva,-6.927282000297759,37.262963999663704
Calle Virgen del Mayor Dolor,Huelva,-6.940796000678182,37.268429999810174
Calle Tharsis,Huelva,-6.948680999740881,37.274349999945706
Plaza de la Romera,Huelva,-6.9328539792201545,37.264845295430504
Plaza de la Seguirilla,Huelva,-6.934199413582793,37.26276703104048
Plaza del Laurel,Huelva,-6.939737000697441,37.28032800010771
Calle Jardín de Zoraida,Huelva,-6.92334100038392,37.26357599976503
Plaza de la Sal,Huelva,-6.938515000694612,37.28026900023303
Calle José Caballero,Huelva,-6.943813000389595,37.255638000240175
Plaza Acuario,Huelva,-6.923255999654971,37.26260499977334
Plaza de los Bohemios,Huelva,-6.935522000273756,37.26649399999117
Plaza la Galatea,Huelva,-6.927332000401122,37.25946200043201
Calle del Licenciado,Huelva,-6.92914577912345,37.2601112611903
Plaza del Generalife,Huelva,-6.956425080037167,37.259187506578144
Calle Marisma de Mendaña,Huelva,-6.94921925595605,37.2811179948739
Avenida de las Artes,Huelva,-6.922691988641057,37.26982626796736
Plaza Billarista Pepe Gálvez,Huelva,-6.934983999589409,37.2717440002682
Calle San Bartolomé de la Torre,Huelva,-6.942143371680372,37.27857399400169
Plaza Edificio Brisa Marisma,Huelva,-6.92648055482003,37.2761507599473
Calle Doña Leonor Guzmán,Huelva,-6.93332236137749,37.2534946059349
Paraje Vega Animas,Beas,-6.81032046098083,37.4236624393086
Calle Pozo Nuevo,Palos de la Frontera,-6.891896639646826,37.224441467601494
Urbanización Punta Coral-c/ Gravina,Cartaya,-7.12151633479638,37.2214874932468
Paraje los Llanos,Villarrasa,-6.600479927906168,37.35649470696532
Calle Juan Ramón Jiménez,Chucena,-6.389992000430346,37.365390000248425
Avenida Antonio Maraver el Macareno,Chucena,-6.39134293010905,37.3662823100363
Camino de Cortelazor,Los Marines,-6.60631299994476,37.9063009999914
Camino de los Molinos,Los Marines,-6.6101820002989,37.9030409998424
Calle la Liebre,Paterna del Campo,-6.405081000283747,37.47310899978951
Calle Méndez Núñez,Minas de Riotinto,-6.593035,37.692656
Calle de los Picapinos,Ayamonte,-7.36170898210525,37.1754731904295
Plaza Gibraleón,Gibraleón,-6.8970351908182,37.367480982542
Calle Itálica,Valdelarco,-6.6825965703833,37.950859264086
Calle Alhelies,Moguer,-6.835681000602078,37.28061600046026
Calle Blas Infante,Gibraleón,-6.9651384370855,37.379753349807
Calle Francisco Barrera,Hinojos,-6.38067899993574,37.2911569997959
Calle Málaga,Alosno,-7.12203899999992,37.5990280000001
Calle Alcalde Maestro Balbuena,Gibraleón,-6.960963999999933,37.37674100000004
Calle Duque de Ahumada,Villarrasa,-6.60336699988703,37.3868060003967
Camino del Perotonero,Paterna del Campo,-6.528893000011803,37.50146499991
Camino de Bonares,Trigueros,-6.8250763569999435,37.38059756100006
Calle de las Flores,Villarrasa,-6.60657400028969,37.3870910000498
Calle Concepción,Cumbres Mayores,-6.643563094461047,38.0626318968447
Paraje el Morante,Calañas,-6.869929736241184,37.64688724057401
Calle Castillo,Cumbres de San Bartolomé,-6.74420566885632,38.0780549452797
Calle Palma,Cumbres de San Bartolomé,-6.743980170148612,38.077480382813576
Camino Riandero,Linares de la Sierra,-6.6211299748556,37.876950610941
Calle Chucena,La Palma del Condado,-6.54759523799987,37.3857139280001
Calle Vallegrande,Alosno,-7.11160093999996,37.54874105400006
Calle Almendro,Almonaster La Real,-6.7873672657801,37.8721270633009
Calle Marcelino Rioja,Almonaster La Real,-6.78694879707358,37.8719041946448
Calle Doctor Fleming,Alosno,-7.118652999999938,37.602302000000066
Aldea los Bravos,Aroche,-6.844648999999947,37.96116600000005
Calle Álamos,Cabezas Rubias,-7.08679697999992,37.7251890730001
Urbanización Carmelo Casto,Calañas,-6.8828419999999255,37.651977000000045
Calle Soledad,Castaño del Robledo,-6.707375999999954,37.89619900000008
Calle Cruz de los Milagros,Cartaya,-7.158249999999953,37.28531000000004
Calle Cervantes,El Campillo,-6.63110099999994,37.6932180000001
Calle Misericordia,Cartaya,-7.15164599999991,37.2834480000001
Barriada Doctor Fleming,El Cerro de Andévalo,-6.937539999999956,37.73296200000004
Avenida del Puente,Cortegana,-6.832304999999906,37.95330500000006
Calle Benavente,El Cerro de Andévalo,-6.93332999999996,37.7352510000001
Barriada Nuestra Señora de la Piedad,Cortegana,-6.8186209999999505,37.91255000000007
Calle Cabezuelo,Cortegana,-6.820839999999919,37.91056800000007
Calle Virgen del Valle,Cortegana,-6.82489599999991,37.906558000000075
Calle San Isidro,Gibraleón,-6.96901699999995,37.3780960000001
Calle Murillo,Gibraleón,-6.97361599999994,37.378564
Calle Cerro,El Cerro de Andévalo,-7.070689999999956,37.682908000000054
Camino Camino de Santa Ana,Castaño del Robledo,-6.701340999999957,37.864014000000054
Paseo de la Perdiz,Cartaya,-7.15077199999996,37.2817610000001
Calle Violeta,Cartaya,-7.14740500894683,37.2863590060069
Camino de los Montes,El Cerro de Andévalo,-7.067605999999955,37.68201700000009
Calle los Cortes,Cortegana,-6.829305999999917,37.95358800000008
Calle Sol,Galaroza,-6.70453099999992,37.9278970000001
Calle Vistahermosa,Fuenteheridos,-6.6621379960924,37.903359702333
Urbanización Residencial el Faro I,Ayamonte,-7.3384363937571,37.186571582221
Urbanización Residencial la Jara - Manzana III,Ayamonte,-7.4007736458462,37.26292289625
Calle Luis Cernuda,Chucena,-6.391736999962418,37.36719799998786
Calle Herrera,Aljaraque,-6.99718999975621,37.2763900001291
Calle Triana,Aljaraque,-6.99202371333341,37.2733620056321
Calle Zurbarán,Aljaraque,-6.998716999623539,37.27266900020149
Urbanización Huerta Pilar,Puebla de Guzmán,-7.251275999999905,37.61195800000007
Calle San Platon,Aljaraque,-6.99442399972348,37.267865000290946
Calle la Redondela,Ayamonte,-7.4030758298709065,37.204733090006286
Calle Olivares,Rociana del Condado,-6.599294999999927,37.30842900000005
Calle la Madrugá,Ayamonte,-7.40692947877538,37.2218118656221
Calle Isla Cristina,Aljaraque,-7.026747999617804,37.26765199986481
Calle Trafalgar,Punta Umbría,-6.957637999999918,37.17741500000005
Calle Santa Bárbara,Rociana del Condado,-6.597245999999927,37.31202500000006
Calle San Silvestre de Guzmán,San Bartolomé de la Torre,-7.106500999999923,37.44302300000004
Calle Alcotán,Punta Umbría,-7.04492599999992,37.2084760000001
Calle Bogavante,Punta Umbría,-6.9673499999999535,37.185955000000035
Calle Barlovento,Punta Umbría,-6.963499999999954,37.17736300000007
Calle Playa,Punta Umbría,-6.953327999999942,37.172491000000036
Calle Bella Jaldón Pérez,Punta Umbría,-6.964621999999906,37.18276700000007
Avenida España,Jabugo,-6.731608972999936,37.91455860900004
Calle Arrabales Chicos,Valverde del Camino,-6.7519479995219776,37.571220999621644
Calle Miguel Hernández,San Silvestre de Guzmán,-7.346676999999943,37.38932200000005
Camino del Águila,Hinojos,-6.385972000307427,37.30817699956904
Plaza Alcolea,Trigueros,-6.83289191845619,37.380879234996
Calle Ola,Punta Umbría,-6.977472999999918,37.18303800000007
Calle Velázquez,Almonte,-6.51185700012643,37.2627150002372
Calle Huelva,Escacena del Campo,-6.386058999822851,37.40562200025528
Camino el Abejarruco,Valverde del Camino,-6.79064299957711,37.5224159998742
Calle Prolongación Calle Cartuja,Chucena,-6.3965648185828,37.365943516521
Calle Valdeoveja,Chucena,-6.39101932946686,37.3612887255179
Plaza de la Tenería,Hinojos,-6.3779943845481,37.294778739218
Camino el Petirrojo,Valverde del Camino,-6.7806030778443,37.517850701227
Calle Arroyo del Trebejil,Almonte,-6.52355300030913,37.2600980002933
Calle Lope de Vega,Almonte,-6.51932400024406,37.2580859999975
Calle Santa María,Almonte,-6.48931499969429,37.1372410005463
Calle Carmen Morgado Flores,Punta Umbría,-7.05010499999992,37.2118120000001
Calle Jorge Guillén,Almonte,-6.52656549931905,37.2633834997757
Calle Tinto,Rociana del Condado,-6.600090999999907,37.31016400000004
Calle Avefría,Punta Umbría,-7.05123599999996,37.2100800000001
Camino el Milano,Valverde del Camino,-6.7882529996251,37.5348790001097
Plaza España,Beas,-6.792805999913449,37.426227999877696
Calle Virgen de Gracia,Los Marines,-6.623023999857503,37.90230099989141
Plaza de la Constitución,Lucena del Puerto,-6.730136511999945,37.303705998000055
Calle el Mosquero,Almonte,-6.5075010004628,37.2685950001241
Camino del Vereda,Alosno,-7.185910999999919,37.585068000000035
Camino el Frenajoso,Valverde del Camino,-6.77464751881555,37.5866140580778
Carretera H-9011,Alosno,-7.132788999999946,37.54830300000009
Camino el Puente,Valverde del Camino,-6.775805664092515,37.58407920715326
Avenida Diputación,Cartaya,-7.14942799999994,37.2867770000001
Camino Camino de los Polvorines,Cabezas Rubias,-7.110254999999938,37.77404300000006
Calle Virgen de Gracia,Cumbres Mayores,-6.642893096838776,38.06506229398984
Camino Cortafuegos,Calañas,-6.888938999999937,37.60745100000008
Camino Valverde,Calañas,-6.904098999999917,37.58511900000008
Carretera A-478 de Zalamea la Real a Calañas,Calañas,-6.834845999999914,37.64859500000006
Camino Estación,El Campillo,-6.636320999999953,37.68250800000004
Camino Camino de Campo Frio a la Granada Vieja,Campofrío,-6.559652999999912,37.77665500000006
Travesía las Cañadas Transversal,Campofrío,-6.577708999999913,37.76586700000007
Apartamentos Mozart - Avenida Playas De Cartaya,Cartaya,-7.103524815999947,37.217322886000034
Carretera HU-6101 el Cerro de Andevalo a San Telmo,Cortegana,-6.961005999999941,37.79150400000009
Camino de los Merenderos,Cortegana,-6.883484999999951,37.903350000000046
Camino de las Cabezadas,Cortegana,-7.03863999999993,37.81175500000006
Calle Bodega Salas,La Palma del Condado,-6.541492799999958,37.36226205100007
Urbanización Portil Pu-Manzana 2,Punta Umbría,-7.051193999999953,37.21147000000008
Vía a Puebla de Guzmán,Puebla de Guzmán,-7.250872999999956,37.60728300000005
Camino de Relvita,Paymogo,-7.302059999999926,37.82260400000007
Camino el Tritón,Valverde del Camino,-6.7945583050855,37.516000485436
Calle Infanta María Luisa,Almonte,-6.51188399945743,37.2602229996123
Calle Doctor Jarabo Herraiz,Aljaraque,-7.020752000432335,37.2675520004298
Barriada Juan Carlos I Segunda Fase,San Juan del Puerto,-6.844287319999921,37.31673869200006
Camino de las Callejas,Santa Ana La Real,-6.717578999999944,37.86498500000005
Camino de la Cruz de la Mujer,Santa Bárbara de Casa,-7.220956999565743,37.83622100039901
Calle Carmen,Ayamonte,-7.406515000253037,37.21480000011037
Solar Sapu I-2 Calle C,Villalba del Alcor,-6.477116000605112,37.40207199977399
Camino de las Hoyas,La Granada de Río-Tinto,-6.5232599999999366,37.75281700000005
Callejón Medroso,Paymogo,-7.343856999999957,37.74085500000007
Paraje El Cuarto,Villablanca,-7.35381099999995,37.3139090000001
Plaza San Pedro y San Pablo,Puerto Moral,-6.478817189999916,37.89198965500009
Vía de Lepe,San Bartolomé de la Torre,-7.133531999999946,37.41027500000007
Calle de la Constitución,Rosal de la Frontera,-7.22087336699991,37.9657855930001
Camino de Huerta Torres,Sanlúcar de Guadiana,-7.461411999563989,37.48333600025635
Calle a Sapu I-1a Calle,Villalba del Alcor,-6.479364000796371,37.400671000781124
Calle Matadero,San Silvestre de Guzmán,-7.349892999999952,37.39032000000009
Calle Doce de Octubre,Villalba del Alcor,-6.475954000885951,37.39564000001783
Avenida Riofrío,Isla Cristina,-7.241512999697926,37.20805600002025
Plaza Virgen de Fátima,Punta Umbría,-6.9648510107766,37.182979846416
Calle Iglesia,Santa Olalla del Cala,-6.23427315314327,37.904686905774
Calle Sapu I-2 Calle D,Villalba del Alcor,-6.474924999892609,37.401843999812016
Vía del Toril Nuevo,Villanueva de los Castillejos,-7.224421999999947,37.46232700000007
Trasera Calle Tenerias,Aracena,-6.5724790186597195,37.88603402885457
Calle Doctor Federico de la Cuadra,Palos de la Frontera,-6.79989458875748,37.1244446150592
Calle Castillo Viejo,Sanlúcar de Guadiana,-7.46749200025543,37.4736109996481
Calle Almeina,Aljaraque,-6.992581999820274,37.27519399985063
Calle D (P.I. Cantalgallo),Aracena,-6.57027791892844,37.897648483332
Calle Lirio,Jabugo,-6.727919999999926,37.91529100000008
Calle Tablazo,Ayamonte,-7.33858600035361,37.18536999993115
Calle Murillo,Bonares,-6.67760499982496,37.3244930001718
Calle Gaviotas,Huelva,-6.95218675730039,37.2753867621618
Calle Clara Campoamor,San Bartolomé de la Torre,-7.110072999999943,37.44586600000008
Plaza España,Cumbres Mayores,-6.6466595124264565,38.06239834560733
Carretera A-5150 de N-431 a Isla Cristina,Isla Cristina,-7.32306614221011,37.2153988956031
Calle San Isidro,Beas,-6.7398949997883575,37.39002799936058
Calle Marisma,Moguer,-6.845296000162693,37.276926000066794
Calle Velarde,Bonares,-6.68235900029174,37.3258729999685
Calle Virgen de Belén,Beas,-6.77313900076933,37.4036870000927
Calle Cisneros,Bonares,-6.682890999882302,37.32089700021983
Calle Faltriquera,Bonares,-6.681202000604465,37.323038999336966
Calle Vinateros,Moguer,-6.841627000406877,37.27094700017568
Calle Eulalia Ruiz de Clavijo,Moguer,-6.8315260002094025,37.27585099974407
Calle Costa Mar,Moguer,-6.81422199981924,37.1306799995238
Calle la Canaleja,Huelva,-6.91802216682032,37.2628035031449
Calle Maestro Roja,Bonares,-6.681575888725574,37.32471276172879
Urbanización Camachas,Beas,-6.78952083439989,37.431743036283365
Calle Huerto,Bonares,-6.68417999977353,37.3199120004236
Calle Palo Dulce,Moguer,-6.835352999391057,37.27692099951473
Calle Veracruz,Moguer,-6.8437776185576,37.2793039138164
Calle Brasil,Moguer,-6.836850000583584,37.280861999767154
Calle San Juan,Moguer,-6.840170999596279,37.277106000057245
Calle Costa Rica,Moguer,-6.83761800028138,37.2803369995799
Calle María Auxiliadora,Moguer,-6.835738000733393,37.274409000316275
Calle Miramar,Moguer,-6.814523999521758,37.13038599956262
Urbanización Fuentepiña,Moguer,-6.825750556559917,37.13919998618941
Calle Venezuela,Moguer,-6.836949000861278,37.27952899983099
Calle Salinas,Moguer,-6.845102999290021,37.278086999179614
Calle Argentina,Moguer,-6.838142999650969,37.280613000278514
Calle Ramón y Cajal,Moguer,-6.83596799993904,37.27262100056208
Calle Elisa Fernández,Moguer,-6.84111000019394,37.2718530001969
Calle Laguna la Marciega,Moguer,-6.8197781485688,37.135776331761
Calle Fray Junipero Serra,Moguer,-6.815020000349205,37.12993699992865
Barriada Cardeñas,Huelva,-6.94710908888123,37.2826352715328
Urbanización Nueva Huerta,Ayamonte,-7.3948890919871,37.21854841454
Calle María de Cardenas,Lucena del Puerto,-6.731939999999952,37.30377400000009
Calle Hermanos Machado,Lucena del Puerto,-6.7323469999999475,37.306133000000045
Callejón del Mastil,Punta Umbría,-6.961782999999912,37.17613300000005
Carretera HU-9106 Cumbres Mayores a Fuentes de León (Badajoz),Cumbres Mayores,-6.610711000412184,38.05683500003537
Calle Sarmiento,Rociana del Condado,-6.589273999999932,37.31040900000005
Calle Nicolás Gómez González,La Palma del Condado,-6.55486524599996,37.3898778700002
Calle Casas Nuevas,Aljaraque,-6.992376768481702,37.275815842955126
Calle Valverde del Camino,Ayamonte,-7.4047160002608265,37.21078100034203
Calle Carabela,Ayamonte,-7.34301000050224,37.18887099979316
Calle a Santa Bárbara,Alosno,-7.117259999999931,37.600096000000065
Calle David Clark,Aljaraque,-6.988342508705467,37.28004287439955
Calle Chucena,Bonares,-6.68724405664055,37.3218332726493
Calle Camino del Saladillo,Huelva,-6.93168600035933,37.2674019996035
Camino de la Atalayuela,Paymogo,-7.252981999999918,37.73889400000007
Calle Poeta Federico García Lorca,Rociana del Condado,-6.59553399999993,37.31284500000004
Calle Camarinas,Moguer,-6.83592700035213,37.2719659999053
Camino Carril,Aroche,-6.924948999999913,37.89150500000005
Calle Fontanilla,Beas,-6.79261800019274,37.4338469998339
Travesía Juan R Jimnez 1,Corteconcepción,-6.504708999456044,37.89576899969942
Plaza la Piña,Bollullos Par del Condado,-6.5418989999387005,37.33767300000912
Paraje Del Chanza,Cortegana,-6.82588299961193,37.9116150004192
Plaza Otero,Puebla de Guzmán,-7.24496699999992,37.6114840000001
Calle las Dunas,Punta Umbría,-6.97646699999996,37.182845
Calle Picasso,Almonte,-6.52020200014863,37.2614379994679
Calle Manzanilla,Almonte,-6.52415900040682,37.2627320003885
Calle Huerta de la Cañada,Almonte,-6.5143061389097,37.2667689377541
Calle Antonio Garrochena,Almonte,-6.52421064298126,37.2637948309543
Calle Madre Cruz,Corteconcepción,-6.4977199995609,37.89087100006257
Calle Real,Corteconcepción,-6.50762100024936,37.8966699996992
Travesía Nueva Trasera,Corteconcepción,-6.509679999616915,37.89819199974713
Calle General Silvestre,Nerva,-6.54912534364365,37.7014411546743
Calle Roque Barcia,Nerva,-6.541948000728854,37.68909700014786
Calle Hernán Cortes,Nerva,-6.552380704564702,37.69640287483132
Calle Concepción Arenal,Nerva,-6.554311278240128,37.696877463900215
Avenida de Andalucía,Nerva,-6.5515200001176,37.6946479995938
Calle Galba,Nerva,-6.54787087909499,37.6952233783324
Calle Numancia,Nerva,-6.55338300036001,37.6949650003532
Calle Sancho Hidalgo,Nerva,-6.55212899921546,37.69475799995291
Calle José María Labrador,Nerva,-6.548969000506806,37.69404599994321
Calle Castilla,Nerva,-6.54695335545836,37.696171003302
Calle Doctor Ezquerdo,Nerva,-6.55385011051016,37.6979930095903
Calle Calvario,Nerva,-6.553486000282801,37.695366999565536
Plaza de la Alcazaba,Huelva,-6.956019000165376,37.26002899962744
Calle Bonaire,Huelva,-6.920994022452339,37.27415388625296
Plaza de los Descubridores,Huelva,-6.937909614566522,37.26971756744871
Plaza el Templete,Huelva,-6.944397000264216,37.28252000030051
Calle Matarife,Huelva,-6.938292777647293,37.25237442505315
Calle Doña Ana Gaviño,Huelva,-6.9567668709372095,37.26612071807007
Calle Río Múrtigas,Huelva,-6.926233470398548,37.25881353416998
Calle Empalme Sur C,Isla Cristina,-7.3089250091937,37.245380359971
Avenida de los Empresarios de Huelva,Huelva,-6.8858032505854,37.3018287299696
Calle del Desarrollo,Huelva,-6.87300604421369,37.3101377089797
Barriada Hispanoamerica,Rociana del Condado,-6.598881999999946,37.31264300000004
Calle E (Polígono Industrial Tartessos),Huelva,-6.87314199968566,37.3068840001261
Plaza Piterilla,Huelva,-6.951862999957094,37.2592729998309
Calle Umbría-Madroñal,Alosno,-7.12426499999992,37.598822
Calle Larga,Higuera de la Sierra,-6.443307000317686,37.83398299971583
Camino de Bollullos,Hinojos,-6.358573000343559,37.314030999731
Calle del Guante,La Palma del Condado,-6.55166343299987,37.3856906200002
Camino de las Colonias Raya,Hinojos,-6.438011999853754,37.31603999974632
Camino de Almonte a las Marismas,Hinojos,-6.44865000029714,37.17033400021414
Camino de las Paredejas,Hinojos,-6.35258373405193,37.266383375392664
Barriada Cooperativa,Niebla,-6.68584900033099,37.3586840003665
Camino de Higueruelas,Jabugo,-6.73467299999993,37.91188000000005
Camino del Almendral,Paterna del Campo,-6.418943000019305,37.421911999639235
Urbanización Rincón del Golf I,Ayamonte,-7.3871958994706,37.194988998978
Calle el Cabezuelo,Huelva,-6.91827813738193,37.2621279905416
Calle Corcho,Aracena,-6.57565271086671,37.8893837984052
Calle Aduana,Aljaraque,-6.98934424479773,37.2726608962632
Calle Alcalde Don Alfonso Madrid Alcaide,Aracena,-6.57031505759372,37.8922577418016
Calle Santa Eulalia,Almonaster La Real,-6.78621982208655,37.8727728454256
Calle Calabazares,Huelva,-6.91827813738193,37.2621279905416
Calle Repiguela,Galaroza,-6.70487344460894,37.9269254434171
Urbanización Residencial las Palmeras,Ayamonte,-7.3508931866057,37.18022940464
Camino el Alcornoque,Valverde del Camino,-6.77321624663187,37.553734733554
Calle Petaca,Almonaster La Real,-6.67640988524548,37.7773249605387
Carretera HU-4402 Villanueva de los Castillejos a Sanlucar de Guadiana,Villanueva de los Castillejos,-7.31181999999995,37.5002870000001
Calle Córdoba,Almonaster La Real,-6.8021690465148,37.780700915563
Avenida de la Paz,Bollullos Par del Condado,-6.54099499961939,37.3318460001929
Senda de la Cumbre,Aroche,-7.090924999999913,37.875177000000065
Camino de las Peñas,Aroche,-7.024760999999955,37.92395900000008
Camino Cortaguego del Puchero,Aroche,-6.917736999999931,37.85392900000005
Camino Raya,Aroche,-7.002397999999914,38.02664000000004
Travesía Castillo Amparo,Cumbres Mayores,-6.643805789105695,38.06478131700433
Camino Vieja Alosno a Tharsis,Alosno,-7.118029999999919,37.56574900000004
Camino Carril,Alosno,-7.18805999999995,37.54088900000005
Camino de las Moriscas,Alosno,-7.016040999999916,37.57780100000008
Camino Camino de Cortegona a Campofrío,Campofrío,-6.615545999999938,37.77103200000005
Camino de Caravana,Cortegana,-6.803481999999917,37.91300200000006
Camino Cordel de las Huelvas,Cortelazor,-6.63172499999996,37.973254000000054
Camino del Chorrillo,Cumbres de San Bartolomé,-6.751046273866313,38.07740347908752
Travesía Hospital Trasera,El Cerro de Andévalo,-6.935150999999905,37.73644600000006
Camino de las Cumbres de Bartolazo,Cortegana,-6.9029469999999264,37.80701900000008
Camino del Huron,Cortegana,-6.877858999999944,37.90029800000008
Camino Vereda de los Contrabandistas,Cala,-6.362004999999954,37.92712000000006
Camino de Regalado,Calañas,-6.87928699999992,37.627057000000036
Calle Jardín,Ayamonte,-7.398760000081768,37.215631000270896
Calle San Bartolomé,Alájar,-6.6656789884648,37.874282488667
Calle las Palomitas,Alájar,-6.6682657468974,37.8745092592707
Calle San José,Rociana del Condado,-6.600526999999943,37.30606000000006
Calle Diego de Almagro,Moguer,-6.810858873372504,37.12813586529387
Calle de la Cochera,Villablanca,-7.33978699999994,37.3042020000001
Calle Juan de la Cierva,Ayamonte,-7.4040983468868,37.222619205984
Calle Doetsch,Punta Umbría,-6.979547999999909,37.19104900000008
Camino de la Torre,Rosal de la Frontera,-7.185243999999955,37.92278100000004
Calle Jara,Bonares,-6.66602620330533,37.3225458281109
Avenida Coronación,Bollullos Par del Condado,-6.53970100020084,37.3416910000398
Calle Ayamonte,La Palma del Condado,-6.55518149599982,37.3834573700001
Calle Aracena,La Palma del Condado,-6.55548949599995,37.38343174500005
Camino de Santa Ana a la Higuera,Linares de la Sierra,-6.606274999991132,37.83061299989022
Carretera Camino de la Playa,Gibraleón,-7.035281999999938,37.255930000000035
Camino del Termino,Linares de la Sierra,-6.597325000048545,37.81472300006655
Vereda del Jarrama,La Granada de Río-Tinto,-6.4900599999999145,37.77171600000008
Camino Castilleja del Campo,Chucena,-6.387951999884701,37.365007999719616
Camino el Pino,Chucena,-6.397369999825421,37.367037999804
Camino de Antequera,El Granado,-7.347731999999951,37.466555000000085
Camino del Algarbe,Hinojos,-6.428580000166694,37.31464099998229
Plaza la Caña,Hinojales,-6.591778303625663,38.009085756802364
Camino la Almazara,Hinojales,-6.5860026254207185,38.008713595755935
Camino de Atayuela,Paymogo,-7.267127999999957,37.72633300000007
Vía de las Pedreras,Puebla de Guzmán,-7.220120999999949,37.62272900000005
Vía Vereda del Batan,Puebla de Guzmán,-7.176787999999931,37.599124000000074
Camino de los Molinos a los Cortijos,Paterna del Campo,-6.564473000428483,37.46695999960447
Camino de San Salvador,Paterna del Campo,-6.456277000383136,37.48967600034731
Calle Basilio Cortés Castilleja,Punta Umbría,-7.05068799999992,37.2192210000001
Vía del Pino de la Cruz,Lucena del Puerto,-6.71147099999996,37.28870600000005
Calle Traseras Rodeo,Puerto Moral,-6.477980428999956,37.89313306200006
Camino el Lobo,Valverde del Camino,-6.78833324455604,37.5239973224147
Camino el Verderón,Valverde del Camino,-6.78936009868053,37.5251525260857
Callejón Vereda de la Cinta,Paterna del Campo,-6.403873644153223,37.42239477190141
Vía Hv-6249,Lucena del Puerto,-6.746703999999909,37.15421800000007
Vía del Fresno Almonte,Lucena del Puerto,-6.745090999999945,37.269318000000055
Camino de Valdegar,Niebla,-6.666118999691952,37.33537600020242
Camino de Candón,Niebla,-6.732988999642511,37.40137300036381
Camino de la Retamosa,Niebla,-6.730022999561682,37.45827700028346
Camino Padroncillo de Palos,Niebla,-6.644474999821184,37.35102599975026
Camino de Navahermosa,Niebla,-6.728109000329954,37.4816049995712
Calle Plazas,Trigueros,-6.8337972459999,37.3826916200002
Calle Ramón y Cajal,Campofrío,-6.572741999999948,37.76754900000009
Plaza España,Cañaveral de León,-6.52856600022054,38.0147320000819
Sector Eucalipto,Almonte,-6.5255239819919,36.9874922399754
Trasera Burgos y Mazo,Valdelarco,-6.68343818191344,37.9508170098517
Calle Pío Baroja,Moguer,-6.81476699987943,37.134308000237
Calle el Cabezo Segundo,Sanlúcar de Guadiana,-7.464745000381285,37.47271899988212
Polígono Industrial Sepes,Ayamonte,-7.39252600009975,37.2330580000666
Camino de Saucejo,La Palma del Condado,-6.54435784770269,37.3588089911151
Calle Blas Infante,Villablanca,-7.345794999999953,37.302490000000034
Calle Valencia,Cartaya,-7.107220595999934,37.217210041000044
Camino de Sanlucar de Guadiana,San Silvestre de Guzmán,-7.358157999999946,37.39523600000007
Calle Clavel,Bollullos Par del Condado,-6.541469999940331,37.344677000143655
Calle Paterna del Campo,La Palma del Condado,-6.5464914329999715,37.38830399500006
Barriada el Pino,Chucena,-6.3952120001335,37.36615599959984
Calle Cangrejo,Punta Umbría,-6.96435699999995,37.18400100000008
Carretera de Huelva,La Palma del Condado,-6.539323840999941,37.38985263100005
Calle Lavapiés,Niebla,-6.68028115904812,37.3654115444074
Plaza de San Juan Bautista,La Palma del Condado,-6.559812732999944,37.38691037800004
Calle los Molinos,Santa Ana La Real,-6.723976999999934,37.86485400000004
Callejón del Barrio,Santa Bárbara de Casa,-7.186923000296076,37.79669699976684
Calle la Molinera,Lucena del Puerto,-6.72578699999991,37.3022240000001
Grupo D (Bede),Puebla de Guzmán,-7.293031999999926,37.60937700000005
Calle Condado,Villanueva de los Castillejos,-7.27515299999993,37.4977650000001
Calle Camino de Valdelarco,Galaroza,-6.7046285883686,37.928129507392
Calle Adelfa,Aljaraque,-7.026406000602469,37.26615399984876
Camino de los Millares,El Granado,-7.350043999999912,37.44782900000007
Calle Velasco,Villanueva de los Castillejos,-7.27163246899994,37.501667894000036
Calle Socorro,Ayamonte,-7.40472800007896,37.224109999583426
Calle Coso,Cabezas Rubias,-7.085989999999924,37.72674800000004
Calle Cristóbal Colón,Campofrío,-6.574525999999935,37.76495900000009
Barriada el Puerto,Campofrío,-6.57837699999993,37.768356
Calle Camacho,Valverde del Camino,-6.754213000659159,37.57118600018488
Calle Machina,Trigueros,-6.83455993299998,37.3853604950001
Calle Draga,Punta Umbría,-6.967026999999916,37.18450900000005
Calle Goleta,Palos de la Frontera,-6.83160107425783,37.136164284621
Calle Tiesa,Aljaraque,-6.989930494061123,37.27239354597073
Trasera San Roque,Cala,-6.31802784099995,37.9710852140001
Avenida Virgen de Cala,Cala,-6.32141933199995,37.974372621
Calle Sevilla,Cala,-6.316332999999929,37.971565000000055
Plaza de los Mineros,Cala,-6.3168399999999565,37.97173900000007
Calle Profesor Tierno Galván,Calañas,-6.876717999999926,37.657733000000064
Plaza Isidro Pinedo,Calañas,-6.850735999999927,37.602186000000074
Calle Federico García Lorca,Calañas,-6.881983999999932,37.65510900000004
Travesía Blas Caballero,Calañas,-6.8769459999999185,37.654986000000065
Calle Fuente León,Calañas,-6.87696799999992,37.658981
Calle Colón,El Campillo,-6.6288509999999405,37.694326000000046
Calle Jaén,El Campillo,-6.62913999999995,37.69429000000008
Calle Paraíso,Cortegana,-6.819344999999942,37.90727700000008
Calle Albahaca,Cartaya,-7.148162489999947,37.288473353000086
Calle los Pájaros,Paterna del Campo,-6.40623000021032,37.4741199996471
Calle el Romero,Paterna del Campo,-6.40650979221784,37.473099893716
Calle Roble,Higuera de la Sierra,-6.44908699976511,37.838287000345
Plaza Valle Florido,Jabugo,-6.74875543574118,37.8938670700662
Calle Embarcadero,Aljaraque,-6.992824000438863,37.27465599977579
Calle Sevilla,Ayamonte,-7.40730766728239,37.2161397668619
Calle Repilado Viejo,Jabugo,-6.774423999999954,37.92212900000004
Calle la Torre,Almonaster La Real,-6.78644216122018,37.8727577477662
Calle Prim,Alosno,-7.117178999999908,37.600988000000086
Calle Voladura,Almonaster La Real,-6.67465565968258,37.7770553965874
Camino del Barro,Puerto Moral,-6.47660531023987,37.8907298148422
Vía de Bartolomé,Villanueva de los Castillejos,-7.146963999999912,37.42462500000005
Calle San Juan,Linares de la Sierra,-6.6205653241172,37.87995013573
Calle Clara Campoamor,Valverde del Camino,-6.753307000126982,37.56908800011136
Trasera Santa María de la Cruz,Villanueva de las Cruces,-7.023029999999949,37.62943900000005
Calle Real de Abajo,Valverde del Camino,-6.753390999620038,37.571467000315025
Calle Santa Ana,Nerva,-6.55087831659787,37.6956140765054
Calle Cantueso,Moguer,-6.82939800053991,37.1386470000792
Urbanización Miguel Ángel Sol - Calle Fuente Blanca,Cartaya,-7.0581888862788,37.213446041602
Camino de Servicio San José,Paterna del Campo,-6.414245000106477,37.48050600015195
Camino de la Esperanza,Almonaster La Real,-6.683097999999916,37.76038200000005
Plaza España,Santa Ana La Real,-6.72426752399991,37.8637935340001
Camino Camino de la Polvora,El Campillo,-6.6365919999999505,37.67942100000005
Calle Corta Atalaya,El Campillo,-6.628864999999905,37.696765000000084
Calle Cuatro Vientos,El Campillo,-6.628889999999956,37.69067300000006
Urbanización Chalets Cueva de Mora,Almonaster La Real,-6.800780999999915,37.78455900000006
Callejón la Zuja,Gibraleón,-6.9741659999999115,37.37529200000006
Calle Virgen de Fátima,Punta Umbría,-6.96468099999993,37.1832680000001
Vía de la Granja,Lucena del Puerto,-6.701864999999941,37.29772800000006
Plaza Profesor Manolo Moro,Palos de la Frontera,-6.891187259486087,37.22192624295471
Calle Fresas,Rociana del Condado,-6.601015999999959,37.304857000000084
Calle Hospital,Zufre,-6.33909166638444,37.8341529972788
Calle Rafael Alberti,Valverde del Camino,-6.75365400013482,37.577589999684
Calle Mazantini,Valverde del Camino,-6.754749000608517,37.56830800002124
Calle Ruiz de Alarcón,Trigueros,-6.839386255999955,37.38716161600007
Calle Pescadores,Palos de la Frontera,-6.897645000123467,37.22880699959057
Calle Virgen de Fátima,San Bartolomé de la Torre,-7.10478399999994,37.4432080000001
Calle Chamariz,Trigueros,-6.83828730799991,37.3822008700001
Calle Nuestra Señora de los Dolores,Trigueros,-6.83729207299996,37.3796641720001
Camino de la Cascajosa,Paterna del Campo,-6.423061000164897,37.47784499974713
Camino de Tujena del Cordero,Paterna del Campo,-6.407307000317663,37.46784599999308
Calle Calicanto,Aljaraque,-7.024139000409822,37.2635900003365
Calle Pp Sr10 Calle C,Trigueros,-6.838792846999979,37.38944261100005
Calle Amargura,Trigueros,-6.83462474599997,37.3828714950002
Camino Fuente de la Corcha,Trigueros,-6.813679534999949,37.32039775800007
Calle General Prim,Trigueros,-6.838975995999931,37.38549387000006
Calle Beas,Trigueros,-6.82798290999995,37.3889186700001
Calle Alcalde Marcelino Ruiz,Valdelarco,-6.68360099918654,37.951162999473
Camino Camino de los Pradillos,Valdelarco,-6.682304758657581,37.95232647848435
Calle Batuerto,Valdelarco,-6.68437471349419,37.949180016718
Calle Giotto,Cartaya,-7.14541699999995,37.2811970000001
Calle Van Gogh,Cartaya,-7.14551599999993,37.2810690000001
Calle Antonio Machado,Santa Olalla del Cala,-6.228322999999932,37.90794900000009
Calle Pozo Zamora,Cartaya,-7.15711377305085,37.2829546221725
Calleja Arroyo de la Rochita,San Silvestre de Guzmán,-7.348303999999928,37.390216000000066
Calle Gerion,Cartaya,-7.150087644999928,37.28858576600004
Calle Orquídea,Cartaya,-7.14817801760937,37.2858433976849
Calle El Bosco,Cartaya,-7.14700072842131,37.2797594509007
Calle Río Piedras (Cartaya),Cartaya,-7.152965359999939,37.28639537200007
Calle Puerto,Cartaya,-7.1266124874771,37.2178357518282
Calle Rembrandt,Cartaya,-7.14848290499992,37.2811878420001
Calle Mirto,Cartaya,-7.15379769157958,37.2804767561491
Calle Madroño,Cartaya,-7.15454699999992,37.2798510000001
Calle Aracena,Cartaya,-7.1552248883702,37.277025596398
Calle Llano,Puebla de Guzmán,-7.24410299999994,37.6123900000001
Plaza Santa Isabel,Cartaya,-7.15864639800382,37.2827941786217
Calle Sabina,Cartaya,-7.15293711499993,37.2796045300001
Plaza Barreduela de Santa Cruz,Cartaya,-7.1586230559999535,37.28291698800007
Calle Colombia,Cartaya,-7.15819899999991,37.2858770000001
Urbanización Mirador de Nuevo Portil - Azorín,Cartaya,-7.06337570299991,37.2145043980001
Calle Pedro Luis Fernández,Cartaya,-7.154074999999921,37.286001000000056
Plaza Almendros,Cartaya,-7.1508262260819,37.283758041738
Calle Trasmallo,Cartaya,-7.12489982017206,37.2177808472061
Calle Nueva (Montes de San Benito),El Cerro de Andévalo,-7.072397999999907,37.68100800000008
Calle Manuel Motero,El Cerro de Andévalo,-6.939819999999941,37.73441600000007
Avenida Constitución,El Cerro de Andévalo,-6.937831999999958,37.73291900000004
Calle Nueva,Cortegana,-6.8323559999999475,37.95141400000006
Paraje Cabezo de la Horca (*Diseminado*),El Cerro de Andévalo,-6.936332946999926,37.73143849000007
Calle Escultor León Ortega,Aljaraque,-7.00173700024634,37.2749410000031
Calle Caídas,Zufre,-6.33908912432607,37.8348349912846
Calle Emilio Moya,Zufre,-6.33860899999991,37.8341750000001
Calle el Pilar,Santa Olalla del Cala,-6.22609099999994,37.90693900000008
Carretera Castillo,Cortegana,-6.815753999999913,37.91103700000008
Avenida de las Norias,Cortegana,-6.824477530999957,37.91318571800008
Calle García Lorca,Cortegana,-6.82068699999991,37.908666
Calle Gitanesca,Cortegana,-6.822371999999916,37.906138000000055
Calle la Fuente,Galaroza,-6.7099609999999075,37.92768700000005
Calle Juan Vázquez de Terreros,Cortegana,-6.827301999999918,37.907092000000034
Calle Monte los Santos,Cortegana,-6.806580249999911,37.96230236700006
Grupo Dehesa la Garnacha,Cortegana,-6.96706372585131,37.794243391215
Calle Zuloaga,Gibraleón,-6.974369999999908,37.378096000000085
Calle Trasera a San Rafael,Fuenteheridos,-6.66158699999994,37.90558200000004
Calle Cumbres Mayores,Fuenteheridos,-6.66058799999996,37.9015550000001
Calle Machear,Galaroza,-6.713916999999924,37.927036000000044
Calle Pozo,Galaroza,-6.6691886159999285,37.93046675800008
Plaza Santa Cruz,Gibraleón,-6.967122266999922,37.37809733100005
Calle Ruperta Millán,Gibraleón,-6.96233999999993,37.375548
Calle San José,Gibraleón,-6.97140299999995,37.3770420000001
Avenida Constitución,Gibraleón,-6.971198999999956,37.375856000000056
Paraje la Bomba,Gibraleón,-7.0465509999999085,37.41575000000006
Calle Huerta la Fuente,Gibraleón,-6.96584299999995,37.37508500000007
Calle Betania,Gibraleón,-6.973984999999914,37.374794000000065
Calle Maestro José Soto,Gibraleón,-6.970715999999925,37.37364700000006
Calle San Blas,Gibraleón,-6.9738975946012,37.3743888564413
Calle Cortinal de Fuente,El Almendro,-7.26840655999996,37.50872148900004
Calle Trinidad,Almonaster La Real,-6.78861793868823,37.8722511460813
Callejón los Recueros,Almonaster La Real,-6.78616218219943,37.8716194058512
Calle Niño de Dios,Escacena del Campo,-6.389912000338382,37.409969000169355
Calle Almoneda,Zufre,-6.339504484999907,37.83340770800004
Calle Sextante,Punta Umbría,-6.972908999999959,37.18022600000006
Calle Jaguar,Punta Umbría,-6.97456799999992,37.18166400000007
Calle Pp1 - Calle G,Aracena,-6.571699637627992,37.89129511108065
Calle la Unión,Cumbres Mayores,-6.642380000336601,38.0597040001397
Calle Camino de Linares,Aracena,-6.57231481,37.88918772
Travesía Carretera A-470,Aracena,-6.57033656308178,37.88901500773657
Calle López Rubio,Aracena,-6.56298500015749,37.8958960004003
Calle Mejías,Aracena,-6.5628623360787,37.89193889331
Calle Virgen de la Antigua (Lum),Aracena,-6.457625999639982,37.860264000283536
Calle Herreros,Aracena,-6.561296999656607,37.89698900044217
Calle Roble,Aracena,-6.56473321026928,37.8945142298479
Calle Dado (Corterrangel),Aracena,-6.60046122192723,37.9374148610979
Calle Murillo,Bollullos Par del Condado,-6.536996999611711,37.340186999930246
Calle Limón,Bollullos Par del Condado,-6.54707999964209,37.3389870003499
Calle Rafael Alberti,Bollullos Par del Condado,-6.536495999890358,37.33866399984393
Calle Maestra Carmen González,Bollullos Par del Condado,-6.53533700040206,37.3366899996439
Calle Rosario,Bollullos Par del Condado,-6.543413999656201,37.34829399966853
Plaza Ocho de Marzo,Bollullos Par del Condado,-6.5345531742645,37.338705163782
Calle Guadalquivir,Bollullos Par del Condado,-6.5439629997924,37.3388189997972
Calle la Cruz,Bollullos Par del Condado,-6.539855000107975,37.33962300000162
Calle Dolores,Bollullos Par del Condado,-6.539149999972372,37.33590999964697
Calle Riscal,Cañaveral de León,-6.525865999815867,38.01429899989911
Calle Don Carmelo Romero,Cañaveral de León,-6.53002500005358,38.01390599976223
Plaza de España,Cumbres de San Bartolomé,-6.743422799122657,38.07682197205655
Calle Condado,Punta Umbría,-6.97333899999995,37.1944490000001
Calle Paposa,Puebla de Guzmán,-7.244466999999929,37.61202200000008
Calle Rodeo,Cumbres Mayores,-6.6432533812588,38.06132811309
Calle Real,Paymogo,-7.34548699999993,37.7404930000001
Plaza Juan Liaño y Bustos,Cumbres Mayores,-6.645048832037748,38.06108180827893
Calle San Diego,Cumbres Mayores,-6.643335828585506,38.0668781394148
Calle la Pascuala,Cumbres Mayores,-6.6473196004190775,38.06062692759079
Plaza Rafael Alberti,Cumbres Mayores,-6.64563500025491,38.0586659999361
Travesía Pozo Trasera,San Bartolomé de la Torre,-7.092532999999946,37.44225600000004
Calle Río Piedras,Villanueva de los Castillejos,-7.27592899999991,37.49692
Calle Guadalajara,Valverde del Camino,-6.761195000289511,37.57358100007864
Calle Doctor Fleming,Zufre,-6.339330849999953,37.834709634000035
Calle Camino de Escacena,Chucena,-6.3916040001243415,37.3692910002796
Callejón de las Cofradias,Encinasola,-6.873854317322763,38.13490394086428
Carretera H-211/Ruta de los Pilares,Encinasola,-6.872719871124982,38.12862212061452
Calle Mesón,Escacena del Campo,-6.388721000273766,37.40902299971183
Plaza Resolano,Hinojales,-6.588214999922183,38.00824799964565
Calle los Colegios,Escacena del Campo,-6.3919339532309,37.409052647403
Calle Molino,Hinojales,-6.587371999717874,38.007029000088444
Calle Santa María,Hinojos,-6.375409999771564,37.292483999836904
Calle Altozano,Hinojos,-6.37731799962576,37.289728000447
Calle las Paredejas,Hinojos,-6.380598999843856,37.28894799955073
Senda de Melo,Hinojos,-6.361137999918609,37.23635599972975
Camino de Jara,Hinojos,-6.373708000423705,37.26219299960737
Calle Niña,Niebla,-6.6783800003365945,37.3590759995579
Plaza D Andrés Sánchez,Berrocal,-6.542412056999922,37.60889466200007
Calle Fuente Vieja,La Palma del Condado,-6.547140186999968,37.39067539600006
Camino de Aroche a la Nava,La Nava,-6.760910270992034,37.96671494413954
Calle Palos de la Frontera,La Palma del Condado,-6.553260932999933,37.38361512000006
Calle Pío XII,Niebla,-6.67758100036268,37.3650940000882
Camino de Beas,Niebla,-6.6907659995511315,37.366292999622395
Camino de Santo Domingo,Niebla,-6.64633700025218,37.33687800021967
Calle Gordal,La Palma del Condado,-6.553127495999945,37.380919995000056
Calle Cristo de la Buena Muerte,La Palma del Condado,-6.55236362099981,37.3859681830001
Calle Santa Cruz,La Palma del Condado,-6.5431426209999,37.3890981830001
Calle Juan Antonio Ríos,La Palma del Condado,-6.55185480599988,37.3829641340001
Calle Tartessos,La Palma del Condado,-6.545511235999925,37.39061631000004
Plaza de Nuestro Padre Jesús,La Palma del Condado,-6.5540133079999805,37.38830005800003
Calle Nogal,La Palma del Condado,-6.55733524599992,37.3875302450001
Calle de las Huertas,La Palma del Condado,-6.549284157999921,37.39036811699998
Plaza de las Uvas,La Palma del Condado,-6.555973620999964,37.38339987000006
Calle Alcalde Ildefonso González,La Palma del Condado,-6.5498926209999695,37.38153537000005
Calle Fray Melquiades,Paterna del Campo,-6.3992799997720775,37.42025499966867
Calle Limón,Linares de la Sierra,-6.621606283403088,37.87930548895733
Calle Málaga,Aljaraque,-7.02613500049327,37.267298999721
Travesía Arrabal Perdida Transvers,Alosno,-7.1101099999999064,37.54895200000004
Calle Palafox,Alosno,-7.1178959999999165,37.600851000000034
Calle Hermana Pilar,Alosno,-7.113786999999945,37.549825000000055
Carretera Antigua H-9032,Cortegana,-6.8537509999999315,37.87962300000004
Calle Burgos,Alosno,-7.12005599999992,37.59813800000006
Camino Mina Concepción,Almonaster La Real,-6.676470999999935,37.77783800000009
Calle Fuente,Alosno,-7.114382999999918,37.55049500000007
Calle Perdida,Alosno,-7.1115559999999505,37.549604000000045
Calle Santos,Alosno,-7.115948999999944,37.54956100000004
Calle Salmeron,Alosno,-7.1171719999999254,37.60038300000008
Polígono Santa Bárbara,Alosno,-7.126181999999915,37.60387900000006
Calle Puerto Pico,Alosno,-7.115020999999956,37.55115100000006
Travesía Avenida Pedro Carrasco,Alosno,-7.118744999999933,37.54852400000004
Calle Nueva,Alosno,-7.11595699999992,37.548571
Plaza Blas Infante,Alosno,-7.124151999999924,37.60531000000009
Calle Alberca,Cartaya,-7.146814999999947,37.28359900000004
Camino del Maro,Alosno,-7.11759799999993,37.53570600000006
Camino de las Alpledras,Aroche,-6.995439999999917,37.97852700000004
Calle Paraíso,Aroche,-6.952689999999961,37.94324500000005
Barriada Sierra de Aroche,Aroche,-6.95791799999995,37.94104400000003
Calle Jurrada,Aroche,-6.955050999999912,37.94474900000006
Calle Rosa,Aroche,-6.9552929999999265,37.94521700000007
Camino de la Concepción,Aroche,-7.10346299999992,37.98097400000006
Camino Carril de las Peras,Aroche,-7.088890999999933,37.90591000000006
Camino de Servidumbre,Aroche,-7.015128999999945,37.93452300000007
Calle Horno,Berrocal,-6.54205082099992,37.6083652250001
Calle Artillerito,Villanueva de los Castillejos,-7.27045299999992,37.50264
Avenida de la Gamba de Huelva,Huelva,-6.88887529444173,37.3075457816431
Calle la Dehesa,Rociana del Condado,-6.592577391999953,37.31256051400004
Calle Moguer,Aljaraque,-7.028100000030248,37.26857999963901
Calle el Granado,Ayamonte,-7.405619000022959,37.20792800013684
Trasera Álamo,Santa Bárbara de Casa,-7.19080600039647,37.7985289997137
Calle Petirrojo,Punta Umbría,-6.965723999999909,37.17797100000007
Calle Sevilla,San Bartolomé de la Torre,-7.11055899999991,37.4475510000001
Paraje las Lajas,San Silvestre de Guzmán,-7.343142999999941,37.37905500000005
Calle el Cerro,Aljaraque,-6.991070999840973,37.27839000015489
Camino del Casco,Hinojos,-6.37519299965706,37.2822989995993
Calle Practicante Juan Carbonell,Huelva,-6.95111022051268,37.2519489077341
Calle Arroyo del Valle,Aljaraque,-6.993485999680949,37.274706000381705
Calle Tulipán,Aljaraque,-7.02766232911167,37.2656555241272
Urbanización Altavista,Punta Umbría,-6.969287999999949,37.180315000000064
Calle Sardina,Punta Umbría,-6.967936999999949,37.19017400000007
Calle Nueva,Rociana del Condado,-6.59782299999995,37.3063430000001
Calle Blasco Ibáñez,Almonte,-6.51411191437097,37.2615790586601
Calle Tavira,Villanueva de los Castillejos,-7.25789005199994,37.4897013950001
Vía de los Hortelanos,Villanueva de los Castillejos,-7.170965999999908,37.45158400000008
Calle Nueva,Corteconcepción,-6.509644999588929,37.89797600005579
Vía de Cartuja,Villanueva de los Castillejos,-7.255955999999912,37.46981400000004
Vía Nuevo de Lepe,Villanueva de los Castillejos,-7.257954999999924,37.419076000000075
Carretera al Tentadero,Zufre,-6.4507019999999216,37.86874100000006
Vía Cordel de las Huelvas,Zufre,-6.357389999999953,37.90539000000007
Travesía Ejido Transvers,Villablanca,-7.34456700599992,37.30347793900006
Urbanización Residencial Albastros Golf 1,Ayamonte,-7.4075171366928,37.255606132826
Calle Hilaria,Moguer,-6.82797800105624,37.137772998725
Calle Corvina,Punta Umbría,-6.962331999999947,37.182161000000065
Calle Marqués,San Silvestre de Guzmán,-7.34766599999995,37.3894060000001
Carril de Isla Cristina,Villablanca,-7.295512999999914,37.265900000000045
Camino al Hornillo,Sanlúcar de Guadiana,-7.443785999723957,37.46460399977494
Vía de Casa Alta,Villablanca,-7.353584999999953,37.323353000000054
Vía de Villanueva de los Castillejos a Isla Cristina,Villablanca,-7.286245999999949,37.329413000000045
Vía de Villamanrique,Villablanca,-7.3005679999999415,37.32135500000004
Calle Benito Moro,Cumbres Mayores,-6.646479999652122,38.06225199983005
Camino del Jimonete,Santa Bárbara de Casa,-7.2466809996282535,37.85021600006854
Calle Santander,Aljaraque,-7.02454600008558,37.2673220004104
Calle Cañadillas,Aracena,-6.5578896641298,37.891599311695
Calle Solana,Moguer,-6.82143182515957,37.25804213540916
Calle Aguas Teñidas,Aljaraque,-6.992281765194801,37.269851620145545
Avenida Andalucía,Aracena,-6.55730399987956,37.8908380000738
Calle Asturias,Valverde del Camino,-6.76107600039921,37.5775250000319
Calle Cartabón,Almonte,-6.51363200050149,37.2630309995012
Calle Feria,Rociana del Condado,-6.602051264999943,37.31019084500008
Trasera Calle Triana,Aracena,-6.5153401269988,37.857648400687
Calle Murillo,Valverde del Camino,-6.751655000637251,37.57655899995135
Calle Chanza,Aljaraque,-6.987467999713494,37.27456000018389
Calle Viento de Tramontana,Trigueros,-6.8351034399999,37.3772655350002
Calle Prado de San Sebastián,San Juan del Puerto,-6.83076399999993,37.31539
Calle Vesubio,Huelva,-6.93632000035947,37.2629720003658
Calle Cartaya,Isla Cristina,-7.31490095918608,37.1994304700536
Avenida Andalucía,Corteconcepción,-6.50551099984273,37.8952169994173
Calle Pescadores,Cartaya,-7.15447299999994,37.2814260000001
Camino Viejo de Aroche,Rosal de la Frontera,-7.21418399999993,37.9697880000001
Calle Don Juan Talero,Cabezas Rubias,-7.0883750645981,37.725365554846
Avenida Carnaval de Isla Cristina,Isla Cristina,-7.31059600051905,37.1961190002505
Paraje Juan Rubio,El Campillo,-6.67130899999995,37.7060320000001
Calle Conchas,Punta Umbría,-6.978900999999951,37.18371500000006
Polígono Agropecuario Calle B,Villanueva de los Castillejos,-7.27542999999991,37.4920070000001
Polígono Industrial el Peral Calle A,Nerva,-6.53608600038816,37.6942209999387
Calle la Vera,Almonte,-6.4732357503394,37.136240599193
Paraje El Llano,El Cerro de Andévalo,-6.94431598799991,37.7329124650001
Calle de las Flores,Ayamonte,-7.40842100033179,37.2217669999556
Camino la Garduña,Valverde del Camino,-6.7881019493608,37.521821174852
Paseo del Pinillo,Ayamonte,-7.340906000746934,37.18580200019772
Trasera Calle Santa Marina,Aracena,-6.515884,37.860352
Alameda Sundheim,Huelva,-6.94614900036182,37.2545730004165
Calle Altamira,Santa Olalla del Cala,-6.23350472899995,37.909060545
Calle Tres Marias,Punta Umbría,-6.9801236459999245,37.18334754500006
Calle Sector SR3-UE15,Hinojos,-6.38347000004028,37.2842539998224
Calle el Olivo,Aljaraque,-7.01265500053613,37.2916989999935
Avenida Alcalde Ángel Segador,Aljaraque,-7.01897465323153,37.2660232115303
Calle Nuestra Señora de la Asuncion,Aracena,-6.56105700028015,37.8921559996998
Plaza de Encinasola,Aljaraque,-6.9959230673225,37.267860616488
Calle Murcia,Ayamonte,-7.40457299973678,37.2188789996379
Calle Cervantes,Lepe,-7.202103999856827,37.25784700006714
Calle Industria,Aljaraque,-7.0178115822992,37.259045034101
Calle Arroyo,Zufre,-6.3383203363453,37.834185874921
Calle Larga,Zufre,-6.3406704809871,37.835662542954
Barriada Juan Carlos I,Punta Umbría,-6.970783910076,37.183795334263
Calle Yola,Ayamonte,-7.3419929998718905,37.18980399966598
Calle Avena,Villanueva de los Castillejos,-7.2686429999999405,37.503404000000046
"Parque Punta de la Barranca ""Antonio Páez""",Aljaraque,-6.99197891327085,37.2701867061122
Travesia Matadero,Calañas,-6.88243999999992,37.6547190000001
Camino de la Dehesilla,Trigueros,-6.84626955752353,37.3905419814139
Camino de los Unciales,Rociana del Condado,-6.6128695061819,37.330267709923
Paraje Agua Blanca,Rociana del Condado,-6.57119992876137,37.3097553685582
Calle Trigueros,Aljaraque,-7.02775100000452,37.26797000034855
Calle Mirlo,Punta Umbría,-6.96861599999994,37.18573100000009
Plaza Mirador del Tinto,Palos de la Frontera,-6.895661166342763,37.22890271771483
Calle Buitre,Punta Umbría,-6.953931999999952,37.174289000000044
Calle Almería,Lepe,-7.199308999818009,37.25148500011173
Calle Brujas,Valverde del Camino,-6.752847000449297,37.57090399957565
Calle H,Lepe,-7.19817065197777,37.245314994618056
Calle Orense,Aljaraque,-7.02394599992316,37.2669230002748
Calle Matorral,Punta Umbría,-7.0519769999999085,37.21210700000006
Calle Robalo,Punta Umbría,-6.9677469999999175,37.183984000000066
Urbanización Playa Grande,Ayamonte,-7.34010709208519,37.1848511179611
Barriada María Auxiliadora,Ayamonte,-7.318556000174985,37.22137800001565
Paraje el Barrito,Calañas,-6.92331699999994,37.5900110000001
Calle Maestro Cristóbal Domínguez,Lucena del Puerto,-6.72419799999994,37.3028120000001
Calle Lucas de Aldana,Minas de Riotinto,-6.587141999903338,37.689861000384894
Calle Sagasta,Rociana del Condado,-6.59667399999995,37.304336000000035
Calle Abedul,Aljaraque,-7.009785000394479,37.28066700028877
Calle Doctor Prieto Toubes,Punta Umbría,-6.968980999999928,37.18278500000008
Calle San Isidoro,Valverde del Camino,-6.754946000613667,37.57462700038496
Calle Hortensia,Valverde del Camino,-6.762419000356848,37.575979000051284
Calle Santa Catalina,El Granado,-7.41645123999996,37.5201282400001
Calle Suecia,Aljaraque,-7.02287200012389,37.2670700001838
Calle de la Fuente,Villablanca,-7.340898999999922,37.30401100000006
Calle el Pozo,San Bartolomé de la Torre,-7.10408699999994,37.4460460000001
Calle Sabina,Punta Umbría,-7.04941152599991,37.2142701540001
Calle Golondrina,Aljaraque,-7.0199389997201855,37.26792799986891
Calle del Río,Ayamonte,-7.409017000149575,37.21255199991282
Barriada los Remedios,Jabugo,-6.732357878999949,37.91516309700006
Plaza Carlos III,Los Marines,-6.62316199992621,37.9032509996341
Calle Prolongacion Virgen,Jabugo,-6.749649999999917,37.89451500000007
Calle Juan de Zumarraga,Palos de la Frontera,-6.818032,37.130106
Calle Rosal,Palos de la Frontera,-6.91784200001869,37.2104970002656
Calle el Muro,Puerto Moral,-6.4778559999999175,37.892175000000066
Calle Orquídeas,Punta Umbría,-6.983836999999937,37.19438900000006
Travesía tras Carretera,Paymogo,-7.346825999999908,37.739554000000055
Calle Combes Ponzones,Punta Umbría,-6.9609329999999545,37.18184400000007
Avenida del Pozo,Ayamonte,-7.342440198724174,37.188674269033264
Calle San Francisco,Ayamonte,-7.40718900014691,37.2184109996042
Barriada Sagrada Familia,Valverde del Camino,-6.749734999558618,37.57932499967609
Calle Miramar,Punta Umbría,-6.959553999999912,37.175095000000056
Avenida Concha Silva,Aljaraque,-7.02837007077591,37.2696045320114
Calle las Flores,Punta Umbría,-7.05239469399993,37.2484973720001
Transversal Arrabales,Valverde del Camino,-6.75152656409058,37.5706439325029
Calle Pez Espada,Punta Umbría,-6.967576999999949,37.18563300000005
Calle Gibraleón,Aljaraque,-7.027384999617306,37.26766800034753
Calle Yate,Ayamonte,-7.343973000270214,37.189003999901665
Calleja el Alcornoque,Los Marines,-6.623154999603399,37.9045480000903
Calle Padilla,Aljaraque,-7.025471000437827,37.26918400019164
Calle Esperanza,Lepe,-7.200063000596463,37.25328300002846
Calle B (Mesas de Enmedio),Trigueros,-6.86788308684208,37.4442238705998
Calle Gran Capitán,Jabugo,-6.733014999999909,37.89852500000006
Calle Colón,Higuera de la Sierra,-6.449143999695659,37.84029100012967
Calle Nuestra Sra de la Luz,Lucena del Puerto,-6.72954099999993,37.304827
"Calle Francisco Rivera ""Paquirri""",Valverde del Camino,-6.753830000301683,37.56712300018791
Calle María Mayoral,Higuera de la Sierra,-6.4449828626688,37.833090170774916
Calle el Acebuche,Aljaraque,-7.01442400003706,37.286685999711196
Calle tras las Campanas,Ayamonte,-7.40437100056602,37.2249089999187
Travesía Nueva Transv,Paymogo,-7.346491999999955,37.74018200000006
Calle Enrique Miranda,Rociana del Condado,-6.594408999999928,37.313033000000075
Avenida Niebla,Rociana del Condado,-6.60346199999992,37.3104460000001
Calle Pizarro,Rociana del Condado,-6.59553399999993,37.3109710000001
Avenida Valle del Guadalquivir,Punta Umbría,-6.97684999999996,37.1893900000001
Avenida Real Sociedad Colombina Onubense,Santa Olalla del Cala,-6.226123999999913,37.90782800000005
Plaza del Andévalo,Valverde del Camino,-6.76012000012909,37.5723409998594
Calle Miguel Hernández,Aljaraque,-6.99853200024692,37.278292000184926
Calle el Andevalo,Aljaraque,-7.02822700058353,37.26877399960139
Calle Rosas,Punta Umbría,-6.982446999999922,37.19354000000004
Calle Cervantes,Ayamonte,-7.408196000554458,37.21285800023836
Calle Hermanos Machado,Ayamonte,-7.4024110007480886,37.210564000219996
Calle Granada,Ayamonte,-7.400453000467045,37.2061539996714
Calle Pinzón,Higuera de la Sierra,-6.449213000179652,37.83868899999756
Calle la Callejilla,Higuera de la Sierra,-6.44778499997765,37.8369669997274
Calle Sor María Fe,Santa Olalla del Cala,-6.224536557999954,37.90634408600005
Calle Santa María de la Cruz,Villanueva de las Cruces,-7.023416999999938,37.62957300000005
Calle Ingeniero Antonio Castillo,Aljaraque,-6.9881598721770395,37.27969530373083
Calle Lentisco,Aljaraque,-7.026030000002096,37.26187699979029
Calle Amapola,Aljaraque,-7.0244319999856435,37.26482999995648
Plaza Benito Pérez Galdós,Aljaraque,-7.0021905783598175,37.27111459907025
Calle Arriba,Lucena del Puerto,-6.7279499999999075,37.303326000000084
Calle Escritor Carlos Muñiz Romero,Rosal de la Frontera,-7.21696799999995,37.9686920000001
Calle Rodríguez de la Fuente,Villanueva de las Cruces,-7.026306312999907,37.628615505000084
Calle de los Albatros,Ayamonte,-7.367964999848952,37.17989800041476
Paraje Cabecilla Pelá,Trigueros,-6.8782741178214,37.449668347288
Calle Sauce,Punta Umbría,-7.04946999999993,37.2101450000001
Calle Castelar,Jabugo,-6.72707894866148,37.9152632067554
Calle Bajel,Punta Umbría,-6.96052399999991,37.1805870000001
Calle Hermanos Álvarez Quintero,Lucena del Puerto,-6.732745999999906,37.30625700000007
Calle Ruiseñor,Punta Umbría,-6.96704799999992,37.18428800000004
Paraje Camino de Los Lagares,Trigueros,-6.8498699946131,37.406551223319
Calle A (Las Minetas),Trigueros,-6.8527179471705,37.445300660898
Plaza Virgen de la Inmaculada,Palos de la Frontera,-6.895065571309822,37.23025645395353
Calle Jijole,Aljaraque,-7.005619000158568,37.2874369996827
Calle Remos,Ayamonte,-7.36057199997015,37.1875520002633
Calle Río Tormes,Ayamonte,-7.397370999861547,37.21767300034059
Calle Artesanos,Jabugo,-6.748051589999932,37.89448321900005
Calle Sotiel,Aljaraque,-6.99039388801303,37.269703837941314
Calle Velero,Ayamonte,-7.34246500037084,37.1904839995502
Calle Pelambre,Ayamonte,-7.406796000133036,37.222414000308646
Calle Roman Talero,Jabugo,-6.773064999999917,37.92837200000008
Camino Molares a Fuente del Oro,Almonaster La Real,-6.7500761074715,37.872979914186
Carretera Camino de Gil Márquez,Almonaster La Real,-6.85878599999995,37.8666450000001
Camino de las Berrazas,Almonaster La Real,-6.80918976995934,37.7813839024002
Calle Paraguay,Lepe,-7.2031070004026,37.2481660003708
Calle Ancha,Minas de Riotinto,-6.587343658483007,37.69482451613857
Calle Pozo Guillermo,Minas de Riotinto,-6.5992246416038824,37.69097252286372
Calle Cádiz,Minas de Riotinto,-6.601468999594601,37.69351399977131
Calle José Márquez,Minas de Riotinto,-6.5810921199745,37.7151299262306
Calle Chile,Lepe,-7.201239776596222,37.248539356660096
Calle Doctor Ezquerdo,Minas de Riotinto,-6.591692,37.696674
Plaza María Guerrero,Minas de Riotinto,-6.590954347465129,37.691634389715375
Calle Granada,Minas de Riotinto,-6.599687000154859,37.69383300009292
Calle Vizcaya,Minas de Riotinto,-6.587605999717084,37.69554399985577
Calle Séneca,Minas de Riotinto,-6.592614000435731,37.693026999796245
Calle Francisco Rodríguez Aguaded,Lepe,-7.18283917779459,37.2253639270961
Calle Ventosa,Minas de Riotinto,-6.581330844342972,37.71608063571284
Calle Carretero Pepe Moreno,Lepe,-7.18511343008978,37.2263253472375
Calle Vascogil,Lepe,-7.206261999684376,37.25054100029579
Plaza Cuba,Lepe,-7.202426852903523,37.247703987359166
Calle Alcalde José Pérez Real,Minas de Riotinto,-6.589121000333876,37.69020099987631
Calle Miguel Hernández,Lepe,-7.20083369808086,37.258505481715076
Calle el Almendro,Lepe,-7.203743253070723,37.260893470251155
Calle Romero de Torres,Minas de Riotinto,-6.595225000333471,37.69566900022426
Calle Venezuela,Lepe,-7.199581999862468,37.24973900003481
Calle Velero,Lepe,-7.21283300051395,37.2084160003102
Calle Río Ebro,Lepe,-7.207106999801309,37.25953099986986
Calle Babor,Lepe,-7.197786000431689,37.26345800041866
Calle Róbalo,Lepe,-7.2191599929542045,37.20590273078571
Calle Alisio,Lepe,-7.206944506104286,37.209128487066785
Calle Parroco José Lora,Lepe,-7.20192899995743,37.2534260001229
Calle Alhelí,Lepe,-7.19549699987082,37.25899699977555
Calle Milonga,Lepe,-7.183620624597946,37.22675513260236
Calle Joaquín Costa,Lepe,-7.202629999853807,37.257935000394816
Calle Miguel de Unamuno,Lepe,-7.201574000565868,37.25808100011922
Calle Rascón,Lepe,-7.22184977163526,37.2083880348722
Calle Bolivia,Lepe,-7.201814000604474,37.24957300033527
Calle Sotavento,Lepe,-7.210343665814666,37.209501819668326
Calle Trinquete,Lepe,-7.196513000160264,37.26316000032767
Calle Niebla,Lepe,-7.200795000662389,37.260920000318755
Urbanización Green Club,Lepe,-7.230376582934387,37.21341316198198
Plaza España,Lepe,-7.203131000631404,37.25427300022288
Calle Nardo,Lepe,-7.19861699992857,37.2578750001861
Calle Falucho,Lepe,-7.21511899973565,37.2084510001189
Calle Solea,Lepe,-7.183506291508414,37.22594671039797
Calle Moguer,Lepe,-7.198344999929282,37.25921299966944
Calle Nuestro Padre Jesús Nazareno,Lepe,-7.20187799983351,37.2552120003658
Calle Carretero Francisco Mena,Lepe,-7.182540988537295,37.22456718127358
Calle Hermanos Machado,Lepe,-7.200831000737377,37.258511000122034
Calle Carmen,Lepe,-7.22760200019846,37.2049579997607
Calle Puerto Rico,Lepe,-7.20286408356319,37.2461810966949
Calle Camino de la Romería,Lepe,-7.179436128642345,37.22409056169784
Calle Cañada del Pilar,Lepe,-7.206261999684376,37.25054100029579
Calle Juan Ramón Jiménez,Lepe,-7.202031000541871,37.25822000029364
Calle Traíña,Lepe,-7.214556160517251,37.20895272304996
Calle Haití,Lepe,-7.200187000075661,37.249186000261
Calle Córdoba,Lepe,-7.20549600011874,37.25157899963405
Calle Reina Sofía,Lepe,-7.207603,37.20683
Calle Tejita,Lepe,-7.207771999998906,37.25753699985423
Calle Enrique Granados,Lepe,-7.2116420615352785,37.260978926949036
Calle Estribor,Lepe,-7.196513000160264,37.26316000032767
Calle Costaleras María del Amor,Lepe,-7.210287999816186,37.25322499965783
Calle Manuel Reina,Lepe,-7.210758000503085,37.20761999987795
Calle Rincona,Lepe,-7.204655000684418,37.25450499983441
Calle Isla Canela,Lepe,-7.20697547232572,37.246354758545415
Calle Río Segre,Lepe,-7.200595000331068,37.259514999566456
Calle Gomera,Lepe,-7.198162999845452,37.252531999588356
Calle Gorrión,Lepe,-7.19898591,37.26598221
Carretera de Malascarnes,Lepe,-7.184890640285571,37.26379493915062
Camino de la Torre,Lepe,-7.205846467337769,37.22122187419128
Camino del Sorrino,Lepe,-7.237891359285515,37.2456479165712
Calle Vázquez Díaz,Lepe,-7.197564850087529,37.25429660254762
Calle Goya,Lepe,-7.19748632716379,37.2558622890414
Calle Teniente Ruiz,Lepe,-7.20540500074631,37.2604400004065
Calle Salamanca,Lepe,-7.20498059760178,37.2576127821663
Carretera N-444 de la A-49 a la N-431,Lepe,-7.210485732567182,37.28988814987055
Camino a Villanueva de los Castillejos,Lepe,-7.247854760912764,37.321273558152484
Camino de San Antonio,Huelva,-6.909206865145822,37.28975212473442
Calle Maestro Antonio Pérez Ruiz,Beas,-6.79130699970407,37.4308839997724
Calle Juan Antonio de la Bella,Lepe,-7.20639999969723,37.2060009996571
Camino de la Cola,Villarrasa,-6.6172317834847,37.408002178511
Avenida Alcalde Américo Santos,Valverde del Camino,-6.7507479417139,37.569182205439
Carretera HU-5101 Calañas al Cerro de Andevalo,El Cerro de Andévalo,-6.899648999999954,37.717426000000046
Calle Bonares,Lucena del Puerto,-6.72316299999994,37.3032150000001
Calle Camino de las Huertas,Almonaster La Real,-6.74024299999991,37.8848510000001
Vía Local a la Peña de Hierro,Minas de Riotinto,-6.577964000238353,37.72030899976056
Paraje Cañada del Hornito,Bonares,-6.66441199999326,37.2715649999432
Plaza Andalucía,Cortelazor,-6.62455799999992,37.9354940000001
Camino de Juan Fernández,Lucena del Puerto,-6.74918199999991,37.3072950000001
Calle Diamantino García,Ayamonte,-7.40923000048874,37.2160899997201
Calle Miguel de Unamuno,Ayamonte,-7.41052100049593,37.2610649997505
Camino el Picapinos,Valverde del Camino,-6.77826520083914,37.5122990439234
Calle Terral,Ayamonte,-7.31396973446555,37.2264834689005
Calle Carpintero,Aljaraque,-7.031937023039522,37.27720208734912
Calle Gerifalte,Punta Umbría,-7.04860092699994,37.214071823
Calle los Montecillos,Almonte,-6.51781400036418,37.2553719997972
Barriada San Bartolomé,Rociana del Condado,-6.59745799999996,37.3030010000001
Calle los Almonteños,Almonte,-6.51313099966145,37.2503799995285
Calle Pez,Almonte,-6.51979600002029,37.2634709996914
Calle Perú,Almonte,-6.513580999534091,37.257855000184826
Paraje Verilla Pedro Cano,Rociana del Condado,-6.6109930639601,37.335832898221
Calle Herrerías,Valverde del Camino,-6.7515006247162,37.568375254833
Calle el Real,Almonte,-6.48385399960149,37.1309610005465
Calle Casa de Santa Margarita,Ayamonte,-7.38582910658611,37.1925618348417
Calle la Jara,Almonte,-6.48480600086135,37.1393190001103
Calle Ceret,Almonte,-6.51461700040384,37.2601100002065
Calle la Palmera,Almonte,-6.51970099935341,37.2648519997233
Avenida de la Juventud,Almonte,-6.52026699948573,37.2678019997589
Plaza San Pedro,Almonte,-6.52244799988844,37.2628130006452
Calle Imagen,Almonte,-6.52127099970364,37.2572009999788
Avenida de los Cabezudos,Almonte,-6.52447599954763,37.2564879997461
Calle Gamo,Almonte,-6.53978532953401,36.9891766829642
Calle la Lapa,Almonte,-6.5204320002813,37.2538210004132
Calle el Pato Real,Almonte,-6.49029299996925,37.1333880000078
Calle la Sabina,Almonte,-6.52573799985733,37.2627450003427
Calle la Fragua,Almonte,-6.51599730511347,37.2645975797845
Calle Magnolia,Almonte,-6.56440558519096,37.0066855990006
Avenida de Sevilla,La Palma del Condado,-6.54015893299993,37.3897681830001
Calle Gran Vía Román Pérez,Isla Cristina,-7.3253990007234755,37.199231000158115
Calle Diego Pérez Pascual,Isla Cristina,-7.328042000380865,37.2034360000747
Calle Clara Campoamor,Isla Cristina,-7.32445600047503,37.2005109999507
Calle Concha Espina,Huelva,-6.942117999819506,37.25485699960437
Paraje Carruchena,Rociana del Condado,-6.6209474283736,37.334769400693
Calle Mejillón,Isla Cristina,-7.25316499989278,37.20639599992159
Carretera HU-6111 A-472 a Escacena del Campo,Escacena del Campo,-6.397260000148685,37.39210800028421
Paraje Venta Eligio,Beas,-6.801079000218762,37.513092000054556
Calle Castillo,Cabezas Rubias,-7.08762599999994,37.7245760000001
Urbanización Valdemorales,Palos de la Frontera,-6.83035100055939,37.1347130002138
Camino Huerto Rosa,Valverde del Camino,-6.70656350147849,37.5230813636263
Paraje Los Carrascales,Rociana del Condado,-6.5892328489211,37.307280817843
Calle Ruiz de Alda,Huelva,-6.953748000281426,37.26226699954935
Calle A (Dehesa Paniajo),Trigueros,-6.8375692652421,37.431561591487
Camino del Cementerio,Villanueva de los Castillejos,-7.27198999999996,37.4959720000001
Callejón del Chafaril,Villanueva de los Castillejos,-7.2707228953701,37.497951367625
Calle Huerto Farelo,Trigueros,-6.83599173021346,37.3776848018932
Calle la Garabata,Hinojos,-6.37723101180162,37.295284889786
Calle la Fuente,Hinojos,-6.37606899958451,37.2914770001636
Calle Federico García Lorca,Alosno,-7.12332699999996,37.6057750000001
Calle Itálica,Nerva,-6.54912300039151,37.6960249993698
Calle Niña,Palos de la Frontera,-6.892209000338675,37.222238999708985
Calle Longuerón,Cartaya,-7.12409775998775,37.2205755364955
Calle Portugal,Nerva,-6.55502967804065,37.6966928233162
Carretera A-5059 Acceso Norte a el Portil,Cartaya,-7.0632892269999275,37.23003414300007
Calle Federico García Lorca,El Cerro de Andévalo,-6.937131222999938,37.73304161700008
Calle Constitución,Escacena del Campo,-6.3903160000832395,37.409155000403096
Calle Nueva (Cerro de Andévalo),El Cerro de Andévalo,-6.93710899999991,37.7345280000001
Barriada la Vaquera,La Granada de Río-Tinto,-6.507812999999942,37.76757900000007
Calle Lunes de Albillo,Cumbres Mayores,-6.64850526594607,38.0619003203282
Calle Colón,Valverde del Camino,-6.751505000246177,37.57539899961538
Calle Naranjo de Bulnes,Aljaraque,-6.99850213501667,37.295671835212
Carretera A-5100 de Rociana del Condado a la A-484,Rociana del Condado,-6.58586099999991,37.2850900000001
Carretera de Berrocal (La Palma del Condado),La Palma del Condado,-6.5549516719999,37.3978857640002
Calle el Matadero,Almonaster La Real,-6.80427759643257,37.8906481315178
Calle Virgen de Agosto,Almonaster La Real,-6.8054386014359,37.892977707429
Camino los Romeros,Jabugo,-6.75225368060036,37.8934362934962
Camino el Madroño,Valverde del Camino,-6.7770927900282,37.556833070727
Carretera A-5052 de el Rompido a Punta Umbría,Punta Umbría,-7.015408187999924,37.19987211500006
Callejón de los Portugueses,Beas,-6.7964729996482,37.4274739998013
Calle San Pablo,Trigueros,-6.83948955795637,37.3826183702474
Avenida San Antonio de Padua,Cortegana,-6.832253999999921,37.95280800000006
Carretera de Berrocal,La Palma del Condado,-6.56467441899991,37.4292452130001
Camino del Almendral,Ayamonte,-7.3950133137202,37.2285865147278
Camino de los Alcalabocinos,Cortegana,-6.855148999999926,37.88387200000005
Camino a los Millares,Sanlúcar de Guadiana,-7.3757229996166025,37.45197200000794
Calle Callejón del Agua,Aroche,-6.954811999999947,37.94369700000004
Calle Juan de la Cosa (Los Príncipes),Palos de la Frontera,-6.8913109999484,37.2235069997747
Calle de la Zaballa,Villablanca,-7.3459164605187,37.29938973807
Carretera A-495 de Gibraleón a Rosal de la Frontera,Santa Bárbara de Casa,-7.20553099955584,37.8354950001942
Carretera HU-4400 Villablanca a Lepe,Lepe,-7.21750437087115,37.2727659920452
Calle Reyes Católicos Edif. Las Sirenas,Moguer,-6.84034407664499,37.140918261324
Calle Comandante Herce,La Palma del Condado,-6.54913524599993,37.3868558700001
Grupo Bede Metal,Cortegana,-6.966574,37.796782
Vía de las Herrerias,Villablanca,-7.304484999999943,37.27613000000008
Calle Julián Hernández,Calañas,-6.876952999999958,37.65375300000005
Carretera HU-9105 N-435 a Cumbres de San Bartolomé,Cumbres de San Bartolomé,-6.72095200033438,38.078259999699384
Vía de Paymogo a Puebla de Guzmán,Puebla de Guzmán,-7.265937999999949,37.646431000000064
Vía de Herrerias,Puebla de Guzmán,-7.322172999999907,37.58531700000009
Carril de las Herrerias,Villablanca,-7.3123469999999315,37.26431000000008
Calle Isla Martinica,Huelva,-6.92249477309751,37.2748700382508
Camino de Miguel Pérez,Santa Olalla del Cala,-6.198513999999932,37.87610100000006
Avenida Alfonso XIII,Trigueros,-6.84120168299989,37.3815068700002
Calle Ruperto Chapí,San Juan del Puerto,-6.84865333045627,37.3144049716643
Plaza de las Hermandades,Palos de la Frontera,-6.8909518549408,37.230723703058
Calle Hermanos Maristas,Huelva,-6.94063599993433,37.262031000325
Calle la Vía,El Granado,-7.49224968300965,37.5238926830098
Urbanización el Pinar,Isla Cristina,-7.251795969123474,37.20556042905508
Calle Chalet,La Zarza-Perrunal,-6.852964,37.710925
Camino de la Peña del Gato,Calañas,-6.88648699999993,37.6499440000001
Calle Santa Rosa,La Zarza-Perrunal,-6.85156399999994,37.713239
Calle Santa Fe,La Zarza-Perrunal,-6.85337299999992,37.7135630000001
Calle San Pedro,La Zarza-Perrunal,-6.85467099999994,37.7148690000001
Calle San Vicente,La Zarza-Perrunal,-6.85606299999995,37.716706
Calle Victoria,La Zarza-Perrunal,-6.85296799999992,37.7121260000001
Calle Santa Bárbara,La Zarza-Perrunal,-6.85634699999991,37.712609
Calle Santa Elena,La Zarza-Perrunal,-6.85293099999996,37.7113140000001
Calle Tenorio,La Zarza-Perrunal,-6.85606399999995,37.714273
Calle Tharsis,La Zarza-Perrunal,-6.87339299999991,37.7103750000001
Calle Urano,La Zarza-Perrunal,-6.85503199999994,37.7152610000001
Calle Veintiocho de Febrero,La Zarza-Perrunal,-6.85626899999994,37.7154050000001
Calle Zafra,La Zarza-Perrunal,-6.85784999999993,37.7160280000001
Calle Zamora,La Zarza-Perrunal,-6.85796199999993,37.7157470000001
Calle Zarcillo,La Zarza-Perrunal,-6.85519999999991,37.716322
Calle Aroche,La Zarza-Perrunal,-6.86894699999993,37.7107820000001
Grupo a (La Zarza),La Zarza-Perrunal,-6.85150099999993,37.711192
Calle Bonares,La Zarza-Perrunal,-6.86979399999996,37.7100740000001
Urbanización Blas Infante,La Zarza-Perrunal,-6.86936677116476,37.7112121401144
Calle Galaroza,La Zarza-Perrunal,-6.87374399999993,37.710941
Calle Canovas,La Zarza-Perrunal,-6.85544399999992,37.7149380000001
Carretera A-496 de Valverde del Camino a Cabezas Rubias,La Zarza-Perrunal,-6.92092899999994,37.6731460000001
Calle Dulcinea,La Zarza-Perrunal,-6.85499299999992,37.7160910000001
Camino de los Silos,La Zarza-Perrunal,-6.91850099999994,37.691469
Camino los Villar,La Zarza-Perrunal,-6.83902799999993,37.6797350000001
Calle San Basilio,La Zarza-Perrunal,-6.85362699999996,37.7134980000001
Calle San José,La Zarza-Perrunal,-6.85686399999992,37.712902
Calle Becerro,Puebla de Guzmán,-7.25277399999993,37.6145540000001
Calle Corchuela,Encinasola,-6.87074894713852,38.1360619109829
Calle Don Martín,Puebla de Guzmán,-7.24717099999992,37.613882
Calle Campo Primero,Puebla de Guzmán,-7.24944599999992,37.6150390000001
Carretera HU-5401 Puebla de Guzmán a Paymogo,Puebla de Guzmán,-7.268618999999944,37.657651000000044
Calle Reducto,Encinasola,-6.87146612963692,38.1345163660443
Calle Pintor Santiago Martínez,La Palma del Condado,-6.55262731766072,37.389484938655
Camino de los Puertos,Almonte,-6.496432424397617,37.23592520883616
Calle Camino de los Puertos,Almonte,-6.5120639143414625,37.250024900587924
Calle Macizo Galaico,Aljaraque,-7.00072791976427,37.291318563034
Calle Enebro,Moguer,-6.82875000092782,37.1383259998004
Calle Manuel Ordoñez Sánchez,Higuera de la Sierra,-6.44959099962473,37.83998699960047
Calle Piragua,Moguer,-6.82855599970274,37.1362490005665
Camino de la Fuente,Cartaya,-7.16014258151376,37.283167625908
Calle Sánchez Faz,Castaño del Robledo,-6.70405599999992,37.8959580000001
Calle San Julián,La Zarza-Perrunal,-6.85251199999993,37.711527
Bulevar de los Azahares,Aljaraque,-7.02179500062799,37.2633250002494
Carretera Sotiel,Calañas,-6.87511799999993,37.6494720000001
Calle Estación Marín,Minas de Riotinto,-6.595851975288383,37.69099508865247
Plaza el Minero,Minas de Riotinto,-6.59182900020812,37.6936750000013
Calle Evaristo Domínguez,Palos de la Frontera,-6.89775278137403,37.2270067553679
Calle General Juan Garrido,Trigueros,-6.83280719596119,37.3834756768414
Calle Ferrocarril,Trigueros,-6.84027862099992,37.3825460580002
Plaza de la Música,Bollullos Par del Condado,-6.53504300033404,37.3391699997958
Calle Obispo Manuel González,Palos de la Frontera,-6.90006799999109,37.2258270002847
Calle Miguel de Cervantes,Trigueros,-6.82908338399989,37.385994298
Calle Fernando Blanco,Beas,-6.791104999814676,37.43154399944213
Calle Curricán,Huelva,-6.96209735792824,37.2672668865662
Calle Burgos y Mazo,Valdelarco,-6.6839609901343,37.950857619008
Calle Góndola,Ayamonte,-7.341335999774651,37.189942000034364
Camino San Juan Bautista,Valverde del Camino,-6.70419500031779,37.5243169999045
Calle Guadalcanal,Huelva,-6.952166999864624,37.26598999993829
Calle Arroyo Centenil (Residencial La Fontita),Villablanca,-7.34555199999994,37.3077170000001
Carretera de la Romería,Gibraleón,-6.97102275799995,37.361683327
Avenida Alcalde Federico Molina Orta,Huelva,-6.940346999884746,37.25643699984085
Calle Angustias,Moguer,-6.83833600011735,37.2720500001986
Calle Juan Sebastián Elcano,Huelva,-6.944876999843741,37.26433999982701
Calle San Sebastián,Palos de la Frontera,-6.8923820005629,37.2276129999366
Calle Unión,La Nava,-6.7458809997081834,37.9635030001635
Aldea Mina Concepción,Almonaster La Real,-6.6753708285867,37.77749014441
Calle Padre Marchena,Nerva,-6.54771228869549,37.6931398005889
Camino de Sanlúcar,Villanueva de los Castillejos,-7.312987999999905,37.49622700000009
Camino del Picoito,El Granado,-7.475251999999955,37.51363900000007
Urbanización Altos del Rompido,Cartaya,-7.11412414934291,37.220485910859
Calle Tenis,Alosno,-7.12008999999995,37.5899470000001
Camino del Puerto,Chucena,-6.37984127605383,37.3579477946551
Calle Fomento,Aljaraque,-7.01901499971325,37.2610459996236
Avenida del Almendro,Aljaraque,-7.01751899996339,37.2882149999264
Camino de las Alpiedras,Aroche,-7.02757199999991,37.9919390000001
Sector Retama,Almonte,-6.5317056590919,36.9948483602824
Calle Cortegana,San Juan del Puerto,-6.832272297999907,37.31643012400008
Grupo H (Valdelamusa),Cortegana,-6.87929099999991,37.788821
Calle Castaño,Aljaraque,-7.00402100048975,37.2814289996587
Calle Caracas,Moguer,-6.8264479995866,37.1395340000376
Camino de Valdemarina,Cartaya,-7.09367713699993,37.3150124640001
Sector Cerceta,Almonte,-6.56482336972827,37.0045169777737
Camino de Guapero,Cartaya,-7.14731819748054,37.3168472828957
Calle Freneros,Cortegana,-6.83466399999992,37.9190300000001
Pasaje la Botica,Huelva,-6.9540070000923,37.2586179999553
Calle Canónigo Suárez Cáceres,Niebla,-6.679212000033643,37.3585179999059
Calle Alberca,Aracena,-6.56692600023453,37.8922559998148
Avenida Virginia Nieto Moya,Huelva,-6.88309756649124,37.307150414204
Avenida Vinos del Condado,Huelva,-6.87841802941457,37.3089578691034
Calle L (Polígono Industrial Tartessos),Huelva,-6.86888600059453,37.3087609999252
Calle Maestral,Lepe,-7.20888342102823,37.2072407156181
Calle Primitivo Lázaro,Aracena,-6.5739199999079,37.8874690002943
Calle Almendral,Cartaya,-7.15291699999995,37.281304
Calle Balcón,Aroche,-6.953147294999951,37.945129627000085
Plaza Cuartel,Cabezas Rubias,-7.0889688635979,37.726139037963
Calle Cantabria,Palos de la Frontera,-6.893459669678,37.222617059935
Calle Lavanda,Villanueva de los Castillejos,-7.25935882199991,37.4887136120001
Plaza Pepe de la Rábida,La Palma del Condado,-6.5439233709999485,37.39053618300005
Avenida Paseo del Coso,Minas de Riotinto,-6.59245899958313,37.6952960001104
Camino de la Cañería,Escacena del Campo,-6.38657794379533,37.4132755875649
Paraje la Corte,Calañas,-6.95929799999993,37.54474
Calle Transversal Barriada Estación,Ayamonte,-7.32336104129271,37.2228776673504
Calle Fuente la Malena,Cumbres Mayores,-6.64908700026466,38.0622159999686
Grupo Y (Valdelamusa),Cortegana,-6.88065899999992,37.7865350000001
Grupo Forestal,Cortegana,-6.87123620031654,37.7867201939858
Camino la Platera,Almonte,-6.50954568955283,37.3009657413522
Camino la Umbrilla,Almonaster La Real,-6.8292568462039,37.885477647051
Calle Celtas,Huelva,-6.92971411,37.26774103
Calle Rociana del Condado,Aljaraque,-7.03293399,37.26845933
Barrio Sotiel Coronada,Calañas,-6.844862999999918,37.596730000000036
Calle Diego de Almagro,Cartaya,-7.075201999999933,37.21550000000008
Calle Brisa,Ayamonte,-7.31422820688384,37.2261034403368
Plaza de Infantería de Marina,Santa Olalla del Cala,-6.225939721999907,37.90720080400007
Calle Antílope,Punta Umbría,-6.976741999999945,37.18268900000004
Camino de la Redondela a Villablanca,Isla Cristina,-7.2873397676088,37.240223501019
Urbanización Hoyo 5,Lepe,-7.223439934270057,37.213896339174774
Urbanización Matahaca,Lepe,-7.2258675068107,37.212048693389
Urbanización las Moras I,Lepe,-7.2286878307734,37.218052164958
Calle Aire,Bollullos Par del Condado,-6.53858099981312,37.3371409997574
Calle Encina,Santa Bárbara de Casa,-7.18540237,37.79862936
Calle del Concejo,Trigueros,-6.83598887099987,37.3851689950001
Calle Olivo,La Palma del Condado,-6.55488549599994,37.3818656830001
Plaza Pedro Alonso Morgado,La Palma del Condado,-6.55097687099993,37.387376558
Barriada IV Centenario Hermandad San Benito,El Cerro de Andévalo,-6.93941032099991,37.7332850400001
Calle Ávila,Gibraleón,-6.96839499999993,37.376718
Avenida Manuel Siurot,Huelva,-6.94427399994539,37.274747000351
Calle Antonio Concepción Reboura,Ayamonte,-7.40936652257247,37.2148383348717
Calle Alájar,Ayamonte,-7.40306700024485,37.2066069995981
Carretera Bonares,Rociana del Condado,-6.61301599999996,37.3008800000001
Calle Sol,Ayamonte,-7.40731758846353,37.2215741616688
Calle Monasterio de la Rábida,Aracena,-6.56558500044723,37.8928809998585
Calle Iglesia,Villarrasa,-6.60944499958692,37.3911849999879
Camino Porteño,Rociana del Condado,-6.6189275217493,37.307152617003
Calle Villanueva de las Cruces,Alosno,-7.11883423866489,37.5511760307494
Plaza del Marqués,Moguer,-6.837547000433463,37.275710999470014
Calle Cartaya,Alosno,-7.11937299999994,37.5474300000001
Calle Dinamarca,Palos de la Frontera,-6.89461172769109,37.2241968832413
Calle Timón,Moguer,-6.830692999732159,37.13864499986523
Plaza Marqués de Aracena,Aracena,-6.56140868,37.89427403
Avenida Santa Marina (Valdezufre),Aracena,-6.4968372284461,37.866145690314
Calle García Lorca,Cartaya,-7.15340443680044,37.2862162121199
Calle Gladiolo,Cartaya,-7.14680796499994,37.286797359
Calle Príncipe Felipe,Gibraleón,-6.96423694699996,37.3802986750001
Barriada las Marismas,Hinojos,-6.382267000321595,37.28829800015278
Calle Timón,Punta Umbría,-6.962898999999936,37.17790000000008
Calle Médico Valentín Montero,Aljaraque,-6.992609273351927,37.27738867720148
Calle Rábida,San Bartolomé de la Torre,-7.106203999999934,37.44217500000008
Urbanización Residencial Marina Esuri - Manzana VI,Ayamonte,-7.418440684020154,37.256932546941165
Urbanización Residencial Marina Esuri - Manzana V,Ayamonte,-7.4175948678711,37.257539874047
Urbanización Residencial Marina Esuri - Manzana II,Ayamonte,-7.419566432271,37.257864915982
Urbanización Residencial Marina Esuri - Manzana I,Ayamonte,-7.4190111900814,37.258480698489
Calle San Isidro,Bollullos Par del Condado,-6.54033899994472,37.34566499984
Plaza del Carretero,Almonte,-6.47708093101763,37.1302262613891
Calle Santo Domingo,Palos de la Frontera,-6.8960140001089,37.2268589997848
Calle Bulgaria,Palos de la Frontera,-6.892599958129011,37.22581774058654
Calle Puerto,Palos de la Frontera,-6.89853537751418,37.2292579504673
Calle Maestro Francisco Escalera,Villarrasa,-6.60718499968779,37.3884509998139
Paraje Pinos del Zorro (Pol 008),Beas,-6.78385701818847,37.4918050666262
Calle Fernando Álvarez Galán,Cartaya,-7.15178299999991,37.2817890000001
Calle Santa Teresa,Jabugo,-6.77208399999995,37.92907400000007
Calle Santo Cristo,Moguer,-6.84287400069591,37.2795109993834
Calle Maestro Manuel Vilan,Gibraleón,-6.97087314099991,37.3726021430001
Calle Almazara,Gibraleón,-6.96657899999991,37.3738860000001
Calle Labradores,Trigueros,-6.83453355799998,37.3849178700002
Plaza los Pensionistas,Bollullos Par del Condado,-6.5345269667832,37.33900027054
Camino del Rincón,Aljaraque,-7.02734900005379,37.2665499996362
Calle Petunia,Aljaraque,-7.03071279847013,37.2635883819069
Calle Balmes,Rociana del Condado,-6.59509499999996,37.3048680000001
Calle Feliciano Bando Bando,Rociana del Condado,-6.59460686573563,37.3054683753403
Plaza del Llano,Rociana del Condado,-6.60036099999991,37.3101060000001
Calle San Nicolás,Gibraleón,-6.97184599999991,37.37433
Calle Francisco Pizarro,Cartaya,-7.05571499999991,37.2170570000001
Calle Malva,Aljaraque,-7.02510200053788,37.2666289999534
Calle el Puntal de la Cruz,Aljaraque,-6.99342399979076,37.2752080002552
Calle Calvario,Bollullos Par del Condado,-6.54078399978161,37.3320279995927
Calle Argentina,Bollullos Par del Condado,-6.54090499996561,37.3488259999201
Calle San Sebastián,Bonares,-6.67673100009964,37.3247389998287
Calle Brasil,Palos de la Frontera,-6.88993353769299,37.2232188031388
Avenida Bayona la Real,Palos de la Frontera,-6.88718099985412,37.2221569999321
Calle Triana,Lepe,-7.20094800028767,37.2506080004357
Avenida la Palmera,Ayamonte,-7.340819999871699,37.18871900020411
Calle Orilla,Punta Umbría,-6.96704399999993,37.19031200000006
Calle Santa María,Lepe,-7.20777199999891,37.2575369998542
Calle Doctor Ochoa,Valverde del Camino,-6.748431000532586,37.573192999997396
Camino de Beas,Gibraleón,-6.92581703667344,37.3927557483682
Calle Garaje - Tenis,Alosno,-7.11995899999994,37.5902150000001
Plaza Vicente Aleixandre,San Juan del Puerto,-6.84217248877148,37.3183899914514
Calle Nueva (Carboneras),Aracena,-6.5444869996751,37.9173830002255
Calle la Paz,Moguer,-6.8234240001548,37.1386339998441
Calle Goya,San Juan del Puerto,-6.8478356110268,37.3118622341712
Camino el Silbao,Lepe,-7.1911392596675,37.229222954631
Plaza León Ortega,Ayamonte,-7.40338400007145,37.2074409998658
Calle Cuesta San Diego,Ayamonte,-7.400878000534,37.2164300002502
Camino del Arrojil,La Palma del Condado,-6.53394087499987,37.3818617780001
Calle Fuentes,Moguer,-6.834367000680644,37.272484000547564
Zona Campo Visto Polígono 1,Isla Cristina,-7.3047640509382,37.258278106734
Paraje Pol 47 - Cuartos,Beas,-6.79820799957846,37.4407050004711
Calle Marqués,San Bartolomé de la Torre,-7.10568099999995,37.4445680000001
Calle Victoria,Alájar,-6.6635052105473,37.87470524563
Calle Alta,Alájar,-6.6650437270076,37.874639639169
Plaza Pedro Vázquez Camacho,Alájar,-6.66557399991388,37.8746640002715
Calle Real (Carboneras),Aracena,-6.5447740010191,37.917786999254
Calle Virgen de las Angustias,Beas,-6.77429411807763,37.404293901846
Solar Sapu R-1 Calle D,Villalba del Alcor,-6.474974000674501,37.40081599983622
Camino de Hinojos,Villalba del Alcor,-6.473211000183767,37.381520000587884
Calle Lope de Rueda,Ayamonte,-7.4062957167896535,37.268874453911636
Calle Fin de Siglo,Bollullos Par del Condado,-6.5379539656495,37.343577300254
Calle Huelva,Encinasola,-6.87162689176747,38.1350415380367
Calle Manuel Siurot,Niebla,-6.68521499987219,37.3594040002945
Calle Campo Común,Huelva,-6.92267189369072,37.2586574410666
Calle Industrias,Jabugo,-6.77318090999995,37.9267120920001
Polígono Industrial la Luz Calle E,Huelva,-6.9091098614171,37.272924263918
Calle C (Polígono Industrial Polirrosa),Huelva,-6.91968199960143,37.2646810000388
Polígono Industrial Polirrosa,Huelva,-6.9196358833836,37.264175292922
Calle Salinas,Lepe,-7.17482677077831,37.2262018092842
Calle Ferrallistas,Lepe,-7.19542900004862,37.2684989997181
Calle H (P.I. Cantalgallo),Aracena,-6.57126109317406,37.8968477287213
Polígono Industrial la Estación,Cartaya,-7.14908699999995,37.2891500000001
Calle B (Polígono Industrial la Estación),Cartaya,-7.14285399999994,37.2884060000001
Calle B (Polígono Industrial Miraval),Huelva,-6.91547304357675,37.2673049038449
Calle Calderón de la Barca,Huelva,-6.95315799997706,37.2372060000542
Calle de la Industria,Huelva,-6.87568575312376,37.3072658185874
Calle la Morera,Almonte,-6.51739899983991,37.2541299997192
Plaza Ciudad de Telde,Moguer,-6.839629014809496,37.279042695855466
Calle las Espuelas,Almonte,-6.51199100047494,37.2700460000269
Calle Gitanillas,Almonte,-6.56356640006669,37.0081875038182
Camino a los Bermejales,Beas,-6.788071000731944,37.408690999738205
Camino de Beas,Beas,-6.760263000689874,37.40909899981998
Camino de Valverde a Gibraleón,Beas,-6.807804999999184,37.50954399993737
Paraje Puente Montearoma (*Diseminado*),Beas,-6.808742000099122,37.49740399952754
Calle Aguileja,Aracena,-6.57587963020755,37.8874881914501
Avenida de Huelva,Bonares,-6.686609571148787,37.323299359421746
Calle Federico García Lorca,El Campillo,-6.627641999999923,37.69504500000005
Calle los Miradores,Moguer,-6.83232300061607,37.1367030001707
Camino del Arroyo,Bonares,-6.692694000610524,37.312941999456925
Camino de la Granja,Bonares,-6.700350999990901,37.2990839999484
Calle San José Manuel,Moguer,-6.829812999358548,37.138280999860505
Calle Montemar,Moguer,-6.813772000146391,37.13206699964271
Calle Quilla,Moguer,-6.83117700084164,37.1385179999956
Calle Balandro,Moguer,-6.83062800062884,37.1371479996256
Calle Golondrina,Moguer,-6.81007826210303,37.1335503444587
Calle Pedro Lana,Moguer,-6.825556061839664,37.27598902198473
Calle Fray Andrés de Moguer,Moguer,-6.8390669998513,37.275581999707015
Camino Nuevo del Llano,Moguer,-6.849839882747421,37.26746449852226
Grupo Alejandro Herrero Ayllón,Cortegana,-6.9679497976359,37.795122208581
Calle Clavel,Ayamonte,-7.403175115319246,37.214305156768106
Plaza Constitución,Palos de la Frontera,-6.88815401985972,37.22397416797839
Calle San Eduardo,Aljaraque,-6.995319662798738,37.26974694394707
Calle Lancha,Ayamonte,-7.343275817944616,37.18825301608683
Prolongación Jacinto Benavente 1,Campofrío,-6.57690399999996,37.7681490000001
Calle Tamboril,Villanueva de los Castillejos,-7.27044113599993,37.503256121
Plaza Constitución,San Bartolomé de la Torre,-7.10729734225542,37.4475322356091
Plaza Obispo Cantero Cuadrado,Nerva,-6.54764290188899,37.6933170316056
Calle Segovia,Valverde del Camino,-6.76072199961337,37.5731949999285
Calle Pp1 - Calle F,Aracena,-6.57057889670208,37.8914014506423
Calle Cruz,Niebla,-6.67859899964399,37.3611740000802
Calle Marte,Cartaya,-7.10449199999994,37.2154280000001
Calle Mercurio,Cartaya,-7.10422899999992,37.2160000000001
Calle Nidos,Punta Umbría,-7.05049299999996,37.2162210000001
Calle María Ojeda Cepeda,Almonte,-6.51378700005799,37.2601790003965
Calle Málaga,Punta Umbría,-6.96607127967359,37.1872806744495
Calle Sur,Isla Cristina,-7.32369566072279,37.2018087721238
Calle Simón,Isla Cristina,-7.32493736294238,37.2021939888911
Avenida Diego Morón,Huelva,-6.93773100011976,37.2799270004144
Calle Dr. Dostoievski,Almonte,-6.5387939994533,36.9915899999001
Glorieta Fuente del Prado,Cortegana,-6.8226509570567,37.914011415032
Paseo Ronda de la Muralla,Almonaster La Real,-6.78796852040488,37.8703996675178
Calle Poeta Antonio de Salas Dabrio,Villanueva de los Castillejos,-7.26889899999992,37.5000810000001
Avenida de la Concordia,Aljaraque,-7.02706099983516,37.2670380002449
Calle Rábida,Escacena del Campo,-6.38946623416789,37.4075332711634
Calle Jacinto Guerrero,San Juan del Puerto,-6.84829212716632,37.3153581533562
Calle Jaén,San Juan del Puerto,-6.83356835299992,37.3149999090001
Polígono Industrial Indutec,San Juan del Puerto,-6.85383050356468,37.3074025790289
Calle Quintero León y Quiroga,San Juan del Puerto,-6.84724399999993,37.314669
Plaza Andalucía,Cartaya,-7.15080561,37.28834763
Calle Caracas,Huelva,-6.94508700023041,37.2796329998559
Avenida Virgen de la Esperanza,San Juan del Puerto,-6.83260399999995,37.3150420000001
Calle de Santa María Salomé,Beas,-6.77244800025984,37.4027759999953
Plaza Llano del Castillo de Clarines,Beas,-6.77130700092179,37.4032829998586
Calle Conde,Encinasola,-6.87195932732697,38.1340280497538
Calle Camino de Niebla,Lucena del Puerto,-6.73175064126773,37.3067700091798
Calle Portugal,Cartaya,-7.11109231138985,37.2175690965075
Calle Escorial,Calañas,-6.85496799999993,37.6070270000001
"Glorieta Juan Antonio ""El Zapatero",Huelva,-6.94769131578796,37.2795246977995
Calle Padre Laraña,Huelva,-6.94408251864348,37.254539555558
Calle Horqueta,Huelva,-6.89791100211739,37.3113312139814
Calle Media Fanega,Huelva,-6.89711299968575,37.3111199996262
Calle Barranco,Aracena,-6.58082590796754,37.9362728335512
Calle Espuerta,Huelva,-6.896496,37.311545
,Punta Umbría,-6.9720043235507,37.19303511899
Avenida Bulevar del Agua,Punta Umbría,-6.976443081999946,37.18708142300005
Avenida del Decano del Futbol Español,Punta Umbría,-6.9792919109999,37.1881249890001
Avenida J. Clayton,Punta Umbría,-6.98685321,37.19110044
Barriada San Roque,Villablanca,-7.34032299999996,37.3006740000001
Calle Aneto,Aljaraque,-6.99299177599473,37.2902531613975
Calle la Noria,El Almendro,-7.27188643399995,37.5051356480001
Aldea Canaleja,Almonaster La Real,-6.780463999999938,37.900141000000076
Calle de las Flores,Almonaster La Real,-6.73890499999993,37.884688
Calle Severo Ochoa,Villablanca,-7.33884848790521,37.3025719695723
Urbanización El Higueral,Villablanca,-7.34491599999996,37.298051
Calle Jaén,Huelva,-6.94397199981144,37.2673819997599
Avenida de Cumbre Hermosa,Almonte,-6.520291000532551,37.2688809995366
Carretera Fábrica Harina,Calañas,-6.87767099999991,37.649769
Calle Doctor Fleming,San Juan del Puerto,-6.84117199999991,37.3182770000001
Calle Madroño,Almonaster La Real,-6.7041145027784,37.802535065315
Calle Olivo,Almonaster La Real,-6.70244599999995,37.8028840000001
Calle los Rosales,Almonaster La Real,-6.70423149585428,37.8021013685723
Calle Ignacio Sánchez Mejías,Valverde del Camino,-6.75458600002494,37.5679469996644
Calle San Rafael,Aracena,-6.5597878607999,37.891679656696
Calle Olivo,Isla Cristina,-7.30865540425448,37.197051645729
Calle Morejón,Beas,-6.79749899973723,37.4242870004026
Calle Olivargas,Aljaraque,-6.994790999953087,37.26897699972006
Calle Ronda Norte,Isla Cristina,-7.312535999919032,37.20004799958578
Calle Cortegana,Ayamonte,-7.402422000479733,37.205991999857105
Calle Galeón Alcatraz,Ayamonte,-7.40299274937293,37.1995869023046
Camino Calleja de las Damas,Villalba del Alcor,-6.473483000186093,37.39222899993211
Camino de Majada de Alvaro,Villalba del Alcor,-6.484057000530033,37.36779499937518
Plaza de Venezuela,Beas,-6.794448095648379,37.424525736136275
Avenida Juan López Ruiz,Ayamonte,-7.341638999854499,37.19131200045435
Calle el Brezo,Almonte,-6.50936699973638,37.2581930001197
Calle Litoral,Ayamonte,-7.38297200070076,37.2374140001291
Camino Tabla de las Carrasquilla,Beas,-6.792754999793483,37.405753000145005
Camino Padron del Urraco,Beas,-6.756654000363179,37.43084299942159
Camino del Miradero,Beas,-6.787069000380294,37.44573499986369
Plaza de la Paz,Palos de la Frontera,-6.8862795311164176,37.22568233194405
Camino de las Carretas,Beas,-6.753395000110008,37.38052500018068
Camino del Urraco,Beas,-6.742631000108605,37.42973799997634
Camino Padron de las Martinejas,Beas,-6.757692000664204,37.40075800021311
Camino de la Gavia Hondilla,Bonares,-6.69890199962225,37.27969299957136
Camino de los Prados,Beas,-6.789156000106601,37.4018080000768
,Cartaya,-7.159922,37.285279
Calle Independiente,Cartaya,-7.14587799999993,37.287853
Camino de la Incosa,Villalba del Alcor,-6.495753999858097,37.38010199939074
Camino del Río Tinto,Alájar,-6.688740000032936,37.835970000298595
Camino de la Concepción,Alájar,-6.6616409999429544,37.87401399962775
Calle el Romero (Matalascañas),Almonte,-6.563611416082285,37.00870159844791
Camino de la Majada Nueva,Beas,-6.796838000076774,37.46288799984214
Camino de las Verillas,Bonares,-6.64922199987298,37.3227350003544
Calle Caleros,Ayamonte,-7.40390650390445,37.2240985380452
Camino de la Loba,Beas,-6.80944800004353,37.4290400005303
Plaza Alférez Provisional,Valverde del Camino,-6.754593000618048,37.57516499979469
Polígono Industrial Matalagrana,Almonte,-6.50131820709182,37.1857607876601
Plaza Venezuela,Palos de la Frontera,-6.88846989957165,37.2237725217204
Plaza 28 de Febrero,Palos de la Frontera,-6.896016190090777,37.22858401560988
Calle Grecia,Aljaraque,-7.01856392,37.26704656
Camino de Pozo Nuevo,Villalba del Alcor,-6.483861999935185,37.370628000035026
Camino de las Atalayuelas,Villalba del Alcor,-6.482064000004716,37.376627999975206
Camino de la Aceblichasa,Villalba del Alcor,-6.48505499986733,37.3599410000046
Plaza Cruz de Calañas,Valverde del Camino,-6.755669000380968,37.57778800006312
Camino de la Peña del Hierro,Valverde del Camino,-6.763016329768595,37.56746972973066
Calle Punta de la Barranca,Aljaraque,-6.99560860197592,37.2692107013685
Calle San Bartolomé,Aljaraque,-6.993347377305625,37.27088542671053
Calle Tomillo,Ayamonte,-7.4016412171064,37.225236044663
Calle Berdigón,Cartaya,-7.12462124599995,37.222856746
Paraje Polígono 8 - Cabeza,Beas,-6.7841324719451,37.491149976987
Calle Fuenteheridos,Lepe,-7.2016070002330235,37.259569000008185
Camino Dehesa de las Yeguas,Villalba del Alcor,-6.46964585154259,37.3719508666986
Avenida Los Palmares,Trigueros,-6.81510406199993,37.3289855490002
Calle Mazagón,Rociana del Condado,-6.59360137699991,37.3029399850001
,Palos de la Frontera,-6.86364260358467,37.1484985946453
Calle Poeta Antonio Machado,Rociana del Condado,-6.594725999999923,37.30236000000008
Camino de Cabeza la Vaca,Arroyomolinos de León,-6.41775799999994,38.0526070000001
Avenida de la Libertad,Bonares,-6.68077400038108,37.3236910002151
Avenida del Campo Arriba,Lepe,-7.20268633078373,37.2695616799876
Calle Cruz del Gallo,Villanueva de los Castillejos,-7.26925899999992,37.497213
Carretera de Ayamonte,Villanueva de los Castillejos,-7.27617699999996,37.496424
Calle Pazare,Lepe,-7.19978222687972,37.2648598798233
Carretera HU-8133 A-461 a la N-433 (Acceso a Higuera de la Sierra),Higuera de la Sierra,-6.4462408730666,37.819686975224
Calle Virgen de la Peña,Beas,-6.77334300012077,37.4042199999756
Camino de Huelva a Trigueros,Trigueros,-6.8408552822328,37.369151618029
Calle Alférez Manuel Romero,Jabugo,-6.7507402648443,37.893878518699
Vía Palomero,Cumbres de San Bartolomé,-6.8487426107541,38.103631826003
Camino Antigua Carretera HU-8111,Almonaster La Real,-6.74912799999993,37.8893350000001
Calleja de Magdalena,Palos de la Frontera,-6.892273182604849,37.22960043366269
Carretera HU-8132 Higuera de la Sierra a la Estación de la Junta,Higuera de la Sierra,-6.4347773028837,37.837325894012
Carretera HU-8121 Alájar a Fuenteheridos,Castaño del Robledo,-6.66137599999996,37.8874490000001
Calle Arias Montano,Alájar,-6.66181200051413,37.8767420003035
Carretera N-435 de Huelva a Zafra,Santa Ana La Real,-6.74145699999991,37.8669740000001
Paraje Santa María,Rociana del Condado,-6.60041156673181,37.322744997806
Calle Antonio Machado,Punta Umbría,-6.97128499999991,37.187417
Carretera HU-8128 N-433 a Cañaveral de León,Aracena,-6.52019399995295,37.8841320001918
Carretera HU-8130 N-433 a Puerto Moral,Aracena,-6.48500200034189,37.8695709996021
Calle Juan Manuel Durán,Huelva,-6.93782699982209,37.2573839995695
Carretera A-461 de Santa Olalla de Cala a Zalamea la Real,Minas de Riotinto,-6.59310799983427,37.7038390001698
Camino de Rosal de la Frontera,Rosal de la Frontera,-7.15837899999991,37.9934700000001
Carretera N-433 de Sevilla a Lisboa,Almonaster La Real,-6.79215797117613,37.9073665636384
Calle Concepción,Galaroza,-6.7244234337898,37.931907390063
Carretera N-433 de Sevilla a Lisboa,Fuenteheridos,-6.67438399999992,37.91666
Camino de Jerez de los Caballeros,Encinasola,-6.85912509076776,38.1570775171025
Paraje los Campillos,Valverde del Camino,-6.779529890341243,37.585531366073816
Camino la Encina,Valverde del Camino,-6.7728628467117,37.556057157749
Carretera N-435 de Huelva a Zafra,San Juan del Puerto,-6.836790415855,37.3446017229359
Calle Nogal,Moguer,-6.83378925280571,37.2696487093946
Carretera A-494 de San Juan del Puerto a Matalascañas por Mazagón,Moguer,-6.76876700054066,37.1184240001106
Polígono 3 Parcela 22,Linares de la Sierra,-6.5911817205161,37.872533185454
Carretera A-493 de la Palma del Condado a Valverde del Camino,La Palma del Condado,-6.54254883599998,37.3665038460002
Carretera A-481 de Chucena a Villamanrique de la Condesa,Chucena,-6.3883429999294,37.3750899997039
Camino Sierpe o de los Rosales,Huelva,-6.94460800012599,37.2687649999849
Calle Aruba,Huelva,-6.92212405823637,37.2751420203656
Calle Cuesta Santo Entierro 1981-2006,Gibraleón,-6.97304899999995,37.3757790000001
Calle Cabalga,Ayamonte,-7.40798100048849,37.2146969998949
Calle Lepanto,Isla Cristina,-7.31324000014767,37.198316000088
Calle Don Justo Rodríguez Pulido,Isla Cristina,-7.30471372019246,37.1987474810076
Carretera N-435 de Huelva a Zafra,Valverde del Camino,-6.7399386310872,37.601292942599
Calle de los Alcornoques,Ayamonte,-7.345829627405102,37.187095455136244
Calle Peñaflor,Aljaraque,-6.992925000492628,37.27278600030532
Calle Cuatro Vientos,Ayamonte,-7.33832600077243,37.187129000082
Plaza Currito el Practicante,Ayamonte,-7.403349999932553,37.20966200043131
Camino del Coto de Su Excelencia,Palos de la Frontera,-6.886555435090057,37.170471175332324
"Urbanización los Mirlos,",Ayamonte,-7.382175000779257,37.17271900011241
Camino Prado Alcalá,Palos de la Frontera,-6.908611378586136,37.22197408792176
Plaza del Duque de Ahumada,Ayamonte,-7.39508617610524,37.21611889619376
Calle Concha Espina,Moguer,-6.81906955251293,37.1321995132837
Camino Raya de la Carrasca,Almonte,-6.49512100070352,37.0423269999233
Camino Raya del Caño del Guapera,Almonte,-6.45576299962563,37.0759139998339
Calle San Lucas,Almonte,-6.54404456981808,36.9993046866655
Plaza el Acebuche,Almonte,-6.5227411058333775,37.25830782750411
Callejón de Servicio,Almonte,-6.47449669418422,37.1346603914559
Calle la Morera (Matalascañas),Almonte,-6.56392264659597,37.0087654079568
Calle Camino de las Quintanas,Ayamonte,-7.39946800009186,37.2235509998839
Camino del Cernícalo,Bonares,-6.703299999921138,37.32925900000323
Carretera HU-4200 Almonte a los Cabezudos,Almonte,-6.592221000158805,37.20550099978484
Carretera H-9016,Almonte,-6.6495819994426,37.14518299995184
Carretera A-5026 Acceso a Palos de la Frontera,Palos de la Frontera,-6.8890539298633,37.215171690104
Camino de la Palma a Hinojos,Villalba del Alcor,-6.49167100077254,37.3592110007961
Calle Rodrigo de Triana,Moguer,-6.84124000103577,37.1419210006851
Travesía Tramo de Enlace,Palos de la Frontera,-6.862861401795294,37.150210141610096
Avenida del Vigía,Palos de la Frontera,-6.85184600062082,37.1431350001857
Camino de Almonte,Villalba del Alcor,-6.47508700026359,37.3856839996151
Calle Ribera del Guadiana,Ayamonte,-7.39266300035928,37.2321179998599
Avenida de América,Moguer,-6.8456805168173,37.26403079926
Carretera A-486 de San Juan del Puerto a Bonares,Moguer,-6.79075258002512,37.3033154397292
Camino de Manzanilla a Chucena,Villalba del Alcor,-6.432841999529961,37.351491999433534
Plaza Teodoro Bernal Serradilla,Huelva,-6.9378796538394,37.26991341969
Avenida Santa Marta,Huelva,-6.93665715861872,37.2764744236082
"Glorieta Francisco Pedro ""El Pastor""",Huelva,-6.93645620029942,37.27971365213
Glorieta Francisco Pinto,Huelva,-6.95122526617512,37.2802364613833
Avenida Herminia González Gómez,Ayamonte,-7.4037486579745,37.197980199017
Avenida Maestro José Moreno Andrade,Villanueva de los Castillejos,-7.26961999999992,37.501044
Avenida Italia,Huelva,-6.9484577946339,37.253765084549
Calle Pintor Hermenegildo Sutilo,Nerva,-6.549612000250814,37.700726999234256
Calle la Noria,Almonte,-6.51454772271487,37.2542170518695
Calle los Linares,Zufre,-6.34716799999995,37.8312660000001
Calle Chirla,Punta Umbría,-6.96437099999991,37.1817600000001
Plaza la Campana,Valverde del Camino,-6.7569658414822,37.574618324301
Calle la Fuente,Villalba del Alcor,-6.47496000000419,37.3951189993213
Calle Soledad,Ayamonte,-7.40682517562475,37.2177372626231
Calle el Almendro,Villanueva de los Castillejos,-7.26865872,37.5004935
Camino Linarejo,Calañas,-6.919401999999934,37.61543500000005
Carretera HU-5101 Calañas al Cerro de Andevalo,La Zarza-Perrunal,-6.88299399999994,37.706597
Carretera A-495 de Gibraleón a Rosal de la Frontera,Villanueva de los Castillejos,-7.12578999999994,37.4765850000001
Carretera A-492 de Huelva a la N-431 por Aljaraque,Aljaraque,-7.046324999621811,37.29321800009893
Paraje el Prado,Villablanca,-7.3390158054717,37.306822509651
Calle Pescadores,Isla Cristina,-7.31582337019884,37.1960892221701
Calle Alfonso Aramburu Terrades,Huelva,-6.95726910056524,37.2528332661462
Calle Pérez Galdós,Huelva,-6.94830300041209,37.2730629995703
Plaza Santa Teresa de Jesús,Huelva,-6.94045697665148,37.2810338466075
Calle Doctor Cantero Cuadrado,Huelva,-6.94374699992843,37.258490000305
Calle Duque de Ahumada,Huelva,-6.94445299993678,37.2602070000618
Calle la Joya,Aljaraque,-6.99177879305391,37.2690849843486
Calle Cebadilla,Puebla de Guzmán,-7.25020699999993,37.6128
Calle Flor,Cartaya,-7.14991099999992,37.2852550000001
Avenida Islantilla,Isla Cristina,-7.24148199966718,37.2061450002318
Carretera del Rocío,Almonte,-6.5183650258334,37.2510155353805
Calle Camarada Paulino González Mora,Huelva,-6.92824753444769,37.2622317849037
Plaza Leonardo Mateos,Hinojos,-6.3850962211728,37.292343893025
Calle San Sebastián,Hinojos,-6.38002500053893,37.2930319997547
Calle Fuente del Castaño,Aracena,-6.57203929408159,37.8883496716684
Calle Puerta de Sol,Cumbres de San Bartolomé,-6.742836013970722,38.07684272211414
Camino a el Arracanes,Calañas,-6.86716199999995,37.659837
Calle los Molinos,Corteconcepción,-6.50393509219422,37.8931180398206
Calle Mediodía,Cumbres de San Bartolomé,-6.74173981773818,38.0770475777837
Prolongación Salsipuedes,Escacena del Campo,-6.39006500019943,37.4122560004143
Camino de las Catorce,Villalba del Alcor,-6.47294073332829,37.3680086524796
Camino de los Molinos,Corteconcepción,-6.509137616163053,37.89428346219611
Barriada Santa Catalina,El Granado,-7.49283986986155,37.5392836942226
Carretera N-435A de Badajoz y Zafra a Huelva,San Juan del Puerto,-6.83774399999993,37.3528880000001
Carretera N-435A de Badajoz y Zafra a Huelva,Trigueros,-6.82193102599996,37.3968416080002
Carretera N-435A de Badajoz y Zafra a Huelva,Trigueros,-6.81130959754401,37.4066546963482
Carretera N-435A de Badajoz y Zafra a Huelva,Beas,-6.80443700086027,37.4152160002925
Calle Cabezadas,El Almendro,-7.27091496420964,37.5086316207088
Carretera A-499 de Ayamonte a Puebla de Guzmán,Puebla de Guzmán,-7.245709422999937,37.59008257600004
Trasera Calle los Molinos,Alosno,-7.1128303784971,37.545073515259
Carretera N-435A de Badajoz y Zafra a Huelva,Beas,-6.79518400052125,37.4318050001014
Transversal Avenida Santa Marta,Huelva,-6.9413969998753,37.2671219997795
Calle Ángel Serradilla,Huelva,-6.9297929562921,37.256549117097
Calle Pau Casals,San Juan del Puerto,-6.84878312399991,37.3143521910001
Calle Martín de Rioja,Cortegana,-6.82548314299993,37.9133772760001
Calle Luis de Góngora,Ayamonte,-7.40230962839633,37.2596577071097
Calle Real,San Juan del Puerto,-6.83951099999996,37.315092
Barriada Santo Domingo,Puebla de Guzmán,-7.25331861192653,37.6105220609934
Carretera Villamanrique el Rocío,Hinojos,-6.38628000012179,37.1987339995746
Carretera Villamanrique el Rocío,Almonte,-6.4879053788704,37.157599197789
Carretera HU-8122 Los Marines a Cortelazor,Cortelazor,-6.62374229303057,37.9263066553385
Calle Dos de Mayo,Nerva,-6.55182448996945,37.6961631568269
Calle el Callao,Nerva,-6.54792600041434,37.6948510001501
Callejón del Padre Cura,Puebla de Guzmán,-7.24326499999995,37.613008
Calle Pampano,Punta Umbría,-6.9698119999999335,37.184101000000055
Calle Menéndez Pidal,Nerva,-6.55445200019328,37.6940979999819
Calle Trajano,Nerva,-6.54667800033583,37.69707200028337
Calle Siete de Agosto,Nerva,-6.55121899965247,37.6959990000186
Calle Lepanto,Niebla,-6.6793120001485,37.3659089999006
Calle Socorro,Rociana del Condado,-6.59559299999995,37.3085150000001
Calle Hierro,Moguer,-6.84003502551816,37.2786837055685
Avenida el Valle,Hinojos,-6.38004899966139,37.2923150001373
Calle Parras,Cumbres de San Bartolomé,-6.74133147606659,38.0781238369457
Vereda Camino Pozo Arriba,Alosno,-7.11638199999993,37.552464
Calle la Palma,Moguer,-6.83575546456601,37.2764782732111
Calle Argonautas,Huelva,-6.9322405130982,37.257086852962
Calle Era Bola,Alosno,-7.10864472101009,37.5486621183667
Plaza España,Sanlúcar de Guadiana,-7.46778800041573,37.4731140001112
Calle la Parra,Rociana del Condado,-6.59046357588993,37.309206
Calle Viña,Rociana del Condado,-6.58864071622645,37.3094101002136
Calle Chanza,Cortegana,-6.82281799999993,37.9101920000001
Calle Maestro Rafael Vázquez,Aljaraque,-6.98955500035235,37.2779359998048
Calle Esteban Domínguez,Higuera de la Sierra,-6.44588400044609,37.8377390002549
Calle Antonio Machado,Arroyomolinos de León,-6.42293199999995,38.0251500000001
Trasera Grande,Arroyomolinos de León,-6.42217399999993,38.025444
Calle Espíritu Santo,Cumbres de San Bartolomé,-6.73973331424087,38.0779249716603
Calle Comarca de Doñana,Bonares,-6.68563235433762,37.3232762260018
Calle Doctor Peralias,Corteconcepción,-6.4989970699997,37.892445716898
Calle Cercado Higuera,San Bartolomé de la Torre,-7.10981089523057,37.4454576975151
Calle Arcipreste Galindo Moreno,San Bartolomé de la Torre,-7.11220899999995,37.4455340000001
Calle Ciudad de Ayamonte,Isla Cristina,-7.26866589011166,37.2208546393905
Calle Pino Gordo,Hinojos,-6.38504099964224,37.2905369999828
Travesía Lucas Bermudo,Hinojos,-6.37940200040189,37.29022600003
Avenida Reyes Católicos,Hinojos,-6.384018000130387,37.292181000253166
Calle Castillo,Cartaya,-7.15612813696072,37.2838713846837
Calle Enrique Villegas Vélez,Ayamonte,-7.40655975186391,37.2126706066566
Calle Manuel Dávila Vizcaíno,Manzanilla,-6.43086159512473,37.3891997839255
Calle Baldíos de Niebla,Valverde del Camino,-6.75072099992817,37.5666999996848
Calle Cuesta,Cortelazor,-6.6246200069587,37.934384566261
Calle Camino de los Granadillos,Escacena del Campo,-6.39093499985015,37.4070480003651
Calle Hinojos,La Palma del Condado,-6.54840155799991,37.386177683
Calle María Auxiliadora,La Palma del Condado,-6.55271405799994,37.383244308
Calle Cine Victoria,Isla Cristina,-7.32775400066023,37.2032980002157
Calle Ríos,Gibraleón,-6.97400499999992,37.375659
Plaza Promotor Juan Asensio,Lepe,-7.216642338298244,37.20602016277703
Calle Juan Ramón Jiménez,Bonares,-6.6829370006836,37.3215920007362
Calle Brezo,Moguer,-6.82960000020815,37.1391690000941
Calle Río Tajo,Lepe,-7.20663300020074,37.2596409998746
Calle Miguel Hernández,Santa Olalla del Cala,-6.22819666399994,37.906997511
Calle Poeta Daniel Florido,Santa Olalla del Cala,-6.22746699999993,37.907156
Calle San Roque,Villarrasa,-6.60810399979962,37.3863419996837
Carretera Circunvalación,Cumbres Mayores,-6.64841586859727,38.0603805223434
Calle Atarazana,Villalba del Alcor,-6.472674999999458,37.39773900046951
Calle Prado de Osma,Puebla de Guzmán,-7.2494173361015,37.61044918508
Calle Rita Pereira,Aracena,-6.55641201810001,37.8908313369968
Avenida de Niebla,Bonares,-6.67772800003423,37.3279709999329
Calle Uruguay,Moguer,-6.834856000722608,37.27942800002705
Calle Mesones,Puebla de Guzmán,-7.244102999999939,37.610753000000045
Calle Helechoso,Niebla,-6.67999832,37.36548807
Calle Revuelo,Bonares,-6.68361899965092,37.3215579993511
Calle Valdehelechoso,Aracena,-6.5557045817534,37.890491623464
Calle Che Guevara,Almonte,-6.52203400055364,37.2686099994844
Calle Concepción Arenal,Almonte,-6.52002481128801,37.2641555904157
Calle Echegaray,Nerva,-6.55234899949693,37.6986360003019
Plaza de Castillejos,El Campillo,-6.630712030999916,37.69608922800006
Calle Poleo,Encinasola,-6.87361790714058,38.1373615389041
Calle Calvario,Campofrío,-6.577754999999911,37.766669000000036
Calle Mar (Valdezufre),Aracena,-6.49417899996069,37.865181000403
Calle Fuenteheridos,Castaño del Robledo,-6.70391399999994,37.8968130000001
Avenida Blas Infante,El Cerro de Andévalo,-6.933554999999956,37.733381000000065
Calle Cabezo (Montes de San Benito),El Cerro de Andévalo,-7.07372099999992,37.6796200000001
Carretera Almonaster,Almonaster La Real,-6.84711099999993,37.8502570000001
Calle Arenal,Beas,-6.79430499945405,37.4282820004375
Calle Bailén,Paterna del Campo,-6.401528000017053,37.41827299999913
Camino de los Villares,Rociana del Condado,-6.575427609661649,37.298349538693856
Paraje la Pólvora,El Campillo,-6.624577245999944,37.690475475000085
Calle los Olivos,El Campillo,-6.626174999999932,37.69350600000007
Camino del Rincón,Punta Umbría,-7.04579199999995,37.2506070000001
Calle Cádiz,La Palma del Condado,-6.547635432999925,37.388100433000034
Paraje Pedro Cano,Rociana del Condado,-6.602152728931028,37.335932106598335
Trasera Calle Coso,El Granado,-7.4185129999999,37.5215590000001
Calle San Cristóbal,Huelva,-6.94936799975573,37.2547420002193
Calle Granada,Punta Umbría,-6.96595359000239,37.1873483284504
Camino de las Peñuelas,Paymogo,-7.376750999999956,37.711159000000066
Camino de las Penuelas,Paymogo,-7.3709049999999365,37.710656000000085
Camino de los Términos,Paymogo,-7.3532659999999055,37.70036200000004
Calle Villanueva de las Cruces,Huelva,-6.9294551107969475,37.27160821730325
Plaza Hermandad de Emigrantes,Aljaraque,-7.02326900041507,37.2726179997261
Carretera H-9013,San Bartolomé de la Torre,-7.11618199999992,37.413639
Calle Parra (Castañuelo),Aracena,-6.57985496333572,37.9369996961792
Urbanización Calle Real (Castañuelo),Aracena,-6.58009472381453,37.9374308970912
Calle Cruz,Huelva,-6.9378420001843,37.2614309998939
Plaza de la Paz y la Concordia,Isla Cristina,-7.24798199992547,37.2068690002483
Camino de Bonares por la Verilla del Rosal,Rociana del Condado,-6.6265109372048,37.319948722728
Camino de Montemayor,Moguer,-6.81960907336834,37.2693029502168
Carretera A-5058 de el Portil a Cartaya,Punta Umbría,-7.04914674999992,37.230230749
Camino de Cartaya a Lepe,San Silvestre de Guzmán,-7.334821999999917,37.37572700000004
Calle Monsalve,Huelva,-6.93267599988087,37.257450999975
Calle Cristo,Almonaster La Real,-6.79066036729439,37.8739829854059
Urbanización Vistas del Guadiana,Ayamonte,-7.4185784771816,37.268696579372
Avenida de la Feria,Bollullos Par del Condado,-6.53791821328528,37.3470136993585
Calle Ecuador,Moguer,-6.83541399986533,37.2784389994614
Plaza Perlita de Huelva,Huelva,-6.9359850004500325,37.25946500043262
Calle Latina,Palos de la Frontera,-6.89095005025518,37.2207138108039
Calle Río,Cartaya,-7.124806999999919,37.217512000000056
Calle Sierra,Cumbres Mayores,-6.64255899959797,38.05892799942784
Carretera H-9009,El Almendro,-7.30271599999992,37.5235960000001
Calle Alájar,Cartaya,-7.157374173999926,37.27780491000004
Calle Ruiz Mantero,Trigueros,-6.82929899599998,37.3813406200001
Calle Tomás Pérez Romeu,Isla Cristina,-7.3242156268552,37.2004453052121
Calle Lealtad,Villalba del Alcor,-6.476808000321843,37.40044999980861
Calle López Cabrera,Nerva,-6.54462699979146,37.696862000595
Urbanización Residencial los Álamos,Cartaya,-7.056798339999943,37.211578355000086
Calle Alberto Lista,Cartaya,-7.150066999999922,37.28470400000003
Calle Rábida,Jabugo,-6.733566999999937,37.91425700000008
Calle Paymogo,Cartaya,-7.15428172099996,37.2775659050001
Barriada de los Milagros,Palos de la Frontera,-6.890306,37.222193
Camino de Potrico,Aroche,-6.959075999999925,37.93586200000004
Calle Rocío López Bueno (Vda. de Madrid),Punta Umbría,-6.958315999999911,37.18014500000004
Calle Extremadura,Isla Cristina,-7.3180940004545,37.1985270003435
Trasera Andalucía,El Granado,-7.41584199999994,37.5206800000001
Calle Cerro Colorado,Minas de Riotinto,-6.59523299980305,37.6956710003165
Polígono Industrial Llano Barrio,Paymogo,-7.34267773399995,37.741962093
Calle Lope de Vega,Bollullos Par del Condado,-6.53951458692846,37.3399053106817
Callejón Congrio,Punta Umbría,-6.9643880893884,37.180983966383
Calle Málaga,Lepe,-7.207807000180779,37.252721999559036
Calle Juan Ramón Jiménez (Redondela),Isla Cristina,-7.26920900022476,37.220800000351915
Calle Sevilla,Bollullos Par del Condado,-6.538057999976521,37.347578999971034
Calle Lentisco,Huelva,-6.9544346265412,37.2419392410705
Calle Acebo,Cartaya,-7.15262449009705,37.2793779431252
Plaza Blas Infante,Rociana del Condado,-6.595069043999956,37.30111077200007
Calle Feria,Aracena,-6.568931681489633,37.889619174764825
Calle Río Miño,Ayamonte,-7.399365000556215,37.21613799969463
Calle Dámaso Alonso,Almonte,-6.51995668736954,37.2662889637027
Calle Alfarería,Trigueros,-6.84046829599987,37.3832907690001
Calle A (Polígono Industrial la Carrasca),El Cerro de Andévalo,-6.92466843299991,37.7304253070001
Calle Isla Bacuta,Punta Umbría,-6.97092899999996,37.183344
Calle los Almendros,Aracena,-6.560042954418643,37.88988471870496
Calle Bajamar,Punta Umbría,-6.966575999999918,37.17841700000008
Calle la Palma del Condado,Gibraleón,-6.972805999999935,37.37342400000006
Carretera H-9012,Cartaya,-7.243781999999953,37.351826000000074
Calle Huelva,Aroche,-6.954471999999953,37.94462900000008
Travesía Barros Trasera2,San Bartolomé de la Torre,-7.10577399999994,37.44725900000009
Calle Poderosa,Aljaraque,-6.995522287276905,37.26942295035256
Calle Perdiz,Aljaraque,-7.019932999935733,37.27003699981129
Plaza Alcalde Manuel García,Isla Cristina,-7.27060603984612,37.220334729145
Calle Encinasola,Palos de la Frontera,-6.887894999663349,37.22206999982255
Calle Isaac Peral,Almonte,-6.51855600000182,37.2589510005102
Calle la Alberca,Almonte,-6.517012000104202,37.25612300029384
Calle Santo Cristo de la Vera Cruz,Escacena del Campo,-6.38948105187551,37.4098718378747
Calle Hernando Soto,Huelva,-6.944026000040682,37.25822800035258
Calle Carmen Conde,Moguer,-6.82165832440722,37.133132071555
Calle Goya,Trigueros,-6.83057455499988,37.3841130570001
Calle la Era,Cumbres Mayores,-6.642199000083593,38.05913199984209
Calle Málaga,Palos de la Frontera,-6.83089100005856,37.1351369995486
Calle Bodega Castizo,La Palma del Condado,-6.542544557999975,37.36463405800015
Calle Burgos,Valverde del Camino,-6.76115000040226,37.5770159996041
Calle Condado,Alosno,-7.12431699999991,37.5614420000001
Camino Valverde,Beas,-6.86134400037844,37.4851520007155
Calle Clemente Ordoñez Castilleja,Higuera de la Sierra,-6.44455200017449,37.8372070000032
Calle Desengaño,Isla Cristina,-7.32484518607721,37.2031582922408
Calle Angosta,Isla Cristina,-7.32829885345727,37.20411660791392
Calle Federico García Lorca,Isla Cristina,-7.26992500023677,37.2203859998121
Calle Poeta Juan Figuereo,Isla Cristina,-7.32236152259794,37.20162100890812
Calle Juan Ramón Jiménez,Isla Cristina,-7.319082000240312,37.19667400038092
Calle Herradura,Isla Cristina,-7.27235333942604,37.2214222926659
Plaza de la Almadraba,Isla Cristina,-7.32803196705623,37.1950300104812
Calle Carmen,Isla Cristina,-7.325181116319388,37.202728726908454
Calle San Lucas,Isla Cristina,-7.321129000094308,37.20320500019022
Calle Pinar,Isla Cristina,-7.2501660000491475,37.204828000381575
Plaza Punta del Moral,Isla Cristina,-7.323628734516312,37.19612279008572
Calle Amapolas,Isla Cristina,-7.270609999766217,37.24212000008124
Calle las Monjas Dominicas,Almonte,-6.51891200007177,37.2627809996269
Calle Santa Isabel,Almonte,-6.51833264,37.25572364
Calle Zarzamora,Isla Cristina,-7.269625000630836,37.240255999721036
Calle Carpintero de Rivera,Isla Cristina,-7.322291000384243,37.203446000165236
Carretera Redondela,Isla Cristina,-7.269074181343061,37.23582672631718
Calle San Sebastián (La Redondela),Isla Cristina,-7.270556000170389,37.221763999555755
Calle Sancho Panza,Isla Cristina,-7.27397163816626,37.2223030252186
Calle San Silvestre de Guzmán,Isla Cristina,-7.26753203973149,37.2210702830093
Calle las Carabelas,Isla Cristina,-7.3239637207654225,37.19908692806944
Calle Alcornoque,Isla Cristina,-7.3070484015088,37.1971349473281
Calle Ficus,Isla Cristina,-7.3089293052435815,37.198518191760435
Calle Lepe (La Redondela),Isla Cristina,-7.270144000512208,37.222491999846234
Calle Cigala,Isla Cristina,-7.251666999679625,37.206022000459726
Paseo de Poniente,Isla Cristina,-7.243918000115347,37.20709099962931
Calle José Rodríguez López,Isla Cristina,-7.32620949237097,37.201516298256
Calle las Tapias,Isla Cristina,-7.26590984466511,37.2220398576944
Urbanización Hoyo 2,Cartaya,-7.0675302374547,37.215848177008
Plaza Ramón y Cajal,Gibraleón,-6.970463999999936,37.375721000000055
Calle Juan Ramón Jiménez,Escacena del Campo,-6.38567700019323,37.404222999592
Calle los Pinos,Hinojos,-6.38765580815648,37.2846163385847
Calle Alcalde Joaquín García Cruzado,Villalba del Alcor,-6.46891023446599,37.3961092335602
Carretera Sevilla-Lisboa,Galaroza,-6.70930520231081,37.9239666477386
Carretera A-5076R Ramal de Acceso a Camino de la Higuerita,Isla Cristina,-7.24607702290419,37.2238714146293
Paraje Arroyo De La Sardina,Gibraleón,-6.98879101373475,37.3750975056382
Calle Pío XII,Bollullos Par del Condado,-6.54547500027091,37.3451320004416
Calle Río Piedras,Huelva,-6.927678000457743,37.25758699989595
Calle la Laja,Puebla de Guzmán,-7.29381960499995,37.6115632630001
Camino a Domingo Negro,Gibraleón,-7.012766705999923,37.36182836100005
Calle Cofa,Huelva,-6.940739043708669,37.26532532130926
Aldea Los Viejos,Aroche,-6.84997113163993,37.9582730196409
Calle el Cerro del Andévalo,Huelva,-6.930936999806991,37.26247900010032
Calle Paraguay,Huelva,-6.931533999599853,37.258535999982236
Calle Ramón de Campoamor,Huelva,-6.936719000400424,37.26965600005334
Calle Alonso Sánchez,Huelva,-6.94767200042988,37.2545020003979
Plaza Andévalo,Huelva,-6.937487999889961,37.2803980003396
Calle Azahar,Huelva,-6.9326660000955025,37.27416099999384
Calle Bayona de Galicia,Huelva,-6.938151000151602,37.2807340001484
Calle Beas,Huelva,-6.932729000509357,37.26038700017124
Calle Bolivia,Huelva,-6.930886999855128,37.25804300038621
Calle Calañas,Huelva,-6.931555000613474,37.26257499996099
Calle Bonares,Huelva,-6.933747999716144,37.25881899957766
Calle Camarada Cerrejón Limón,Huelva,-6.929631999624703,37.26216799961602
Calle Ciudad de Aracena,Huelva,-6.952066999967248,37.25886899959732
Calle Chafarinas,Huelva,-6.942153999780798,37.26501500037094
Calle Cristo,Huelva,-6.95345400026305,37.2696659997308
Plaza Doce de Octubre,Huelva,-6.956942894138911,37.255487908065255
Calle Don Bosco,Huelva,-6.950366000699645,37.26996300017116
Calle E,Huelva,-6.937691516109214,37.255918392023986
Calle Elena Montagut,Huelva,-6.942591999780116,37.28088300041899
Calle Pescadores,Huelva,-6.937742999936593,37.27821199958479
Calle Escritor Luis Manzano,Huelva,-6.955528999727768,37.26473800044377
Calle Escuela de Niñas,Huelva,-6.941000000649965,37.26060600017688
Plaza Eugenio Hermoso,Huelva,-6.9261164426315,37.2637820805693
Calle Hinojos,Huelva,-6.934297999955301,37.261466000001064
Calle Hermano Carlos Obrero de María,Huelva,-6.94898580363566,37.2757844134165
Calle Inca Garcilaso,Huelva,-6.936086999768603,37.269579999926044
Paseo Independencia,Huelva,-6.953144999934077,37.26099899971875
Calle Hermano Palomo,Huelva,-6.934221000339206,37.26214900012516
Calle Jacobo del Barco,Huelva,-6.952192000231935,37.260929999572305
Calle Jazmín,Huelva,-6.928979000301622,37.27677700033153
Calle Juan de Ávila,Huelva,-6.951243000100383,37.27292999994045
Calle Manzanilla,Huelva,-6.940516000361571,37.26887400036268
Calle Madre de Dios,Huelva,-6.953118000452487,37.26870100038726
Paseo las Palmeras,Huelva,-6.9536987269705,37.264053617237
Calle Macías Rodríguez,Huelva,-6.9418089996584875,37.25459100045744
Pasaje Manuel Machado,Huelva,-6.953435000273841,37.25946999978436
Calle Martín Vázquez,Huelva,-6.93482800066271,37.25309699990512
Calle Mazagón,Huelva,-6.932782000195386,37.256102999862414
Calle Luis Braille,Huelva,-6.94474700039693,37.2541489999376
Calle Menéndez Pelayo,Huelva,-6.95152049968879,37.2686827641107
Calle Montevideo,Huelva,-6.94470299991271,37.28345800026076
Plaza Pensamiento,Huelva,-6.931974681601264,37.27736836939151
Calle Santa Ana,Huelva,-6.953532999858113,37.27148900033681
Calle Remo,Huelva,-6.9398000001199645,37.26911400031876
Calle Platero,Huelva,-6.934848000516124,37.25856999987724
Calle Puebla de Sanabria,Huelva,-6.9315089998320305,37.25819400033438
Calle Puerto Rico,Huelva,-6.943046999767936,37.2833549998297
Calle Rodrigo de Caro,Huelva,-6.935971999682024,37.27077700010964
Calle Saipán,Huelva,-6.933522000272495,37.2584050003753
Calle San Andrés,Huelva,-6.94943256946566,37.260935495121
Plaza Santiago Liniers,Huelva,-6.937628000654833,37.28091500036327
Plaza los Toboganes,Huelva,-6.939814393455807,37.26070549107497
Calle Torres Quevedo,Huelva,-6.936016000309133,37.25342800004255
Calle Tendaleras,Huelva,-6.95531899960389,37.2558799996459
Calle Villa Mundaka,Huelva,-6.942455999842071,37.266008000345074
Calle Villarrasa,Huelva,-6.9364030005700545,37.25637400002854
Calle Virgen de las Angustias,Huelva,-6.940798000197948,37.26915199967062
Calle Vicente Aleixandre,Huelva,-6.94207600048231,37.27852300031618
Calle Vicente Yáñez Pinzón,Huelva,-6.937901999985457,37.257001999753484
Plaza de las Soleares,Huelva,-6.935640999677531,37.26368300040954
Plaza el Ciruelo,Huelva,-6.941592000421379,37.25812900025724
Plaza Ínsula de Barataria,Huelva,-6.924127999839711,37.263485000359594
Plaza Juan Pablo II,Huelva,-6.9406449378784565,37.281670998031046
Calle los Califas,Huelva,-6.957375999889704,37.25828699981411
Calle del Bachiller,Huelva,-6.929068790020487,37.26093261605579
Calle los Emires,Huelva,-6.956224999866103,37.25888199999902
Plaza de Castaño del Robledo,Huelva,-6.927696000666155,37.273961999963
Calle Cumbres de San Bartolomé,Huelva,-6.9300409998252475,37.273046000160264
Calle Jesús del Calvario,Huelva,-6.95508800056233,37.2555879998735
Avenida del Cabezo de la Joya,Huelva,-6.94736900027143,37.2611140004252
Calle Manuel Limón de la Rosa,Huelva,-6.92967208823175,37.2777220283902
Calle Minas de Herrería,Huelva,-6.92613857834102,37.2701481793038
Calle Ana María Jerez Cano,Huelva,-6.93080753726607,37.2543087623741
Calle Basilio Marquínez,Huelva,-6.93220997072704,37.2542854389518
Calle Hermanos Salao,Huelva,-6.93256779529738,37.2540322075896
Plaza Maruja Manrique,Huelva,-6.94843656283772,37.2614712499165
Calle Pozo Arriba,Villablanca,-7.3415992728402,37.306051048859
Callejón la Laguna,Escacena del Campo,-6.3965020748519,37.418465918761
Calle Daniel Vázquez Díaz,Cumbres Mayores,-6.645104000049418,38.06031899972216
Calle de la Iglesia (La Umbría),Aracena,-6.45735299964102,37.8600229999616
Paraje Finca La Reserva,Villarrasa,-6.61037198877176,37.4229244416445
Paraje Carretera de Trigueros,Gibraleón,-6.9403463499023,37.375750146477
Calle Confesionarios,Aljaraque,-6.99214699981246,37.2681840000655
Calle del Ejido,Aracena,-6.55923299980291,37.8890759997577
Calle Utopía,Trigueros,-6.83519352399998,37.3879390910001
Calle Alfonso Moralo,Villarrasa,-6.605247000248728,37.387556999955706
Calle Almoradux,Trigueros,-6.83591911399998,37.3878711470002
Calle Almería,Trigueros,-6.841339495999932,37.38402374500015
Calle Sagrado Corazon de Jesús (La Umbria),Aracena,-6.4581549997533,37.861404999841
Plaza del Rocío,Trigueros,-6.8314257827146,37.383370474295
Calle La Zarza,Calañas,-6.87781399999994,37.6576560000001
Calle Minarete,Almonaster La Real,-6.78688096495418,37.8722981227614
Calle Virgen de la Luz,Alosno,-7.1193999658627,37.549623518293
Calle Santa Clara,Aroche,-6.9556669999999485,37.94557300000008
Trasera Coso,Cabezas Rubias,-7.08547999999996,37.7258880000001
Calle Libertad,Cala,-6.31762099999992,37.9713530000001
Trasera García Velasco,Campofrío,-6.57271399999991,37.768536
Calle Blas Infante,Campofrío,-6.574007999999935,37.765798000000075
Calle Blas Infante,El Campillo,-6.62800999999996,37.6965200000001
Calle Estación,El Campillo,-6.6316909999999325,37.691643000000056
Calle Gracia,Cartaya,-7.155961999999931,37.280455000000075
Barriada San Benito,El Cerro de Andévalo,-6.93762476199993,37.7337722450001
Callejón Cercado Cuartel,El Cerro de Andévalo,-6.942593999999929,37.73474300000004
Calle Cruz,Fuenteheridos,-6.66208930451968,37.9037491192887
Calle San Roque,Gibraleón,-6.96463799999992,37.377684
Calle General Perón,Gibraleón,-6.96915099999995,37.3790060000001
Camino las Mesas (De,Gibraleón,-7.018157118999909,37.43428593500005
Calle las Piteras,Gibraleón,-6.972505999999953,37.37329900000009
Calle Odon Betanzos,Bonares,-6.677595999721364,37.32114899929642
Calle Libertad,Aroche,-6.953222999999923,37.94441100000006
Plaza de la Paz,Cartaya,-7.15897099999995,37.2857490000001
Callejón Monturio,El Cerro de Andévalo,-6.940377206999926,37.73612957100005
Calle Hinojo,Cortegana,-6.822413999999924,37.915335000000084
Calle Hierbabuena,Cortegana,-6.821992999999907,37.915084000000036
Calle Beatriz de Bearne,Gibraleón,-6.974026999999921,37.37863500000009
Calle San Juan Bosco,Gibraleón,-6.973111999999958,37.37499100000008
Urbanización Residencial el Espigón - Poniente (Playa Isla de Canela),Ayamonte,-7.34190817208061,37.1842081027541
Urbanización Parque Oasis,Ayamonte,-7.4035843329471,37.267636910836
Carretera HU-3300 la Redondela a Pozo del Camino,Ayamonte,-7.313577014319787,37.22624304940068
Calle Anfora,Moguer,-6.843586952923517,37.27544941015647
Calle Jazmín,Punta Umbría,-6.95824899999991,37.17791200000005
Barriada Isla Canela,Ayamonte,-7.40361717523478,37.199962155513
Calle Quebranta,Ayamonte,-7.40364600078897,37.2157200003031
Calle Arolas,Rociana del Condado,-6.596555999999907,37.30342500000006
Calle Fajina,Puebla de Guzmán,-7.244555999999932,37.61083600000006
Calle Parroco José García Muñoz,Punta Umbría,-6.968362999999954,37.18670000000009
Calle Paloseto,Higuera de la Sierra,-6.447661884588127,37.83429606271331
Camino de la Ladera,Higuera de la Sierra,-6.4505784071418,37.838781074587
Calle la Palma,Valverde del Camino,-6.75931300032452,37.573780999664
Calle Ruiz Barrientos,Zufre,-6.34046799999993,37.832418000000075
Avenida de Huelva,Aljaraque,-7.01608800046389,37.2694529998595
Calle Cabezo de las Mentiras,Ayamonte,-7.4038673,37.22214385
Vía Pasadera del Risco,Puebla de Guzmán,-7.393038999999931,37.64864000000006
Camino del Pilar,San Silvestre de Guzmán,-7.352969999999914,37.392367000000036
Calle Hermana Enriqueta Ramos,Paterna del Campo,-6.40701799958081,37.416397999868
Camino el Mito,Valverde del Camino,-6.78269952672127,37.5317111308267
Calle Cascanueces,Punta Umbría,-7.052104999999926,37.21012900000005
Calle Justicia,Valverde del Camino,-6.748437000004,37.5694530000269
Calle Barca,Punta Umbría,-6.967159999999922,37.18561100000005
Calle Águila Real,Almonaster La Real,-6.84737810772726,37.8496229023416
Plaza de la Mayordoma,Almonaster La Real,-6.8300233385925,37.88393374749
Calle Virgen del Pasmo,Bollullos Par del Condado,-6.537021999865223,37.33725300042583
Camino a Alpiedras,Aroche,-7.104738999999938,38.01674600000007
Calle la Granja,Bollullos Par del Condado,-6.545292999971808,37.33775800033163
Camino Camino del Alcornocal,Bonares,-6.663833000388125,37.32817800026244
Calle Aroche,Cala,-6.32151964554441,37.9727756164736
Camino Camino de las Delgadas,El Campillo,-6.630628999999942,37.67166700000007
Carretera HU-8105 Cortegana a Aracena,Castaño del Robledo,-6.701105999999925,37.86469500000004
Carretera HU-9107 Cortelazor a Hinojales,Cortelazor,-6.63720899999993,37.9896590000001
Vía de la Barraca,Villablanca,-7.333039999999926,37.345765000000085
Plaza los Naranjos,Hinojales,-6.5896081540928755,38.008872096770034
Camino Vereda de Benafique,Paterna del Campo,-6.434430000144208,37.4085080002442
Camino Raya del Agua,Hinojos,-6.380631999566988,37.24843400002921
Camino Vereda de Benafique,Hinojos,-6.468796000335019,37.33495899985819
Trasera Montes Gómez,Sanlúcar de Guadiana,-7.466615000281902,37.47321700036448
Vía de los Carboneros,Lucena del Puerto,-6.711161999999945,37.28969100000006
Camino del Valle,Niebla,-6.707732999578133,37.40067000032039
Camino Vereda de Roque,Paterna del Campo,-6.400919999857945,37.47103300037277
Calle de los Calvo,La Palma del Condado,-6.54848235,37.38923983
Travesía Doctor José María Soto,Paymogo,-7.347215999999946,37.74063000000007
Calle Isidoro Díaz,Corteconcepción,-6.4990269991131875,37.89203000005631
Vía de Tamujoso,Puebla de Guzmán,-7.2685789999999315,37.686717000000044
Calle Álamo,Cañaveral de León,-6.52511100007243,38.0136549998785
Paseo Marítimo Canaleta,Punta Umbría,-6.950565147999953,37.172943829000076
Polígono Huertas Nuevas,Rociana del Condado,-6.59442921099992,37.2996364350001
Calle Malagon,Aljaraque,-6.98922414300158,37.27222048671229
Vereda de la Vega del Odiel,La Granada de Río-Tinto,-6.5460319999999115,37.800151000000085
Vereda de Cortegana a Castaño,Jabugo,-6.750281999999913,37.90807600000005
Carril del Mayorazgo,Jabugo,-6.78310599999992,37.9227490000001
Vía de la Merced,Villablanca,-7.284550999999908,37.26870500000007
Calle Blas Infante,Puebla de Guzmán,-7.25359299999991,37.611432
Camino de Romanera,Paymogo,-7.33005199999991,37.69819600000005
Urbanización Veinte de Mayo,Punta Umbría,-6.965723999999909,37.18575700000008
Vía Cañada de los Romanos,Villanueva de los Castillejos,-7.128190999999958,37.49327000000005
Vía Cañada del Sumindro,Villanueva de los Castillejos,-7.141603999999916,37.39476900000005
Calle Rafael Alberti,San Silvestre de Guzmán,-7.346809999999948,37.388509000000056
Camino de las Minas,Santa Ana La Real,-6.7084599999999455,37.85228900000004
Calle Diego Díaz Hierro,Huelva,-6.94741899981137,37.2570119996045
Calle Nuestra Señora del Carmen,Villalba del Alcor,-6.47276099955452,37.3960540001274
Calle Misericordia,Villalba del Alcor,-6.472946000164022,37.39692600027158
Calle Pozo Nuevo,Villalba del Alcor,-6.475880999958739,37.39812099923336
Solar Sapu R-1 Calle E,Villalba del Alcor,-6.474551999291958,37.400901000166066
Calle Paseo de Colón,Villalba del Alcor,-6.479020999992298,37.39814399945142
Calle Federico García Lorca,Villalba del Alcor,-6.47936700101412,37.3989550005895
Calle Álamo,Santa Bárbara de Casa,-7.190022000214981,37.79885500035813
Camino Camino de Almonaster a las Minas de Riotinto,El Campillo,-6.612370999999939,37.74550000000005
Calle Sapu I1-A Calle D,Villalba del Alcor,-6.480199000255046,37.40117900083095
Vía de Valdemultas,Villablanca,-7.307451999999955,37.28194200000007
Plaza Iberoamerica,Moguer,-6.837437350915804,37.27965543491596
Calle Pozo Largo,Villablanca,-7.34569199999993,37.3015070000001
Calle Arroyomolinos de León,Valverde del Camino,-6.74922699980446,37.57869100005124
Calle la Fontanilla,Sanlúcar de Guadiana,-7.46545799998651,37.4729669996275
Calle Arrabal,Sanlúcar de Guadiana,-7.467291085415113,37.474384082059856
Polígono San Jorge K,Palos de la Frontera,-6.87869299970126,37.2199609999937
Calle Uruguay,Palos de la Frontera,-6.885775999803355,37.22511500039387
Calle Alegre,Aracena,-6.56444684704695,37.8957666797464
Calle F (P.I. Cantalgallo),Aracena,-6.56996192725908,37.8968731004495
Calle Limacolas,Ayamonte,-7.37932300079612,37.1755180003415
Calle Alcaravan,Ayamonte,-7.366884000679535,37.17473299971958
Polígono Romeralejo,Huelva,-6.919259999987574,37.26742199974748
Camino de Lepe a Isla Cristina,Isla Cristina,-7.237386393130192,37.220866283142925
Avenida Calvario,Rociana del Condado,-6.60503999999992,37.30386
Calle Julio Romero de Torres,San Juan del Puerto,-6.84772264979399,37.3135547450803
Calle Juan Ramón Jiménez,Sanlúcar de Guadiana,-7.466471999982655,37.47288799958169
Barriada Blas Infante,Beas,-6.79047799955044,37.42838599943335
Calle Ventoso,Bonares,-6.67818300016614,37.3238439996029
Carretera N-431 de Huelva a Ayamonte,Isla Cristina,-7.293805999664046,37.247179999709594
Calle Jesús de Mora,Beas,-6.73880234791512,37.3907291713852
Travesía Extension Agraria,Beas,-6.739532000293467,37.389342999369646
Calle Diego Romero,Beas,-6.73836000062483,37.3908529998874
Calle Normal Antonio Pérez,Beas,-6.791491000703715,37.43031599976611
Calle Lepanto,Bonares,-6.68259999984353,37.3212519996669
Calle San José,Moguer,-6.834654999455923,37.277349000091796
Calle Washington Irving,Moguer,-6.838618000497766,37.27017700013551
Calle Colón,Bonares,-6.683399999883284,37.32010700037346
Calle Ingeniero Ildefonso Prieto,Bonares,-6.68215699965881,37.3219459995316
Calle Jazmines,Moguer,-6.836167437988993,37.27975560290906
Calle Paterna,Moguer,-6.83331982637226,37.2720291777285
Calle Coronel Eligio Sousa,Moguer,-6.836266000956973,37.275848999965945
Calle Yucatan,Moguer,-6.842309000845379,37.27349400017769
Calle Bajamar,Moguer,-6.82644500022993,37.1430369995804
Calle Arenas Gordas,Moguer,-6.82280870589596,37.1332367384416
Calle Jacinto Benavente,Moguer,-6.835732999693702,37.27245099940285
Calle Diego Leal,Moguer,-6.84573670073646,37.27905739230063
Calle Duende,Moguer,-6.83713399980048,37.2741420005149
Calle Carabela Santa María,Moguer,-6.836976000212009,37.13828400007559
Calle Oceáno Pacífico,Moguer,-6.82467800075672,37.1370389997052
Calle el Dorado,Moguer,-6.825058000078422,37.13877800015624
Calle Trasmuros,Moguer,-6.839647000133457,37.27640400015411
Calle San Miguel,Moguer,-6.8396559999405975,37.27734599999669
Calle Diezmo Viejo,Moguer,-6.837774000170875,37.275259999853034
Calle Obispo Infante,Moguer,-6.838425000791921,37.2736880001952
Calle Santa Cruz de Vista Alegre,Moguer,-6.83752399985926,37.27024100034922
Calle Toneleros,Moguer,-6.841419999648015,37.27030699940422
Parque Benito Pérez Galdós,Moguer,-6.841236458436391,37.27923417260213
Calle Zapateros,Valverde del Camino,-6.745989000377021,37.57154100022843
Calleja del Viudo,Villanueva de los Castillejos,-7.27473099999992,37.4994040000001
Plaza Primavera,Lepe,-7.1956681283928,37.260015201781
Plaza Nuestro Padre Jesús del Gran Poder,Lucena del Puerto,-6.729277699319609,37.3039614588295
Camino del Collado de Jure,Alosno,-7.097843999999952,37.557060000000035
Calle Sagasta,Bollullos Par del Condado,-6.53971499994718,37.3352299997649
Polígono Industrial Puerta del Parque Natural,Higuera de la Sierra,-6.442911,37.825992500859
Plaza D. Antonio Alaminos Ceballos,Punta Umbría,-6.96095899999995,37.1805310000001
Calle Arrayán,Hinojos,-6.38691299963504,37.2850080004191
Calle Jesús Vázquez Gordo,Jabugo,-6.771015999999918,37.92690300000004
Calle Fuente Nueva,Rociana del Condado,-6.59554199999991,37.3063910000001
Calle Maestra Antonia Mora,Rociana del Condado,-6.5943999999999505,37.30476700000008
Calle Quilla,Punta Umbría,-6.9672409999999445,37.18905100000006
Calle Lirio,Aljaraque,-7.0256109996945435,37.263846999660075
Calle Gil Vélez,Nerva,-6.5495084794755,37.6951115341398
Camino de Santaolalla,Linares de la Sierra,-6.615786999770076,37.83718299979576
Plaza de la Fuente,Linares de la Sierra,-6.62038638812114,37.8794763097841
Calle el Moro,Almonte,-6.52360599983902,37.2657999992175
Calle Puente Romano,Niebla,-6.67831399999096,37.3507379999589
Carretera HU-6109 Paterna del Campo a Manzanilla,Paterna del Campo,-6.418887000134753,37.405859000392724
Calle Campanilleros,Bollullos Par del Condado,-6.5379569998155755,37.34143099974105
Calle Manuel Siurot,Nerva,-6.548325943082962,37.69529899166025
Calle Viñas de San Pedro,Huelva,-6.94456868846545,37.2585618900381
Calle Heroes de Baler,Almonte,-6.51523100057172,37.2616199999248
Calle la Verdeja,Almonte,-6.5123029998179,37.2651720006682
Calle los Estribos,Almonte,-6.50971399950623,37.2680729999744
Calle Iglesia,Corteconcepción,-6.510380999746932,37.898259999524164
Calle Covadonga,Nerva,-6.548696999353578,37.69512400038234
Calle Salvador Rueda,Nerva,-6.551757000492481,37.69684899983797
Calle Pompeyo,Nerva,-6.552960000251574,37.695328999401006
Calle Guzmán el Bueno,Nerva,-6.5446409995803485,37.69140500000077
Calle la Higuerita,Nerva,-6.541120280317304,37.69479659283427
Calle Piarrad,Nerva,-6.552994975949025,37.696872714914285
Barriada la Garza,Nerva,-6.552543999655315,37.694685999656734
Plaza de la Caña,Huelva,-6.93380517935761,37.2653668587694
Plaza de la Tona,Huelva,-6.9335255144534,37.2645520966838
Plaza Santa Ana la Real,Huelva,-6.92910616315242,37.2699775147484
Calle Alcalde Antonio Morano Montiel,Huelva,-6.9414678120317905,37.266261786382906
Calle F (Polígono Industrial San Diego),Huelva,-6.904890999671218,37.274592999858854
Plaza del Agua,Huelva,-6.938969930295713,37.26589404270596
Calle Gabriela Mistral,Huelva,-6.938529000058986,37.2696840001702
Plaza de la Autonomía,Huelva,-6.9256819996193615,37.26195900011409
Parque Juan Duque,Huelva,-6.930343660808365,37.27393092972393
Calle Doctor José Gil,Huelva,-6.930449885455448,37.28008980791091
Calle Anguila,Punta Umbría,-6.9687209999999595,37.18466100000006
Plaza Virgen de las Angustias,Huelva,-6.949121885464019,37.2602945471324
Pasaje Santo Cristo de la Misericordia,Huelva,-6.9522220845056,37.2541364092
Plaza Padre Vivas,Huelva,-6.936027218694256,37.27674607028152
Plaza Rafael Alberti,Punta Umbría,-6.969590711999956,37.18765230300005
Calle Párroco Manuel Mora,Alájar,-6.66402014182604,37.8734019400458
Camino de los Frailes,Paterna del Campo,-6.3954559996945095,37.42406099981545
Calle Santo Tomás,Chucena,-6.392353999637236,37.36174500033168
Calle Almirante Pinzón,Bollullos Par del Condado,-6.541084000126352,37.33640900017534
Plaza de las Hermanas,Paterna del Campo,-6.400904000019424,37.42135399998725
Calle Viriato,Higuera de la Sierra,-6.443742999739497,37.83263599965181
Plaza Pinea,Punta Umbría,-6.9709759999999505,37.190735000000075
Camino Cañada de la Garabata,Hinojos,-6.383952999830933,37.30161500003241
Camino Vereda de Rinojos,Hinojos,-6.460561000089926,37.34736499999488
Calle el Real,Niebla,-6.679042000287985,37.367597000401396
Calle Adelfa,Niebla,-6.680753000050745,37.36533599955689
Calle Amapola,Hinojos,-6.39060199978226,37.2790920000959
Urbanización Residencial La Quinta de Isla Canela I,Ayamonte,-7.3927708120137,37.196572320709
Calle Cantarrana,La Palma del Condado,-6.545198307999954,37.39125405800007
Camino Padron de Servicio,Paterna del Campo,-6.416826000419417,37.462567000267015
Calle Candón,Huelva,-6.91875976830411,37.2607704385685
Calle Río Ebro,Huelva,-6.92680600005944,37.2570319998024
Urbanización Residencial Playa Verde,Ayamonte,-7.3496317706148,37.181914087472
Calle Romeral,Alájar,-6.664102746791,37.874390943601
Calle Antonio Cordero,Punta Umbría,-6.962261999999953,37.18075600000009
Camino Gr-41,Alájar,-6.679544999690821,37.87944299987326
Calle Trasera Barriada Asland,Niebla,-6.6875800841964,37.359197202553
Camino de la Serrana,Aroche,-6.948569999999961,37.94317700000005
Camino Rubias a Aroche,Aroche,-6.963802999999928,37.93747300000007
Camino de los Rasos,Aroche,-7.027234999999905,37.94334400000008
Carretera HU-8101 N-433 a Aroche (Acceso Oeste),Aroche,-6.958470999999918,37.94752600000004
Calle Fuente la Tijera,Cumbres Mayores,-6.644646315275072,38.06411734214178
Carretera HU-7101 Acceso a Montes Blancos,Almonaster La Real,-6.791744999999935,37.79084700000004
Plaza el Barranquillo,Alájar,-6.663817372961959,37.874700812838704
Camino de la Cancela,El Almendro,-7.400815999999907,37.53879900000004
Camino de Vulicano el Chaparral,Alosno,-7.094478999999922,37.577999000000034
Camino Camino de los Pajeros,Campofrío,-6.636658999999952,37.76056600000004
Camino Sendero de la Urraleda,Castaño del Robledo,-6.677588999999955,37.89221100000009
Camino Real a Hinojares,Cortelazor,-6.622352999999919,37.945299000000034
Camino Camino de Linares de la Sierra a Campofrío,Campofrío,-6.579106999999908,37.79234500000007
Camino Mayores,Cañaveral de León,-6.549198679175589,38.01873327631982
Carretera HU-8105 Cortegana a Aracena,Cortegana,-6.81631799999991,37.90190800000005
Camino Huerta Mesias,Cañaveral de León,-6.544046639440666,38.009759266277285
Camino Vereda de Aroche a Almonaster,Cortegana,-6.847209999999961,37.88746700000007
Carretera Hv-1471,El Cerro de Andévalo,-7.07818999999995,37.59730500000006
Camino de Almonaster a Aroche,Cortegana,-6.884869999999921,37.89483900000005
Carretera HU-6100 el Cerro de Andevalo a la A-496,El Cerro de Andévalo,-6.976404999999943,37.72014900000005
Carretera HU-9110 Carboneras a la HU-8128,Corteconcepción,-6.528537333662231,37.93831779275277
Camino de Huerta Vieja,Bonares,-6.701290999852649,37.31222799980694
Camino a las Minas,Calañas,-6.925259999999923,37.680874000000074
Camino de Servicio,Calañas,-6.951753999999937,37.634776000000045
Camino a Vilverde,Calañas,-6.862491999999918,37.566996000000074
Camino de Alosno a Calañas,Calañas,-6.939897999999914,37.62164700000005
Calle Teodoro Domínguez,Galaroza,-6.66837299999992,37.9301960000001
Calle el Santo,Paymogo,-7.34361199999995,37.7396370000001
Calle F (Parque Empresarial Sierra de Aracena),Aracena,-6.5300713,37.87874551
Calle Pozo Nuevo (Los Príncipes),Palos de la Frontera,-6.8924422810985,37.223989173978
Calle Lisa,Punta Umbría,-6.96685199999996,37.18188200000009
Calle G (Parque Empresarial Sierra de Aracena),Aracena,-6.53098674471404,37.8793032271201
Calle E (Polígono Industrial la Carrasca),El Cerro de Andévalo,-6.92479188,37.73123025
Calle L,La Nava,-6.745315999733466,37.96310699988827
Vía de Arenosillo,Lucena del Puerto,-6.729018999999937,37.10863800000004
Calle Descorchadores,Cortegana,-6.83651999999995,37.91670900000008
Calle Romero,Bonares,-6.66694900008546,37.3209800003349
Calleja del Pino,Aracena,-6.55773295227534,37.8921359915653
Paraje la Colmenilla,Gibraleón,-6.9537461487062,37.353747522503
Calle Arenal,Cumbres de San Bartolomé,-6.73918518734642,38.0777193443724
Calle Igualdad,Trigueros,-6.83412692897807,37.3876949584336
Calle Jilguero,Castaño del Robledo,-6.704421999999909,37.89472900000004
Camino la Musaraña,Valverde del Camino,-6.79493548408014,37.520456168725
Carretera Hv-3101,Puerto Moral,-6.47252299999991,37.89214300000009
Barriada Blas Infante,Cartaya,-7.15748599999995,37.284815
Camino de las Grullas,Linares de la Sierra,-6.608652999935823,37.85649900022885
Travesía Rosario,Linares de la Sierra,-6.626918999612005,37.87527800017974
Camino Corriato,Jabugo,-6.749219999999923,37.91746800000004
Plaza San Juan Bautista,Nerva,-6.548478356214744,37.698740235812835
Camino de la Aracena a la Granada,La Granada de Río-Tinto,-6.525852999999927,37.79338900000005
Camino del Pino,La Granada de Río-Tinto,-6.483991999999944,37.802582000000086
Calle Segovia,Cartaya,-7.106330857999922,37.217075504000036
Camino Ferrocarril de Tharsis,Gibraleón,-7.04514082399993,37.39085373200004
Vía Camino del Colesterol,Cumbres Mayores,-6.650431598239493,38.06082888204742
Calle Cruces,Encinasola,-6.8723904338297,38.139781276294
Camino Raya de Juan,Hinojos,-6.441231999956664,37.21005700013064
Camino de la Presa de Picalon,Paymogo,-7.326986999999917,37.74873100000008
Vía de Paymogo,Puebla de Guzmán,-7.379612999999949,37.659939000000065
Camino de Berrocal,Paterna del Campo,-6.441814999862182,37.46116000013408
Camino de la Pozada a la Palma,Paterna del Campo,-6.557305999971818,37.48190599996208
Camino de Palma del Condado a las Arroyadas,Paterna del Campo,-6.502518999651973,37.47903899995001
Carretera A-484 de Bonares a Almonte,Rociana del Condado,-6.6429639999999495,37.30602300000004
Camino la Abubilla,Valverde del Camino,-6.792321774890768,37.523315997260326
Camino de la Cruz,La Palma del Condado,-6.569294457999945,37.37435925800003
Camino a Candón,Niebla,-6.718570000205228,37.406035999561865
Camino de la Cortecilla,Niebla,-6.611669999670613,37.51313100009574
Camino la Comadreja,Valverde del Camino,-6.79412794094803,37.5267852658779
Calle Cuesta del Hospital,Escacena del Campo,-6.3884953704267,37.410122693982
Calle Tortillo,Niebla,-6.680251000283213,37.363925000138785
Calle Corbeta,Punta Umbría,-6.966730999999925,37.18558800000005
Calle la Parrala,Moguer,-6.8333869994236,37.2772360002489
Calle Arroyo los Reventones,Cartaya,-7.1523259999999595,37.28661900000009
Calle Moluscos,Punta Umbría,-6.96129099999996,37.18044400000008
Calle Viento Sureño,Trigueros,-6.83500216899995,37.3764608430002
Plaza Elena Whishaw,Niebla,-6.68094549453874,37.3651387449573
Calle Audiencia,Cumbres de San Bartolomé,-6.743074456620702,38.07730497184711
Calle Guillermo Sinclair,Aljaraque,-6.99000500047513,37.28044100000635
Calle Andalucía,La Nava,-6.74367100031625,37.9633139995416
Calle José Daza,Manzanilla,-6.42779800007744,37.3877049995862
Calle Maestra Isabel Franco,Aljaraque,-6.988203999819527,37.27841400018831
Carretera de Valverde del Camino,La Palma del Condado,-6.5866964139999595,37.407172508000144
Calle Padre Otilio Ruiz,Niebla,-6.677797999577897,37.360260000198984
Calle Higuera,Aljaraque,-7.0176770001177475,37.28418199982233
Calle Rafael Ballesteros,Paterna del Campo,-6.39828499975281,37.4200480000153
Plaza San Rafael,Rosal de la Frontera,-7.224970999999925,37.96681700000005
Barriada Juan Ramón Jiménez,San Silvestre de Guzmán,-7.346998999999926,37.387248000000056
Camino de Catalan,Santa Bárbara de Casa,-7.248652999735995,37.80162699958651
Plaza Picos de Aroche,Punta Umbría,-6.976322999999923,37.18831800000004
Calle Juan Pérez,Puebla de Guzmán,-7.248108999999943,37.612198000000035
Calle Hermanos Machado,San Bartolomé de la Torre,-7.102165999999954,37.447534000000076
Calle Buero Vallejo,San Juan del Puerto,-6.84758299999993,37.3176900000001
Calle la Paz,San Juan del Puerto,-6.84043999999994,37.317574
Camino de Cartaya,San Silvestre de Guzmán,-7.346854999999948,37.385582000000056
Trasera Santo Izquierda,Cabezas Rubias,-7.088891431999912,37.728382372000056
Urbanización Buitrona J,El Cerro de Andévalo,-6.93730299999993,37.7338000000001
Trasera Álamos,Cabezas Rubias,-7.08713199999994,37.7251670000001
Calle el Rompido,Punta Umbría,-6.97462599999994,37.184762
Calle Varaderos,Punta Umbría,-6.96713799999992,37.188634
Calle Bojeo,Trigueros,-6.83721880799993,37.385231183
Calle Peña,Zufre,-6.33947657801444,37.8338723702696
Calle Rincón de Eloy,Cala,-6.312976999999933,37.97250900000006
Plaza de la Fuente el Moro,Cala,-6.31593124099993,37.9717324540001
Calle Truenca,El Cerro de Andévalo,-7.06926476724292,37.6816476053008
Calle Padre Jesús Cautivo,Calañas,-6.878118999999913,37.654521000000045
Calle Andevalo,Calañas,-6.880568999999923,37.65174500000006
Calle Juan Ramón Jiménez,Calañas,-6.880432999999925,37.65406100000007
Calle José Troyano,Calañas,-6.881146999999942,37.655620000000056
Calle Huelva,El Campillo,-6.63165499999991,37.69432100000006
Calle Andalucía,El Campillo,-6.626576999999941,37.69326200000006
Paraje Las Gavias,Rociana del Condado,-6.5809361635897,37.305291741322
Calle Castillo,Santa Bárbara de Casa,-7.18653999972109,37.7984369999677
Calle Peñuelas,Valverde del Camino,-6.7567250003890225,37.57197600000047
Calle Málaga,San Juan del Puerto,-6.83434479999994,37.314969305
Vía H-9009,Puebla de Guzmán,-7.356752999850936,37.60323400034896
Barriada Juan Carlos I Primera Fase,San Juan del Puerto,-6.844170875999907,37.317327058000046
Calle Santo Domingo,Gibraleón,-6.97120799999993,37.3781410000001
Calle Isabel la Católica,Nerva,-6.55352770099435,37.6950747390118
Calle Santa Rufina,Bonares,-6.67987400001516,37.3225680001134
Plaza Niña,Moguer,-6.8454520005351585,37.277780999668394
Calle Federico García Lorca,Punta Umbría,-6.97228713599992,37.1870993800001
Camino Cueva de la Mora a Olivargas,Almonaster La Real,-6.80904899999996,37.7629430000001
Camino Monte,El Campillo,-6.593055999999933,37.67274100000009
Plaza del Ayuntamiento,El Campillo,-6.629818073999957,37.693335896000065
Calle el Laurel,El Almendro,-7.272477999999921,37.50530900000007
Avenida Andalucía,San Juan del Puerto,-6.843340999999953,37.31832700000007
Calle Viento Marea,Trigueros,-6.83599845399988,37.375590462
Paseo San Felice Circeo,Gibraleón,-6.974551086999952,37.37264146200005
Plaza de la Constitución,Trigueros,-6.83518339799997,37.38290484100003
Calle Cervantes,Villanueva de las Cruces,-7.023546999999951,37.62791500000009
Calle Dolmen de Soto,Trigueros,-6.82577429999992,37.3826369650002
Calle Abubilla,Trigueros,-6.83794980799996,37.3816540580001
Plaza Salinero,Trigueros,-6.828185620999932,37.381602620000024
Calle Alhucema,Trigueros,-6.83685299599989,37.3884790580001
Carretera de Beas,Trigueros,-6.829349596999975,37.391608199000075
Calle Huerta Abajo,Trigueros,-6.84085328599991,37.3809930420001
Calle Federico García Lorca,Trigueros,-6.83963949599996,37.3825356200001
Calle Juan Ramón Jiménez,Trigueros,-6.8313921829999344,37.38213005800003
Calle E (Laguna del Tornejón),Trigueros,-6.81251883099998,37.3247814350001
Calle Paco Toronjo,Trigueros,-6.827491022999936,37.384877482000036
Calle los Cantaros,Trigueros,-6.841964933999975,37.381977464000045
Calle Francisco de Quevedo,Trigueros,-6.8389919959999474,37.38615162000008
Calle Pp Sr10 Calle E,Trigueros,-6.837840312999958,37.38972360900004
Camino de Valdelarco a Cortelazor,Valdelarco,-6.678524304652805,37.95182404434438
Calle San Vicente,Villarrasa,-6.6079140000309025,37.39011800024568
Calle Águilas,Valdelarco,-6.683519467273,37.950432713933
Camino del Puente,Villarrasa,-6.6122349996453735,37.391328000287174
Urbanización Hoyo 14,Cartaya,-7.065845803999935,37.21621255800005
Calle Rosal,Cartaya,-7.14934099999994,37.2858110000001
Calle Urano,Cartaya,-7.10485299999993,37.2157580000001
Calle Filipinas,Cartaya,-7.157855999999924,37.28636300000005
Calle Zorrilla,Santa Olalla del Cala,-6.224291004999941,37.90810761100005
Calle Perú,Cartaya,-7.157985999999937,37.285956000000056
Calle Fragata,Cartaya,-7.123219999999947,37.217355000000055
Calle Lepe,Cartaya,-7.15610299999992,37.2850200000001
Calle Rafael,Cartaya,-7.14759899999996,37.2816230000001
Calle Plutón,Cartaya,-7.10147299999994,37.2160730000001
Calle Lucano,Cartaya,-7.14973972599995,37.28856048800009
Calle Ermita de las Reliquias,Cartaya,-7.150357999999926,37.28969500000005
Calle Agua del Pino,Cartaya,-7.05396299999995,37.213241
Calle Renoir,Cartaya,-7.14825599999995,37.2798010000001
Calle Reina Sofía,Cartaya,-7.158112648999918,37.28707392200005
Calle Fuente Blanca,Cartaya,-7.05815599999994,37.21337700000004
Calle Miguel Hernández,Cartaya,-7.05987599999992,37.2147140000001
Calle Aulaga,Cartaya,-7.15234748709367,37.27917717481
Callejón de Carmona,Almonaster La Real,-6.78942799999993,37.8732410000001
Calle la Fuente,El Cerro de Andévalo,-6.941408681999917,37.734497357000066
Calle Doctor Marañón,El Cerro de Andévalo,-6.931454802999951,37.735278452000045
Calle la Vega,El Cerro de Andévalo,-6.932713485999955,37.73436862700004
Calle Aracena,Ayamonte,-7.404351771481677,37.21222810585694
Calle Trituradora,Aljaraque,-6.989900999860605,37.276192000129896
Avenida los Príncipes,Aljaraque,-7.001829000484484,37.27638200031663
Calle Campo Segundo,Puebla de Guzmán,-7.24691599999994,37.6145500000001
Calle Huelva,Rociana del Condado,-6.598897999999906,37.307736000000034
Calle Ernesto Feria,Gibraleón,-6.96353151821843,37.3789333028344
Calle Alerce,Aljaraque,-7.009018999740278,37.2823970001911
Calle María Zambrano,Cortegana,-6.82548299999991,37.9133770000001
Calle Taponeros,Cortegana,-6.82293299999992,37.9104780000001
Calle Orégano,Cortegana,-6.82269699999995,37.915284
Calle Pedro Barbabosa Parreño,Cortegana,-6.826731999999936,37.90759100000008
Calle San Antonio,Cortegana,-6.827793999999926,37.90831500000007
Calle Barranca,Cortelazor,-6.62473899999992,37.93686000000008
Calle Castaño del Robledo,Fuenteheridos,-6.660821999999939,37.90324000000004
Calleja Rosario,Cortelazor,-6.62492397399676,37.9363166315277
Plaza 28 de Febrero,Gibraleón,-6.964524831999938,37.375349000000085
Calle Jacinto,Lepe,-7.192800000383738,37.25840699990324
Calle Sola,Galaroza,-6.7116459999999165,37.92641800000007
Calle Doctor Millares Mañana,Gibraleón,-6.970835999999906,37.37673200000006
Plaza Odiel,Gibraleón,-6.972855999999922,37.37364000000008
Calle Camino Isla,Gibraleón,-6.97215099999994,37.372594
Calle Virgen del Rocío,Gibraleón,-6.9731089999999085,37.37277700000004
Plaza San Juan,Gibraleón,-6.971519999999941,37.37563300000005
Calle Carlos Cano,Gibraleón,-6.9669609999999125,37.37389200000007
Calle Guillermo Muñiz,Gibraleón,-6.97402999999991,37.3774340000001
Aldea Veredas,Almonaster La Real,-6.830725999999913,37.88295300000004
Travesía Real Transv 2,Los Marines,-6.62273500002011,37.9041420002533
Calle Florida,Punta Umbría,-7.05087699999996,37.2116760000001
Calle Iglesia,Santa Bárbara de Casa,-7.18857405844583,37.79693310417957
Calle Aracena,San Juan del Puerto,-6.834630999999945,37.31696100000005
Calle Geranio,Aljaraque,-7.0259919997762,37.2666120001467
Calle Alcalde Manuel Díaz Martínez,Aracena,-6.56822937416227,37.8866348334036
Calle Constitución (Umbria),Aracena,-6.458749000166064,37.86116899974966
Calle Campanilleros,Aracena,-6.56057999986693,37.8964730000291
Calle José María Franco,Aracena,-6.57355800030134,37.8866310003206
Calle Daniel Vázquez Díaz,Aracena,-6.55898818027915,37.8967917780863
Calle Manuel Siurot,Aracena,-6.5633495551344,37.892220140375
Calle Rosal,Aracena,-6.5625006311424,37.89332151531
Transversal Calle Noria,Aracena,-6.566054999638348,37.89225399972248
Calle Cantarrana (Umbria),Aracena,-6.459348999956182,37.861293000072024
Calle Olvido (Carboneras),Aracena,-6.54454000032058,37.9176720000629
Calle Amador de los Ríos,Aracena,-6.57279599933572,37.8875368874176
Calle Sierra de Aracena,Aracena,-6.57667383214098,37.8893662385446
Calle a Pp1 - Calle,Aracena,-6.571712988063771,37.89058062489604
Calle Lago,Bollullos Par del Condado,-6.53687700037317,37.3444109995681
Calle la Pinta,Bollullos Par del Condado,-6.539769999785461,37.334226000229904
Calle Juan XXIII,Bollullos Par del Condado,-6.540524000382176,37.33998999983881
Calle Lagar,Bollullos Par del Condado,-6.53430599962203,37.3359810002231
Calle Córdoba,Bollullos Par del Condado,-6.5391271127645,37.347949860529
Barriada San Antonio,Bollullos Par del Condado,-6.5367699999354105,37.33445800013675
Calle Rafael de la Haba,Bollullos Par del Condado,-6.54252700012078,37.3372640000337
Calle Labradores,Bollullos Par del Condado,-6.54249400039765,37.3520920003457
Calle Nuestra Señora de la Misericordia,Bollullos Par del Condado,-6.54061099989759,37.3373260001949
Calle Alfredo Pérez Cano,Bollullos Par del Condado,-6.53512300042601,37.3395209997944
Calle Maestra María Jesús Jiménez,Bollullos Par del Condado,-6.532352000344355,37.33857700032852
Calle San Gines,Bollullos Par del Condado,-6.53437400005984,37.33661199964422
Calle María Auxiliadora,Bollullos Par del Condado,-6.54045699999036,37.3419910003845
Calle Portugal,Bollullos Par del Condado,-6.54207399991499,37.3443520004447
Calle Violeta,Bollullos Par del Condado,-6.544234999745269,37.33741899998704
Calle Julio Jiménez,Bollullos Par del Condado,-6.533139999811011,37.342604999920965
Calle Entorno Laguna,Cañaveral de León,-6.531266497950334,38.014574326444134
Calle Córdoba,Cumbres Mayores,-6.64046200002114,38.0594119992645
Calle Monjas,Cumbres de San Bartolomé,-6.742452454017412,38.07703668159772
Calleja del Pozo,Cumbres de Enmedio,-6.69327400009485,38.0707510005584
Calle Norte,Cumbres de San Bartolomé,-6.742227366299703,38.077848190242
Calle de las Alondras,Ayamonte,-7.371993621911231,37.181824618451095
Camino Ejido,Cumbres de San Bartolomé,-6.73679659878383,38.080868971626
Calle Sevilla,Cumbres Mayores,-6.641727999947101,38.05986999970091
Calle Concepción,Aljaraque,-6.991219000067432,37.270285999690365
Calle Luis Cernuda,Cumbres Mayores,-6.64570809509094,38.0584451214623
Calle Navalmoral de la Mata,Cumbres Mayores,-6.643502999963314,38.06020299976879
Calle Málaga,Cumbres Mayores,-6.64616000018369,38.0585569994062
Calle Antonio Machado,Cumbres Mayores,-6.64741739539626,38.0617740659206
Calle la Porta,Cumbres Mayores,-6.64457599998219,38.0620679994388
Calle Vicente Aleixandre,Chucena,-6.39220600000673,37.3665739999903
Camino Paterna del Campo,Chucena,-6.393998999953733,37.36802799959273
Calle Barrancos,Encinasola,-6.875017665932386,38.137129417588696
Calle San Juan,Encinasola,-6.87467752239825,38.138204128073
Calle Juan Soltero Alfonso,Hinojos,-6.3797349995704,37.2917560004392
Calle Castillo,Encinasola,-6.87437854061908,38.1363071171728
Calle Cumbres,Encinasola,-6.867765943942999,38.13336454164045
Calle González Bravo,Encinasola,-6.873614999632387,38.1364400000062
Calle Ruperto Martín,Encinasola,-6.87268800005102,38.1361219997307
Calle Manzanilla,Escacena del Campo,-6.393613000139674,37.4092330004028
Calle Platero,Escacena del Campo,-6.388657000020403,37.40478400028151
Calle Francisco Santiso,Hinojos,-6.379582999755528,37.29347399962554
Calle la Renfe,Hinojos,-6.374916000372932,37.293343999925824
Camino Raya de los Coches,Hinojos,-6.416854999958088,37.166996000065495
Senda Raya de la Torera,Hinojos,-6.432836000380992,37.146433999729496
Camino Raya del Coraje,Hinojos,-6.372780999943061,37.156884999643154
Camino del Pozo,Hinojos,-6.40619300020665,37.273232999703346
Camino de Ventura,Hinojos,-6.345346000117702,37.27711399971147
Calle García Lorca,Manzanilla,-6.42877400011982,37.3893580002716
Camino Bollullos del Condado,Manzanilla,-6.44260200018198,37.386686000258834
Calle Constitución,Manzanilla,-6.43776900033898,37.3898559998546
Carretera N-433 de Sevilla a Lisboa,La Nava,-6.739445175953992,37.927226110596706
Calleja de la Veguita,La Nava,-6.743586362420536,37.96219442183523
Calle Balsita,Niebla,-6.679183999641771,37.36543200038666
Calle Pinta,Niebla,-6.680923999842583,37.3622619998915
Calle Arrabal,Niebla,-6.680786999820056,37.36174300023944
Camino de la Granja,Niebla,-6.6712750000411125,37.33876900018935
Calle Córdoba,La Palma del Condado,-6.54779555799996,37.38749487
Calle Obispo Andrés Barco,La Palma del Condado,-6.553446120999979,37.38605843300007
Calle Jaén,La Palma del Condado,-6.546932932999937,37.38708462000005
Calle Manuel Díaz García,La Palma del Condado,-6.553551245999927,37.38697762000004
Calle Molino Campo,La Palma del Condado,-6.555286057999979,37.382553683000026
Calle Divino Pastorcito,La Palma del Condado,-6.552424495999958,37.38431749500006
Calle San Juan,La Palma del Condado,-6.55222943299998,37.3875441830001
Calle Escacena del Campo,La Palma del Condado,-6.54724718899996,37.3867277770001
Calle Toneleros,La Palma del Condado,-6.555194557999926,37.383073058000036
Calle General Ballesteros,La Palma del Condado,-6.55559918299991,37.3888812450001
Calle Vázquez Díaz,La Palma del Condado,-6.55356530799992,37.382384245
Urbanización Ppr-3 la Ruiza,Paterna del Campo,-6.407741719104853,37.41534957832053
Calle Cruz,Paterna del Campo,-6.399812000023663,37.417903000023585
Calle Fernández Gutiérrez,Paterna del Campo,-6.40084199985824,37.419823999578
Calle Pablo Picasso,Paterna del Campo,-6.404250999683691,37.42105499968868
Grupo Matrona Ana María Sánchez González,Cortegana,-6.96682725573779,37.7937914655884
Calle Ecuador,Ayamonte,-7.397995673708514,37.222213751410145
Calle Alondra,Aljaraque,-7.01944499993478,37.26818199994402
Calle Periodista Ángel Serradilla,Cumbres Mayores,-6.646902352761231,38.0627524905352
Calle Juan Ramón Jiménez,Valverde del Camino,-6.755746000232481,37.576638000342086
Calle Castaño,Los Marines,-6.62174261583773,37.9036408029144
Calle José María Vélez,Calañas,-6.881290999999919,37.65514500000006
Calle Calderón,Alosno,-7.119767999999908,37.599582000000055
Camino de Rebolla,Alosno,-7.160455999999954,37.59615800000006
Calle Postigo,Aroche,-6.953216999999938,37.94550200000003
Camino Viejo de Valverde,Alosno,-7.058451999999932,37.55890800000009
Calle Mar,Aroche,-6.954832999999951,37.942423000000076
Calle Nueva San Juan,Aroche,-6.954128999999909,37.94619600000004
Calle Estrella,Aroche,-6.955235999999957,37.94453900000008
Calle San Miguel,Aroche,-6.856282999999905,37.966305000000034
Senda de Sevilla,Aroche,-7.112633999999957,37.942990000000066
Calle José Guerra Galan,Aroche,-6.953416999999945,37.94265800000005
Camino del Paraíso,Aroche,-6.943529999999953,37.93150900000006
Calle la Fuente,Berrocal,-6.54229910375074,37.6100019440504
Calle Carretera,Berrocal,-6.54268099999996,37.607489
Calle Espátula,Punta Umbría,-6.96552599999995,37.1831120000001
Calle Zurbarán,Santa Olalla del Cala,-6.2326825664927,37.905354791393
Travesía Marques Trasera,San Silvestre de Guzmán,-7.347474999999918,37.389103000000034
Calle Cueva de la Mora,Aljaraque,-6.991499999960061,37.26968300039966
Calle Lepanto,San Bartolomé de la Torre,-7.10219999999993,37.4462020000001
Calle Herrerillo,Punta Umbría,-6.98493474299994,37.190891529000055
Camino del Mustio,Santa Bárbara de Casa,-7.1975239999325105,37.802710000066654
Calle Alondra,Punta Umbría,-6.960881999999913,37.17790500000007
Calle Otero,Puebla de Guzmán,-7.24457799999993,37.611089
Calle Isla Cristina,Valverde del Camino,-6.75975900001416,37.5733560003978
Calle Cabezuelo,Zufre,-6.34083081499995,37.83617667
Carretera de acceso al Hospital Vázquez Díaz,Huelva,-6.924248339588534,37.280342536190226
Calle Juan Duncan,Aljaraque,-6.990421999854048,37.28071199988476
Zona las Cañadas,Campofrío,-6.641300932999911,37.75881457200006
"Camino del Parronal,",Hinojos,-6.387559999794001,37.29450500040558
Calle Miguel Hernández,San Bartolomé de la Torre,-7.106814999999926,37.447438000000034
Calle Pérez Galdós,Rosal de la Frontera,-7.21756880202542,37.9675626682669
Calle Democracia,Valverde del Camino,-6.7547369999910645,37.57702399984203
Vía de los Sotillos,Villanueva de los Castillejos,-7.102315999999917,37.52957200000009
Calle Mesones,Zufre,-6.33870829556132,37.8347757883306
Travesía España Trasera,Campofrío,-6.573265999999933,37.765112000000045
Vía de la Hijuela,Villanueva de los Castillejos,-7.224781999999948,37.48987900000009
Vía de la Fuente,Villanueva de los Castillejos,-7.246731999999952,37.42192300000005
Camino del Castillo de las Guardas a Campofrío,Zufre,-6.462850999999944,37.76350400000007
Calle la Fuente,Aljaraque,-7.02262789973048,37.2703217896186
Calle Aracena,Valverde del Camino,-6.758689999926737,37.572746999835275
Camino de Jabugo,Santa Ana La Real,-6.736904999999922,37.87720000000007
Calle Compas,Punta Umbría,-6.970252999999957,37.17963300000008
Camino Embalse del Piedras,San Silvestre de Guzmán,-7.317688999999916,37.36355000000009
Camino de Palermo,Rosal de la Frontera,-7.2263549999999555,37.963002000000074
Camino del Valle de la Mujer,Rosal de la Frontera,-7.138286999999934,37.96264800000006
Barriada Bartolomé Fernández,Rosal de la Frontera,-7.21996797,37.96545692
Camino del Pozo Diego,Rosal de la Frontera,-7.218498999999952,37.98145200000005
Calle Leopoldo Nevado,Santa Olalla del Cala,-6.234470999999928,37.90502900000007
Vereda de la Casa de la Culebra,Villablanca,-7.326208999999949,37.262857000000054
Vía de Montes de Gibraleón,Villablanca,-7.269409999999937,37.315251000000046
Vía de Barcia Redonda,Villablanca,-7.363433999999927,37.33873300000005
Paseo Marítimo Pareja Obregón,Cartaya,-7.12127699999991,37.21743
Calle Delfin,Punta Umbría,-6.965074999999956,37.18009200000006
Plaza Joaquín Guisado Vides,Punta Umbría,-6.966572999999926,37.18665400000009
Calle Cañada,Moguer,-6.820263159920012,37.257411954674396
Calle Pasadera,Lucena del Puerto,-6.733031999999923,37.30448300000006
Calle Diego de Velázquez,Lucena del Puerto,-6.72700499999991,37.3024800000001
Calle Caracola,Punta Umbría,-6.962708999999961,37.180540000000065
Avenida Portugal,Aracena,-6.5610317368663,37.895103126639
Calle Pago,Aljaraque,-6.98775938172362,37.2742855254246
Calle Isidro Escudero,Santa Bárbara de Casa,-7.18892199985023,37.794470999637106
Calle Arrieros,Aracena,-6.5614991542669,37.897174503145
Calle Almirante Pérez de Guzmán,Punta Umbría,-6.954840999999931,37.17771000000005
Calle de las Enebrinas,Punta Umbría,-6.97910199999995,37.1896400000001
Carretera San Juan,Valverde del Camino,-6.75486099983195,37.5633969996806
Calle Miguel Domínguez,Nerva,-6.55125100053766,37.695390999932
Calle Sevilla,Hinojos,-6.37517399968018,37.2921240003225
Avenida del Océano,Punta Umbría,-6.97943318299991,37.1870584220001
Calle Río Guadalete,Huelva,-6.92586358259631,37.2567718371132
Carretera HU-8103 Acceso a Puerto Lucía,Cortegana,-6.820919999999944,37.95722500000005
Calle Pajarito,El Cerro de Andévalo,-7.03152437699993,37.7671406590001
Paraje Dehesa del Duque,Gibraleón,-7.02688281199994,37.376361322
Travesía Murillo,Valverde del Camino,-6.75285900063007,37.5764510001815
Calleja Traviesas,Santa Bárbara de Casa,-7.174989000341959,37.7926789997362
Avenida de la Raya,Aljaraque,-7.01534415070122,37.2554665144843
Calle Nuestra Señora del Rosario,El Granado,-7.492987022999955,37.52439378100007
Calle el Granado,San Bartolomé de la Torre,-7.106912999999906,37.442375000000084
Calle Palos de la Frontera,Aljaraque,-7.03059100071493,37.2682830003738
Calle Gran Vía Infantes Don Carlos y Doña Luisa,Aracena,-6.563697,37.893726
Avenida de Sevilla,Aracena,-6.557343999925502,37.887904999716135
Calle Alhelí,Punta Umbría,-7.04761199999996,37.209861
Calle Majuelos,Niebla,-6.678739999850971,37.36618099985347
Calle Romaneros,Cortegana,-6.82259699999992,37.9122410000001
Paseo del Chocolate,Minas de Riotinto,-6.593314042608938,37.69467719999284
Urbanización Alquería Golf,Lepe,-7.231602076346722,37.213191219018555
Calle Flamenco,Punta Umbría,-6.952301999999918,37.17332600000009
Prolongación Triana,Aljaraque,-6.992787395493912,37.27352042152468
Camino de la Raya,San Juan del Puerto,-6.85040329799995,37.3898452160001
Calle Larga,Berrocal,-6.541929812999911,37.608605897000075
Calle Manolete,Valverde del Camino,-6.754401000015441,37.567381999825145
Calle Perrunal,Aljaraque,-6.991919000305258,37.26878599982828
Calle Maestra María Dolores Galdamez,Aljaraque,-6.988228000173326,37.278718000078534
Calle Ortega y Gasset,Aljaraque,-7.003739000077136,37.27987099987398
Calle Zufre,Ayamonte,-7.403357000782326,37.206535000279665
Calle Moguer,Punta Umbría,-6.959111999999948,37.177797000000055
Camino de Buenavista,Palos de la Frontera,-6.902206054406247,37.22661663462873
Plaza Piletas,Punta Umbría,-6.97142655299996,37.1893681830001
Calle Dos Plazas,San Juan del Puerto,-6.841011999999921,37.31444200000004
Calle Racimo,Rociana del Condado,-6.58912181999995,37.3101409590001
Calle Portugal,Valverde del Camino,-6.756287999638123,37.57402399965051
Calle Manteros,Zufre,-6.3400024543227,37.833574140311
Plaza Gloria Fuertes,Aljaraque,-7.002192402645505,37.27758803237615
Calle Maestra Guadalupe Martín,Rosal de la Frontera,-7.220786284999917,37.96991389500005
Calle Caracas,Aljaraque,-7.02480000045595,37.2703340003897
Calle Alcalde Olmedo Fernández,Aljaraque,-7.0233606140135185,37.271962642933794
Calle Aves,Punta Umbría,-6.9615629999999555,37.18064600000008
Calle Torreón Alto,Zufre,-6.33929693260824,37.8343204650957
Calle Colombia,Palos de la Frontera,-6.8881660005947,37.2229800000419
Grupo G (Guadiana),Puebla de Guzmán,-7.29497099999992,37.610281
Calle Andalucía,Rociana del Condado,-6.597940999999935,37.30916300000007
Calle Río Guadiana,San Silvestre de Guzmán,-7.348774999999932,37.38971900000007
Calle Garum,Punta Umbría,-6.969863999999916,37.18918700000006
Calle Maestro Pedro Lazo,Valverde del Camino,-6.762818999953555,37.577394000443
Calle Zenobia,San Bartolomé de la Torre,-7.10826899999995,37.44732900000008
Calle Padre Aine Carbonell,Ayamonte,-7.409019000385892,37.213225999937194
Calle Libertad,Valverde del Camino,-6.7473197162383,37.569325122103
Calle de las Poleas,San Silvestre de Guzmán,-7.3476499999999305,37.387297000000046
Calle las Huertas,Rociana del Condado,-6.600512999999921,37.30791400000004
Calle Rosa Rite,Valverde del Camino,-6.7564980002057915,37.575809999990106
Calle Ramón y Cajal,Santa Olalla del Cala,-6.233091892999937,37.908958228000074
Calle Nogales,Zufre,-6.34022499999992,37.8345150000001
Calle Breca,Ayamonte,-7.31586600027374,37.2295789996558
Urbanización Huerta de la Torre (*Diseminado*),San Bartolomé de la Torre,-7.099181999999928,37.448863000000074
Avenida las Marismas,San Juan del Puerto,-6.83914699999991,37.3135960000001
Calle Benavente,Valverde del Camino,-6.754039999943413,37.57497499981739
Calle Camino de la Ermita,Villablanca,-7.33868656421753,37.3039281254424
Calle Boqueron,Ayamonte,-7.314430999989798,37.22925299974081
Calle Gallareta,Punta Umbría,-6.954253999999935,37.17375600000008
Calle Barberan y Collar,Valverde del Camino,-6.753727999946614,37.57672999965401
Calle los Corcheros,Higuera de la Sierra,-6.45044700042857,37.83721000014155
Calle Rosa de los Vientos,Punta Umbría,-6.956496366999943,37.178883348000056
Calle Alcalde Zacarias,Higuera de la Sierra,-6.446324251862565,37.83515585236088
Calle Padre Francisco Giron,Higuera de la Sierra,-6.449024999603834,37.839592000270784
Calle Antonio Heredia,Aljaraque,-7.003739999988562,37.27663199978764
Plaza Apolo,Punta Umbría,-6.971101085999919,37.19055929500007
Calle Aulaga,Palos de la Frontera,-6.91740000047829,37.2116159998154
Calle Congrio,Punta Umbría,-6.96470599999992,37.1810730000001
Calle Garrotín,Lepe,-7.183105000387265,37.223145999586784
Calle Pino,Aljaraque,-7.006103000583312,37.286773000242704
Calle Hermanos Pinzón,Palos de la Frontera,-6.843433000445275,37.14028099955079
Calle Odon Betanzos Palacios,Rociana del Condado,-6.598874999999907,37.30647400000004
Calle Lechuza,Punta Umbría,-7.04941999999994,37.215269
Calle López de Ayala,Ayamonte,-7.41815327455045,37.2560252427406
Calle Santa Ines,Rociana del Condado,-6.5940089999999145,37.31083600000005
Avenida Ntra Sra del Carmen,Ayamonte,-7.3407253634497085,37.191036406398766
Calle Encina,La Granada de Río-Tinto,-6.50916475799994,37.76852294100007
Barriada de la Cruz,Palos de la Frontera,-6.891335000596094,37.22276600042632
Calle Marea,Punta Umbría,-6.969588999999928,37.18492500000008
Calle Jesús y María,Valverde del Camino,-6.7522050004366845,37.57373399954495
Paraje La Vinagrera,Trigueros,-6.8645322787351,37.466331672784
Calle C (Las Minetas),Trigueros,-6.8556263786107,37.44615226026
Calle Orquídea,Aljaraque,-7.02264699997838,37.26491200008553
Calle Punta del Timón,Ayamonte,-7.36775800035037,37.189500000022
Plaza de la Constitución,Aljaraque,-7.02173236660794,37.2703781334363
Calle Animas Molino,Puebla de Guzmán,-7.2491829999999595,37.615623000000085
Calle Sol y Mar,Punta Umbría,-6.9645609999999465,37.17878700000006
Calle Murillo,Higuera de la Sierra,-6.44751046026947,37.8351970762801
Calle Ángel Márquez,Jabugo,-6.74922792918664,37.8936908622322
Calle Pablo Picasso,Lucena del Puerto,-6.72943799999996,37.3057200000001
Calle Sargo,Punta Umbría,-6.96508599999993,37.1818220000001
Calle Santa María,Punta Umbría,-6.971018999999956,37.180194000000085
Grupo C (Pirita),Puebla de Guzmán,-7.292887999999948,37.609714000000054
Calle Fuente,Los Marines,-6.622089999953419,37.90204699986933
Calle Isla de Enmedio,Punta Umbría,-6.9668499999999085,37.18391900000006
Calle Cuco,Punta Umbría,-6.96455099999991,37.183025
Camino Depósito Calabazares,Almonaster La Real,-6.7575150929956,37.861355332888
Calle Milagros,Lepe,-7.203701000272229,37.25605800015268
Calle Leandro Pérez,Minas de Riotinto,-6.589082000333974,37.6954960003402
Calle García Lorca,Minas de Riotinto,-6.591215454829353,37.692621731108034
Calle Blas Infante,Minas de Riotinto,-6.593010999857711,37.69263399965939
Calle Portugal,Minas de Riotinto,-6.583135000379912,37.71395800006172
Calle Corta Lago,Minas de Riotinto,-6.597240999772282,37.69076299971272
Calle Urraca Pastor,Minas de Riotinto,-6.581971999807877,37.71419200006079
Calle Pozo Alicia,Minas de Riotinto,-6.5996999998550905,37.692552000374576
Calle Pozo San Cristóbal,Minas de Riotinto,-6.595902000077217,37.69136999982567
Calle la Unión,Minas de Riotinto,-6.59493475043831,37.6927339880831
Calle Planes,Minas de Riotinto,-6.58753800017854,37.69017200033761
Calle el Calero,Minas de Riotinto,-6.594177999714873,37.69649299955233
Calle Rociana,Lepe,-7.209176000343153,37.250565000276886
Calle Guajiras,Lepe,-7.185125586296153,37.22573924538194
Avenida Ricardo Baroja,Minas de Riotinto,-6.596454000351798,37.6908480000352
Plaza José Domínguez Salas,Minas de Riotinto,-6.590732045847176,37.69164211219379
Calle Estero del Fraile,Lepe,-7.200805361586319,37.20853075259366
Calle de Levante,Lepe,-7.226966706266393,37.204994746171586
Calle Delfín,Lepe,-7.218202632190664,37.205624773044065
Calle los Cantaritos,Lepe,-7.19724600006384,37.2602799999853
Paseo de Levante,Lepe,-7.229772655399131,37.20694044840697
Calle Miguel Rodríguez,Lepe,-7.203153999948924,37.25252499966481
Calle Saeta,Lepe,-7.202895000722578,37.25354799978287
Calle Bote,Lepe,-7.216799000376143,37.209551999622356
Calle Gerona,Lepe,-7.19713399969881,37.2583959997079
Calle Hermanos Pinzón,Lepe,-7.198095000207365,37.2573500001705
Calle Punta del Moral,Lepe,-7.205426000072916,37.248418000067474
Calle Juan Carlos I,Lepe,-7.210826393816665,37.206473771306804
Parque de la Coronación,Lepe,-7.208668413455726,37.25589880384235
Calle Pío XII,Lepe,-7.198867247857874,37.253223426684116
Calle Azorín,Lepe,-7.201102999893319,37.25905399964497
Calle el Piorno,Lepe,-7.211863999982155,37.25415099985448
Calle de los Álamos,Lepe,-7.209268000173737,37.257149000287676
Calle Verdolaga,Lepe,-7.215493873746115,37.222086007896365
Calle los Cruces,Lepe,-7.201613000493999,37.25009400011519
Calle Cádiz,Lepe,-7.19962900071285,37.2518169996739
Plaza Clara Campoamor,Lepe,-7.216157972316126,37.207011665071455
Calle Martinetes,Lepe,-7.182972221379413,37.22620488212988
Calle Tientos,Lepe,-7.183263000566116,37.22649699971468
Calle Perejil,Lepe,-7.212763000014646,37.22531700034786
Calle Tona,Lepe,-7.1852196461951925,37.22346071792295
Plaza Huerta del Pozo,Lepe,-7.203622654982763,37.24919925291192
Calle Párroco Juan Manuel Vázquez,Lepe,-7.2261773868765,37.2066258097564
Calle Rosal de la Frontera,Lepe,-7.198095000682984,37.264643999628255
Plaza de los Sauces,Lepe,-7.209371258993498,37.25646609107267
Calle San Roque,Lepe,-7.2013529996024825,37.2545949996653
Calle Rosa de los Vientos,Lepe,-7.20581000029622,37.2077809997908
Calle Méndez Núñez,Lepe,-7.19930899981801,37.2514850001117
Calle Mayor,Lepe,-7.2014750002243,37.2527119998944
Calle Aljaraque,Lepe,-7.203073000096932,37.25102100001312
Calle Rubalcaba,Lepe,-7.208469999994891,37.25584099971342
Calle Taray,Lepe,-7.20496093861163,37.2576173929546
Calle Guadalhorce,Lepe,-7.20059500036832,37.25052100040444
Calle Alájar,Lepe,-7.207630844120232,37.25342877332806
Calle Traspalacios,Lepe,-7.20109900023578,37.2559299999496
Calle el Portil,Lepe,-7.20548300035957,37.2472020002222
Camino de la Dehesa Limpia,Lepe,-7.184593861180687,37.24900662411289
Carretera de Villanueva de los Castillejos,Lepe,-7.219064516606144,37.28525790187448
Calle Carmelo González Oria,Lepe,-7.19991600044923,37.254670000379676
Plaza de la Música,Lepe,-7.20889600023391,37.2615560000956
Avenida Río Frío,Lepe,-7.225956000621205,37.20889399981454
Calle Alonso Barba,Lepe,-7.2051400004302,37.2547549998834
Avenida de la Constitución,Lepe,-7.21612600341236,37.2545412347915
Calle Hernán Cortés,Lepe,-7.19730200015482,37.26006699966306
Avenida del Descubrimiento,Lepe,-7.197541000311464,37.264440999927615
Calleja Maricolilla,Cortelazor,-6.62458262382354,37.9353214257022
Calle Antonio González el Raya,Bollullos Par del Condado,-6.537688000001063,37.341659000362725
Calle San Antonio,Moguer,-6.83754139253829,37.272926800907
Camino de Bonares,Villarrasa,-6.5951503488244,37.350250543313
Polígono Industrial el Romo,Almonaster La Real,-6.79122500762639,37.874777073116
Plaza España,Campofrío,-6.573998999999958,37.764846000000034
Vereda de la Carne,Villarrasa,-6.630914323598,37.378275610454
Carretera de Aracena,Campofrío,-6.57274299999995,37.764908
Carretera de San Telmo,El Cerro de Andévalo,-6.944557999999915,37.734631000000036
Parque Hispanoamerica,Lucena del Puerto,-6.73299699999995,37.303615
Carril San Miguel,El Cerro de Andévalo,-6.881328999999937,37.72602400000005
Calle Cerro de los Embusteros,Minas de Riotinto,-6.5870090000652795,37.68822499958412
Plaza Arroyo del Pilar,Cartaya,-7.14944499999996,37.2821270000001
Camino La Zarza,Almonaster La Real,-6.84689799999995,37.7259240000001
Carretera HU-7102 Acceso a Calabazares,Almonaster La Real,-6.75985299999991,37.8639170000001
Camino el Champiñón,Valverde del Camino,-6.7831439759998,37.514271136652
Camino el Junco,Valverde del Camino,-6.77963880817933,37.5573616135766
Camino el Labiérnago,Valverde del Camino,-6.77718700886493,37.5588414524271
Plaza San Isidro Labrador,Huelva,-6.90597523071446,37.3147903065043
Camino el Búho,Valverde del Camino,-6.79215237936986,37.5348158759576
Calle Arquitecto Antonio Delgado Roig,Valverde del Camino,-6.75628500026876,37.5679529997728
Calle Rodeo,Puerto Moral,-6.47650399999992,37.8930230000001
Calle Águilas,Aroche,-6.951855999999907,37.94307400000008
Calle Águila Colinegra,Punta Umbría,-6.9548039999999105,37.174168000000066
Barriada Andalucía,Calañas,-6.8811882121363,37.650927373806
Urbanización Clara Campoamor,Calañas,-6.8790424888928,37.648105468508
Carretera HU-4102 Villarrasa a Rociana del Condado,Rociana del Condado,-6.6016083829999275,37.33905192800006
Calle Barrio Nuevo,Almonte,-6.51888800008797,37.2652640001707
Calle Maestra Ana Espina,Almonte,-6.52185600000124,37.2626320002273
Calle Algaida,Almonte,-6.51801933907978,37.2680051099186
Calle Pérez Embid,Almonte,-6.51191200041596,37.2628249996011
Calle Baltasar Tercero,Almonte,-6.48821244951694,37.133050739105
Calle Conde Cañete,Almonte,-6.51745900017336,37.2630180000238
Calle Maestro Francisco Delgado,Almonte,-6.52281600095615,37.2653989997082
Plaza del Acebrón,Almonte,-6.47997524110466,37.1354882729926
Calle Arroyo de Río Seco,Almonte,-6.52459999961584,37.2610690003162
Calle Unamuno,Almonte,-6.51547300026617,37.2633489998323
Calle Moguer,Almonte,-6.48532700055616,37.1312839994357
Calle la Cierva,Almonte,-6.5160830007333,37.2592489992343
Calle Cañalengua,Valverde del Camino,-6.74618199983243,37.5745189996796
Calle Cartero Andrés Sánchez García,Isla Cristina,-7.2721395945662,37.221265015141
Calle Camino Viejo Sevilla,La Palma del Condado,-6.54399187099989,37.391293058
Calle Trashumantes,La Palma del Condado,-6.56074227599993,37.3901392550001
Calle Aracena,Arroyomolinos de León,-6.421755999999959,38.02190100000007
Calle Pedro Briso-Montano,Lepe,-7.22069800221341,37.2052845804562
Camino a la Redondela,Lepe,-7.22700626599062,37.241001451341
Parque Alcalde Juan Ceada Infantes,Huelva,-6.95873651772064,37.2588780055679
Calle Transversal 2 Calle Lepanto,Escacena del Campo,-6.38768500016247,37.4069630000426
Plaza de Sanchica,Huelva,-6.92836400029014,37.2596230003948
Urbanización Hacienda Golf Islantilla,Isla Cristina,-7.2356780538293,37.21747596890494
Calle Cruz del Hoyo,Almonaster La Real,-6.83023899999995,37.8849700000001
Travesía Castillo,Cabezas Rubias,-7.08828528617549,37.7243322064842
Calle Coso,Encinasola,-6.86992261713494,38.1380395153116
Calle Encina,Cortegana,-6.81776299999996,37.9148290000001
Calle Ebanistas,Valverde del Camino,-6.75807500018137,37.5724440004132
Camino La Florida,Valverde del Camino,-6.70377900021628,37.5234790001963
Avenida Andalucía,Beas,-6.7937990004883,37.4229340000298
Calle Narciso Monturiol,Ayamonte,-7.40241400025528,37.2230189998814
Paraje La Almagrilla,Beas,-6.86464599954628,37.4779049999907
Calle Pino,Ayamonte,-7.39805900070403,37.2178980000838
Paraje Fuente Rey,Beas,-6.789376000257224,37.41067400021287
Calle Camino de la Noria,Ayamonte,-7.4049650423778,37.218296010484
Calle Castilla,Ayamonte,-7.40422900051267,37.2196040003901
Calle Atocha,Valdelarco,-6.6837845564964,37.950515271563
Calle Francisco Reyes Asenjo,La Palma del Condado,-6.55227170099994,37.3810307900001
Calle Chica,Villanueva de los Castillejos,-7.27118299999995,37.498748
Calle Ingeniero Ernesto Deligny,Alosno,-7.11298899999991,37.5499810000001
Calle Malagón,Paymogo,-7.34248999999994,37.7400900000001
Paraje Helechal,Rociana del Condado,-6.6086929835636,37.290083447011
Calle Lirio,Hinojos,-6.39169299973202,37.2792920003257
Calle Marijata,Cartaya,-7.05376399999994,37.2121960000001
Paseo Clara Campoamor,Aroche,-6.94976314288734,37.9454041922639
Camino Alto de Villarrasa,Rociana del Condado,-6.60339646726487,37.3184649056215
Calle Alfonso XII,Huelva,-6.95046700035884,37.2541620001138
Calle Arrabal Mayor,Encinasola,-6.8701969841033765,38.134870927651406
Urbanización Canela Park,Ayamonte,-7.3735040875854665,37.17320726916997
Calle los Alcornoques,La Granada de Río-Tinto,-6.50974499999995,37.769163
Plaza el Chaparral,La Granada de Río-Tinto,-6.50762423469108,37.7684329415673
Grupo B (Valdelamusa),Cortegana,-6.88061399999992,37.7871600000001
Calle Gabriel Celaya,Almonte,-6.52866737806024,37.2627466963729
Calle la Noria,Los Marines,-6.62025299977593,37.9035920000709
Calle Federico García Lorca,Santa Olalla del Cala,-6.23058930667973,37.9055674505067
Calle Párroco José Lozano,Hinojos,-6.37609252944889,37.293342356154
Camino Padron del Valle,Beas,-6.788460000079873,37.42071600066685
Calle Sierra,Zufre,-6.34121297899992,37.833230315
Carretera Estación,Beas,-6.80319200047521,37.4228169998404
Paraje la Cruz de la Mujer,Rosal de la Frontera,-7.15602199999995,37.9777100000001
Calle Correos,Aljaraque,-6.99006608728013,37.2733025492726
Calle la Cuesta,Almonaster La Real,-6.8039201748332,37.891142466249
Camino la Inglesita,Valverde del Camino,-6.79583940873104,37.5154487188466
Sector Somormujo,Almonte,-6.5395915713003,36.992577406167
Carretera HU-4401 San Silvestre de Guzmán a Sanlucar de Guadiana,San Silvestre de Guzmán,-7.35222699999991,37.3957260000001
Trasera de Calle Pozo,Chucena,-6.39413499993017,37.3583829999756
Calle Miguel Hernández,Bollullos Par del Condado,-6.54192000000785,37.3362370003375
Camino la Palma,Chucena,-6.4330947011813,37.329822681814
Avenida Pintor José Caballero,Punta Umbría,-6.965616999999952,37.186191000000065
Calle Camping Aracena-Sierra,Aracena,-6.5200418741484,37.881276329938
Camino Callejón de Espadavacas Servidumbre,Paterna del Campo,-6.426256000014207,37.41417299978433
Calle el Águila,Lepe,-7.212611498913645,37.25379791347726
Calle Antonio Garelli,Isla Cristina,-7.3269629996952235,37.200928999568376
Avenida Portugal,San Bartolomé de la Torre,-7.10169199999996,37.444775
Calle Antonio Germán,Isla Cristina,-7.32181161730494,37.2011996847932
Calle Mora,La Zarza-Perrunal,-6.85481399999992,37.7158900000001
Calle Pescadería,Puebla de Guzmán,-7.24698199999995,37.6121560000001
Avenida Andalucía,Gibraleón,-6.96974199999994,37.37573800000007
Camino de San Antonio a del Lugar,Alosno,-7.101846999999907,37.57068200000003
Calle José Guzmán Vázquez,Paterna del Campo,-6.4071340004335555,37.415350000102606
Camino Viejo de Puebla de Guzmán,Alosno,-7.150809999999922,37.597203000000036
Callejón Lepe,San Silvestre de Guzmán,-7.34827599999994,37.387323
Calle Calleja del Agua,Cañaveral de León,-6.52767999983193,38.0128280004121
Carretera HU-5101 Calañas al Cerro de Andevalo,Calañas,-6.874866999999938,37.66799200000008
Calle B (Dehesa Paniajo),Trigueros,-6.8392639962245,37.430827291272
Trasera Calle Castillo,El Granado,-7.415961222166251,37.52137078400215
Plaza Santa Bárbara,Almonaster La Real,-6.671120999999914,37.77756300000004
Calle Callejón de Tío José Luis,Rosal de la Frontera,-7.21880264700946,37.966216986783
Calle Bécquer,El Campillo,-6.62701299999992,37.6949890000001
Carretera H-9020,Calañas,-6.9504369999999085,37.52535700000004
Calle Panaderia,La Zarza-Perrunal,-6.86974099999992,37.708874
Calle San Luis,La Zarza-Perrunal,-6.85405299999991,37.7135850000001
Calle San Quintín,La Zarza-Perrunal,-6.85323199999993,37.7111190000001
Calle Saturno,La Zarza-Perrunal,-6.85514599999993,37.7147140000001
Calle Santa Lucía,La Zarza-Perrunal,-6.85468599999996,37.7161100000001
Calle Villarriba,La Zarza-Perrunal,-6.85818899999992,37.7144600000001
Calle Umbría,La Zarza-Perrunal,-6.85097299999995,37.7126220000001
Calle Zufre,La Zarza-Perrunal,-6.85654899999992,37.7143920000001
Grupo B (La Zarza),La Zarza-Perrunal,-6.85486899999995,37.711596
Calle Alcornocoso,La Zarza-Perrunal,-6.85356399999995,37.7132460000001
Calle Cerca,La Zarza-Perrunal,-6.85924399999993,37.7147520000001
Calle Alájar,La Zarza-Perrunal,-6.87017499999996,37.70948
Calle Alameda,La Zarza-Perrunal,-6.85298299999994,37.7138150000001
Calle Córdoba,La Zarza-Perrunal,-6.85983599999992,37.715945
Calle Cortegana,La Zarza-Perrunal,-6.86868699999991,37.7111620000001
Calle el Cerro,La Zarza-Perrunal,-6.86959199999995,37.7094890000001
Camino Barranco del Monacillo,La Zarza-Perrunal,-6.83065599999992,37.699711
Calle Dehesa,La Zarza-Perrunal,-6.85286299999996,37.712812
Calle Júpiter,La Zarza-Perrunal,-6.85382499999992,37.7131440000001
Calle Sagasta,La Zarza-Perrunal,-6.85535899999991,37.7150980000001
Calle San Dionisio,La Zarza-Perrunal,-6.85548399999993,37.7129840000001
Calle Madrid,La Zarza-Perrunal,-6.85891499999991,37.7157210000001
Calle Aurelia Melgarejo,Rosal de la Frontera,-7.22371399999992,37.9659940000001
Calle Sevilla,Paymogo,-7.34545475599992,37.7401605790001
Camino Cementerio,Cumbres Mayores,-6.64771097727969,38.0644891767343
Calle Arenal,Encinasola,-6.87619199976079,38.1376950003242
Camino Camino Fuente Nueva,Cumbres Mayores,-6.63419570476779,38.0622113261919
Calle Juan Ramón Jiménez,Cumbres Mayores,-6.64486513741601,38.0607953220467
Calle Pintor Mario León Ruiz,Aracena,-6.5679892366433,37.892305147565
Avenida de los Hermanos Maristas,Fuenteheridos,-6.66026399999993,37.9046020000001
Calle el Puertecillo,Almonaster La Real,-6.74887299999995,37.862356
Calle Fray Juan de Palos,Palos de la Frontera,-6.88465400058165,37.2249769998378
Calle Olivo,Los Marines,-6.62321699976458,37.9038789998161
Calle Colonia del Príncipe,Palos de la Frontera,-6.88959900015081,37.2215180000921
Calle Roldána,Moguer,-6.836533999919181,37.27243599980935
Calle Poseidón,Huelva,-6.90607850562218,37.3148980326339
Camino del Alcorquillo,San Bartolomé de la Torre,-7.095063,37.408936
Calle Emilia Pardo Bazán,San Bartolomé de la Torre,-7.09933399999994,37.4465180000001
Avenida Conquistadores,Moguer,-6.79673300060193,37.1261790002691
Calle Chopo,Cartaya,-7.15977999999996,37.284207
Avenida el Rompido,Cartaya,-7.14605324799993,37.2801829100001
Avenida Picos de Europa,Aljaraque,-7.00345916943235,37.2891040242286
Calle Alto de las Niñas,Almonte,-6.51037799973106,37.256972000268
Bulevar del Ferrocarril,Aljaraque,-6.99138200716874,37.2813897366781
Calle Malvasía,Lepe,-7.209502999816476,37.20898100045265
Plaza Juan Carlos I,Palos de la Frontera,-6.89187971259128,37.2287301135406
Calle Fernán Núñez,Cartaya,-7.112248999999906,37.222345000000075
Calle María de Zayas,Trigueros,-6.83987603399981,37.3877476970001
Paraje el Cañaveral,El Campillo,-6.6687111637623,37.702087953718
Calle Sotiel,La Zarza-Perrunal,-6.87318499999992,37.710718
Calle Carlos Cano,Cartaya,-7.15821581299574,37.2837903208975
Calle Jacinto Ramírez,Beas,-6.7920619997046385,37.426626000312694
Calle Rosal,Linares de la Sierra,-6.622556999905412,37.87979699993174
Carretera Camino de Monteluna,Cartaya,-7.167818999999952,37.29127900000009
Carretera HU-4101 de HU-3106 a Candón,Niebla,-6.7048970000963015,37.44310500029573
Calle Virgen de Andévalo,El Cerro de Andévalo,-6.94013399999994,37.7340600000001
Urbanización Chalet la Ribera,Cartaya,-7.16067399999991,37.2770950000001
Calle Olivar,Aracena,-6.49275626169198,37.8669667680021
Plaza San Sebastián,Cañaveral de León,-6.5280719999227195,38.01448600042875
Calle Cárcelera,Huelva,-6.935355594193735,37.26352500896769
Travesía San Sebastián,Villablanca,-7.340272999999911,37.30353700000006
Glorieta de los Maríneros,Huelva,-6.939348000570183,37.26298100027006
Calle Joaquín Turina,Valverde del Camino,-6.76229999959722,37.5741459997324
Grupo N (Valdelamusa),Cortegana,-6.87866099999991,37.7883760000001
Calle San Sebastián,Ayamonte,-7.405484000217974,37.2219700002215
Calle Sebastián Santos,Higuera de la Sierra,-6.44940299994837,37.839463999764
Camino de Servidumbre de la Cantera de Mármol,Aroche,-6.962452999999925,37.93451900000008
Plaza Virgen de Guía,La Palma del Condado,-6.559362745999977,37.38851368300004
Camino de Paymogo a Cañada de la Frontera,Paymogo,-7.28129399999995,37.8186710000001
Camino de los Peros,Paymogo,-7.29720099999992,37.7414170000001
Paraje el Puerto - Raboconejo (Pol 40 - Par 171),Niebla,-6.68605700003032,37.4848920000659
Camino Vereda del Almendro,Paterna del Campo,-6.372404999690805,37.463225000033866
Calle Marismas Puntal de la Marina,Huelva,-6.94880879868033,37.2819079753154
Carretera HU-8114 N-435 a la N-433 (Por el Castaño de Robledo y Fuenteheridos),Castaño del Robledo,-6.711224999999956,37.894341000000054
Calle Sierra de Aracena,Aljaraque,-7.00239117105976,37.2945769391066
Calle Carmen de Burgos,San Bartolomé de la Torre,-7.10296569441691,37.4441894812296
Camino de Comeuñas,Gibraleón,-6.8936103571766,37.392267137361
Calle Boleta,Aracena,-6.56011570057894,37.8906222059502
Plaza de los Poetas Andaluces,Villarrasa,-6.6091354338456,37.387310782633
Camino Lavadero,Calañas,-6.879193999999927,37.64889500000004
Paraje Sequillo,Almonte,-6.5364610474443,37.26270595921
Paraje Valle Enamorados,Cartaya,-7.13122998099993,37.3025965160001
Camino de San Bartolomé de la Torre,Cartaya,-7.22184837799995,37.3949964380001
Camino del Prado,Isla Cristina,-7.3039793518299,37.228757956
Paraje el Romeral,Trigueros,-6.8504529111955,37.41435823347
Calle Salvador Allende,Huelva,-6.930850806878983,37.282385760278444
Calle Alonso Soltero,Gibraleón,-6.96391199999994,37.376585
Calle Cruz Chiquita,Chucena,-6.39159000037809,37.364541999813575
Calle Rábida,San Juan del Puerto,-6.83487399999996,37.315723
Calle Balandro,Lepe,-7.2146880000973,37.2081389996595
Prolongación Mar Prolong,Aroche,-6.954425999999955,37.94106300000004
Calle Gavilán,Punta Umbría,-7.04908902879376,37.2161670510669
Parque Francisco Rocataliata,Huelva,-6.9564008264123,37.269316795677
Grupo D (Valdelamusa),Cortegana,-6.88112299999995,37.7875050000001
Calle Alcalde Ruiz Cuñales,Nerva,-6.550930811819315,37.69527704239541
Calle Tórtola,Trigueros,-6.837627797999971,37.380763960000024
Travesía Concordia,Valverde del Camino,-6.748763999793903,37.56657899979712
Plaza Rábida,Niebla,-6.681991999630923,37.36147999980237
Calle Carretera,Almonaster La Real,-6.787945,37.873649
Calle Virgen de los Dolores,San Juan del Puerto,-6.83813912116365,37.317581906403
Calle Abadesa Inés Enrique,Moguer,-6.83886700039931,37.2714090003569
Paraje el Combón,Almonte,-6.5270795946653,37.280553467633
Barriada Clara Campoamor,Cala,-6.31285099999991,37.9685220000001
Plaza de la Concordia,Paterna del Campo,-6.40443215536417,37.4184686813601
Paraje la Mimbrera,El Campillo,-6.67987799999992,37.71344
Carretera HU-5104 N-435 a Berrocal,Berrocal,-6.548335999999949,37.597049000000084
Grupo V (Valdelamusa),Cortegana,-6.8800840021285,37.788483586582
Urbanización los Cerros,Lepe,-7.2297553157883,37.2107619924007
Calle Caminantes,Chucena,-6.39203432,37.36581103
Camino los Moriscos,Cala,-6.30883899999992,37.9654550000001
Avenida Constitución,Cala,-6.31277327301389,37.9693101872638
Plaza Casablanca,Lepe,-7.237079148104758,37.278679308042285
Grupo P (Valdelamusa),Cortegana,-6.87850899999995,37.7886560000001
Calle Sevilla,Huelva,-6.95225600059989,37.253556999845
Calle Panamá,Palos de la Frontera,-6.88578699997183,37.2233010002953
Calle Grulla,Huelva,-6.950800146586431,37.27603033541633
Calle Ulises,Huelva,-6.90742058249965,37.3156907995818
Calle Santa Bárbara de Casa,Huelva,-6.9280919964445,37.270404923321
Calle Juan Carlos I,Manzanilla,-6.43856300008227,37.3884889997676
Grupo Romero Villa,Minas de Riotinto,-6.596468000098071,37.69209199984596
Calle Madroñal,Aljaraque,-6.98922414300158,37.27222048671229
Sector Enea,Almonte,-6.5544692078755,37.004656327242
Avenida Donantes de Sangre,La Palma del Condado,-6.55091299599997,37.3900531200001
Urbanización las Lomas de Islantilla II,Lepe,-7.2256467478982,37.211272268432
Avenida de Andalucía,Lepe,-7.19665100060991,37.2559510003926
Calle Santa María,San Juan del Puerto,-6.83757899999995,37.3142700000001
Calle Callejón,Aracena,-6.60059699985155,37.9374779997101
Paraje Puerto de la Viga (Pol 12 - Par 26),El Campillo,-6.6410927950338,37.69784761323
Calle San Antonio Abad,Trigueros,-6.83622893299986,37.38373162
Calle Alcalde Diego Pérez García,Rociana del Condado,-6.60326109403016,37.3094694815725
Calle las Colonias,San Bartolomé de la Torre,-7.10161199999993,37.4453770000001
Calle Pablo Neruda,San Juan del Puerto,-6.84573599999993,37.3174660000001
Calle Claveles,Moguer,-6.83600829745324,37.2796209562391
Camino de Puyos y Pompas,Rociana del Condado,-6.614787588843,37.3089418035
Calle Puebla de Guzmán,Alosno,-7.11918299999991,37.5510840000001
Calle Nueva,Chucena,-6.393445999633,37.3596249996942
Calle Huerta del Marqués,Moguer,-6.8420790010075505,37.27319399992807
Calleja de la Escuela,Villanueva de las Cruces,-7.02459899999991,37.6283270000001
Calle Delgado Hernández,Bollullos Par del Condado,-6.53491900001167,37.3376220003552
Calle Mulhacén,Aljaraque,-6.9982983205031,37.281996501187
Paraje Higuera María,Beas,-6.80310100004943,37.4399240002765
Camino de Sevilla,Trigueros,-6.79885285139862,37.37902787312
Calle Rábida,Campofrío,-6.578223999999921,37.76614200000006
Calle Rábida,Lepe,-7.201576000311974,37.25919200032679
Urbanización Residencial Marina Esuri - Manzana II,Ayamonte,-7.4166924264966,37.257994534529
Urbanización Residencial Marina Esuri - Manzana VI,Ayamonte,-7.4197555738334,37.257135066737
Calle Travesia Marina Española,Santa Olalla del Cala,-6.223096842999951,37.90718345600004
Calle Marina,Huelva,-6.95606899986055,37.2561369996572
Plaza del Arriero,Almonte,-6.485692666869181,37.133483308076116
Calle Cristóbal Colón,Gibraleón,-6.96747399999992,37.3774280000001
Calle Velázquez,Gibraleón,-6.97237999999993,37.3786390000001
Calle Francia,Palos de la Frontera,-6.892742051746225,37.226263719325985
Avenida Europa,Palos de la Frontera,-6.894450557055,37.225399399177
Calle Santa María de la Blanca,Villablanca,-7.34018499999991,37.3030630000001
Calle Avefría,Aljaraque,-7.03165437194466,37.2641873706809
Urbanización Jardines de la Rábida Fase I,Palos de la Frontera,-6.9174730467875,37.210804069339
Calle Azucena,Cartaya,-7.14899693699994,37.2870916700001
Calle Lepe,La Palma del Condado,-6.55982155799995,37.3868423700001
Calle Madroño,Cortegana,-6.81965599999995,37.9156360000001
Calle San José,Beas,-6.79160400016456,37.4257839997857
Calle Mis Abuelos,Jabugo,-6.73000175799996,37.917890335
Calle Barco,Isla Cristina,-7.32994899984879,37.1948149996454
Calle Arrumbadores,La Palma del Condado,-6.55853489924327,37.3850820777641
Calle Padre Marchena,Palos de la Frontera,-6.89301300019229,37.2291699996788
Calle Cala,Huelva,-6.95454600048531,37.2601780002795
Prolongación Feria Prolongacion,Alosno,-7.116739999999936,37.54665300000005
Calle Flamenco,Aljaraque,-7.029987322329052,37.26538709639682
Calle Daniel Vázquez Díaz,Moguer,-6.8354739569926,37.277994946576
Calle Arquitecto Alejandro Herrero,Huelva,-6.946732,37.266254
Calle Lepe,Villanueva de los Castillejos,-7.27177099999994,37.4985800000001
Calle Ejidos,Aljaraque,-7.02565200007522,37.269595999989
Calle Francisco Gómez,Fuenteheridos,-6.6611432144413,37.904745370571
Avenida de Huelva,La Palma del Condado,-6.56624334799989,37.3894371490001
Calle Martín Alonso Pinzón,La Palma del Condado,-6.55528033,37.39045612
Calle Calma,Cartaya,-7.15537699999993,37.286437
Plaza Isla del Hierro,Huelva,-6.93997880436538,37.2667838435086
Calle Colón,Bollullos Par del Condado,-6.5389810002728,37.336668000428
Calle Santa Eulalia,Santa Olalla del Cala,-6.2243989999999485,37.90646700000008
Calle Mateo Alemán,Huelva,-6.93644400033403,37.2698960002817
Calle Larga,Bonares,-6.68074499948988,37.3228560001494
Camino de la Calzadilla,Palos de la Frontera,-6.903046321668625,37.230202816390175
Calle Colón,Lepe,-7.2020800001391,37.2578389998636
Calle Camino de la Dehesa de la Casa Nueva,Beas,-6.79740300022343,37.4423489997593
Calle Rocío Jurado,Lepe,-7.21023993047127,37.2535982346139
Calle Padre Gómez,Moguer,-6.83674100011934,37.2736550002442
Calle Galdames,Ayamonte,-7.40396600026706,37.2249439996098
Calle Riotinto,Ayamonte,-7.40544700045253,37.2069029998135
Calle Reverendo Sacerdote D. Alejandro Cano,Punta Umbría,-6.95616115422606,37.1784331670392
Calle Blas Infante,Valverde del Camino,-6.76139400038949,37.5780049997318
Calle Maestro Fernando Roldán Romero,Niebla,-6.68115100041816,37.367057999827
Calle Aparición,Villarrasa,-6.60979599958559,37.3885869997904
Calle Constitución,Alájar,-6.6662987005727,37.874111168366
Camino Padrón del Pinar de Cadena,Rociana del Condado,-6.5842186249406,37.311952009059
Calle Calamar,Isla Cristina,-7.24855831,37.20817979
Calle Juan Ramón Jiménez,Gibraleón,-6.96368999999993,37.3779860000001
Camino la Chaparrera,Gibraleón,-6.93620788902981,37.4015888016085
Calle Gladiolo,Aljaraque,-7.02750499964212,37.265915999809
Parque de las Oblatas,Huelva,-6.9439184452629,37.278739727906
Calle Valle,Aracena,-6.5622801484385,37.891695247885
Calle las Carretas,Moguer,-6.83286799989276,37.2714169994646
Camino de Bollullos Par del Condado,Niebla,-6.66840800002896,37.36340000021001
Camino de la Higuerita,Lepe,-7.23299565666634,37.2272515232958
Camino Niebla,Villarrasa,-6.6140342116921,37.383297877515
Calle Felipe Hidalgo,Ayamonte,-7.40486088316626,37.2144842847947
Calle María Luisa Díaz Santos,Ayamonte,-7.40227043416696,37.2057361512504
Calle San Antonio,Ayamonte,-7.40717819442605,37.2167687026972
Calle Trainera,Ayamonte,-7.34344600063767,37.189655999823
Calle Barlovento,Ayamonte,-7.4052680004728,37.2006609995836
Camino la Pedrosa,La Palma del Condado,-6.55139324099997,37.3618635950002
Calle Doctor Fleming,Almonte,-6.5226340004998,37.261723000111
Camino Molino Nuevo,La Palma del Condado,-6.5630100757243,37.398584640721
Calle la Rábida,Rosal de la Frontera,-7.22196599999995,37.965472
Calle Colón,Alájar,-6.6639694439929,37.87303243694
Camino del Puntal,Cartaya,-7.16890406799996,37.2785160050001
Calle Sierra Nevada,Almonte,-6.50923157963004,37.2522254133983
Camino de la Veredilla,Villalba del Alcor,-6.47662800040105,37.38150000055455
Camino de Buenos,Villalba del Alcor,-6.494051000340812,37.403503999445036
Urbanización Dunas del Portil,Punta Umbría,-7.0516857382834,37.214053131486
Solar Pp2 el Lirio Rb4,Bollullos Par del Condado,-6.5424569995907,37.3499369998928
Avenida del Lavadero,El Almendro,-7.26858281499995,37.5101283830001
Calle E (P.I. Cantalgallo),Aracena,-6.5712847475463,37.896847012497
Calle Manijeros,Lepe,-7.196542000250396,37.250302000012674
Calle Alonso de Ojeda,Huelva,-6.95922200014516,37.2656099997238
Calle Cerco,Huelva,-6.95861923390958,37.267598079748
Calle D (Polígono Industrial la Estación),Cartaya,-7.14319199999994,37.2898200000001
Carretera Camino de la Guijarrosa,Cartaya,-7.12275149147111,37.2886398641559
Calle C (Polígono Industrial Fortiz),Huelva,-6.8979110003508,37.2915730003558
Polígono Industrial Tartessos,Huelva,-6.86471891706957,37.310726276411
Calle Molino de Viento,Calañas,-6.88156899999996,37.6535010000001
Calle Maestra Concepción Martínez,Aljaraque,-6.9882438478845,37.2790517083072
Camino Viejo a Cortegana,Aroche,-6.88028199999991,37.9352610000001
Paseo Arias Montano,Fuenteheridos,-6.6607017638157,37.903791289969
Avenida Alcalde Narciso Martín Navarro,Ayamonte,-7.400626355351045,37.20100865474263
Paraje el Judío,Almonte,-6.50229513174948,37.2520157184173
Plaza del Fuego,Huelva,-6.93924249193256,37.266340165652
Camino Padron de la Joya,Beas,-6.772466000379715,37.42933700026524
Paraje Arroyo de la Jara,Beas,-6.799000999901119,37.42510299992388
Camino de la Lobera,Beas,-6.780091000229017,37.44099599986444
Camino de Santa María,Bonares,-6.672188999970798,37.319487999476856
Camino Vereda de Carne,Beas,-6.7767190004705915,37.427870000399466
Camino de las Mirandillas,Beas,-6.785186000394307,37.401515000131795
Calle Medano,Moguer,-6.81154069460263,37.1317204072579
Camino Vereda de Valdegrana,Bonares,-6.673382999741617,37.33037099981384
Paraje las Moreras,Gibraleón,-7.0310725811186,37.242860965038
Calle Nueva,Santa Bárbara de Casa,-7.189442999594554,37.796814999812575
Calle las Flores,Almonaster La Real,-6.81212799999992,37.8890180000001
Camino del Romeral,Bonares,-6.685278999993393,37.310997000078004
Calle Santa Cruz de Tenerife,Moguer,-6.839841999819762,37.278462999810564
Calle Mastil,Moguer,-6.831969000041493,37.1385569997058
Calle Almenara,Moguer,-6.81198246458955,37.1318793129763
Calle María Teresa León,Moguer,-6.82104317327058,37.1343053011831
Calle Góndola,Moguer,-6.82954667702567,37.135659443638
Calle Cabeza de Buey,Villanueva de los Castillejos,-7.269501,37.504185
Calle Miguel Redondo González,Punta Umbría,-6.97146199999992,37.1928370000001
Barriada Ituci,Escacena del Campo,-6.3896639304384,37.407345914364
Calle San Juan,Lepe,-7.205519999975949,37.25833599990162
Pasaje Palo Dulce,Gibraleón,-6.96789999999993,37.375166
Calle Madroñal,Alosno,-7.121555999999941,37.599410000000034
Calle Verderón,Lepe,-7.20268200052387,37.2599669997187
Plaza Vela Mayor,Lepe,-7.19789060896845,37.2625916591422
Camino la Zarza,Valverde del Camino,-6.77908453870879,37.5584577798614
Calle Águila Pescadora,Huelva,-6.950800146586431,37.27603033541633
Calle Jesús Vázquez Muñoz,Santa Olalla del Cala,-6.22879199999994,37.9086060000001
Calle Amazonas,Huelva,-6.94553000052346,37.2809269999993
Calle Doña Manuela Garrido,Aroche,-6.9517911939899,37.943951474001
Aldea Aguafría,Almonaster La Real,-6.73815299999995,37.8851010000001
Calle Pedro Alvarado,Cartaya,-7.06357018337459,37.216936991004
Calle Paso del Romero,Almonaster La Real,-6.73945999999995,37.8851250000001
Carretera A-5050 de A-5051 a Punta Umbría,Punta Umbría,-7.0144581109999535,37.202385339000045
Calle San Matías,Villanueva de los Castillejos,-7.27005436230701,37.5003483457988
Calle Zenobia Camprubí,Moguer,-6.84240099965493,37.2771929997066
Calle Callejón del Cisco,Villanueva de los Castillejos,-7.271313999999961,37.50406600000008
Calle Charco Frío,Escacena del Campo,-6.38601799973073,37.4089829996659
Calle Antigua C de Tejada,Escacena del Campo,-6.38993544797625,37.4117721350627
Avenida de las Rosas,Lepe,-7.195051999702163,37.26043300045753
Carretera HU-4105 Rociana a Niebla,Rociana del Condado,-6.624524815999905,37.32882122400008
Camino del Barreduelo,Paterna del Campo,-6.569268000317806,37.5246560000745
Calle del Cura,Berrocal,-6.54263510306312,37.6085681730832
Calle Narciso Yepes,San Juan del Puerto,-6.84835387,37.31407292
Carretera al Madroño,Berrocal,-6.54030571409906,37.6094492491063
Calle Colón,Berrocal,-6.54238393299994,37.6085074280001
Calle Salvador Dalí,San Juan del Puerto,-6.84873313174719,37.3114514703928
Calle Miramar,San Juan del Puerto,-6.84020399999991,37.3128500000001
Calle Trasera Calle Peñas,Puebla de Guzmán,-7.24766699999992,37.6112870000001
Calle Virgen del Socorro,Beas,-6.77422400001848,37.402661424235
Urbanización los Centenales,Hinojos,-6.38805300004573,37.2848860001889
Camino de San Benito del Álamo,Beas,-6.77160357501689,37.4008355678061
Plaza de Aripata,Beas,-6.7961914700099,37.423644224973
Transversal Concepción Rodríguez Garzón,Huelva,-6.93917014078295,37.267764945462
Calle Penélope,Huelva,-6.9067760002015,37.3158729997088
Calle Labranza,Huelva,-6.89752067,37.310127
Plaza de la Amistad,Aracena,-6.58083000020421,37.9372299999647
Calle Corta (Castañuelos),Aracena,-6.58127893952806,37.9364695517087
Calle Virgen de Luna,Escacena del Campo,-6.3902492087542,37.410527006736
Calle Esteros,Punta Umbría,-6.973806999999908,37.181602000000055
Calle Reina de los Ángeles,Alájar,-6.66147099990908,37.8745260002611
Calle José Hernández,Aljaraque,-7.02545800020625,37.2697089997945
Calle Nueva,El Almendro,-7.26913825199995,37.5052894990001
Calle Saucita,Aljaraque,-6.98906099967562,37.272796000257
Aldea Calabazares,Almonaster La Real,-6.7528415952882,37.860863662726
Aldea los Molares,Almonaster La Real,-6.7542420185192,37.8728606851724
Avenida San Antonio,Huelva,-6.9450969997004,37.265796000197
Calle Rábida,Villablanca,-7.34371599999992,37.3017580000001
Calle Manuel Zamora,Villablanca,-7.33965599999993,37.3015730000001
Calle Limonero,Almonaster La Real,-6.7042187159485,37.802891428053
Calle San Ramón,Huelva,-6.93653300013775,37.2612809997592
Calle Camino de la Herradura,Almonaster La Real,-6.75386699999996,37.874129
Calle Camino de Valdezufre,Aracena,-6.51528400015634,37.8596079997096
Calle Tomillo,Almonaster La Real,-6.70254199999994,37.80318407589
Calle Nogal,Almonaster La Real,-6.70488900014768,37.8016649998457
Calle Brezo,Almonaster La Real,-6.7038110802727,37.801798990434
Avenida de Andalucía,Almonaster La Real,-6.70269499999995,37.8025890000001
Trasera Juan Ramón Jiménez,Manzanilla,-6.43662662571804,37.3885274655703
Camino de las Minas,Santa Olalla del Cala,-6.244668947745667,37.90003801752941
Calle Juanita Cruz,Aljaraque,-7.02617365687814,37.2714552729807
Avenida Ruiseñores,Bonares,-6.686700000091651,37.320382000602
Plaza Augusto,Nerva,-6.545694000218117,37.69697400052618
Paraje Salto del Lobo,Calañas,-6.97987665133806,37.6107311036638
Camino de la Rábida,Palos de la Frontera,-6.909296705689083,37.21493211751371
Polígono San Jorge I,Palos de la Frontera,-6.879373000399113,37.22033099957527
Calle Carretera (Pozo del Camino),Ayamonte,-7.318155000005471,37.22233599968301
Calle la Rioja,Ayamonte,-7.407791999793462,37.22716300015037
Camino de la Palma del Condado,Villalba del Alcor,-6.525534999857277,37.45919299983932
Senda de Garza,Almonte,-6.53830736443143,36.9896106940922
Callejón de Servicio,Almonte,-6.48506467360018,37.1397055641089
Camino de la Tia Teresa,Bonares,-6.673393000153348,37.32872900009393
Carretera HU-3108 A-486 a Bonares,Bonares,-6.662340999514048,37.310931999574464
Plaza Sor Carmen,Ayamonte,-7.404591600111627,37.22307182468598
Camino Manzanilla,Villalba del Alcor,-6.445443000290662,37.363605999730574
Calle Marco Aurelio,Nerva,-6.548302000214681,37.696033999544326
Calle Peña de Hierro,Nerva,-6.548553107706218,37.701287729542564
Camino de la Majada Honda,Villalba del Alcor,-6.4962450001832215,37.36791900006885
Calle Laguna del Guijarrillo,Moguer,-6.822316566746814,37.13273225914828
Camino de Gibraleón,Aljaraque,-7.024815968742193,37.28307370295225
Camino del Canal,Aljaraque,-7.05669134943164,37.271581918544776
Camino Real Colada,Beas,-6.815954000441194,37.43918399992111
Calle Alcaudon,Ayamonte,-7.36881655214893,37.173731747793504
Camino de la Peña,Nerva,-6.5707420001959855,37.732627000312995
Camino a Campofrío,Nerva,-6.576505000144775,37.734688000122404
Camino de la Vaquilla,Nerva,-6.525484000384221,37.70217599998592
Ronda Juan Carlos I,Almonte,-6.54542000032993,36.9981989991998
Avenida de la Estación,Aljaraque,-6.988151000118824,37.27809500019231
Camino de los Carboneros,Villalba del Alcor,-6.511017000581672,37.42199399987756
Camino de las Cañadas,Villalba del Alcor,-6.48642999967769,37.38775900008262
Camino de los Montes Blancos,Villalba del Alcor,-6.489761000220677,37.350194000475305
Calle Hernando de Soto,Palos de la Frontera,-6.82635300299107,37.1327819990177
Calle la Zarza,Aljaraque,-6.99442399972348,37.267865000290946
Polígono San Jorge F,Palos de la Frontera,-6.8838386776292,37.223008810063
Camino Cañada de Rosado,Palos de la Frontera,-6.897569372414215,37.21318280484127
Plaza España,Palos de la Frontera,-6.895164189577865,37.228078397676505
Calle Curtidores,Valverde del Camino,-6.75631100062237,37.5702200003003
Calle Jerez,Encinasola,-6.87080102364816,38.1391680970302
Carretera HU-8110 Aceso Sur a la Nava,La Nava,-6.74576716981885,37.9585153250224
Calle Camino Real de la Villa,Ayamonte,-7.40359600052109,37.2238340000675
Calle Colibrí,Bonares,-6.68480069,37.31889538
Calle Coquina,Cartaya,-7.12473174,37.22054871
Calle Balsa,Cartaya,-7.14578199999994,37.2851850000001
,Cartaya,-7.1458359545447,37.286057468415
Avenida Santa Cruz de Arriba,Rociana del Condado,-6.59252699999996,37.308203
Calle Cormorán,Ayamonte,-7.3845725287132655,37.19146238340095
Calle Maestra María Mena Labadía,Lepe,-7.20970224290471,37.2627950998213
,Palos de la Frontera,-6.8535061914652,37.146919503062
Calle Pablo Sarasate,Lepe,-7.210261803077133,37.26217418183466
Plaza Ciudad de Lagoa,Lepe,-7.20948715,37.26211448
Avenida Calancha,Rociana del Condado,-6.60246438202775,37.3076950740439
Calle Nuestro Padre Jesús Nazareno,Rociana del Condado,-6.59739099999996,37.3083770000001
Camino de Helechos,Beas,-6.7827530006668875,37.428430999811454
Camino Viejo de Aracena,Cañaveral de León,-6.5176988824206,37.9971470513661
Vía Verde del Guadiana. Antiguo Ferrocarril Minero de las Herrerías al Puerto de la Laja,El Granado,-7.43701299999992,37.5390990000001
Camino de Alosno a Trigueros,Gibraleón,-6.8739393496553,37.416098804419
Glorieta Alcalde Antonio Naranjo Ortega,Hinojos,-6.37331377343973,37.2926918852072
Carretera HU-8112 Jabugo a Puerto de la Cruz,Jabugo,-6.74067599999995,37.924447
Carretera A-479 de Aracena a Campofrío,Aracena,-6.57250878338703,37.8378627278063
Carretera A-492 de Huelva a la N-431 por Aljaraque,Gibraleón,-7.05678099999994,37.304647
Carretera HU-7400 Paymogo a la Frontera con Portugal,Paymogo,-7.35730299999994,37.742822
Avenida de Portugal,Alosno,-7.12492699999996,37.601993
Acceso Carretera N-435 de Huelva a Zafra,Jabugo,-6.72491099999991,37.914652
Carretera HU-8122 los Marines a Cortelazor,Los Marines,-6.6187722907314,37.908018709263
Calle H,Lepe,-7.19926672,37.26399563
Carretera A-496 de Valverde del Camino a Cabezas Rubias,Cabezas Rubias,-7.0889236628489,37.729667594263
Calle Luis García Gallego,Lepe,-7.20440386052761,37.2664301938902
Carretera A-5076 Acceso a la Antilla desde la N-431,Lepe,-7.23313801592189,37.2460856220665
Camino de San Nicolás,Villalba del Alcor,-6.507655000057063,37.38941600027592
Paraje Cañada Ternero,Beas,-6.8042960005856,37.4827960000172
Camino de Aracena,Santa Olalla del Cala,-6.27995399999992,37.8784350000001
Carretera A-461 de Santa Olalla de Cala a Zalamea la Real,La Granada de Río-Tinto,-6.49369499999995,37.7766000000001
Carretera A-461 de Santa Olalla de Cala a Zalamea la Real,Nerva,-6.5833784118116,37.728586703008
Carretera HU-8126 Aracena a Carboneras,Aracena,-6.5508210797376,37.91002282807
Calle República de Cuba,Huelva,-6.93788546976327,37.258371378979
Carretera A-479 de Aracena a Campofrío,Campofrío,-6.558516983999937,37.78849553400005
Calle República Dominicana,Huelva,-6.93780800054816,37.2580970002249
Calle Ismael Serrano,Huelva,-6.94033800041872,37.2571339998134
Camino de Ficalho,Rosal de la Frontera,-7.24027099999995,37.962247
Calle Fermín Requena,Higuera de la Sierra,-6.44826712742584,37.8372002406987
Carretera N-435 de Huelva a Zafra,Jabugo,-6.73933925179622,37.8909479700223
Complejo Camping Arrayán,Hinojos,-6.38200499993061,37.2428630003274
Carretera HU-8113 N-433 a la N-435 por la China,La Nava,-6.72640781306996,37.9331385136317
Calle del Olivo,Higuera de la Sierra,-6.44630700016774,37.8390030000886
Calle Rafael Alberti,La Palma del Condado,-6.55888887099997,37.3890869950001
Calle Estrella de Oriente,Higuera de la Sierra,-6.44575191584057,37.836330335915
Polígono Cuesta de la Pila,Moguer,-6.8311611482165,37.291164711168
Carretera A-472 de Sanlúcar la Mayor a San Juan del Puerto,Niebla,-6.7510816536381,37.333870377472
Camino del Perú,Bollullos Par del Condado,-6.5536586708181,37.353211851754
Calle la Cañá,Hinojales,-6.59169321606893,38.0087784665532
Plaza el Pastorcito,Ayamonte,-7.4065714976072,37.214022413174
Calle Cruz,Cortegana,-6.82003562023255,37.9118166202327
Barriada Jesús del Gran Poder,Isla Cristina,-7.3150625730605,37.200415112784
Avenida de los Pinares,Lepe,-7.21356959990148,37.2261180310679
Carretera HU-8128 N-433 a Cañaveral de León,Corteconcepción,-6.498929772154013,37.93446101978351
Travesía Bergantín,Ayamonte,-7.3427462474883844,37.190860755993135
Camino del Molino de la Aceña,Palos de la Frontera,-6.882888317602793,37.21392284830612
Calle Palos de la Frontera,Ayamonte,-7.407552000225723,37.20837499973435
Calle Puerto de la Laja,Aljaraque,-6.990081000492655,37.275561999980916
Calle Simon Galan Abrio,Aljaraque,-6.9886468519814,37.274798148318
Calle Gloria Fuertes,Moguer,-6.81995855568945,37.1334066277014
Calle Fray Joaquín de Antequera,Moguer,-6.842209089636134,37.274259214811586
Plaza del Cerro del Trigo,Almonte,-6.48024538221665,37.1372403548938
Urbanización López Infante,Palos de la Frontera,-6.82700520047409,37.1335919543974
Carretera H-9015/Carril del Abalari,Almonte,-6.59726499974934,37.0506330005727
Calle de Servicio,Almonte,-6.48576259167224,37.1361870936153
Camino Raya de la Mogea,Almonte,-6.53028097876012,37.0428310206501
Paseo Marismeño,Almonte,-6.48418078122155,37.1291742302394
Callejón de Servicio,Almonte,-6.47592798715425,37.1311627626424
Camino Pedro López,Beas,-6.779043000199286,37.50676800017938
Camino de San Bartolomé,Aljaraque,-7.038028999867505,37.28853900030107
Carretera A-472 de Sanlucar la Mayor a San Juan del Puerto,Villalba del Alcor,-6.503433000734779,37.394028999611685
Calle Virgen del Rosario,Moguer,-6.84178589451815,37.277927447354
Travesía Agua del Toro,Palos de la Frontera,-6.8940438476136,37.221028213558
Carretera HU-3106 de Niebla a Valverde del Camino,Valverde del Camino,-6.70179238755811,37.516895765125795
Camino del Alcornoquillo,Beas,-6.75318300017461,37.4332380006924
Carretera HU-3107 Niebla a Beas,Beas,-6.77840338257837,37.4099944405447
Carretera HU-3110 Moguer a el Rocío,Moguer,-6.814950659181,37.252642732046
Carretera A-484 de Bonares a Almonte,Bonares,-6.66334500036923,37.3211079996766
Calle las Niñas de la Manola,Huelva,-6.9397349450026224,37.26297495260089
Paseo Marítimo,Huelva,-6.95458986584075,37.2741418327531
Calle Acije,Nerva,-6.54351785501048,37.6967817597919
Carretera A-475 de Calañas a Puebla de Guzmán,Puebla de Guzmán,-7.20975799999991,37.6130320000001
Calle Tirso de Molina,Ayamonte,-7.41420059487189,37.2643363623301
Avenida de la Flores,Huelva,-6.93479759519991,37.2745001869854
Camino de Gibraleón,Villanueva de los Castillejos,-7.26075299999991,37.4941840000001
Calle San Silvestre de Guzmán,Villanueva de los Castillejos,-7.26700699999992,37.501628
Avenida Escultora Miss Whitney,Huelva,-6.94560892859769,37.2539853210781
Parque Marcelo Delgado,Huelva,-6.9463731106276,37.283344035525
